31198;3550308.0;São Paulo;Município de São Paulo;False;PRETA
31199;3550308.0;São Paulo;Município de São Paulo;False;BRANCA
31200;3551009.0;São Vicente;Baixada Santista;False;BRANCA
31201;3534609.0;Osvaldo Cruz;Marília;False;
31202;3520509.0;Indaiatuba;Campinas;False;IGNORADO
31203;3550308.0;São Paulo;Município de São Paulo;False;PARDA
31204;3549805.0;São José do Rio Preto;São José do Rio Preto;False;BRANCA
31205;3550308.0;São Paulo;Município de São Paulo;False;BRANCA
31206;3538709.0;Piracicaba;Piracicaba;False;PARDA
31207;3514007.0;Dobrada;Araraquara;False;BRANCA
31208;3530607.0;Mogi das Cruzes;Grande SP Leste;False;BRANCA
31209;3509403.0;Cajuru;Ribeirão Preto;False;BRANCA
31210;3518503.0;Guareí;Sorocaba;False;
31211;3550308.0;São Paulo;Município de São Paulo;False;PARDA
31212;3543402.0;Ribeirão Preto;Ribeirão Preto;False;IGNORADO
31213;3522208.0;Itapecerica da Serra;Grande SP Sudoeste;False;PARDA
31214;3551009.0;São Vicente;Baixada Santista;False;IGNORADO
31215;3543402.0;Ribeirão Preto;Ribeirão Preto;False;IGNORADO
31216;3523909.0;Itu;Sorocaba;False;IGNORADO
31217;3520509.0;Indaiatuba;Campinas;False;IGNORADO
31218;3550308.0;São Paulo;Município de São Paulo;False;BRANCA
31219;3547809.0;Santo André;Grande SP Sudeste;False;PARDA
31220;3505708.0;Barueri;Grande SP Oeste;False;IGNORADO
31221;3550308.0;São Paulo;Município de São Paulo;False;PARDA
31222;3550308.0;São Paulo;Município de São Paulo;False;IGNORADO
31223;3520509.0;Indaiatuba;Campinas;False;BRANCA
31224;3550308.0;São Paulo;Município de São Paulo;False;BRANCA
31225;3552205.0;Sorocaba;Sorocaba;False;IGNORADO
31226;3548708.0;São Bernardo do Campo;Grande SP Sudeste;False;BRANCA
31227;3547809.0;Santo André;Grande SP Sudeste;False;BRANCA
31228;3503208.0;Araraquara;Araraquara;False;BRANCA
31229;3517802.0;Guaraçaí;Araçatuba;False;BRANCA
31230;3506102.0;Bebedouro;Barretos;False;PRETA
31231;3509809.0;Campos Novos Paulista;Marília;False;BRANCA
31232;3509809.0;Campos Novos Paulista;Marília;False;BRANCA
31233;3538501.0;Piquete;Taubaté;False;BRANCA
31234;3527207.0;Lorena;Taubaté;False;AMARELA
31235;3550308.0;São Paulo;Município de São Paulo;False;PARDA
31236;3550308.0;São Paulo;Município de São Paulo;False;NONE
31237;3533908.0;Olímpia;Barretos;False;PARDA
31238;3554102.0;Taubaté;Taubaté;False;BRANCA
31239;3550308.0;São Paulo;Município de São Paulo;False;BRANCA
31240;3548708.0;São Bernardo do Campo;Grande SP Sudeste;False;PARDA
31241;3526704.0;Leme;Piracicaba;False;BRANCA
31242;3513504.0;Cubatão;Baixada Santista;False;BRANCA
31243;3552403.0;Sumaré;Campinas;False;IGNORADO
31244;3549904.0;São José dos Campos;Taubaté;False;IGNORADO
31245;3543402.0;Ribeirão Preto;Ribeirão Preto;False;BRANCA
31246;3550308.0;São Paulo;Município de São Paulo;False;PARDA
31247;3520301.0;Iguape;Registro;False;INDIGENA
31248;3549805.0;São José do Rio Preto;São José do Rio Preto;False;PRETA
31249;3518800.0;Guarulhos;Grande SP Leste;False;IGNORADO
31250;3549904.0;São José dos Campos;Taubaté;False;PARDA
31251;3550308.0;São Paulo;Município de São Paulo;False;BRANCA
31252;3550308.0;São Paulo;Município de São Paulo;False;PARDA
31253;3550308.0;São Paulo;Município de São Paulo;False;BRANCA
31254;3509502.0;Campinas;Campinas;False;BRANCA
31255;3505203.0;Bariri;Bauru;False;BRANCA
31256;3549805.0;São José do Rio Preto;São José do Rio Preto;False;BRANCA
31257;3544202.0;Riolândia;São José do Rio Preto;False;PARDA
31258;3513009.0;Cotia;Grande SP Sudoeste;True;PARDA
31259;3526902.0;Limeira;Piracicaba;False;BRANCA
31260;3550308.0;São Paulo;Município de São Paulo;False;IGNORADO
31261;3548708.0;São Bernardo do Campo;Grande SP Sudeste;False;
31262;3546801.0;Santa Isabel;Grande SP Leste;False;PRETA
31263;3510609.0;Carapicuíba;Grande SP Oeste;False;BRANCA
31264;3550308.0;São Paulo;Município de São Paulo;False;IGNORADO
31265;3516408.0;Franco da Rocha;Grande SP Norte;False;BRANCA
31266;3534401.0;Osasco;Grande SP Oeste;False;AMARELA
31267;3550308.0;São Paulo;Município de São Paulo;False;BRANCA
31268;3552502.0;Suzano;Grande SP Leste;False;IGNORADO
31269;3536505.0;Paulínia;Campinas;False;PRETA
31270;3556503.0;Várzea Paulista;Campinas;False;PARDA
31271;3550308.0;São Paulo;Município de São Paulo;False;BRANCA
31272;3530607.0;Mogi das Cruzes;Grande SP Leste;False;PARDA
31273;3525300.0;Jaú;Bauru;False;PRETA
31274;3548708.0;São Bernardo do Campo;Grande SP Sudeste;False;PARDA
31275;3550308.0;São Paulo;Município de São Paulo;False;PRETA
31276;3548708.0;São Bernardo do Campo;Grande SP Sudeste;False;BRANCA
31277;3550308.0;São Paulo;Município de São Paulo;False;NONE
31278;3547809.0;Santo André;Grande SP Sudeste;False;IGNORADO
31279;3550308.0;São Paulo;Município de São Paulo;False;PARDA
31280;3534401.0;Osasco;Grande SP Oeste;False;BRANCA
31281;3552809.0;Taboão da Serra;Grande SP Sudoeste;False;BRANCA
31282;3550308.0;São Paulo;Município de São Paulo;False;PARDA
31283;3550308.0;São Paulo;Município de São Paulo;False;PARDA
31284;3514403.0;Dracena;Presidente Prudente;False;BRANCA
31285;3550308.0;São Paulo;Município de São Paulo;False;PARDA
31286;3549904.0;São José dos Campos;Taubaté;False;BRANCA
31287;3538709.0;Piracicaba;Piracicaba;False;BRANCA
31288;3550308.0;São Paulo;Município de São Paulo;False;PARDA
31289;3509502.0;Campinas;Campinas;False;PARDA
31290;3518701.0;Guarujá;Baixada Santista;False;PARDA
31291;3550308.0;São Paulo;Município de São Paulo;False;BRANCA
31292;3524105.0;Ituverava;Franca;False;BRANCA
31293;3547809.0;Santo André;Grande SP Sudeste;False;IGNORADO
31294;3547809.0;Santo André;Grande SP Sudeste;False;PARDA
31295;3516309.0;Francisco Morato;Grande SP Norte;False;PARDA
31296;3556354.0;Vargem;Campinas;False;BRANCA
31297;3550308.0;São Paulo;Município de São Paulo;False;PARDA
31298;3549904.0;São José dos Campos;Taubaté;False;BRANCA
31299;3530300.0;Mirassol;São José do Rio Preto;False;IGNORADO
31300;3550308.0;São Paulo;Município de São Paulo;False;IGNORADO
31301;3550308.0;São Paulo;Município de São Paulo;False;IGNORADO
31302;3550308.0;São Paulo;Município de São Paulo;False;BRANCA
31303;3516200.0;Franca;Franca;False;BRANCA
31304;3547304.0;Santana de Parnaíba;Grande SP Oeste;False;BRANCA
31305;3543402.0;Ribeirão Preto;Ribeirão Preto;False;BRANCA
31306;3550308.0;São Paulo;Município de São Paulo;False;BRANCA
31307;3550308.0;São Paulo;Município de São Paulo;False;BRANCA
31308;3509502.0;Campinas;Campinas;False;BRANCA
31309;3513108.0;Cravinhos;Ribeirão Preto;False;BRANCA
31310;3550308.0;São Paulo;Município de São Paulo;False;IGNORADO
31311;3502804.0;Araçatuba;Araçatuba;False;BRANCA
31312;3552403.0;Sumaré;Campinas;False;PARDA
31313;3550308.0;São Paulo;Município de São Paulo;False;PARDA
31314;3550308.0;São Paulo;Município de São Paulo;True;PRETA
31315;3518800.0;Guarulhos;Grande SP Leste;False;BRANCA
31316;3523602.0;Itirapina;Piracicaba;False;BRANCA
31317;3548500.0;Santos;Baixada Santista;False;BRANCA
31318;3550308.0;São Paulo;Município de São Paulo;False;BRANCA
31319;3543402.0;Ribeirão Preto;Ribeirão Preto;False;BRANCA
31320;3557105.0;Votuporanga;São José do Rio Preto;False;BRANCA
31321;3513801.0;Diadema;Grande SP Sudeste;False;NONE
31322;3533908.0;Olímpia;Barretos;False;IGNORADO
31323;3520509.0;Indaiatuba;Campinas;False;BRANCA
31324;3551009.0;São Vicente;Baixada Santista;False;IGNORADO
31325;3528502.0;Mairiporã;Grande SP Norte;False;BRANCA
31326;3550308.0;São Paulo;Município de São Paulo;False;BRANCA
31327;3551009.0;São Vicente;Baixada Santista;False;PARDA
31328;3512407.0;Cordeirópolis;Piracicaba;False;BRANCA
31329;3550308.0;São Paulo;Município de São Paulo;False;BRANCA
31330;3547809.0;Santo André;Grande SP Sudeste;False;
31331;3550308.0;São Paulo;Município de São Paulo;False;PARDA
31332;3509007.0;Caieiras;Grande SP Norte;False;PARDA
31333;3550308.0;São Paulo;Município de São Paulo;False;
31334;3534708.0;Ourinhos;Marília;False;BRANCA
31335;3547809.0;Santo André;Grande SP Sudeste;False;BRANCA
31336;3541604.0;Promissão;Bauru;False;BRANCA
31337;3536505.0;Paulínia;Campinas;False;BRANCA
31338;3550308.0;São Paulo;Município de São Paulo;False;PARDA
31339;3503307.0;Araras;Piracicaba;False;PARDA
