67309;3550308.0;São Paulo;Município de São Paulo;False;PARDA
67310;3530805.0;Mogi Mirim;São João da Boa Vista;False;BRANCA
67311;3529401.0;Mauá;Grande SP Sudeste;False;IGNORADO
67312;3557105.0;Votuporanga;São José do Rio Preto;False;BRANCA
67313;;;;False;PARDA
67314;3550308.0;São Paulo;Município de São Paulo;False;BRANCA
67315;3548708.0;São Bernardo do Campo;Grande SP Sudeste;False;IGNORADO
67316;3548500.0;Santos;Baixada Santista;False;BRANCA
67317;3550308.0;São Paulo;Município de São Paulo;False;PARDA
67318;3547809.0;Santo André;Grande SP Sudeste;False;BRANCA
67319;3548708.0;São Bernardo do Campo;Grande SP Sudeste;False;BRANCA
67320;3550308.0;São Paulo;Município de São Paulo;False;BRANCA
67321;3551702.0;Sertãozinho;Ribeirão Preto;False;BRANCA
67322;3550308.0;São Paulo;Município de São Paulo;False;
67323;3518800.0;Guarulhos;Grande SP Leste;True;NONE
67324;3547809.0;Santo André;Grande SP Sudeste;False;BRANCA
67325;3550308.0;São Paulo;Município de São Paulo;False;PARDA
67326;3506003.0;Bauru;Bauru;False;BRANCA
67327;3514403.0;Dracena;Presidente Prudente;False;BRANCA
67328;3517703.0;Guará;Franca;False;BRANCA
67329;3550308.0;São Paulo;Município de São Paulo;False;BRANCA
67330;3550308.0;São Paulo;Município de São Paulo;False;AMARELA
67331;3550308.0;São Paulo;Município de São Paulo;False;PARDA
67332;3509601.0;Campo Limpo Paulista;Campinas;False;PRETA
67333;3549904.0;São José dos Campos;Taubaté;False;BRANCA
67334;3523107.0;Itaquaquecetuba;Grande SP Leste;False;PARDA
67335;3535309.0;Palmital;Marília;False;BRANCA
67336;3550308.0;São Paulo;Município de São Paulo;False;PARDA
67337;3550308.0;São Paulo;Município de São Paulo;False;PRETA
67338;3550308.0;São Paulo;Município de São Paulo;False;NONE
67339;3538709.0;Piracicaba;Piracicaba;False;BRANCA
67340;3515707.0;Ferraz de Vasconcelos;Grande SP Leste;False;BRANCA
67341;3550308.0;São Paulo;Município de São Paulo;False;BRANCA
67342;3507506.0;Botucatu;Bauru;False;BRANCA
67343;3541000.0;Praia Grande;Baixada Santista;False;PARDA
67344;3513801.0;Diadema;Grande SP Sudeste;False;BRANCA
67345;3516200.0;Franca;Franca;False;IGNORADO
67346;3551702.0;Sertãozinho;Ribeirão Preto;False;BRANCA
67347;3548500.0;Santos;Baixada Santista;False;IGNORADO
67348;3550308.0;São Paulo;Município de São Paulo;False;BRANCA
67349;3500105.0;Adamantina;Marília;False;BRANCA
67350;3543402.0;Ribeirão Preto;Ribeirão Preto;False;IGNORADO
67351;3522208.0;Itapecerica da Serra;Grande SP Sudoeste;False;PARDA
67352;3550308.0;São Paulo;Município de São Paulo;False;BRANCA
67353;3509502.0;Campinas;Campinas;False;NONE
67354;3514403.0;Dracena;Presidente Prudente;False;BRANCA
67355;3549904.0;São José dos Campos;Taubaté;False;BRANCA
67356;3533908.0;Olímpia;Barretos;False;BRANCA
67357;3533403.0;Nova Odessa;Campinas;False;BRANCA
67358;3519600.0;Ibitinga;Araraquara;False;BRANCA
67359;3517406.0;Guaíra;Barretos;False;BRANCA
67360;3552809.0;Taboão da Serra;Grande SP Sudoeste;False;PARDA
67361;3550308.0;São Paulo;Município de São Paulo;False;IGNORADO
67362;3550308.0;São Paulo;Município de São Paulo;False;BRANCA
67363;3556503.0;Várzea Paulista;Campinas;False;BRANCA
67364;3525904.0;Jundiaí;Campinas;False;BRANCA
67365;3550308.0;São Paulo;Município de São Paulo;False;BRANCA
67366;3541406.0;Presidente Prudente;Presidente Prudente;False;BRANCA
67367;3550308.0;São Paulo;Município de São Paulo;False;BRANCA
67368;3506003.0;Bauru;Bauru;False;BRANCA
67369;3550308.0;São Paulo;Município de São Paulo;False;IGNORADO
67370;3552205.0;Sorocaba;Sorocaba;False;BRANCA
67371;3516200.0;Franca;Franca;False;IGNORADO
67372;3548807.0;São Caetano do Sul;Grande SP Sudeste;False;
67373;3522208.0;Itapecerica da Serra;Grande SP Sudoeste;False;BRANCA
67374;3549805.0;São José do Rio Preto;São José do Rio Preto;False;BRANCA
67375;3550308.0;São Paulo;Município de São Paulo;False;BRANCA
67376;3552205.0;Sorocaba;Sorocaba;False;BRANCA
67377;3503208.0;Araraquara;Araraquara;False;PRETA
67378;3550308.0;São Paulo;Município de São Paulo;False;BRANCA
67379;3523107.0;Itaquaquecetuba;Grande SP Leste;False;BRANCA
67380;3541505.0;Presidente Venceslau;Presidente Prudente;False;BRANCA
67381;3550308.0;São Paulo;Município de São Paulo;False;PARDA
67382;3550308.0;São Paulo;Município de São Paulo;False;NONE
67383;3547304.0;Santana de Parnaíba;Grande SP Oeste;False;IGNORADO
67384;3550308.0;São Paulo;Município de São Paulo;False;IGNORADO
67385;3545605.0;Santa Adélia;São José do Rio Preto;False;BRANCA
67386;3552809.0;Taboão da Serra;Grande SP Sudoeste;False;BRANCA
67387;3550605.0;São Roque;Sorocaba;False;BRANCA
67388;3525904.0;Jundiaí;Campinas;False;BRANCA
67389;3550308.0;São Paulo;Município de São Paulo;False;IGNORADO
67390;3505708.0;Barueri;Grande SP Oeste;False;PARDA
67391;3509809.0;Campos Novos Paulista;Marília;False;PARDA
67392;3530706.0;Mogi Guaçu;São João da Boa Vista;False;BRANCA
67393;3512407.0;Cordeirópolis;Piracicaba;False;BRANCA
67394;3550308.0;São Paulo;Município de São Paulo;False;AMARELA
67395;3522208.0;Itapecerica da Serra;Grande SP Sudoeste;False;NONE
67396;3549904.0;São José dos Campos;Taubaté;False;NONE
67397;3550308.0;São Paulo;Município de São Paulo;True;IGNORADO
67398;3550308.0;São Paulo;Município de São Paulo;False;BRANCA
67399;3550308.0;São Paulo;Município de São Paulo;False;BRANCA
67400;3549805.0;São José do Rio Preto;São José do Rio Preto;False;BRANCA
67401;3552205.0;Sorocaba;Sorocaba;False;BRANCA
67402;3550308.0;São Paulo;Município de São Paulo;False;BRANCA
67403;3550308.0;São Paulo;Município de São Paulo;False;PARDA
67404;3550308.0;São Paulo;Município de São Paulo;False;NONE
67405;3548807.0;São Caetano do Sul;Grande SP Sudeste;False;BRANCA
67406;3519071.0;Hortolândia;Campinas;False;BRANCA
67407;3545803.0;Santa Bárbara d'Oeste;Campinas;False;BRANCA
67408;3550308.0;São Paulo;Município de São Paulo;False;PARDA
67409;3552205.0;Sorocaba;Sorocaba;False;PARDA
67410;3538006.0;Pindamonhangaba;Taubaté;False;BRANCA
67411;3548500.0;Santos;Baixada Santista;False;PARDA
67412;3550308.0;São Paulo;Município de São Paulo;False;PARDA
67413;3522109.0;Itanhaém;Baixada Santista;False;BRANCA
67414;3552205.0;Sorocaba;Sorocaba;False;BRANCA
67415;3553005.0;Taguaí;Bauru;False;BRANCA
67416;3550308.0;São Paulo;Município de São Paulo;False;BRANCA
67417;3548500.0;Santos;Baixada Santista;False;IGNORADO
67418;3515004.0;Embu das Artes;Grande SP Sudoeste;False;IGNORADO
67419;3518800.0;Guarulhos;Grande SP Leste;False;BRANCA
67420;3539509.0;Pitangueiras;Ribeirão Preto;False;BRANCA
67421;3538709.0;Piracicaba;Piracicaba;False;BRANCA
67422;3525904.0;Jundiaí;Campinas;False;PRETA
67423;3501707.0;Américo Brasiliense;Araraquara;False;BRANCA
67424;3546306.0;Santa Cruz das Palmeiras;São João da Boa Vista;False;BRANCA
67425;3502804.0;Araçatuba;Araçatuba;False;IGNORADO
67426;3518800.0;Guarulhos;Grande SP Leste;False;BRANCA
67427;3509254.0;Cajati;Registro;False;BRANCA
67428;3550308.0;São Paulo;Município de São Paulo;False;IGNORADO
67429;3550308.0;São Paulo;Município de São Paulo;False;IGNORADO
67430;3548500.0;Santos;Baixada Santista;False;IGNORADO
67431;3548500.0;Santos;Baixada Santista;False;BRANCA
67432;3550308.0;São Paulo;Município de São Paulo;False;IGNORADO
67433;3519071.0;Hortolândia;Campinas;True;PARDA
67434;3551009.0;São Vicente;Baixada Santista;False;BRANCA
67435;3522604.0;Itapira;São João da Boa Vista;False;BRANCA
67436;3550308.0;São Paulo;Município de São Paulo;False;IGNORADO
67437;3547809.0;Santo André;Grande SP Sudeste;False;BRANCA
67438;3550308.0;São Paulo;Município de São Paulo;False;PARDA
67439;3510609.0;Carapicuíba;Grande SP Oeste;False;BRANCA
67440;3550308.0;São Paulo;Município de São Paulo;False;AMARELA
67441;3505500.0;Barretos;Barretos;False;BRANCA
67442;3509007.0;Caieiras;Grande SP Norte;False;BRANCA
67443;3541000.0;Praia Grande;Baixada Santista;False;BRANCA
67444;3549805.0;São José do Rio Preto;São José do Rio Preto;False;BRANCA
67445;3550308.0;São Paulo;Município de São Paulo;False;PARDA
67446;3538709.0;Piracicaba;Piracicaba;False;BRANCA
67447;3545803.0;Santa Bárbara d'Oeste;Campinas;False;BRANCA
67448;3528502.0;Mairiporã;Grande SP Norte;False;BRANCA
