22419;3536505.0;Paulínia;Campinas;False;BRANCA
22420;3550308.0;São Paulo;Município de São Paulo;False;NONE
22421;3526902.0;Limeira;Piracicaba;False;BRANCA
22422;3526902.0;Limeira;Piracicaba;False;BRANCA
22423;3550308.0;São Paulo;Município de São Paulo;False;BRANCA
22424;3547809.0;Santo André;Grande SP Sudeste;False;BRANCA
22425;3516408.0;Franco da Rocha;Grande SP Norte;False;
22426;3525904.0;Jundiaí;Campinas;False;IGNORADO
22427;3521002.0;Iperó;Sorocaba;False;
22428;3509502.0;Campinas;Campinas;False;BRANCA
22429;3550308.0;São Paulo;Município de São Paulo;False;BRANCA
22430;3550308.0;São Paulo;Município de São Paulo;False;BRANCA
22431;3550308.0;São Paulo;Município de São Paulo;False;BRANCA
22432;3513009.0;Cotia;Grande SP Sudoeste;False;BRANCA
22433;3528502.0;Mairiporã;Grande SP Norte;False;BRANCA
22434;3550308.0;São Paulo;Município de São Paulo;True;BRANCA
22435;3550308.0;São Paulo;Município de São Paulo;True;BRANCA
22436;3548708.0;São Bernardo do Campo;Grande SP Sudeste;False;
22437;3539301.0;Pirassununga;Piracicaba;False;BRANCA
22438;3552809.0;Taboão da Serra;Grande SP Sudoeste;False;PRETA
22439;3518800.0;Guarulhos;Grande SP Leste;False;BRANCA
22440;3536505.0;Paulínia;Campinas;False;BRANCA
22441;3524006.0;Itupeva;Campinas;False;BRANCA
22442;3555406.0;Ubatuba;Taubaté;False;IGNORADO
22443;3550308.0;São Paulo;Município de São Paulo;False;IGNORADO
22444;3514908.0;Elias Fausto;Piracicaba;False;PARDA
22445;3503208.0;Araraquara;Araraquara;False;BRANCA
22446;3541000.0;Praia Grande;Baixada Santista;False;PARDA
22447;3552205.0;Sorocaba;Sorocaba;False;BRANCA
22448;3513504.0;Cubatão;Baixada Santista;False;PARDA
22449;3552502.0;Suzano;Grande SP Leste;False;BRANCA
22450;3538709.0;Piracicaba;Piracicaba;False;
22451;3548500.0;Santos;Baixada Santista;False;PARDA
22452;3542602.0;Registro;Registro;False;PARDA
22453;3534708.0;Ourinhos;Marília;False;BRANCA
22454;3501608.0;Americana;Campinas;False;BRANCA
22455;3552502.0;Suzano;Grande SP Leste;False;BRANCA
22456;3547809.0;Santo André;Grande SP Sudeste;False;BRANCA
22457;3509502.0;Campinas;Campinas;False;PARDA
22458;3552809.0;Taboão da Serra;Grande SP Sudoeste;False;PARDA
22459;3550308.0;São Paulo;Município de São Paulo;False;NONE
22460;3550308.0;São Paulo;Município de São Paulo;False;BRANCA
22461;3552502.0;Suzano;Grande SP Leste;False;IGNORADO
22462;3550308.0;São Paulo;Município de São Paulo;False;PARDA
22463;3548708.0;São Bernardo do Campo;Grande SP Sudeste;False;IGNORADO
22464;3538006.0;Pindamonhangaba;Taubaté;False;BRANCA
22465;3550308.0;São Paulo;Município de São Paulo;False;BRANCA
22466;3539905.0;Poloni;São José do Rio Preto;False;BRANCA
22467;3550308.0;São Paulo;Município de São Paulo;False;PARDA
22468;3526803.0;Lençóis Paulista;Bauru;False;PARDA
22469;3501608.0;Americana;Campinas;False;BRANCA
22470;3549805.0;São José do Rio Preto;São José do Rio Preto;False;BRANCA
22471;3548807.0;São Caetano do Sul;Grande SP Sudeste;False;AMARELA
22472;3550308.0;São Paulo;Município de São Paulo;False;BRANCA
22473;3524006.0;Itupeva;Campinas;False;PARDA
22474;3552205.0;Sorocaba;Sorocaba;False;BRANCA
22475;3548708.0;São Bernardo do Campo;Grande SP Sudeste;False;
22476;3550308.0;São Paulo;Município de São Paulo;False;INDIGENA
22477;3533908.0;Olímpia;Barretos;False;BRANCA
22478;3550308.0;São Paulo;Município de São Paulo;False;BRANCA
22479;3550308.0;São Paulo;Município de São Paulo;False;NONE
22480;3520400.0;Ilhabela;Taubaté;False;PARDA
22481;3530805.0;Mogi Mirim;São João da Boa Vista;False;PARDA
22482;3551801.0;Sete Barras;Registro;False;PARDA
22483;3540903.0;Pradópolis;Ribeirão Preto;False;BRANCA
22484;3545209.0;Salto;Sorocaba;False;PARDA
22485;3534401.0;Osasco;Grande SP Oeste;False;BRANCA
22486;3516200.0;Franca;Franca;False;IGNORADO
22487;3550308.0;São Paulo;Município de São Paulo;False;BRANCA
22488;3543402.0;Ribeirão Preto;Ribeirão Preto;False;BRANCA
22489;3550308.0;São Paulo;Município de São Paulo;False;INDIGENA
22490;3510500.0;Caraguatatuba;Taubaté;False;BRANCA
22491;3552809.0;Taboão da Serra;Grande SP Sudoeste;False;PARDA
22492;3507605.0;Bragança Paulista;Campinas;False;BRANCA
22493;3550308.0;São Paulo;Município de São Paulo;False;BRANCA
22494;3518701.0;Guarujá;Baixada Santista;False;BRANCA
22495;3550308.0;São Paulo;Município de São Paulo;False;BRANCA
22496;3518800.0;Guarulhos;Grande SP Leste;False;PARDA
22497;3529401.0;Mauá;Grande SP Sudeste;False;BRANCA
22498;3548906.0;São Carlos;Araraquara;False;AMARELA
22499;3550308.0;São Paulo;Município de São Paulo;False;BRANCA
22500;3552809.0;Taboão da Serra;Grande SP Sudoeste;False;BRANCA
22501;3529401.0;Mauá;Grande SP Sudeste;False;BRANCA
22502;3552809.0;Taboão da Serra;Grande SP Sudoeste;False;AMARELA
22503;3550308.0;São Paulo;Município de São Paulo;False;NONE
22504;3548708.0;São Bernardo do Campo;Grande SP Sudeste;False;BRANCA
22505;3518701.0;Guarujá;Baixada Santista;False;PARDA
22506;3506003.0;Bauru;Bauru;False;BRANCA
22507;3516705.0;Garça;Marília;False;BRANCA
22508;3550308.0;São Paulo;Município de São Paulo;False;BRANCA
22509;3550308.0;São Paulo;Município de São Paulo;False;PARDA
22510;3550308.0;São Paulo;Município de São Paulo;False;BRANCA
22511;3550308.0;São Paulo;Município de São Paulo;False;IGNORADO
22512;3555406.0;Ubatuba;Taubaté;False;PRETA
22513;3547809.0;Santo André;Grande SP Sudeste;False;IGNORADO
22514;3547809.0;Santo André;Grande SP Sudeste;False;BRANCA
22515;3507605.0;Bragança Paulista;Campinas;False;BRANCA
22516;3550308.0;São Paulo;Município de São Paulo;False;NONE
22517;3552403.0;Sumaré;Campinas;False;BRANCA
22518;3550308.0;São Paulo;Município de São Paulo;False;
22519;3520509.0;Indaiatuba;Campinas;False;BRANCA
22520;3516200.0;Franca;Franca;False;
22521;3550308.0;São Paulo;Município de São Paulo;False;NONE
22522;3512803.0;Cosmópolis;Campinas;False;PRETA
22523;3545803.0;Santa Bárbara d'Oeste;Campinas;False;BRANCA
22524;3534401.0;Osasco;Grande SP Oeste;False;BRANCA
22525;3550308.0;São Paulo;Município de São Paulo;False;PARDA
22526;3504107.0;Atibaia;Campinas;False;BRANCA
22527;3548708.0;São Bernardo do Campo;Grande SP Sudeste;False;BRANCA
22528;3550308.0;São Paulo;Município de São Paulo;False;IGNORADO
22529;3550308.0;São Paulo;Município de São Paulo;False;BRANCA
22530;3550308.0;São Paulo;Município de São Paulo;False;PARDA
22531;3550308.0;São Paulo;Município de São Paulo;False;BRANCA
22532;3550308.0;São Paulo;Município de São Paulo;False;BRANCA
22533;3524402.0;Jacareí;Taubaté;False;BRANCA
22534;3505500.0;Barretos;Barretos;False;BRANCA
22535;3524402.0;Jacareí;Taubaté;False;BRANCA
22536;3554102.0;Taubaté;Taubaté;False;NONE
22537;3512209.0;Conchal;Piracicaba;False;IGNORADO
22538;3517703.0;Guará;Franca;False;BRANCA
22539;3549805.0;São José do Rio Preto;São José do Rio Preto;False;BRANCA
22540;3506003.0;Bauru;Bauru;False;BRANCA
22541;3550308.0;São Paulo;Município de São Paulo;False;BRANCA
22542;3526704.0;Leme;Piracicaba;False;AMARELA
22543;3522307.0;Itapetininga;Sorocaba;False;BRANCA
22544;3552809.0;Taboão da Serra;Grande SP Sudoeste;False;PARDA
22545;3550308.0;São Paulo;Município de São Paulo;False;IGNORADO
22546;3505906.0;Batatais;Ribeirão Preto;False;BRANCA
22547;3550308.0;São Paulo;Município de São Paulo;False;PARDA
22548;3550308.0;São Paulo;Município de São Paulo;False;IGNORADO
22549;3548500.0;Santos;Baixada Santista;True;BRANCA
22550;3548500.0;Santos;Baixada Santista;True;IGNORADO
22551;3550308.0;São Paulo;Município de São Paulo;False;PARDA
22552;3550308.0;São Paulo;Município de São Paulo;False;BRANCA
22553;3550308.0;São Paulo;Município de São Paulo;False;BRANCA
22554;3550308.0;São Paulo;Município de São Paulo;False;BRANCA
22555;3526704.0;Leme;Piracicaba;False;BRANCA
22556;3550308.0;São Paulo;Município de São Paulo;False;BRANCA
22557;3530706.0;Mogi Guaçu;São João da Boa Vista;False;BRANCA
22558;3549805.0;São José do Rio Preto;São José do Rio Preto;False;PARDA
22559;3557006.0;Votorantim;Sorocaba;False;BRANCA
22560;3548500.0;Santos;Baixada Santista;False;PRETA
22561;3510807.0;Casa Branca;São João da Boa Vista;False;PRETA
22562;3550308.0;São Paulo;Município de São Paulo;False;BRANCA
