59169;3550308.0;São Paulo;Município de São Paulo;False;BRANCA
59170;3534708.0;Ourinhos;Marília;False;BRANCA
59171;3520509.0;Indaiatuba;Campinas;False;BRANCA
59172;3506003.0;Bauru;Bauru;False;BRANCA
59173;3549805.0;São José do Rio Preto;São José do Rio Preto;False;BRANCA
59174;3550308.0;São Paulo;Município de São Paulo;False;BRANCA
59175;3509502.0;Campinas;Campinas;False;BRANCA
59176;3509502.0;Campinas;Campinas;False;IGNORADO
59177;3512407.0;Cordeirópolis;Piracicaba;False;BRANCA
59178;3542602.0;Registro;Registro;False;BRANCA
59179;3549409.0;São Joaquim da Barra;Franca;False;IGNORADO
59180;3527108.0;Lins;Bauru;False;BRANCA
59181;3511102.0;Catanduva;São José do Rio Preto;False;BRANCA
59182;3550308.0;São Paulo;Município de São Paulo;False;PARDA
59183;3554003.0;Tatuí;Sorocaba;False;BRANCA
59184;3527108.0;Lins;Bauru;False;AMARELA
59185;3539301.0;Pirassununga;Piracicaba;False;IGNORADO
59186;3519071.0;Hortolândia;Campinas;False;BRANCA
59187;3501608.0;Americana;Campinas;False;BRANCA
59188;3512803.0;Cosmópolis;Campinas;False;BRANCA
59189;3532009.0;Morungaba;Campinas;False;BRANCA
59190;3552403.0;Sumaré;Campinas;False;BRANCA
59191;3549805.0;São José do Rio Preto;São José do Rio Preto;False;IGNORADO
59192;3509502.0;Campinas;Campinas;False;BRANCA
59193;3550308.0;São Paulo;Município de São Paulo;False;NONE
59194;3550308.0;São Paulo;Município de São Paulo;False;BRANCA
59195;3550308.0;São Paulo;Município de São Paulo;False;BRANCA
59196;3548500.0;Santos;Baixada Santista;False;PARDA
59197;3550308.0;São Paulo;Município de São Paulo;False;PARDA
59198;3523503.0;Itatinga;Bauru;False;BRANCA
59199;3541604.0;Promissão;Bauru;False;BRANCA
59200;3505500.0;Barretos;Barretos;False;BRANCA
59201;3543402.0;Ribeirão Preto;Ribeirão Preto;False;BRANCA
59202;3550308.0;São Paulo;Município de São Paulo;False;NONE
59203;3550308.0;São Paulo;Município de São Paulo;False;BRANCA
59204;3550308.0;São Paulo;Município de São Paulo;False;PRETA
59205;3502804.0;Araçatuba;Araçatuba;False;AMARELA
59206;3545803.0;Santa Bárbara d'Oeste;Campinas;False;BRANCA
59207;3547304.0;Santana de Parnaíba;Grande SP Oeste;False;BRANCA
59208;3523909.0;Itu;Sorocaba;False;BRANCA
59209;3551702.0;Sertãozinho;Ribeirão Preto;False;BRANCA
59210;3549904.0;São José dos Campos;Taubaté;False;BRANCA
59211;3511102.0;Catanduva;São José do Rio Preto;False;PARDA
59212;3547809.0;Santo André;Grande SP Sudeste;False;PARDA
59213;3550308.0;São Paulo;Município de São Paulo;False;PARDA
59214;3551702.0;Sertãozinho;Ribeirão Preto;False;BRANCA
59215;3548708.0;São Bernardo do Campo;Grande SP Sudeste;False;PARDA
59216;3543303.0;Ribeirão Pires;Grande SP Sudeste;False;
59217;3513801.0;Diadema;Grande SP Sudeste;False;PARDA
59218;3550308.0;São Paulo;Município de São Paulo;False;BRANCA
59219;3550308.0;São Paulo;Município de São Paulo;False;
59220;3550308.0;São Paulo;Município de São Paulo;False;PARDA
59221;3550308.0;São Paulo;Município de São Paulo;False;PARDA
59222;3509502.0;Campinas;Campinas;False;BRANCA
59223;3551009.0;São Vicente;Baixada Santista;False;BRANCA
59224;3522307.0;Itapetininga;Sorocaba;False;BRANCA
59225;3523909.0;Itu;Sorocaba;False;BRANCA
59226;3525904.0;Jundiaí;Campinas;False;BRANCA
59227;3550308.0;São Paulo;Município de São Paulo;False;BRANCA
59228;3549805.0;São José do Rio Preto;São José do Rio Preto;False;BRANCA
59229;3543402.0;Ribeirão Preto;Ribeirão Preto;False;BRANCA
59230;3550308.0;São Paulo;Município de São Paulo;False;BRANCA
59231;3526803.0;Lençóis Paulista;Bauru;False;BRANCA
59232;3538907.0;Pirajuí;Bauru;False;PARDA
59233;3550308.0;São Paulo;Município de São Paulo;False;BRANCA
59234;3550308.0;São Paulo;Município de São Paulo;False;BRANCA
59235;3556305.0;Valparaíso;Araçatuba;False;PRETA
59236;3525904.0;Jundiaí;Campinas;False;BRANCA
59237;3548807.0;São Caetano do Sul;Grande SP Sudeste;True;BRANCA
59238;3516309.0;Francisco Morato;Grande SP Norte;False;NONE
59239;3518701.0;Guarujá;Baixada Santista;False;BRANCA
59240;3545803.0;Santa Bárbara d'Oeste;Campinas;False;AMARELA
59241;3550308.0;São Paulo;Município de São Paulo;False;PRETA
59242;3550308.0;São Paulo;Município de São Paulo;False;PARDA
59243;3509502.0;Campinas;Campinas;False;BRANCA
59244;3528007.0;Macatuba;Bauru;False;BRANCA
59245;3536505.0;Paulínia;Campinas;False;BRANCA
59246;3504503.0;Avaré;Bauru;False;BRANCA
59247;3549805.0;São José do Rio Preto;São José do Rio Preto;False;BRANCA
59248;3549904.0;São José dos Campos;Taubaté;False;BRANCA
59249;3509502.0;Campinas;Campinas;False;BRANCA
59250;3502804.0;Araçatuba;Araçatuba;False;BRANCA
59251;3505609.0;Barrinha;Ribeirão Preto;False;BRANCA
59252;3547809.0;Santo André;Grande SP Sudeste;False;AMARELA
59253;3520509.0;Indaiatuba;Campinas;False;PRETA
59254;3549805.0;São José do Rio Preto;São José do Rio Preto;False;BRANCA
59255;3503901.0;Arujá;Grande SP Leste;False;BRANCA
59256;3503901.0;Arujá;Grande SP Leste;False;
59257;3503901.0;Arujá;Grande SP Leste;False;BRANCA
59258;3538709.0;Piracicaba;Piracicaba;True;IGNORADO
59259;3550308.0;São Paulo;Município de São Paulo;False;BRANCA
59260;3550308.0;São Paulo;Município de São Paulo;False;BRANCA
59261;3509502.0;Campinas;Campinas;False;BRANCA
59262;3516309.0;Francisco Morato;Grande SP Norte;False;
59263;3518800.0;Guarulhos;Grande SP Leste;False;PRETA
59264;3550308.0;São Paulo;Município de São Paulo;False;PARDA
59265;3550308.0;São Paulo;Município de São Paulo;False;BRANCA
59266;3505708.0;Barueri;Grande SP Oeste;False;BRANCA
59267;3513504.0;Cubatão;Baixada Santista;False;AMARELA
59268;3550308.0;São Paulo;Município de São Paulo;False;BRANCA
59269;3503307.0;Araras;Piracicaba;False;BRANCA
59270;3516200.0;Franca;Franca;False;IGNORADO
59271;3513504.0;Cubatão;Baixada Santista;False;AMARELA
59272;3536505.0;Paulínia;Campinas;False;BRANCA
59273;3530607.0;Mogi das Cruzes;Grande SP Leste;False;BRANCA
59274;3505708.0;Barueri;Grande SP Oeste;False;AMARELA
59275;3526704.0;Leme;Piracicaba;False;PARDA
59276;3509809.0;Campos Novos Paulista;Marília;False;BRANCA
59277;3510500.0;Caraguatatuba;Taubaté;False;BRANCA
59278;3545803.0;Santa Bárbara d'Oeste;Campinas;False;BRANCA
59279;3500105.0;Adamantina;Marília;False;BRANCA
59280;3526902.0;Limeira;Piracicaba;False;BRANCA
59281;3545803.0;Santa Bárbara d'Oeste;Campinas;False;BRANCA
59282;3526902.0;Limeira;Piracicaba;False;IGNORADO
59283;3550308.0;São Paulo;Município de São Paulo;False;PARDA
59284;3549805.0;São José do Rio Preto;São José do Rio Preto;False;BRANCA
59285;3550308.0;São Paulo;Município de São Paulo;False;BRANCA
59286;3550308.0;São Paulo;Município de São Paulo;False;PARDA
59287;3547809.0;Santo André;Grande SP Sudeste;False;IGNORADO
59288;3551009.0;São Vicente;Baixada Santista;False;BRANCA
59289;3542602.0;Registro;Registro;False;BRANCA
59290;3545159.0;Saltinho;Piracicaba;False;BRANCA
59291;3550308.0;São Paulo;Município de São Paulo;False;BRANCA
59292;3508009.0;Buri;Sorocaba;False;BRANCA
59293;3516200.0;Franca;Franca;False;BRANCA
59294;3518800.0;Guarulhos;Grande SP Leste;False;BRANCA
59295;3549102.0;São João da Boa Vista;São João da Boa Vista;False;BRANCA
59296;3525904.0;Jundiaí;Campinas;False;BRANCA
59297;3530805.0;Mogi Mirim;São João da Boa Vista;False;BRANCA
59298;3534401.0;Osasco;Grande SP Oeste;False;PARDA
59299;3538709.0;Piracicaba;Piracicaba;True;BRANCA
59300;3550308.0;São Paulo;Município de São Paulo;False;BRANCA
59301;3529401.0;Mauá;Grande SP Sudeste;False;BRANCA
59302;3540903.0;Pradópolis;Ribeirão Preto;False;BRANCA
59303;3509205.0;Cajamar;Grande SP Norte;False;PARDA
59304;3549805.0;São José do Rio Preto;São José do Rio Preto;False;BRANCA
59305;3509502.0;Campinas;Campinas;False;PARDA
59306;3547809.0;Santo André;Grande SP Sudeste;False;NONE
59307;3554102.0;Taubaté;Taubaté;False;IGNORADO
59308;3549409.0;São Joaquim da Barra;Franca;False;BRANCA
59309;3509502.0;Campinas;Campinas;False;BRANCA
59310;3507605.0;Bragança Paulista;Campinas;False;BRANCA
59311;3500105.0;Adamantina;Marília;False;BRANCA
59312;3507605.0;Bragança Paulista;Campinas;False;BRANCA
59313;3517901.0;Guaraci;Barretos;False;BRANCA
59314;3550308.0;São Paulo;Município de São Paulo;False;BRANCA
