44322;3523800.0;Itobi;São João da Boa Vista;False;PRETA
44323;3529005.0;Marília;Marília;True;BRANCA
44324;3519600.0;Ibitinga;Araraquara;True;PARDA
44325;3550308.0;São Paulo;Município de São Paulo;False;PARDA
44326;3547809.0;Santo André;Grande SP Sudeste;False;BRANCA
44327;3515004.0;Embu das Artes;Grande SP Sudoeste;False;BRANCA
44328;3529401.0;Mauá;Grande SP Sudeste;False;BRANCA
44329;3550308.0;São Paulo;Município de São Paulo;True;BRANCA
44330;3518404.0;Guaratinguetá;Taubaté;False;BRANCA
44331;3527306.0;Louveira;Campinas;True;BRANCA
44332;3550308.0;São Paulo;Município de São Paulo;False;BRANCA
44333;3550308.0;São Paulo;Município de São Paulo;False;PARDA
44334;3549805.0;São José do Rio Preto;São José do Rio Preto;True;PARDA
44335;3549805.0;São José do Rio Preto;São José do Rio Preto;False;IGNORADO
44336;3506102.0;Bebedouro;Barretos;False;BRANCA
44337;3550308.0;São Paulo;Município de São Paulo;False;BRANCA
44338;3550308.0;São Paulo;Município de São Paulo;False;BRANCA
44339;3523404.0;Itatiba;Campinas;False;BRANCA
44340;3550308.0;São Paulo;Município de São Paulo;True;PARDA
44341;3547809.0;Santo André;Grande SP Sudeste;False;BRANCA
44342;3515103.0;Embu-Guaçu;Grande SP Sudoeste;False;IGNORADO
44343;3550308.0;São Paulo;Município de São Paulo;False;BRANCA
44344;3518800.0;Guarulhos;Grande SP Leste;False;PARDA
44345;3509502.0;Campinas;Campinas;False;PRETA
44346;3509403.0;Cajuru;Ribeirão Preto;False;BRANCA
44347;3550308.0;São Paulo;Município de São Paulo;False;PARDA
44348;3516200.0;Franca;Franca;False;IGNORADO
44349;3550308.0;São Paulo;Município de São Paulo;False;BRANCA
44350;3550308.0;São Paulo;Município de São Paulo;False;PARDA
44351;3548906.0;São Carlos;Araraquara;False;IGNORADO
44352;3528502.0;Mairiporã;Grande SP Norte;False;IGNORADO
44353;3550308.0;São Paulo;Município de São Paulo;True;BRANCA
44354;3525904.0;Jundiaí;Campinas;False;BRANCA
44355;3550308.0;São Paulo;Município de São Paulo;False;PARDA
44356;3554102.0;Taubaté;Taubaté;False;PARDA
44357;3548500.0;Santos;Baixada Santista;False;IGNORADO
44358;3530508.0;Mococa;São João da Boa Vista;False;IGNORADO
44359;3544103.0;Rio Grande da Serra;Grande SP Sudeste;False;BRANCA
44360;3520509.0;Indaiatuba;Campinas;True;BRANCA
44361;3539806.0;Poá;Grande SP Leste;False;IGNORADO
44362;3551009.0;São Vicente;Baixada Santista;False;IGNORADO
44363;3550704.0;São Sebastião;Taubaté;False;PRETA
44364;3550308.0;São Paulo;Município de São Paulo;False;PARDA
44365;3548500.0;Santos;Baixada Santista;False;BRANCA
44366;3549904.0;São José dos Campos;Taubaté;False;BRANCA
44367;3526902.0;Limeira;Piracicaba;False;BRANCA
44368;3522406.0;Itapeva;Sorocaba;False;BRANCA
44369;3550308.0;São Paulo;Município de São Paulo;False;BRANCA
44370;3518800.0;Guarulhos;Grande SP Leste;False;PRETA
44371;3551702.0;Sertãozinho;Ribeirão Preto;False;BRANCA
44372;3543303.0;Ribeirão Pires;Grande SP Sudeste;False;AMARELA
44373;3530706.0;Mogi Guaçu;São João da Boa Vista;False;BRANCA
44374;3523107.0;Itaquaquecetuba;Grande SP Leste;False;BRANCA
44375;3509502.0;Campinas;Campinas;False;PARDA
44376;3538709.0;Piracicaba;Piracicaba;False;BRANCA
44377;3548500.0;Santos;Baixada Santista;False;PARDA
44378;3518701.0;Guarujá;Baixada Santista;False;PARDA
44379;3518701.0;Guarujá;Baixada Santista;False;PARDA
44380;3557105.0;Votuporanga;São José do Rio Preto;False;PRETA
44381;3509502.0;Campinas;Campinas;False;AMARELA
44382;3552205.0;Sorocaba;Sorocaba;False;BRANCA
44383;3507605.0;Bragança Paulista;Campinas;False;BRANCA
44384;3550308.0;São Paulo;Município de São Paulo;False;PRETA
44385;3526704.0;Leme;Piracicaba;False;BRANCA
44386;3548807.0;São Caetano do Sul;Grande SP Sudeste;False;PARDA
44387;3555406.0;Ubatuba;Taubaté;False;IGNORADO
44388;3547304.0;Santana de Parnaíba;Grande SP Oeste;False;IGNORADO
44389;3550308.0;São Paulo;Município de São Paulo;False;BRANCA
44390;3503307.0;Araras;Piracicaba;False;BRANCA
44391;3548807.0;São Caetano do Sul;Grande SP Sudeste;False;BRANCA
44392;3503307.0;Araras;Piracicaba;False;PARDA
44393;3513702.0;Descalvado;Araraquara;False;PARDA
44394;3550308.0;São Paulo;Município de São Paulo;False;NONE
44395;3550308.0;São Paulo;Município de São Paulo;True;BRANCA
44396;3520509.0;Indaiatuba;Campinas;False;BRANCA
44397;3525300.0;Jaú;Bauru;False;PARDA
44398;3548708.0;São Bernardo do Campo;Grande SP Sudeste;False;
44399;3552809.0;Taboão da Serra;Grande SP Sudoeste;False;PARDA
44400;3502804.0;Araçatuba;Araçatuba;False;BRANCA
44401;3550308.0;São Paulo;Município de São Paulo;False;BRANCA
44402;3550308.0;São Paulo;Município de São Paulo;False;BRANCA
44403;3523909.0;Itu;Sorocaba;False;BRANCA
44404;3525003.0;Jandira;Grande SP Oeste;False;BRANCA
44405;3550308.0;São Paulo;Município de São Paulo;False;BRANCA
44406;3516606.0;Gália;Marília;False;BRANCA
44407;3524808.0;Jales;São José do Rio Preto;False;BRANCA
44408;3546306.0;Santa Cruz das Palmeiras;São João da Boa Vista;False;BRANCA
44409;3550308.0;São Paulo;Município de São Paulo;False;BRANCA
44410;3550308.0;São Paulo;Município de São Paulo;False;BRANCA
44411;3550308.0;São Paulo;Município de São Paulo;False;IGNORADO
44412;3509007.0;Caieiras;Grande SP Norte;False;PARDA
44413;3550308.0;São Paulo;Município de São Paulo;False;NONE
44414;3502804.0;Araçatuba;Araçatuba;False;PARDA
44415;3526209.0;Juquitiba;Grande SP Sudoeste;False;IGNORADO
44416;3554508.0;Tietê;Sorocaba;False;BRANCA
44417;3505500.0;Barretos;Barretos;False;IGNORADO
44418;3514809.0;Eldorado;Registro;False;IGNORADO
44419;3550308.0;São Paulo;Município de São Paulo;False;
44420;3550308.0;São Paulo;Município de São Paulo;False;IGNORADO
44421;3539301.0;Pirassununga;Piracicaba;False;BRANCA
44422;3536505.0;Paulínia;Campinas;False;PARDA
44423;3543402.0;Ribeirão Preto;Ribeirão Preto;False;BRANCA
44424;3552403.0;Sumaré;Campinas;False;PARDA
44425;3546801.0;Santa Isabel;Grande SP Leste;False;BRANCA
44426;3550308.0;São Paulo;Município de São Paulo;False;BRANCA
44427;3550308.0;São Paulo;Município de São Paulo;False;IGNORADO
44428;3550704.0;São Sebastião;Taubaté;False;PARDA
44429;3525904.0;Jundiaí;Campinas;False;BRANCA
44430;3548500.0;Santos;Baixada Santista;False;AMARELA
44431;3547304.0;Santana de Parnaíba;Grande SP Oeste;False;BRANCA
44432;3518800.0;Guarulhos;Grande SP Leste;False;IGNORADO
44433;3510609.0;Carapicuíba;Grande SP Oeste;False;BRANCA
44434;3529401.0;Mauá;Grande SP Sudeste;False;IGNORADO
44435;3549805.0;São José do Rio Preto;São José do Rio Preto;False;IGNORADO
44436;3505708.0;Barueri;Grande SP Oeste;False;PARDA
44437;3550308.0;São Paulo;Município de São Paulo;False;IGNORADO
44438;3538501.0;Piquete;Taubaté;False;PRETA
44439;3552809.0;Taboão da Serra;Grande SP Sudoeste;False;PARDA
44440;3542602.0;Registro;Registro;False;PARDA
44441;3556701.0;Vinhedo;Campinas;False;PARDA
44442;3550308.0;São Paulo;Município de São Paulo;False;BRANCA
44443;3550308.0;São Paulo;Município de São Paulo;False;IGNORADO
44444;3550308.0;São Paulo;Município de São Paulo;False;NONE
44445;3550308.0;São Paulo;Município de São Paulo;False;BRANCA
44446;3547809.0;Santo André;Grande SP Sudeste;False;BRANCA
44447;3545704.0;Santa Albertina;São José do Rio Preto;False;PARDA
44448;3507605.0;Bragança Paulista;Campinas;False;BRANCA
44449;3526803.0;Lençóis Paulista;Bauru;False;AMARELA
44450;3518800.0;Guarulhos;Grande SP Leste;False;PARDA
44451;3547809.0;Santo André;Grande SP Sudeste;False;IGNORADO
44452;3510609.0;Carapicuíba;Grande SP Oeste;False;BRANCA
44453;3550308.0;São Paulo;Município de São Paulo;False;PARDA
44454;3538006.0;Pindamonhangaba;Taubaté;False;PARDA
44455;3505500.0;Barretos;Barretos;True;PARDA
44456;3550308.0;São Paulo;Município de São Paulo;False;BRANCA
44457;3538709.0;Piracicaba;Piracicaba;True;IGNORADO
44458;3550308.0;São Paulo;Município de São Paulo;False;IGNORADO
44459;3550308.0;São Paulo;Município de São Paulo;False;IGNORADO
44460;3557105.0;Votuporanga;São José do Rio Preto;False;BRANCA
44461;3527207.0;Lorena;Taubaté;False;PRETA
44462;3550308.0;São Paulo;Município de São Paulo;True;BRANCA
44463;3506607.0;Biritiba Mirim;Grande SP Leste;False;BRANCA
44464;3556206.0;Valinhos;Campinas;False;BRANCA
