59838;3506508.0;Birigui;Araçatuba;False;IGNORADO
59839;3549805.0;São José do Rio Preto;São José do Rio Preto;False;BRANCA
59840;3550308.0;São Paulo;Município de São Paulo;False;PARDA
59841;3503307.0;Araras;Piracicaba;False;IGNORADO
59842;3525904.0;Jundiaí;Campinas;False;BRANCA
59843;3506359.0;Bertioga;Baixada Santista;False;PRETA
59844;3550308.0;São Paulo;Município de São Paulo;False;PARDA
59845;3522505.0;Itapevi;Grande SP Oeste;False;BRANCA
59846;3550308.0;São Paulo;Município de São Paulo;False;PARDA
59847;3552809.0;Taboão da Serra;Grande SP Sudoeste;False;PARDA
59848;3549904.0;São José dos Campos;Taubaté;False;IGNORADO
59849;3548708.0;São Bernardo do Campo;Grande SP Sudeste;False;BRANCA
59850;3503307.0;Araras;Piracicaba;False;BRANCA
59851;3504107.0;Atibaia;Campinas;False;AMARELA
59852;3529401.0;Mauá;Grande SP Sudeste;False;BRANCA
59853;3550308.0;São Paulo;Município de São Paulo;False;PARDA
59854;3518800.0;Guarulhos;Grande SP Leste;False;PARDA
59855;3550308.0;São Paulo;Município de São Paulo;False;AMARELA
59856;3556503.0;Várzea Paulista;Campinas;False;AMARELA
59857;3510500.0;Caraguatatuba;Taubaté;False;PARDA
59858;3543907.0;Rio Claro;Piracicaba;False;BRANCA
59859;3515707.0;Ferraz de Vasconcelos;Grande SP Leste;False;PARDA
59860;3549805.0;São José do Rio Preto;São José do Rio Preto;False;PARDA
59861;3550308.0;São Paulo;Município de São Paulo;False;PARDA
59862;3508702.0;Caconde;São João da Boa Vista;False;BRANCA
59863;3548708.0;São Bernardo do Campo;Grande SP Sudeste;False;IGNORADO
59864;3550308.0;São Paulo;Município de São Paulo;False;IGNORADO
59865;3548708.0;São Bernardo do Campo;Grande SP Sudeste;False;BRANCA
59866;3550308.0;São Paulo;Município de São Paulo;False;IGNORADO
59867;3550308.0;São Paulo;Município de São Paulo;False;BRANCA
59868;3506508.0;Birigui;Araçatuba;False;BRANCA
59869;3536208.0;Pariquera-Açu;Registro;False;BRANCA
59870;3550308.0;São Paulo;Município de São Paulo;False;PARDA
59871;3532009.0;Morungaba;Campinas;False;BRANCA
59872;3503802.0;Artur Nogueira;Campinas;False;BRANCA
59873;3546405.0;Santa Cruz do Rio Pardo;Marília;False;BRANCA
59874;3548708.0;São Bernardo do Campo;Grande SP Sudeste;False;NONE
59875;3552502.0;Suzano;Grande SP Leste;False;PARDA
59876;3550308.0;São Paulo;Município de São Paulo;False;BRANCA
59877;3550308.0;São Paulo;Município de São Paulo;False;BRANCA
59878;3501608.0;Americana;Campinas;False;BRANCA
59879;3513801.0;Diadema;Grande SP Sudeste;True;BRANCA
59880;3557105.0;Votuporanga;São José do Rio Preto;False;PARDA
59881;3551702.0;Sertãozinho;Ribeirão Preto;False;BRANCA
59882;3549805.0;São José do Rio Preto;São José do Rio Preto;False;BRANCA
59883;3501905.0;Amparo;Campinas;False;BRANCA
59884;3550308.0;São Paulo;Município de São Paulo;False;BRANCA
59885;3553401.0;Tanabi;São José do Rio Preto;False;BRANCA
59886;3506003.0;Bauru;Bauru;False;BRANCA
59887;3550308.0;São Paulo;Município de São Paulo;False;BRANCA
59888;3516309.0;Francisco Morato;Grande SP Norte;False;BRANCA
59889;3549805.0;São José do Rio Preto;São José do Rio Preto;False;BRANCA
59890;3550308.0;São Paulo;Município de São Paulo;True;BRANCA
59891;3552809.0;Taboão da Serra;Grande SP Sudoeste;True;BRANCA
59892;3513504.0;Cubatão;Baixada Santista;False;BRANCA
59893;3507605.0;Bragança Paulista;Campinas;False;BRANCA
59894;3546801.0;Santa Isabel;Grande SP Leste;False;BRANCA
59895;3550407.0;São Pedro;Piracicaba;False;BRANCA
59896;3503307.0;Araras;Piracicaba;False;AMARELA
59897;3534401.0;Osasco;Grande SP Oeste;False;IGNORADO
59898;3550308.0;São Paulo;Município de São Paulo;False;PARDA
59899;3531902.0;Morro Agudo;Franca;False;PRETA
59900;3549805.0;São José do Rio Preto;São José do Rio Preto;False;PARDA
59901;3549805.0;São José do Rio Preto;São José do Rio Preto;False;BRANCA
59902;3535507.0;Paraguaçu Paulista;Marília;False;PARDA
59903;3534401.0;Osasco;Grande SP Oeste;False;BRANCA
59904;3513504.0;Cubatão;Baixada Santista;False;AMARELA
59905;3513504.0;Cubatão;Baixada Santista;False;AMARELA
59906;3543303.0;Ribeirão Pires;Grande SP Sudeste;False;BRANCA
59907;3550308.0;São Paulo;Município de São Paulo;False;BRANCA
59908;3550308.0;São Paulo;Município de São Paulo;False;PARDA
59909;3550308.0;São Paulo;Município de São Paulo;False;BRANCA
59910;3548708.0;São Bernardo do Campo;Grande SP Sudeste;False;BRANCA
59911;3509502.0;Campinas;Campinas;False;AMARELA
59912;3548500.0;Santos;Baixada Santista;False;BRANCA
59913;3550308.0;São Paulo;Município de São Paulo;False;PARDA
59914;3550308.0;São Paulo;Município de São Paulo;False;PARDA
59915;3552205.0;Sorocaba;Sorocaba;False;AMARELA
59916;3548500.0;Santos;Baixada Santista;False;BRANCA
59917;3550308.0;São Paulo;Município de São Paulo;False;BRANCA
59918;3550308.0;São Paulo;Município de São Paulo;False;BRANCA
59919;3550308.0;São Paulo;Município de São Paulo;False;BRANCA
59920;3512803.0;Cosmópolis;Campinas;False;BRANCA
59921;3515103.0;Embu-Guaçu;Grande SP Sudoeste;False;PARDA
59922;3508405.0;Cabreúva;Campinas;False;AMARELA
59923;3534401.0;Osasco;Grande SP Oeste;False;
59924;3554102.0;Taubaté;Taubaté;False;IGNORADO
59925;3516309.0;Francisco Morato;Grande SP Norte;False;AMARELA
59926;3550308.0;São Paulo;Município de São Paulo;False;PARDA
59927;3525102.0;Jardinópolis;Ribeirão Preto;False;BRANCA
59928;3548500.0;Santos;Baixada Santista;False;PARDA
59929;3548708.0;São Bernardo do Campo;Grande SP Sudeste;False;AMARELA
59930;3556206.0;Valinhos;Campinas;False;PRETA
59931;3550308.0;São Paulo;Município de São Paulo;False;AMARELA
59932;3550308.0;São Paulo;Município de São Paulo;False;PARDA
59933;3550308.0;São Paulo;Município de São Paulo;False;
59934;3550308.0;São Paulo;Município de São Paulo;False;BRANCA
59935;3517703.0;Guará;Franca;False;PARDA
59936;3547809.0;Santo André;Grande SP Sudeste;False;PARDA
59937;3519071.0;Hortolândia;Campinas;False;BRANCA
59938;3550308.0;São Paulo;Município de São Paulo;True;IGNORADO
59939;3510906.0;Cássia dos Coqueiros;Ribeirão Preto;False;BRANCA
59940;3550308.0;São Paulo;Município de São Paulo;False;BRANCA
59941;3512803.0;Cosmópolis;Campinas;False;BRANCA
59942;3525904.0;Jundiaí;Campinas;False;BRANCA
59943;3511102.0;Catanduva;São José do Rio Preto;False;BRANCA
59944;3506003.0;Bauru;Bauru;False;BRANCA
59945;3534401.0;Osasco;Grande SP Oeste;False;BRANCA
59946;3550308.0;São Paulo;Município de São Paulo;False;PARDA
59947;3513504.0;Cubatão;Baixada Santista;False;
59948;3541307.0;Presidente Epitácio;Presidente Prudente;True;PARDA
59949;3557105.0;Votuporanga;São José do Rio Preto;False;BRANCA
59950;3551504.0;Serrana;Ribeirão Preto;False;NONE
59951;3551009.0;São Vicente;Baixada Santista;False;BRANCA
59952;3550308.0;São Paulo;Município de São Paulo;False;BRANCA
59953;3515707.0;Ferraz de Vasconcelos;Grande SP Leste;False;BRANCA
59954;3538709.0;Piracicaba;Piracicaba;False;BRANCA
59955;3525300.0;Jaú;Bauru;False;BRANCA
59956;3549904.0;São José dos Campos;Taubaté;False;BRANCA
59957;3549904.0;São José dos Campos;Taubaté;False;PARDA
59958;3550308.0;São Paulo;Município de São Paulo;False;PARDA
59959;3549904.0;São José dos Campos;Taubaté;False;BRANCA
59960;3549805.0;São José do Rio Preto;São José do Rio Preto;False;BRANCA
59961;3550308.0;São Paulo;Município de São Paulo;False;PARDA
59962;3504107.0;Atibaia;Campinas;False;BRANCA
59963;3525300.0;Jaú;Bauru;False;PARDA
59964;3548708.0;São Bernardo do Campo;Grande SP Sudeste;False;BRANCA
59965;3550308.0;São Paulo;Município de São Paulo;False;AMARELA
59966;3550308.0;São Paulo;Município de São Paulo;False;
59967;3526902.0;Limeira;Piracicaba;False;BRANCA
59968;3550308.0;São Paulo;Município de São Paulo;True;BRANCA
59969;3551009.0;São Vicente;Baixada Santista;False;IGNORADO
59970;3550308.0;São Paulo;Município de São Paulo;False;PRETA
59971;3551009.0;São Vicente;Baixada Santista;False;BRANCA
59972;3554102.0;Taubaté;Taubaté;False;BRANCA
59973;3543402.0;Ribeirão Preto;Ribeirão Preto;False;BRANCA
59974;3550308.0;São Paulo;Município de São Paulo;False;BRANCA
59975;3548708.0;São Bernardo do Campo;Grande SP Sudeste;False;NONE
59976;3535507.0;Paraguaçu Paulista;Marília;False;PARDA
