37229;3550308.0;São Paulo;Município de São Paulo;False;PARDA
37230;3549805.0;São José do Rio Preto;São José do Rio Preto;False;BRANCA
37231;3536505.0;Paulínia;Campinas;False;IGNORADO
37232;3550308.0;São Paulo;Município de São Paulo;False;AMARELA
37233;3506508.0;Birigui;Araçatuba;False;BRANCA
37234;3513801.0;Diadema;Grande SP Sudeste;False;
37235;3543402.0;Ribeirão Preto;Ribeirão Preto;False;PARDA
37236;3510500.0;Caraguatatuba;Taubaté;False;INDIGENA
37237;3525003.0;Jandira;Grande SP Oeste;False;BRANCA
37238;3543303.0;Ribeirão Pires;Grande SP Sudeste;False;PARDA
37239;3527207.0;Lorena;Taubaté;False;BRANCA
37240;3550308.0;São Paulo;Município de São Paulo;False;IGNORADO
37241;3508405.0;Cabreúva;Campinas;False;BRANCA
37242;3543402.0;Ribeirão Preto;Ribeirão Preto;False;IGNORADO
37243;3542602.0;Registro;Registro;False;BRANCA
37244;3552809.0;Taboão da Serra;Grande SP Sudoeste;False;PRETA
37245;3513801.0;Diadema;Grande SP Sudeste;False;BRANCA
37246;3519709.0;Ibiúna;Sorocaba;False;AMARELA
37247;3537305.0;Penápolis;Araçatuba;False;BRANCA
37248;3518701.0;Guarujá;Baixada Santista;False;PARDA
37249;3550308.0;São Paulo;Município de São Paulo;False;PARDA
37250;3529401.0;Mauá;Grande SP Sudeste;False;BRANCA
37251;3505906.0;Batatais;Ribeirão Preto;False;IGNORADO
37252;3534203.0;Orindiúva;São José do Rio Preto;False;IGNORADO
37253;3552205.0;Sorocaba;Sorocaba;False;
37254;3524402.0;Jacareí;Taubaté;False;BRANCA
37255;3522406.0;Itapeva;Sorocaba;False;BRANCA
37256;3539707.0;Platina;Marília;False;IGNORADO
37257;3527306.0;Louveira;Campinas;False;AMARELA
37258;3514007.0;Dobrada;Araraquara;False;BRANCA
37259;3552502.0;Suzano;Grande SP Leste;False;IGNORADO
37260;3534401.0;Osasco;Grande SP Oeste;False;PARDA
37261;3550308.0;São Paulo;Município de São Paulo;True;BRANCA
37262;3543402.0;Ribeirão Preto;Ribeirão Preto;False;BRANCA
37263;3550308.0;São Paulo;Município de São Paulo;False;NONE
37264;3550308.0;São Paulo;Município de São Paulo;False;BRANCA
37265;3547809.0;Santo André;Grande SP Sudeste;False;PARDA
37266;3530607.0;Mogi das Cruzes;Grande SP Leste;False;BRANCA
37267;3506003.0;Bauru;Bauru;False;BRANCA
37268;3503307.0;Araras;Piracicaba;False;BRANCA
37269;3552205.0;Sorocaba;Sorocaba;False;BRANCA
37270;3529005.0;Marília;Marília;False;BRANCA
37271;3526902.0;Limeira;Piracicaba;False;BRANCA
37272;3509502.0;Campinas;Campinas;False;BRANCA
37273;3523602.0;Itirapina;Piracicaba;False;
37274;3524402.0;Jacareí;Taubaté;False;PARDA
37275;3556206.0;Valinhos;Campinas;False;PARDA
37276;3529708.0;Miguelópolis;Franca;False;BRANCA
37277;3554102.0;Taubaté;Taubaté;False;IGNORADO
37278;3554102.0;Taubaté;Taubaté;False;IGNORADO
37279;3509502.0;Campinas;Campinas;False;BRANCA
37280;3549805.0;São José do Rio Preto;São José do Rio Preto;False;BRANCA
37281;3543402.0;Ribeirão Preto;Ribeirão Preto;False;BRANCA
37282;3552502.0;Suzano;Grande SP Leste;False;IGNORADO
37283;3552502.0;Suzano;Grande SP Leste;False;BRANCA
37284;3550308.0;São Paulo;Município de São Paulo;False;PARDA
37285;3524402.0;Jacareí;Taubaté;False;BRANCA
37286;3550308.0;São Paulo;Município de São Paulo;False;BRANCA
37287;3509502.0;Campinas;Campinas;False;IGNORADO
37288;3554102.0;Taubaté;Taubaté;False;BRANCA
37289;3543402.0;Ribeirão Preto;Ribeirão Preto;False;BRANCA
37290;3534401.0;Osasco;Grande SP Oeste;False;PARDA
37291;3550308.0;São Paulo;Município de São Paulo;False;BRANCA
37292;3512803.0;Cosmópolis;Campinas;False;BRANCA
37293;3532900.0;Nova Europa;Araraquara;False;BRANCA
37294;3550308.0;São Paulo;Município de São Paulo;False;PARDA
37295;3549805.0;São José do Rio Preto;São José do Rio Preto;False;BRANCA
37296;3550308.0;São Paulo;Município de São Paulo;False;PARDA
37297;3509502.0;Campinas;Campinas;False;BRANCA
37298;3526407.0;Laranjal Paulista;Bauru;False;BRANCA
37299;3550308.0;São Paulo;Município de São Paulo;False;BRANCA
37300;3525904.0;Jundiaí;Campinas;False;BRANCA
37301;3548500.0;Santos;Baixada Santista;False;IGNORADO
37302;3550308.0;São Paulo;Município de São Paulo;False;PARDA
37303;3534708.0;Ourinhos;Marília;False;BRANCA
37304;3550308.0;São Paulo;Município de São Paulo;False;PARDA
37305;3516200.0;Franca;Franca;False;IGNORADO
37306;3550308.0;São Paulo;Município de São Paulo;False;BRANCA
37307;3550308.0;São Paulo;Município de São Paulo;False;PARDA
37308;3538709.0;Piracicaba;Piracicaba;False;IGNORADO
37309;3549805.0;São José do Rio Preto;São José do Rio Preto;False;IGNORADO
37310;3511706.0;Charqueada;Piracicaba;False;BRANCA
37311;3539509.0;Pitangueiras;Ribeirão Preto;False;IGNORADO
37312;3538709.0;Piracicaba;Piracicaba;False;NONE
37313;3538709.0;Piracicaba;Piracicaba;False;BRANCA
37314;3540903.0;Pradópolis;Ribeirão Preto;False;BRANCA
37315;3509502.0;Campinas;Campinas;False;BRANCA
37316;3510609.0;Carapicuíba;Grande SP Oeste;False;BRANCA
37317;3506003.0;Bauru;Bauru;False;BRANCA
37318;3540804.0;Potirendaba;São José do Rio Preto;False;BRANCA
37319;3538709.0;Piracicaba;Piracicaba;False;BRANCA
37320;3525706.0;José Bonifácio;São José do Rio Preto;False;BRANCA
37321;3550308.0;São Paulo;Município de São Paulo;False;AMARELA
37322;3541406.0;Presidente Prudente;Presidente Prudente;False;IGNORADO
37323;3529203.0;Martinópolis;Presidente Prudente;False;BRANCA
37324;3506003.0;Bauru;Bauru;False;BRANCA
37325;3550308.0;São Paulo;Município de São Paulo;False;BRANCA
37326;3529401.0;Mauá;Grande SP Sudeste;False;IGNORADO
37327;3507605.0;Bragança Paulista;Campinas;False;IGNORADO
37328;3506003.0;Bauru;Bauru;False;BRANCA
37329;3545209.0;Salto;Sorocaba;False;PARDA
37330;3548708.0;São Bernardo do Campo;Grande SP Sudeste;False;IGNORADO
37331;3538709.0;Piracicaba;Piracicaba;False;BRANCA
37332;3550308.0;São Paulo;Município de São Paulo;False;PARDA
37333;3530706.0;Mogi Guaçu;São João da Boa Vista;False;BRANCA
37334;3523404.0;Itatiba;Campinas;False;IGNORADO
37335;3551009.0;São Vicente;Baixada Santista;False;BRANCA
37336;3550308.0;São Paulo;Município de São Paulo;False;NONE
37337;3528809.0;Maracaí;Marília;False;BRANCA
37338;3519071.0;Hortolândia;Campinas;False;BRANCA
37339;3515509.0;Fernandópolis;São José do Rio Preto;False;BRANCA
37340;3529401.0;Mauá;Grande SP Sudeste;False;IGNORADO
37341;3534708.0;Ourinhos;Marília;False;BRANCA
37342;3525904.0;Jundiaí;Campinas;False;PARDA
37343;3519071.0;Hortolândia;Campinas;False;IGNORADO
37344;3552106.0;Socorro;Campinas;False;BRANCA
37345;3536208.0;Pariquera-Açu;Registro;False;BRANCA
37346;3550308.0;São Paulo;Município de São Paulo;False;BRANCA
37347;3550308.0;São Paulo;Município de São Paulo;False;PARDA
37348;3526902.0;Limeira;Piracicaba;False;AMARELA
37349;3518800.0;Guarulhos;Grande SP Leste;False;PARDA
37350;3537305.0;Penápolis;Araçatuba;False;IGNORADO
37351;3526803.0;Lençóis Paulista;Bauru;False;BRANCA
37352;3549805.0;São José do Rio Preto;São José do Rio Preto;False;BRANCA
37353;3551603.0;Serra Negra;Campinas;False;BRANCA
37354;3523107.0;Itaquaquecetuba;Grande SP Leste;False;IGNORADO
37355;3549805.0;São José do Rio Preto;São José do Rio Preto;False;BRANCA
37356;3520442.0;Ilha Solteira;Araçatuba;False;PARDA
37357;3547809.0;Santo André;Grande SP Sudeste;False;BRANCA
37358;3524402.0;Jacareí;Taubaté;False;BRANCA
37359;3546603.0;Santa Fé do Sul;São José do Rio Preto;False;BRANCA
37360;3529401.0;Mauá;Grande SP Sudeste;False;
37361;3550308.0;São Paulo;Município de São Paulo;False;BRANCA
37362;3506508.0;Birigui;Araçatuba;False;IGNORADO
37363;3552403.0;Sumaré;Campinas;False;BRANCA
37364;3550308.0;São Paulo;Município de São Paulo;False;AMARELA
37365;3548500.0;Santos;Baixada Santista;False;BRANCA
37366;3513801.0;Diadema;Grande SP Sudeste;False;PARDA
37367;3550308.0;São Paulo;Município de São Paulo;False;PARDA
37368;3549805.0;São José do Rio Preto;São José do Rio Preto;False;BRANCA
37369;3548500.0;Santos;Baixada Santista;False;PARDA
37370;3550308.0;São Paulo;Município de São Paulo;False;AMARELA
37371;3554102.0;Taubaté;Taubaté;False;BRANCA
37372;3525904.0;Jundiaí;Campinas;False;NONE
37373;3517406.0;Guaíra;Barretos;False;BRANCA
37374;3550308.0;São Paulo;Município de São Paulo;False;BRANCA
37375;3545803.0;Santa Bárbara d'Oeste;Campinas;False;BRANCA
