58669;3501004.0;Altinópolis;Ribeirão Preto;False;BRANCA
58670;3511508.0;Cerquilho;Sorocaba;False;BRANCA
58671;3545803.0;Santa Bárbara d'Oeste;Campinas;False;IGNORADO
58672;3550308.0;São Paulo;Município de São Paulo;False;BRANCA
58673;3528502.0;Mairiporã;Grande SP Norte;False;PARDA
58674;3552809.0;Taboão da Serra;Grande SP Sudoeste;False;PARDA
58675;3501608.0;Americana;Campinas;False;IGNORADO
58676;3557105.0;Votuporanga;São José do Rio Preto;False;BRANCA
58677;3519709.0;Ibiúna;Sorocaba;False;PARDA
58678;3518404.0;Guaratinguetá;Taubaté;True;BRANCA
58679;3502705.0;Apiaí;Sorocaba;False;BRANCA
58680;3550308.0;São Paulo;Município de São Paulo;False;BRANCA
58681;3549805.0;São José do Rio Preto;São José do Rio Preto;False;BRANCA
58682;3533908.0;Olímpia;Barretos;False;BRANCA
58683;3550308.0;São Paulo;Município de São Paulo;False;BRANCA
58684;3502804.0;Araçatuba;Araçatuba;False;BRANCA
58685;3509502.0;Campinas;Campinas;False;BRANCA
58686;3525904.0;Jundiaí;Campinas;False;BRANCA
58687;3549904.0;São José dos Campos;Taubaté;False;BRANCA
58688;3550308.0;São Paulo;Município de São Paulo;False;IGNORADO
58689;3543402.0;Ribeirão Preto;Ribeirão Preto;False;BRANCA
58690;3508009.0;Buri;Sorocaba;False;PARDA
58691;3509502.0;Campinas;Campinas;False;BRANCA
58692;3530805.0;Mogi Mirim;São João da Boa Vista;False;BRANCA
58693;3502101.0;Andradina;Araçatuba;False;BRANCA
58694;3524006.0;Itupeva;Campinas;False;BRANCA
58695;3550308.0;São Paulo;Município de São Paulo;False;BRANCA
58696;3550308.0;São Paulo;Município de São Paulo;False;BRANCA
58697;3506003.0;Bauru;Bauru;False;BRANCA
58698;3550308.0;São Paulo;Município de São Paulo;False;PARDA
58699;3524006.0;Itupeva;Campinas;False;BRANCA
58700;3553401.0;Tanabi;São José do Rio Preto;False;BRANCA
58701;3530805.0;Mogi Mirim;São João da Boa Vista;False;IGNORADO
58702;3549904.0;São José dos Campos;Taubaté;False;IGNORADO
58703;3509502.0;Campinas;Campinas;False;PRETA
58704;3550308.0;São Paulo;Município de São Paulo;False;BRANCA
58705;3506003.0;Bauru;Bauru;False;BRANCA
58706;3534401.0;Osasco;Grande SP Oeste;False;NONE
58707;3552205.0;Sorocaba;Sorocaba;False;BRANCA
58708;3551603.0;Serra Negra;Campinas;False;IGNORADO
58709;3543402.0;Ribeirão Preto;Ribeirão Preto;False;IGNORADO
58710;3509205.0;Cajamar;Grande SP Norte;False;PRETA
58711;3504206.0;Auriflama;Araçatuba;False;BRANCA
58712;3509502.0;Campinas;Campinas;True;BRANCA
58713;3526902.0;Limeira;Piracicaba;False;IGNORADO
58714;3550308.0;São Paulo;Município de São Paulo;False;BRANCA
58715;3550308.0;São Paulo;Município de São Paulo;False;IGNORADO
58716;3538709.0;Piracicaba;Piracicaba;False;BRANCA
58717;3506359.0;Bertioga;Baixada Santista;False;BRANCA
58718;3536703.0;Pederneiras;Bauru;False;BRANCA
58719;3552007.0;Silveiras;Taubaté;False;AMARELA
58720;3551009.0;São Vicente;Baixada Santista;True;PARDA
58721;3534401.0;Osasco;Grande SP Oeste;False;BRANCA
58722;3515707.0;Ferraz de Vasconcelos;Grande SP Leste;False;BRANCA
58723;3550308.0;São Paulo;Município de São Paulo;False;IGNORADO
58724;3506508.0;Birigui;Araçatuba;False;BRANCA
58725;3547809.0;Santo André;Grande SP Sudeste;False;PARDA
58726;3548708.0;São Bernardo do Campo;Grande SP Sudeste;False;BRANCA
58727;3509502.0;Campinas;Campinas;False;IGNORADO
58728;3549805.0;São José do Rio Preto;São José do Rio Preto;False;BRANCA
58729;3525300.0;Jaú;Bauru;False;BRANCA
58730;3527603.0;Luís Antônio;Ribeirão Preto;False;BRANCA
58731;3552403.0;Sumaré;Campinas;False;BRANCA
58732;3550308.0;São Paulo;Município de São Paulo;False;PARDA
58733;3539301.0;Pirassununga;Piracicaba;False;BRANCA
58734;3508504.0;Caçapava;Taubaté;False;PARDA
58735;3550308.0;São Paulo;Município de São Paulo;False;PARDA
58736;3550308.0;São Paulo;Município de São Paulo;False;IGNORADO
58737;3549805.0;São José do Rio Preto;São José do Rio Preto;False;PARDA
58738;3547304.0;Santana de Parnaíba;Grande SP Oeste;False;PARDA
58739;3550308.0;São Paulo;Município de São Paulo;False;BRANCA
58740;3548500.0;Santos;Baixada Santista;False;BRANCA
58741;3542404.0;Regente Feijó;Presidente Prudente;False;BRANCA
58742;3508801.0;Cafelândia;Bauru;True;BRANCA
58743;3526902.0;Limeira;Piracicaba;False;BRANCA
58744;3550308.0;São Paulo;Município de São Paulo;False;BRANCA
58745;3554102.0;Taubaté;Taubaté;False;BRANCA
58746;3556107.0;Valentim Gentil;São José do Rio Preto;False;AMARELA
58747;3548500.0;Santos;Baixada Santista;False;PARDA
58748;3552403.0;Sumaré;Campinas;False;PRETA
58749;3516200.0;Franca;Franca;False;BRANCA
58750;3550308.0;São Paulo;Município de São Paulo;False;PARDA
58751;3546801.0;Santa Isabel;Grande SP Leste;False;IGNORADO
58752;3556909.0;Vista Alegre do Alto;Barretos;False;PARDA
58753;3550308.0;São Paulo;Município de São Paulo;False;PARDA
58754;3550308.0;São Paulo;Município de São Paulo;False;BRANCA
58755;3550308.0;São Paulo;Município de São Paulo;False;BRANCA
58756;3509502.0;Campinas;Campinas;False;PRETA
58757;3550308.0;São Paulo;Município de São Paulo;True;BRANCA
58758;3550308.0;São Paulo;Município de São Paulo;False;BRANCA
58759;3515004.0;Embu das Artes;Grande SP Sudoeste;False;BRANCA
58760;3548500.0;Santos;Baixada Santista;False;IGNORADO
58761;3543402.0;Ribeirão Preto;Ribeirão Preto;False;BRANCA
58762;3548807.0;São Caetano do Sul;Grande SP Sudeste;False;BRANCA
58763;3522604.0;Itapira;São João da Boa Vista;False;BRANCA
58764;3509502.0;Campinas;Campinas;False;BRANCA
58765;3550308.0;São Paulo;Município de São Paulo;False;AMARELA
58766;3550308.0;São Paulo;Município de São Paulo;False;PARDA
58767;3505906.0;Batatais;Ribeirão Preto;False;BRANCA
58768;3550308.0;São Paulo;Município de São Paulo;False;BRANCA
58769;3513504.0;Cubatão;Baixada Santista;False;IGNORADO
58770;3550308.0;São Paulo;Município de São Paulo;False;PRETA
58771;3550308.0;São Paulo;Município de São Paulo;False;PARDA
58772;3548708.0;São Bernardo do Campo;Grande SP Sudeste;False;PARDA
58773;3550308.0;São Paulo;Município de São Paulo;False;IGNORADO
58774;3549904.0;São José dos Campos;Taubaté;False;BRANCA
58775;3509502.0;Campinas;Campinas;False;IGNORADO
58776;3550308.0;São Paulo;Município de São Paulo;False;IGNORADO
58777;3529104.0;Marinópolis;São José do Rio Preto;False;BRANCA
58778;3547809.0;Santo André;Grande SP Sudeste;False;BRANCA
58779;3550308.0;São Paulo;Município de São Paulo;False;BRANCA
58780;3556008.0;Urupês;São José do Rio Preto;False;BRANCA
58781;3525904.0;Jundiaí;Campinas;False;BRANCA
58782;3552403.0;Sumaré;Campinas;False;BRANCA
58783;3550308.0;São Paulo;Município de São Paulo;False;PARDA
58784;3547809.0;Santo André;Grande SP Sudeste;False;BRANCA
58785;3552205.0;Sorocaba;Sorocaba;False;PARDA
58786;3506003.0;Bauru;Bauru;False;AMARELA
58787;3518404.0;Guaratinguetá;Taubaté;False;IGNORADO
58788;3550308.0;São Paulo;Município de São Paulo;False;PARDA
58789;3502804.0;Araçatuba;Araçatuba;False;AMARELA
58790;3506003.0;Bauru;Bauru;False;PARDA
58791;3521507.0;Irapuã;São José do Rio Preto;False;BRANCA
58792;3529708.0;Miguelópolis;Franca;False;BRANCA
58793;3550308.0;São Paulo;Município de São Paulo;False;NONE
58794;3531308.0;Monte Alto;Ribeirão Preto;False;BRANCA
58795;3543402.0;Ribeirão Preto;Ribeirão Preto;False;AMARELA
58796;3550308.0;São Paulo;Município de São Paulo;False;IGNORADO
58797;3523206.0;Itararé;Sorocaba;False;BRANCA
58798;3549904.0;São José dos Campos;Taubaté;False;BRANCA
58799;3549805.0;São José do Rio Preto;São José do Rio Preto;False;BRANCA
58800;3550308.0;São Paulo;Município de São Paulo;False;BRANCA
58801;3550308.0;São Paulo;Município de São Paulo;False;IGNORADO
58802;3537404.0;Pereira Barreto;Araçatuba;False;BRANCA
58803;3548807.0;São Caetano do Sul;Grande SP Sudeste;False;BRANCA
58804;3526209.0;Juquitiba;Grande SP Sudoeste;False;BRANCA
58805;3547304.0;Santana de Parnaíba;Grande SP Oeste;False;BRANCA
58806;3550308.0;São Paulo;Município de São Paulo;False;BRANCA
58807;3549904.0;São José dos Campos;Taubaté;False;IGNORADO
58808;3552205.0;Sorocaba;Sorocaba;False;BRANCA
58809;3548708.0;São Bernardo do Campo;Grande SP Sudeste;False;BRANCA
58810;3549904.0;São José dos Campos;Taubaté;False;BRANCA
58811;3511102.0;Catanduva;São José do Rio Preto;False;BRANCA
