32154;3551009.0;São Vicente;Baixada Santista;False;NONE
32155;3509106.0;Caiuá;Presidente Prudente;False;PARDA
32156;3523909.0;Itu;Sorocaba;False;BRANCA
32157;3550308.0;São Paulo;Município de São Paulo;False;BRANCA
32158;3550308.0;São Paulo;Município de São Paulo;False;IGNORADO
32159;3524006.0;Itupeva;Campinas;False;BRANCA
32160;3552403.0;Sumaré;Campinas;False;BRANCA
32161;3547809.0;Santo André;Grande SP Sudeste;False;BRANCA
32162;3538600.0;Piracaia;Campinas;False;PARDA
32163;3552809.0;Taboão da Serra;Grande SP Sudoeste;False;PARDA
32164;3550308.0;São Paulo;Município de São Paulo;False;BRANCA
32165;3549904.0;São José dos Campos;Taubaté;False;PARDA
32166;3549904.0;São José dos Campos;Taubaté;False;PARDA
32167;3543303.0;Ribeirão Pires;Grande SP Sudeste;False;BRANCA
32168;3550308.0;São Paulo;Município de São Paulo;False;IGNORADO
32169;3509502.0;Campinas;Campinas;False;IGNORADO
32170;3555406.0;Ubatuba;Taubaté;False;IGNORADO
32171;3550308.0;São Paulo;Município de São Paulo;False;BRANCA
32172;3543402.0;Ribeirão Preto;Ribeirão Preto;False;IGNORADO
32173;3551504.0;Serrana;Ribeirão Preto;False;BRANCA
32174;3530607.0;Mogi das Cruzes;Grande SP Leste;False;PARDA
32175;3553401.0;Tanabi;São José do Rio Preto;True;PRETA
32176;3538709.0;Piracicaba;Piracicaba;False;BRANCA
32177;3508108.0;Buritama;Araçatuba;False;BRANCA
32178;3510609.0;Carapicuíba;Grande SP Oeste;False;BRANCA
32179;3550308.0;São Paulo;Município de São Paulo;False;PARDA
32180;3518800.0;Guarulhos;Grande SP Leste;True;NONE
32181;3550308.0;São Paulo;Município de São Paulo;False;PRETA
32182;3526902.0;Limeira;Piracicaba;False;IGNORADO
32183;3550308.0;São Paulo;Município de São Paulo;False;BRANCA
32184;3513801.0;Diadema;Grande SP Sudeste;False;BRANCA
32185;3513504.0;Cubatão;Baixada Santista;False;BRANCA
32186;3553955.0;Tarumã;Marília;False;PARDA
32187;3549904.0;São José dos Campos;Taubaté;False;PARDA
32188;3549904.0;São José dos Campos;Taubaté;False;PRETA
32189;3552205.0;Sorocaba;Sorocaba;False;AMARELA
32190;3552205.0;Sorocaba;Sorocaba;False;NONE
32191;3514957.0;Embaúba;São José do Rio Preto;False;BRANCA
32192;3548906.0;São Carlos;Araraquara;False;BRANCA
32193;3550308.0;São Paulo;Município de São Paulo;False;BRANCA
32194;3550308.0;São Paulo;Município de São Paulo;False;NONE
32195;3524402.0;Jacareí;Taubaté;False;PARDA
32196;3543402.0;Ribeirão Preto;Ribeirão Preto;False;PARDA
32197;3548500.0;Santos;Baixada Santista;False;BRANCA
32198;3539004.0;Pirangi;São José do Rio Preto;False;BRANCA
32199;3509007.0;Caieiras;Grande SP Norte;False;
32200;3543402.0;Ribeirão Preto;Ribeirão Preto;False;BRANCA
32201;3503703.0;Ariranha;São José do Rio Preto;False;BRANCA
32202;3550308.0;São Paulo;Município de São Paulo;False;PARDA
32203;3539806.0;Poá;Grande SP Leste;False;PARDA
32204;3537305.0;Penápolis;Araçatuba;False;BRANCA
32205;3541000.0;Praia Grande;Baixada Santista;False;IGNORADO
32206;3509700.0;Campos do Jordão;Taubaté;True;BRANCA
32207;3515509.0;Fernandópolis;São José do Rio Preto;False;BRANCA
32208;3524709.0;Jaguariúna;Campinas;False;BRANCA
32209;3546801.0;Santa Isabel;Grande SP Leste;False;BRANCA
32210;3509502.0;Campinas;Campinas;False;BRANCA
32211;3550308.0;São Paulo;Município de São Paulo;False;IGNORADO
32212;3518701.0;Guarujá;Baixada Santista;False;PARDA
32213;3549805.0;São José do Rio Preto;São José do Rio Preto;False;PRETA
32214;3557105.0;Votuporanga;São José do Rio Preto;False;BRANCA
32215;3550308.0;São Paulo;Município de São Paulo;False;PARDA
32216;3509502.0;Campinas;Campinas;False;BRANCA
32217;3548500.0;Santos;Baixada Santista;False;IGNORADO
32218;3513405.0;Cruzeiro;Taubaté;False;BRANCA
32219;3504206.0;Auriflama;Araçatuba;False;BRANCA
32220;3522208.0;Itapecerica da Serra;Grande SP Sudoeste;False;PARDA
32221;3505708.0;Barueri;Grande SP Oeste;False;
32222;3504107.0;Atibaia;Campinas;False;BRANCA
32223;3550308.0;São Paulo;Município de São Paulo;False;BRANCA
32224;3525904.0;Jundiaí;Campinas;True;BRANCA
32225;3525904.0;Jundiaí;Campinas;False;BRANCA
32226;3523909.0;Itu;Sorocaba;False;BRANCA
32227;3509007.0;Caieiras;Grande SP Norte;False;PARDA
32228;3550308.0;São Paulo;Município de São Paulo;False;PARDA
32229;3549805.0;São José do Rio Preto;São José do Rio Preto;False;BRANCA
32230;3525904.0;Jundiaí;Campinas;False;BRANCA
32231;3549706.0;São José do Rio Pardo;São João da Boa Vista;False;IGNORADO
32232;3550308.0;São Paulo;Município de São Paulo;False;BRANCA
32233;3550308.0;São Paulo;Município de São Paulo;False;PRETA
32234;3550308.0;São Paulo;Município de São Paulo;False;NONE
32235;3526902.0;Limeira;Piracicaba;False;BRANCA
32236;3520509.0;Indaiatuba;Campinas;False;BRANCA
32237;3551504.0;Serrana;Ribeirão Preto;False;PRETA
32238;3530607.0;Mogi das Cruzes;Grande SP Leste;False;PRETA
32239;3534708.0;Ourinhos;Marília;False;BRANCA
32240;3534401.0;Osasco;Grande SP Oeste;False;IGNORADO
32241;3522208.0;Itapecerica da Serra;Grande SP Sudoeste;False;IGNORADO
32242;3551009.0;São Vicente;Baixada Santista;False;AMARELA
32243;3506508.0;Birigui;Araçatuba;False;IGNORADO
32244;3539806.0;Poá;Grande SP Leste;False;IGNORADO
32245;3506508.0;Birigui;Araçatuba;False;IGNORADO
32246;3519055.0;Holambra;Campinas;False;BRANCA
32247;3554300.0;Teodoro Sampaio;Presidente Prudente;False;BRANCA
32248;3533601.0;Nuporanga;Franca;False;BRANCA
32249;3507506.0;Botucatu;Bauru;False;BRANCA
32250;3534401.0;Osasco;Grande SP Oeste;False;BRANCA
32251;3520509.0;Indaiatuba;Campinas;False;BRANCA
32252;3507605.0;Bragança Paulista;Campinas;False;BRANCA
32253;3550308.0;São Paulo;Município de São Paulo;False;BRANCA
32254;3550308.0;São Paulo;Município de São Paulo;False;BRANCA
32255;3541000.0;Praia Grande;Baixada Santista;False;PARDA
32256;3550308.0;São Paulo;Município de São Paulo;False;BRANCA
32257;3543402.0;Ribeirão Preto;Ribeirão Preto;False;BRANCA
32258;3509502.0;Campinas;Campinas;False;IGNORADO
32259;3534401.0;Osasco;Grande SP Oeste;False;IGNORADO
32260;3556909.0;Vista Alegre do Alto;Barretos;False;BRANCA
32261;3551702.0;Sertãozinho;Ribeirão Preto;False;BRANCA
32262;3520442.0;Ilha Solteira;Araçatuba;False;BRANCA
32263;3510401.0;Capivari;Piracicaba;False;BRANCA
32264;3548906.0;São Carlos;Araraquara;False;BRANCA
32265;3548708.0;São Bernardo do Campo;Grande SP Sudeste;False;PARDA
32266;3507605.0;Bragança Paulista;Campinas;False;BRANCA
32267;3511409.0;Cerqueira César;Bauru;False;BRANCA
32268;3549805.0;São José do Rio Preto;São José do Rio Preto;False;BRANCA
32269;3547809.0;Santo André;Grande SP Sudeste;False;BRANCA
32270;3536505.0;Paulínia;Campinas;False;PRETA
32271;3542206.0;Rancharia;Presidente Prudente;False;BRANCA
32272;3522109.0;Itanhaém;Baixada Santista;False;AMARELA
32273;3518800.0;Guarulhos;Grande SP Leste;False;PARDA
32274;3518800.0;Guarulhos;Grande SP Leste;False;BRANCA
32275;3550308.0;São Paulo;Município de São Paulo;False;PRETA
32276;3538709.0;Piracicaba;Piracicaba;False;BRANCA
32277;3547809.0;Santo André;Grande SP Sudeste;False;PARDA
32278;3544301.0;Roseira;Taubaté;False;BRANCA
32279;3541307.0;Presidente Epitácio;Presidente Prudente;False;BRANCA
32280;3556206.0;Valinhos;Campinas;False;BRANCA
32281;3511102.0;Catanduva;São José do Rio Preto;False;PARDA
32282;3550308.0;São Paulo;Município de São Paulo;False;PRETA
32283;3526803.0;Lençóis Paulista;Bauru;False;BRANCA
32284;3503307.0;Araras;Piracicaba;False;BRANCA
32285;3550308.0;São Paulo;Município de São Paulo;False;BRANCA
32286;3552205.0;Sorocaba;Sorocaba;False;BRANCA
32287;3509502.0;Campinas;Campinas;False;BRANCA
32288;3516200.0;Franca;Franca;False;BRANCA
32289;3550308.0;São Paulo;Município de São Paulo;False;IGNORADO
32290;3507605.0;Bragança Paulista;Campinas;False;BRANCA
32291;3550308.0;São Paulo;Município de São Paulo;False;BRANCA
32292;3519071.0;Hortolândia;Campinas;False;BRANCA
32293;3536505.0;Paulínia;Campinas;False;PARDA
32294;3550308.0;São Paulo;Município de São Paulo;False;BRANCA
32295;3556206.0;Valinhos;Campinas;False;PARDA
32296;3518800.0;Guarulhos;Grande SP Leste;False;BRANCA
32297;3550308.0;São Paulo;Município de São Paulo;False;BRANCA
32298;3552205.0;Sorocaba;Sorocaba;False;PARDA
32299;3549805.0;São José do Rio Preto;São José do Rio Preto;False;PARDA
