53930;3550308.0;São Paulo;Município de São Paulo;False;BRANCA
53931;3550308.0;São Paulo;Município de São Paulo;False;BRANCA
53932;3513504.0;Cubatão;Baixada Santista;False;PARDA
53933;3522307.0;Itapetininga;Sorocaba;False;BRANCA
53934;3552205.0;Sorocaba;Sorocaba;False;PARDA
53935;3552403.0;Sumaré;Campinas;False;BRANCA
53936;3526902.0;Limeira;Piracicaba;False;IGNORADO
53937;3541000.0;Praia Grande;Baixada Santista;False;PARDA
53938;3547809.0;Santo André;Grande SP Sudeste;False;BRANCA
53939;3540754.0;Potim;Taubaté;False;BRANCA
53940;3521408.0;Iracemápolis;Piracicaba;False;IGNORADO
53941;3554102.0;Taubaté;Taubaté;False;IGNORADO
53942;3525904.0;Jundiaí;Campinas;False;
53943;3550308.0;São Paulo;Município de São Paulo;False;BRANCA
53944;3543402.0;Ribeirão Preto;Ribeirão Preto;False;PARDA
53945;3510609.0;Carapicuíba;Grande SP Oeste;False;AMARELA
53946;3550308.0;São Paulo;Município de São Paulo;False;NONE
53947;3525904.0;Jundiaí;Campinas;False;BRANCA
53948;3527603.0;Luís Antônio;Ribeirão Preto;False;BRANCA
53949;3540903.0;Pradópolis;Ribeirão Preto;False;BRANCA
53950;3540903.0;Pradópolis;Ribeirão Preto;False;BRANCA
53951;3549706.0;São José do Rio Pardo;São João da Boa Vista;False;BRANCA
53952;3544202.0;Riolândia;São José do Rio Preto;False;PARDA
53953;3552403.0;Sumaré;Campinas;False;PARDA
53954;3550308.0;São Paulo;Município de São Paulo;False;PARDA
53955;3538709.0;Piracicaba;Piracicaba;False;BRANCA
53956;3506003.0;Bauru;Bauru;False;BRANCA
53957;3554102.0;Taubaté;Taubaté;False;BRANCA
53958;3513801.0;Diadema;Grande SP Sudeste;False;PARDA
53959;3516200.0;Franca;Franca;False;IGNORADO
53960;3538709.0;Piracicaba;Piracicaba;False;BRANCA
53961;3518800.0;Guarulhos;Grande SP Leste;False;BRANCA
53962;3524402.0;Jacareí;Taubaté;False;BRANCA
53963;3549904.0;São José dos Campos;Taubaté;False;IGNORADO
53964;3551702.0;Sertãozinho;Ribeirão Preto;False;AMARELA
53965;3503901.0;Arujá;Grande SP Leste;False;IGNORADO
53966;3550308.0;São Paulo;Município de São Paulo;False;IGNORADO
53967;3557105.0;Votuporanga;São José do Rio Preto;False;BRANCA
53968;3550308.0;São Paulo;Município de São Paulo;False;BRANCA
53969;3552106.0;Socorro;Campinas;False;BRANCA
53970;3538006.0;Pindamonhangaba;Taubaté;False;BRANCA
53971;3550308.0;São Paulo;Município de São Paulo;False;PARDA
53972;3503208.0;Araraquara;Araraquara;False;BRANCA
53973;3548807.0;São Caetano do Sul;Grande SP Sudeste;False;BRANCA
53974;3509502.0;Campinas;Campinas;False;BRANCA
53975;3549805.0;São José do Rio Preto;São José do Rio Preto;False;PARDA
53976;3520103.0;Igarapava;Franca;False;PARDA
53977;3513702.0;Descalvado;Araraquara;False;BRANCA
53978;3550308.0;São Paulo;Município de São Paulo;False;AMARELA
53979;3547809.0;Santo André;Grande SP Sudeste;False;BRANCA
53980;3550308.0;São Paulo;Município de São Paulo;False;BRANCA
53981;3515004.0;Embu das Artes;Grande SP Sudoeste;True;BRANCA
53982;3541307.0;Presidente Epitácio;Presidente Prudente;False;BRANCA
53983;3550308.0;São Paulo;Município de São Paulo;False;PARDA
53984;3518800.0;Guarulhos;Grande SP Leste;False;BRANCA
53985;3515004.0;Embu das Artes;Grande SP Sudoeste;False;BRANCA
53986;3509502.0;Campinas;Campinas;False;PARDA
53987;3515202.0;Estrela d'Oeste;São José do Rio Preto;False;PRETA
53988;3536109.0;Pardinho;Bauru;False;BRANCA
53989;3550308.0;São Paulo;Município de São Paulo;False;NONE
53990;3516309.0;Francisco Morato;Grande SP Norte;False;PARDA
53991;3525706.0;José Bonifácio;São José do Rio Preto;False;PRETA
53992;3534401.0;Osasco;Grande SP Oeste;False;AMARELA
53993;3549805.0;São José do Rio Preto;São José do Rio Preto;False;BRANCA
53994;3550308.0;São Paulo;Município de São Paulo;False;BRANCA
53995;3523107.0;Itaquaquecetuba;Grande SP Leste;False;
53996;3518800.0;Guarulhos;Grande SP Leste;False;BRANCA
53997;3550308.0;São Paulo;Município de São Paulo;False;IGNORADO
53998;3548500.0;Santos;Baixada Santista;False;PARDA
53999;3502606.0;Aparecida d'Oeste;São José do Rio Preto;False;BRANCA
54000;3500105.0;Adamantina;Marília;False;BRANCA
54001;3552205.0;Sorocaba;Sorocaba;False;BRANCA
54002;3550308.0;São Paulo;Município de São Paulo;False;PARDA
54003;3509502.0;Campinas;Campinas;False;BRANCA
54004;3550308.0;São Paulo;Município de São Paulo;False;NONE
54005;3548500.0;Santos;Baixada Santista;False;IGNORADO
54006;3506003.0;Bauru;Bauru;True;IGNORADO
54007;3550308.0;São Paulo;Município de São Paulo;False;BRANCA
54008;3550308.0;São Paulo;Município de São Paulo;False;NONE
54009;3501707.0;Américo Brasiliense;Araraquara;False;BRANCA
54010;3525904.0;Jundiaí;Campinas;False;BRANCA
54011;3526902.0;Limeira;Piracicaba;False;PARDA
54012;3550308.0;São Paulo;Município de São Paulo;False;PRETA
54013;3543907.0;Rio Claro;Piracicaba;False;BRANCA
54014;3513504.0;Cubatão;Baixada Santista;False;BRANCA
54015;3523404.0;Itatiba;Campinas;False;IGNORADO
54016;3538709.0;Piracicaba;Piracicaba;False;IGNORADO
54017;3509502.0;Campinas;Campinas;False;BRANCA
54018;3505500.0;Barretos;Barretos;False;AMARELA
54019;3550308.0;São Paulo;Município de São Paulo;False;IGNORADO
54020;3548500.0;Santos;Baixada Santista;False;BRANCA
54021;3550308.0;São Paulo;Município de São Paulo;False;BRANCA
54022;3516309.0;Francisco Morato;Grande SP Norte;False;PARDA
54023;3518602.0;Guariba;Ribeirão Preto;False;PARDA
54024;3550308.0;São Paulo;Município de São Paulo;False;PARDA
54025;3549904.0;São José dos Campos;Taubaté;False;BRANCA
54026;3550308.0;São Paulo;Município de São Paulo;False;IGNORADO
54027;3550308.0;São Paulo;Município de São Paulo;True;BRANCA
54028;3550308.0;São Paulo;Município de São Paulo;True;BRANCA
54029;3543402.0;Ribeirão Preto;Ribeirão Preto;False;IGNORADO
54030;3517505.0;Guapiaçu;São José do Rio Preto;False;PARDA
54031;3554508.0;Tietê;Sorocaba;False;BRANCA
54032;3557105.0;Votuporanga;São José do Rio Preto;False;BRANCA
54033;3518800.0;Guarulhos;Grande SP Leste;False;PARDA
54034;3550308.0;São Paulo;Município de São Paulo;False;BRANCA
54035;3529401.0;Mauá;Grande SP Sudeste;False;IGNORADO
54036;3550308.0;São Paulo;Município de São Paulo;False;PARDA
54037;3550308.0;São Paulo;Município de São Paulo;False;BRANCA
54038;3506003.0;Bauru;Bauru;False;BRANCA
54039;3548708.0;São Bernardo do Campo;Grande SP Sudeste;False;BRANCA
54040;3513801.0;Diadema;Grande SP Sudeste;False;BRANCA
54041;3509007.0;Caieiras;Grande SP Norte;False;BRANCA
54042;3509007.0;Caieiras;Grande SP Norte;False;BRANCA
54043;3553203.0;Taiúva;Barretos;False;
54044;3511508.0;Cerquilho;Sorocaba;False;BRANCA
54045;3551207.0;Sarutaiá;Bauru;False;BRANCA
54046;3507605.0;Bragança Paulista;Campinas;False;BRANCA
54047;3527603.0;Luís Antônio;Ribeirão Preto;False;PARDA
54048;3550308.0;São Paulo;Município de São Paulo;False;PARDA
54049;3538709.0;Piracicaba;Piracicaba;False;BRANCA
54050;3548708.0;São Bernardo do Campo;Grande SP Sudeste;False;BRANCA
54051;3538709.0;Piracicaba;Piracicaba;False;BRANCA
54052;3538709.0;Piracicaba;Piracicaba;False;
54053;3524402.0;Jacareí;Taubaté;False;BRANCA
54054;3548500.0;Santos;Baixada Santista;True;BRANCA
54055;3525102.0;Jardinópolis;Ribeirão Preto;False;IGNORADO
54056;3548500.0;Santos;Baixada Santista;False;PARDA
54057;3532009.0;Morungaba;Campinas;True;BRANCA
54058;3550308.0;São Paulo;Município de São Paulo;False;PRETA
54059;3550308.0;São Paulo;Município de São Paulo;False;BRANCA
54060;3523107.0;Itaquaquecetuba;Grande SP Leste;False;PARDA
54061;3518503.0;Guareí;Sorocaba;False;
54062;3543402.0;Ribeirão Preto;Ribeirão Preto;False;PARDA
54063;3503307.0;Araras;Piracicaba;False;IGNORADO
54064;3548708.0;São Bernardo do Campo;Grande SP Sudeste;False;BRANCA
54065;3550308.0;São Paulo;Município de São Paulo;True;NONE
54066;3538006.0;Pindamonhangaba;Taubaté;False;PARDA
54067;3529401.0;Mauá;Grande SP Sudeste;False;PRETA
54068;3520509.0;Indaiatuba;Campinas;True;BRANCA
54069;3550308.0;São Paulo;Município de São Paulo;False;PARDA
54070;3500105.0;Adamantina;Marília;False;BRANCA
54071;3550308.0;São Paulo;Município de São Paulo;False;PRETA
54072;3503109.0;Arandu;Bauru;False;BRANCA
54073;3508405.0;Cabreúva;Campinas;False;PARDA
54074;3517406.0;Guaíra;Barretos;False;BRANCA
54075;3541406.0;Presidente Prudente;Presidente Prudente;True;BRANCA
