4808;3550308.0;São Paulo;Município de São Paulo;False;IGNORADO
4809;3550308.0;São Paulo;Município de São Paulo;False;BRANCA
4810;3550308.0;São Paulo;Município de São Paulo;False;BRANCA
4811;3550308.0;São Paulo;Município de São Paulo;False;IGNORADO
4812;3550308.0;São Paulo;Município de São Paulo;False;PARDA
4813;3550308.0;São Paulo;Município de São Paulo;False;BRANCA
4814;3509007.0;Caieiras;Grande SP Norte;False;IGNORADO
4815;3550308.0;São Paulo;Município de São Paulo;False;PARDA
4816;3550308.0;São Paulo;Município de São Paulo;False;NONE
4817;3550308.0;São Paulo;Município de São Paulo;False;BRANCA
4818;3550308.0;São Paulo;Município de São Paulo;False;IGNORADO
4819;3550308.0;São Paulo;Município de São Paulo;False;IGNORADO
4820;3518800.0;Guarulhos;Grande SP Leste;False;IGNORADO
4821;3550308.0;São Paulo;Município de São Paulo;False;IGNORADO
4822;3550308.0;São Paulo;Município de São Paulo;False;IGNORADO
4823;3550308.0;São Paulo;Município de São Paulo;False;BRANCA
4824;3550308.0;São Paulo;Município de São Paulo;False;PARDA
4825;3550308.0;São Paulo;Município de São Paulo;False;IGNORADO
4826;3550308.0;São Paulo;Município de São Paulo;False;IGNORADO
4827;3550308.0;São Paulo;Município de São Paulo;False;BRANCA
4828;3554300.0;Teodoro Sampaio;Presidente Prudente;False;BRANCA
4829;3550308.0;São Paulo;Município de São Paulo;False;BRANCA
4830;3509502.0;Campinas;Campinas;False;BRANCA
4831;3530607.0;Mogi das Cruzes;Grande SP Leste;False;BRANCA
4832;3509502.0;Campinas;Campinas;False;IGNORADO
4833;3513405.0;Cruzeiro;Taubaté;False;BRANCA
4834;3548906.0;São Carlos;Araraquara;False;BRANCA
4835;3550308.0;São Paulo;Município de São Paulo;False;IGNORADO
4836;3550308.0;São Paulo;Município de São Paulo;True;BRANCA
4837;3549805.0;São José do Rio Preto;São José do Rio Preto;False;PARDA
4838;3550308.0;São Paulo;Município de São Paulo;False;PRETA
4839;3515004.0;Embu das Artes;Grande SP Sudoeste;False;BRANCA
4840;3529401.0;Mauá;Grande SP Sudeste;False;PARDA
4841;3512506.0;Coroados;Araçatuba;True;BRANCA
4842;3507506.0;Botucatu;Bauru;False;BRANCA
4843;3548708.0;São Bernardo do Campo;Grande SP Sudeste;False;BRANCA
4844;3518800.0;Guarulhos;Grande SP Leste;False;
4845;3555505.0;Ubirajara;Marília;False;BRANCA
4846;3550308.0;São Paulo;Município de São Paulo;False;
4847;3513504.0;Cubatão;Baixada Santista;False;PARDA
4848;3550308.0;São Paulo;Município de São Paulo;False;IGNORADO
4849;3550308.0;São Paulo;Município de São Paulo;False;BRANCA
4850;3542602.0;Registro;Registro;False;BRANCA
4851;3519600.0;Ibitinga;Araraquara;False;IGNORADO
4852;3550308.0;São Paulo;Município de São Paulo;False;PARDA
4853;3518701.0;Guarujá;Baixada Santista;False;NONE
4854;3520509.0;Indaiatuba;Campinas;False;BRANCA
4855;3536505.0;Paulínia;Campinas;False;AMARELA
4856;3550308.0;São Paulo;Município de São Paulo;True;PARDA
4857;3550308.0;São Paulo;Município de São Paulo;False;BRANCA
4858;3551009.0;São Vicente;Baixada Santista;False;BRANCA
4859;3508405.0;Cabreúva;Campinas;False;BRANCA
4860;3508405.0;Cabreúva;Campinas;False;BRANCA
4861;3548906.0;São Carlos;Araraquara;False;BRANCA
4862;3548500.0;Santos;Baixada Santista;False;BRANCA
4863;3514809.0;Eldorado;Registro;False;BRANCA
4864;3550308.0;São Paulo;Município de São Paulo;False;IGNORADO
4865;3550308.0;São Paulo;Município de São Paulo;False;PARDA
4866;3550308.0;São Paulo;Município de São Paulo;False;IGNORADO
4867;3548500.0;Santos;Baixada Santista;False;
4868;3550308.0;São Paulo;Município de São Paulo;False;PARDA
4869;3556404.0;Vargem Grande do Sul;São João da Boa Vista;False;BRANCA
4870;3548708.0;São Bernardo do Campo;Grande SP Sudeste;False;BRANCA
4871;3550308.0;São Paulo;Município de São Paulo;False;BRANCA
4872;3509502.0;Campinas;Campinas;False;IGNORADO
4873;3550308.0;São Paulo;Município de São Paulo;False;PARDA
4874;3548708.0;São Bernardo do Campo;Grande SP Sudeste;False;BRANCA
4875;3534401.0;Osasco;Grande SP Oeste;False;BRANCA
4876;3549953.0;São Lourenço da Serra;Grande SP Sudoeste;True;PARDA
4877;3550308.0;São Paulo;Município de São Paulo;False;PARDA
4878;3550308.0;São Paulo;Município de São Paulo;False;BRANCA
4879;3516408.0;Franco da Rocha;Grande SP Norte;False;PARDA
4880;3510609.0;Carapicuíba;Grande SP Oeste;False;BRANCA
4881;3509502.0;Campinas;Campinas;False;BRANCA
4882;3550308.0;São Paulo;Município de São Paulo;False;
4883;3531902.0;Morro Agudo;Franca;False;PARDA
4884;3550308.0;São Paulo;Município de São Paulo;False;PARDA
4885;3550308.0;São Paulo;Município de São Paulo;False;BRANCA
4886;3503208.0;Araraquara;Araraquara;False;BRANCA
4887;3550308.0;São Paulo;Município de São Paulo;False;BRANCA
4888;3550308.0;São Paulo;Município de São Paulo;False;BRANCA
4889;3550308.0;São Paulo;Município de São Paulo;False;PRETA
4890;3550308.0;São Paulo;Município de São Paulo;False;BRANCA
4891;3548500.0;Santos;Baixada Santista;False;IGNORADO
4892;3526704.0;Leme;Piracicaba;False;BRANCA
4893;3550308.0;São Paulo;Município de São Paulo;False;BRANCA
4894;3547809.0;Santo André;Grande SP Sudeste;False;AMARELA
4895;3550308.0;São Paulo;Município de São Paulo;False;AMARELA
4896;3550308.0;São Paulo;Município de São Paulo;False;NONE
4897;3506003.0;Bauru;Bauru;False;IGNORADO
4898;3550308.0;São Paulo;Município de São Paulo;False;PARDA
4899;3510500.0;Caraguatatuba;Taubaté;False;IGNORADO
4900;3550308.0;São Paulo;Município de São Paulo;False;PARDA
4901;3550308.0;São Paulo;Município de São Paulo;False;BRANCA
4902;3550308.0;São Paulo;Município de São Paulo;False;PARDA
4903;3539806.0;Poá;Grande SP Leste;False;NONE
4904;3520301.0;Iguape;Registro;False;INDIGENA
4905;3509205.0;Cajamar;Grande SP Norte;False;IGNORADO
4906;3516200.0;Franca;Franca;False;PARDA
4907;3550308.0;São Paulo;Município de São Paulo;False;PARDA
4908;3550308.0;São Paulo;Município de São Paulo;False;BRANCA
4909;3509502.0;Campinas;Campinas;False;BRANCA
4910;3524402.0;Jacareí;Taubaté;False;BRANCA
4911;3549904.0;São José dos Campos;Taubaté;False;BRANCA
4912;3555406.0;Ubatuba;Taubaté;False;BRANCA
4913;3520509.0;Indaiatuba;Campinas;False;IGNORADO
4914;3550308.0;São Paulo;Município de São Paulo;False;PARDA
4915;3550308.0;São Paulo;Município de São Paulo;False;IGNORADO
4916;3549904.0;São José dos Campos;Taubaté;False;IGNORADO
4917;3508603.0;Cachoeira Paulista;Taubaté;False;BRANCA
4918;3550308.0;São Paulo;Município de São Paulo;False;BRANCA
4919;3550308.0;São Paulo;Município de São Paulo;False;IGNORADO
4920;3550308.0;São Paulo;Município de São Paulo;False;BRANCA
4921;3550308.0;São Paulo;Município de São Paulo;False;PARDA
4922;3548500.0;Santos;Baixada Santista;False;BRANCA
4923;3505708.0;Barueri;Grande SP Oeste;False;IGNORADO
4924;3550308.0;São Paulo;Município de São Paulo;False;PARDA
4925;3550308.0;São Paulo;Município de São Paulo;False;BRANCA
4926;3506003.0;Bauru;Bauru;False;BRANCA
4927;3550308.0;São Paulo;Município de São Paulo;False;BRANCA
4928;3550308.0;São Paulo;Município de São Paulo;False;BRANCA
4929;3538709.0;Piracicaba;Piracicaba;False;BRANCA
4930;3536505.0;Paulínia;Campinas;False;BRANCA
4931;3549805.0;São José do Rio Preto;São José do Rio Preto;False;BRANCA
4932;3550308.0;São Paulo;Município de São Paulo;False;PARDA
4933;3550308.0;São Paulo;Município de São Paulo;False;PARDA
4934;3550308.0;São Paulo;Município de São Paulo;False;
4935;3547809.0;Santo André;Grande SP Sudeste;False;PARDA
4936;3550308.0;São Paulo;Município de São Paulo;False;BRANCA
4937;3548500.0;Santos;Baixada Santista;False;IGNORADO
4938;3518800.0;Guarulhos;Grande SP Leste;False;IGNORADO
4939;3548708.0;São Bernardo do Campo;Grande SP Sudeste;False;IGNORADO
4940;3518800.0;Guarulhos;Grande SP Leste;False;BRANCA
4941;3550308.0;São Paulo;Município de São Paulo;False;BRANCA
4942;3552205.0;Sorocaba;Sorocaba;False;BRANCA
4943;3503307.0;Araras;Piracicaba;False;PARDA
4944;3506003.0;Bauru;Bauru;False;
4945;3550308.0;São Paulo;Município de São Paulo;False;
4946;3518701.0;Guarujá;Baixada Santista;False;
4947;3547809.0;Santo André;Grande SP Sudeste;False;BRANCA
4948;3550308.0;São Paulo;Município de São Paulo;False;IGNORADO
