42594;3508504.0;Caçapava;Taubaté;False;BRANCA
42595;3550308.0;São Paulo;Município de São Paulo;False;BRANCA
42596;3549805.0;São José do Rio Preto;São José do Rio Preto;False;PARDA
42597;3534401.0;Osasco;Grande SP Oeste;False;BRANCA
42598;3548708.0;São Bernardo do Campo;Grande SP Sudeste;False;AMARELA
42599;3550308.0;São Paulo;Município de São Paulo;False;PARDA
42600;3548807.0;São Caetano do Sul;Grande SP Sudeste;False;BRANCA
42601;3548500.0;Santos;Baixada Santista;False;BRANCA
42602;3515152.0;Engenheiro Coelho;Piracicaba;False;BRANCA
42603;3512407.0;Cordeirópolis;Piracicaba;False;BRANCA
42604;3550308.0;São Paulo;Município de São Paulo;False;IGNORADO
42605;3522307.0;Itapetininga;Sorocaba;False;BRANCA
42606;3507506.0;Botucatu;Bauru;False;BRANCA
42607;3549805.0;São José do Rio Preto;São José do Rio Preto;False;BRANCA
42608;3550308.0;São Paulo;Município de São Paulo;False;PARDA
42609;3550308.0;São Paulo;Município de São Paulo;False;BRANCA
42610;3516309.0;Francisco Morato;Grande SP Norte;False;BRANCA
42611;3550308.0;São Paulo;Município de São Paulo;False;PARDA
42612;3501608.0;Americana;Campinas;True;BRANCA
42613;3549805.0;São José do Rio Preto;São José do Rio Preto;False;BRANCA
42614;3517406.0;Guaíra;Barretos;False;BRANCA
42615;3520509.0;Indaiatuba;Campinas;False;BRANCA
42616;3550308.0;São Paulo;Município de São Paulo;False;PARDA
42617;3550308.0;São Paulo;Município de São Paulo;False;BRANCA
42618;3556305.0;Valparaíso;Araçatuba;False;BRANCA
42619;3528502.0;Mairiporã;Grande SP Norte;False;BRANCA
42620;3550308.0;São Paulo;Município de São Paulo;False;AMARELA
42621;3550308.0;São Paulo;Município de São Paulo;False;PRETA
42622;3550308.0;São Paulo;Município de São Paulo;False;PARDA
42623;3505500.0;Barretos;Barretos;False;NONE
42624;3548500.0;Santos;Baixada Santista;False;PARDA
42625;3536505.0;Paulínia;Campinas;False;IGNORADO
42626;3530607.0;Mogi das Cruzes;Grande SP Leste;False;PARDA
42627;3503208.0;Araraquara;Araraquara;False;PARDA
42628;3550308.0;São Paulo;Município de São Paulo;False;IGNORADO
42629;3550308.0;São Paulo;Município de São Paulo;False;IGNORADO
42630;3503901.0;Arujá;Grande SP Leste;False;BRANCA
42631;3547809.0;Santo André;Grande SP Sudeste;False;BRANCA
42632;3530300.0;Mirassol;São José do Rio Preto;False;BRANCA
42633;3523909.0;Itu;Sorocaba;False;IGNORADO
42634;3549805.0;São José do Rio Preto;São José do Rio Preto;False;BRANCA
42635;3550308.0;São Paulo;Município de São Paulo;False;PARDA
42636;3522208.0;Itapecerica da Serra;Grande SP Sudoeste;False;IGNORADO
42637;3518800.0;Guarulhos;Grande SP Leste;False;PARDA
42638;3538709.0;Piracicaba;Piracicaba;False;BRANCA
42639;3550308.0;São Paulo;Município de São Paulo;False;PRETA
42640;3548807.0;São Caetano do Sul;Grande SP Sudeste;False;
42641;3513009.0;Cotia;Grande SP Sudoeste;False;PRETA
42642;3552809.0;Taboão da Serra;Grande SP Sudoeste;False;IGNORADO
42643;3510500.0;Caraguatatuba;Taubaté;False;PARDA
42644;3550308.0;São Paulo;Município de São Paulo;False;BRANCA
42645;3531100.0;Mongaguá;Baixada Santista;False;PARDA
42646;3548807.0;São Caetano do Sul;Grande SP Sudeste;False;AMARELA
42647;3503208.0;Araraquara;Araraquara;False;PRETA
42648;3550308.0;São Paulo;Município de São Paulo;False;PARDA
42649;3510609.0;Carapicuíba;Grande SP Oeste;False;IGNORADO
42650;3515103.0;Embu-Guaçu;Grande SP Sudoeste;False;BRANCA
42651;3509502.0;Campinas;Campinas;False;IGNORADO
42652;3550308.0;São Paulo;Município de São Paulo;False;BRANCA
42653;3547809.0;Santo André;Grande SP Sudeste;False;IGNORADO
42654;3538709.0;Piracicaba;Piracicaba;False;PARDA
42655;3547809.0;Santo André;Grande SP Sudeste;False;BRANCA
42656;3502804.0;Araçatuba;Araçatuba;False;BRANCA
42657;3550308.0;São Paulo;Município de São Paulo;False;BRANCA
42658;3543402.0;Ribeirão Preto;Ribeirão Preto;False;BRANCA
42659;3550308.0;São Paulo;Município de São Paulo;False;PARDA
42660;3506003.0;Bauru;Bauru;False;BRANCA
42661;3550308.0;São Paulo;Município de São Paulo;False;IGNORADO
42662;3526902.0;Limeira;Piracicaba;False;BRANCA
42663;3518404.0;Guaratinguetá;Taubaté;False;PARDA
42664;3518701.0;Guarujá;Baixada Santista;False;PARDA
42665;3516200.0;Franca;Franca;False;IGNORADO
42666;3513009.0;Cotia;Grande SP Sudoeste;False;NONE
42667;3511508.0;Cerquilho;Sorocaba;False;BRANCA
42668;3513801.0;Diadema;Grande SP Sudeste;False;BRANCA
42669;3548807.0;São Caetano do Sul;Grande SP Sudeste;False;IGNORADO
42670;3551009.0;São Vicente;Baixada Santista;False;BRANCA
42671;3551702.0;Sertãozinho;Ribeirão Preto;False;BRANCA
42672;3550308.0;São Paulo;Município de São Paulo;False;
42673;3508405.0;Cabreúva;Campinas;False;BRANCA
42674;3519071.0;Hortolândia;Campinas;False;BRANCA
42675;3550308.0;São Paulo;Município de São Paulo;False;BRANCA
42676;3541000.0;Praia Grande;Baixada Santista;False;PARDA
42677;3550308.0;São Paulo;Município de São Paulo;False;AMARELA
42678;3550308.0;São Paulo;Município de São Paulo;False;BRANCA
42679;3506003.0;Bauru;Bauru;False;BRANCA
42680;3510609.0;Carapicuíba;Grande SP Oeste;False;BRANCA
42681;3550308.0;São Paulo;Município de São Paulo;False;BRANCA
42682;3515004.0;Embu das Artes;Grande SP Sudoeste;False;PARDA
42683;3515004.0;Embu das Artes;Grande SP Sudoeste;False;BRANCA
42684;3547304.0;Santana de Parnaíba;Grande SP Oeste;False;AMARELA
42685;3505302.0;Barra Bonita;Bauru;False;BRANCA
42686;3550308.0;São Paulo;Município de São Paulo;False;BRANCA
42687;3525904.0;Jundiaí;Campinas;False;BRANCA
42688;3506003.0;Bauru;Bauru;False;IGNORADO
42689;3513405.0;Cruzeiro;Taubaté;False;BRANCA
42690;3549805.0;São José do Rio Preto;São José do Rio Preto;False;BRANCA
42691;3515707.0;Ferraz de Vasconcelos;Grande SP Leste;False;BRANCA
42692;3541406.0;Presidente Prudente;Presidente Prudente;False;BRANCA
42693;3550308.0;São Paulo;Município de São Paulo;False;PARDA
42694;3557105.0;Votuporanga;São José do Rio Preto;False;
42695;3513405.0;Cruzeiro;Taubaté;False;BRANCA
42696;3509502.0;Campinas;Campinas;False;AMARELA
42697;3509502.0;Campinas;Campinas;False;BRANCA
42698;3523404.0;Itatiba;Campinas;False;IGNORADO
42699;3530607.0;Mogi das Cruzes;Grande SP Leste;False;BRANCA
42700;3553005.0;Taguaí;Bauru;False;BRANCA
42701;3523909.0;Itu;Sorocaba;False;BRANCA
42702;3516309.0;Francisco Morato;Grande SP Norte;False;AMARELA
42703;3550308.0;São Paulo;Município de São Paulo;False;PARDA
42704;3541406.0;Presidente Prudente;Presidente Prudente;False;BRANCA
42705;3549904.0;São José dos Campos;Taubaté;False;IGNORADO
42706;3552205.0;Sorocaba;Sorocaba;False;BRANCA
42707;3549904.0;São José dos Campos;Taubaté;False;BRANCA
42708;3530805.0;Mogi Mirim;São João da Boa Vista;False;BRANCA
42709;3534401.0;Osasco;Grande SP Oeste;False;BRANCA
42710;3549805.0;São José do Rio Preto;São José do Rio Preto;False;BRANCA
42711;3550308.0;São Paulo;Município de São Paulo;False;PRETA
42712;3526902.0;Limeira;Piracicaba;False;BRANCA
42713;3549102.0;São João da Boa Vista;São João da Boa Vista;False;BRANCA
42714;3504107.0;Atibaia;Campinas;False;BRANCA
42715;3554003.0;Tatuí;Sorocaba;False;BRANCA
42716;3520509.0;Indaiatuba;Campinas;False;PARDA
42717;3520509.0;Indaiatuba;Campinas;False;IGNORADO
42718;3509502.0;Campinas;Campinas;False;BRANCA
42719;3510302.0;Capela do Alto;Sorocaba;False;BRANCA
42720;3541406.0;Presidente Prudente;Presidente Prudente;False;IGNORADO
42721;3503901.0;Arujá;Grande SP Leste;False;PRETA
42722;3507308.0;Boracéia;Bauru;False;PARDA
42723;3550308.0;São Paulo;Município de São Paulo;False;IGNORADO
42724;3538709.0;Piracicaba;Piracicaba;False;BRANCA
42725;3549805.0;São José do Rio Preto;São José do Rio Preto;False;IGNORADO
42726;3556503.0;Várzea Paulista;Campinas;False;PRETA
42727;3549904.0;São José dos Campos;Taubaté;False;PARDA
42728;3548807.0;São Caetano do Sul;Grande SP Sudeste;False;IGNORADO
42729;3548500.0;Santos;Baixada Santista;False;PARDA
42730;3548708.0;São Bernardo do Campo;Grande SP Sudeste;False;IGNORADO
42731;3554102.0;Taubaté;Taubaté;False;BRANCA
42732;3506003.0;Bauru;Bauru;False;BRANCA
42733;3533254.0;Novais;São José do Rio Preto;False;PRETA
42734;3541307.0;Presidente Epitácio;Presidente Prudente;False;BRANCA
42735;3548906.0;São Carlos;Araraquara;False;BRANCA
