39495;3547304.0;Santana de Parnaíba;Grande SP Oeste;False;BRANCA
39496;3550308.0;São Paulo;Município de São Paulo;False;IGNORADO
39497;3550308.0;São Paulo;Município de São Paulo;False;PARDA
39498;3549805.0;São José do Rio Preto;São José do Rio Preto;False;BRANCA
39499;3549805.0;São José do Rio Preto;São José do Rio Preto;False;BRANCA
39500;3526902.0;Limeira;Piracicaba;False;BRANCA
39501;3525904.0;Jundiaí;Campinas;False;NONE
39502;3509502.0;Campinas;Campinas;False;BRANCA
39503;3550308.0;São Paulo;Município de São Paulo;False;BRANCA
39504;3503307.0;Araras;Piracicaba;False;PARDA
39505;3550308.0;São Paulo;Município de São Paulo;False;BRANCA
39506;3517406.0;Guaíra;Barretos;False;BRANCA
39507;3515707.0;Ferraz de Vasconcelos;Grande SP Leste;False;BRANCA
39508;3550308.0;São Paulo;Município de São Paulo;False;IGNORADO
39509;3541604.0;Promissão;Bauru;False;PARDA
39510;3550308.0;São Paulo;Município de São Paulo;False;BRANCA
39511;3503208.0;Araraquara;Araraquara;False;PARDA
39512;3550308.0;São Paulo;Município de São Paulo;False;IGNORADO
39513;3550308.0;São Paulo;Município de São Paulo;False;IGNORADO
39514;3550308.0;São Paulo;Município de São Paulo;False;BRANCA
39515;3553401.0;Tanabi;São José do Rio Preto;False;BRANCA
39516;3554102.0;Taubaté;Taubaté;False;PARDA
39517;3550308.0;São Paulo;Município de São Paulo;False;AMARELA
39518;3522208.0;Itapecerica da Serra;Grande SP Sudoeste;False;PARDA
39519;3543907.0;Rio Claro;Piracicaba;False;BRANCA
39520;3538006.0;Pindamonhangaba;Taubaté;False;BRANCA
39521;3547304.0;Santana de Parnaíba;Grande SP Oeste;False;PARDA
39522;3533502.0;Novo Horizonte;São José do Rio Preto;False;BRANCA
39523;3533502.0;Novo Horizonte;São José do Rio Preto;False;PARDA
39524;3538709.0;Piracicaba;Piracicaba;False;IGNORADO
39525;3550308.0;São Paulo;Município de São Paulo;False;PARDA
39526;3509007.0;Caieiras;Grande SP Norte;False;AMARELA
39527;3522208.0;Itapecerica da Serra;Grande SP Sudoeste;False;PARDA
39528;3543402.0;Ribeirão Preto;Ribeirão Preto;False;BRANCA
39529;3500303.0;Aguaí;São João da Boa Vista;False;IGNORADO
39530;3550308.0;São Paulo;Município de São Paulo;False;
39531;3543402.0;Ribeirão Preto;Ribeirão Preto;False;BRANCA
39532;3543402.0;Ribeirão Preto;Ribeirão Preto;False;IGNORADO
39533;3547809.0;Santo André;Grande SP Sudeste;False;PRETA
39534;3552205.0;Sorocaba;Sorocaba;False;PARDA
39535;3527108.0;Lins;Bauru;False;BRANCA
39536;3503208.0;Araraquara;Araraquara;False;PARDA
39537;3550308.0;São Paulo;Município de São Paulo;False;IGNORADO
39538;3518206.0;Guararapes;Araçatuba;False;BRANCA
39539;3549904.0;São José dos Campos;Taubaté;False;BRANCA
39540;3534401.0;Osasco;Grande SP Oeste;False;BRANCA
39541;3538709.0;Piracicaba;Piracicaba;False;BRANCA
39542;3530607.0;Mogi das Cruzes;Grande SP Leste;False;BRANCA
39543;3513504.0;Cubatão;Baixada Santista;False;NONE
39544;3522604.0;Itapira;São João da Boa Vista;False;BRANCA
39545;3547809.0;Santo André;Grande SP Sudeste;False;BRANCA
39546;3550308.0;São Paulo;Município de São Paulo;False;BRANCA
39547;3552205.0;Sorocaba;Sorocaba;False;IGNORADO
39548;3550308.0;São Paulo;Município de São Paulo;False;PRETA
39549;3550308.0;São Paulo;Município de São Paulo;False;NONE
39550;3550308.0;São Paulo;Município de São Paulo;True;BRANCA
39551;3549904.0;São José dos Campos;Taubaté;False;NONE
39552;3552205.0;Sorocaba;Sorocaba;False;AMARELA
39553;3518800.0;Guarulhos;Grande SP Leste;False;AMARELA
39554;3549805.0;São José do Rio Preto;São José do Rio Preto;False;BRANCA
39555;3550308.0;São Paulo;Município de São Paulo;False;PRETA
39556;3550308.0;São Paulo;Município de São Paulo;False;BRANCA
39557;3534708.0;Ourinhos;Marília;False;AMARELA
39558;3525904.0;Jundiaí;Campinas;False;BRANCA
39559;3534401.0;Osasco;Grande SP Oeste;False;BRANCA
39560;3556206.0;Valinhos;Campinas;False;IGNORADO
39561;3550308.0;São Paulo;Município de São Paulo;False;BRANCA
39562;3510500.0;Caraguatatuba;Taubaté;False;IGNORADO
39563;3541604.0;Promissão;Bauru;False;BRANCA
39564;3516309.0;Francisco Morato;Grande SP Norte;False;BRANCA
39565;3556701.0;Vinhedo;Campinas;False;BRANCA
39566;3529401.0;Mauá;Grande SP Sudeste;False;IGNORADO
39567;3548500.0;Santos;Baixada Santista;False;PARDA
39568;3548708.0;São Bernardo do Campo;Grande SP Sudeste;False;IGNORADO
39569;3550308.0;São Paulo;Município de São Paulo;False;PARDA
39570;3541406.0;Presidente Prudente;Presidente Prudente;False;IGNORADO
39571;3550308.0;São Paulo;Município de São Paulo;False;IGNORADO
39572;3529401.0;Mauá;Grande SP Sudeste;False;BRANCA
39573;3534708.0;Ourinhos;Marília;False;BRANCA
39574;3518800.0;Guarulhos;Grande SP Leste;False;PRETA
39575;3550308.0;São Paulo;Município de São Paulo;False;BRANCA
39576;3550308.0;São Paulo;Município de São Paulo;False;BRANCA
39577;3551009.0;São Vicente;Baixada Santista;False;BRANCA
39578;3550308.0;São Paulo;Município de São Paulo;False;BRANCA
39579;3549904.0;São José dos Campos;Taubaté;False;IGNORADO
39580;3520202.0;Igaratá;Taubaté;False;BRANCA
39581;3520509.0;Indaiatuba;Campinas;False;BRANCA
39582;3516200.0;Franca;Franca;False;BRANCA
39583;3534401.0;Osasco;Grande SP Oeste;False;AMARELA
39584;3550308.0;São Paulo;Município de São Paulo;False;AMARELA
39585;3550308.0;São Paulo;Município de São Paulo;False;NONE
39586;3550308.0;São Paulo;Município de São Paulo;False;BRANCA
39587;3550308.0;São Paulo;Município de São Paulo;False;BRANCA
39588;3542503.0;Reginópolis;Bauru;False;
39589;3543402.0;Ribeirão Preto;Ribeirão Preto;False;PARDA
39590;3550308.0;São Paulo;Município de São Paulo;False;BRANCA
39591;3548708.0;São Bernardo do Campo;Grande SP Sudeste;False;BRANCA
39592;3520426.0;Ilha Comprida;Registro;False;NONE
39593;3518404.0;Guaratinguetá;Taubaté;False;BRANCA
39594;3549904.0;São José dos Campos;Taubaté;False;IGNORADO
39595;3509502.0;Campinas;Campinas;False;IGNORADO
39596;3545803.0;Santa Bárbara d'Oeste;Campinas;False;BRANCA
39597;3547809.0;Santo André;Grande SP Sudeste;False;NONE
39598;3526209.0;Juquitiba;Grande SP Sudoeste;False;BRANCA
39599;3549805.0;São José do Rio Preto;São José do Rio Preto;False;PRETA
39600;3538709.0;Piracicaba;Piracicaba;False;PARDA
39601;3550308.0;São Paulo;Município de São Paulo;False;IGNORADO
39602;3550308.0;São Paulo;Município de São Paulo;False;BRANCA
39603;3550308.0;São Paulo;Município de São Paulo;True;BRANCA
39604;3550308.0;São Paulo;Município de São Paulo;False;PARDA
39605;3551009.0;São Vicente;Baixada Santista;False;BRANCA
39606;3547809.0;Santo André;Grande SP Sudeste;False;BRANCA
39607;3550308.0;São Paulo;Município de São Paulo;False;PRETA
39608;3550308.0;São Paulo;Município de São Paulo;False;PARDA
39609;3513801.0;Diadema;Grande SP Sudeste;False;BRANCA
39610;3550308.0;São Paulo;Município de São Paulo;False;PARDA
39611;3550308.0;São Paulo;Município de São Paulo;False;BRANCA
39612;3547809.0;Santo André;Grande SP Sudeste;False;IGNORADO
39613;3549904.0;São José dos Campos;Taubaté;False;BRANCA
39614;3543402.0;Ribeirão Preto;Ribeirão Preto;False;BRANCA
39615;3520509.0;Indaiatuba;Campinas;False;BRANCA
39616;3509502.0;Campinas;Campinas;False;BRANCA
39617;3548708.0;São Bernardo do Campo;Grande SP Sudeste;False;BRANCA
39618;3551702.0;Sertãozinho;Ribeirão Preto;False;BRANCA
39619;3543907.0;Rio Claro;Piracicaba;False;BRANCA
39620;3538709.0;Piracicaba;Piracicaba;False;BRANCA
39621;3531209.0;Monte Alegre do Sul;Campinas;False;PARDA
39622;3500600.0;Águas de São Pedro;Piracicaba;False;BRANCA
39623;3518701.0;Guarujá;Baixada Santista;False;BRANCA
39624;3525904.0;Jundiaí;Campinas;False;BRANCA
39625;3547809.0;Santo André;Grande SP Sudeste;False;BRANCA
39626;3509502.0;Campinas;Campinas;False;BRANCA
39627;3510005.0;Cândido Mota;Marília;False;BRANCA
39628;3550308.0;São Paulo;Município de São Paulo;False;PARDA
39629;3502101.0;Andradina;Araçatuba;False;BRANCA
39630;3550308.0;São Paulo;Município de São Paulo;False;BRANCA
39631;3509502.0;Campinas;Campinas;False;BRANCA
39632;3509502.0;Campinas;Campinas;False;PARDA
39633;3550308.0;São Paulo;Município de São Paulo;False;IGNORADO
39634;3548500.0;Santos;Baixada Santista;False;PARDA
39635;3503604.0;Areiópolis;Bauru;False;BRANCA
