57940;3541901.0;Queluz;Taubaté;False;BRANCA
57941;3512407.0;Cordeirópolis;Piracicaba;False;IGNORADO
57942;3550308.0;São Paulo;Município de São Paulo;False;BRANCA
57943;3545803.0;Santa Bárbara d'Oeste;Campinas;False;BRANCA
57944;3552205.0;Sorocaba;Sorocaba;False;PRETA
57945;3550308.0;São Paulo;Município de São Paulo;False;PARDA
57946;3529401.0;Mauá;Grande SP Sudeste;False;BRANCA
57947;3550308.0;São Paulo;Município de São Paulo;False;PARDA
57948;3511102.0;Catanduva;São José do Rio Preto;False;PARDA
57949;3520202.0;Igaratá;Taubaté;False;BRANCA
57950;3550308.0;São Paulo;Município de São Paulo;False;BRANCA
57951;3551009.0;São Vicente;Baixada Santista;False;PARDA
57952;3538600.0;Piracaia;Campinas;False;BRANCA
57953;3509502.0;Campinas;Campinas;False;BRANCA
57954;3552205.0;Sorocaba;Sorocaba;False;BRANCA
57955;3549805.0;São José do Rio Preto;São José do Rio Preto;False;BRANCA
57956;3541406.0;Presidente Prudente;Presidente Prudente;False;BRANCA
57957;3548500.0;Santos;Baixada Santista;False;IGNORADO
57958;3525300.0;Jaú;Bauru;False;BRANCA
57959;3550308.0;São Paulo;Município de São Paulo;False;PARDA
57960;3529005.0;Marília;Marília;False;BRANCA
57961;3522208.0;Itapecerica da Serra;Grande SP Sudoeste;False;BRANCA
57962;3552205.0;Sorocaba;Sorocaba;False;BRANCA
57963;3538006.0;Pindamonhangaba;Taubaté;False;PARDA
57964;3550308.0;São Paulo;Município de São Paulo;False;
57965;3509502.0;Campinas;Campinas;False;BRANCA
57966;3524402.0;Jacareí;Taubaté;False;PARDA
57967;3531902.0;Morro Agudo;Franca;False;PARDA
57968;3529401.0;Mauá;Grande SP Sudeste;False;BRANCA
57969;3552601.0;Tabapuã;São José do Rio Preto;False;BRANCA
57970;3512407.0;Cordeirópolis;Piracicaba;False;AMARELA
57971;3556206.0;Valinhos;Campinas;False;PRETA
57972;3505500.0;Barretos;Barretos;False;BRANCA
57973;3550308.0;São Paulo;Município de São Paulo;False;BRANCA
57974;3550308.0;São Paulo;Município de São Paulo;False;BRANCA
57975;3550308.0;São Paulo;Município de São Paulo;False;NONE
57976;3557105.0;Votuporanga;São José do Rio Preto;False;BRANCA
57977;3525904.0;Jundiaí;Campinas;False;AMARELA
57978;3550308.0;São Paulo;Município de São Paulo;False;PRETA
57979;3531803.0;Monte Mor;Campinas;False;BRANCA
57980;3519600.0;Ibitinga;Araraquara;False;PRETA
57981;3537800.0;Piedade;Sorocaba;False;BRANCA
57982;3509502.0;Campinas;Campinas;False;BRANCA
57983;3550308.0;São Paulo;Município de São Paulo;False;BRANCA
57984;3549904.0;São José dos Campos;Taubaté;False;IGNORADO
57985;3540705.0;Porto Ferreira;Araraquara;False;BRANCA
57986;3550308.0;São Paulo;Município de São Paulo;False;AMARELA
57987;3550308.0;São Paulo;Município de São Paulo;False;PARDA
57988;3550308.0;São Paulo;Município de São Paulo;False;PRETA
57989;3535804.0;Paranapanema;Bauru;False;AMARELA
57990;3501608.0;Americana;Campinas;False;BRANCA
57991;3534401.0;Osasco;Grande SP Oeste;False;PARDA
57992;3549805.0;São José do Rio Preto;São José do Rio Preto;False;IGNORADO
57993;3530607.0;Mogi das Cruzes;Grande SP Leste;False;PARDA
57994;3550308.0;São Paulo;Município de São Paulo;False;IGNORADO
57995;3509502.0;Campinas;Campinas;False;BRANCA
57996;3550308.0;São Paulo;Município de São Paulo;False;BRANCA
57997;3505708.0;Barueri;Grande SP Oeste;False;PARDA
57998;3514908.0;Elias Fausto;Piracicaba;False;BRANCA
57999;3529401.0;Mauá;Grande SP Sudeste;False;
58000;3523404.0;Itatiba;Campinas;False;AMARELA
58001;3522505.0;Itapevi;Grande SP Oeste;False;AMARELA
58002;3549805.0;São José do Rio Preto;São José do Rio Preto;False;BRANCA
58003;3552205.0;Sorocaba;Sorocaba;False;BRANCA
58004;3521408.0;Iracemápolis;Piracicaba;False;BRANCA
58005;3520509.0;Indaiatuba;Campinas;False;PARDA
58006;3550308.0;São Paulo;Município de São Paulo;False;PARDA
58007;3550308.0;São Paulo;Município de São Paulo;False;PARDA
58008;3534401.0;Osasco;Grande SP Oeste;False;BRANCA
58009;3518800.0;Guarulhos;Grande SP Leste;False;PARDA
58010;3512803.0;Cosmópolis;Campinas;False;BRANCA
58011;3518800.0;Guarulhos;Grande SP Leste;False;IGNORADO
58012;3525904.0;Jundiaí;Campinas;False;BRANCA
58013;3531308.0;Monte Alto;Ribeirão Preto;False;IGNORADO
58014;3543907.0;Rio Claro;Piracicaba;False;BRANCA
58015;3557105.0;Votuporanga;São José do Rio Preto;False;BRANCA
58016;3509502.0;Campinas;Campinas;False;IGNORADO
58017;3518503.0;Guareí;Sorocaba;False;
58018;3538709.0;Piracicaba;Piracicaba;False;BRANCA
58019;3534401.0;Osasco;Grande SP Oeste;False;BRANCA
58020;3550308.0;São Paulo;Município de São Paulo;False;NONE
58021;3509502.0;Campinas;Campinas;False;BRANCA
58022;3529302.0;Matão;Araraquara;False;BRANCA
58023;3529302.0;Matão;Araraquara;False;BRANCA
58024;3550308.0;São Paulo;Município de São Paulo;False;PARDA
58025;3551702.0;Sertãozinho;Ribeirão Preto;False;BRANCA
58026;3523909.0;Itu;Sorocaba;False;BRANCA
58027;3519071.0;Hortolândia;Campinas;False;PARDA
58028;3543303.0;Ribeirão Pires;Grande SP Sudeste;False;IGNORADO
58029;3513504.0;Cubatão;Baixada Santista;False;AMARELA
58030;3519071.0;Hortolândia;Campinas;False;BRANCA
58031;3522604.0;Itapira;São João da Boa Vista;False;BRANCA
58032;3552403.0;Sumaré;Campinas;False;IGNORADO
58033;3519071.0;Hortolândia;Campinas;False;BRANCA
58034;3548708.0;São Bernardo do Campo;Grande SP Sudeste;False;NONE
58035;3538709.0;Piracicaba;Piracicaba;False;BRANCA
58036;3509403.0;Cajuru;Ribeirão Preto;False;BRANCA
58037;3518800.0;Guarulhos;Grande SP Leste;False;IGNORADO
58038;3548005.0;Santo Antônio de Posse;Campinas;True;BRANCA
58039;3548708.0;São Bernardo do Campo;Grande SP Sudeste;False;BRANCA
58040;3509502.0;Campinas;Campinas;False;BRANCA
58041;3556701.0;Vinhedo;Campinas;False;BRANCA
58042;3531308.0;Monte Alto;Ribeirão Preto;False;BRANCA
58043;3557105.0;Votuporanga;São José do Rio Preto;False;BRANCA
58044;3524402.0;Jacareí;Taubaté;False;IGNORADO
58045;3538709.0;Piracicaba;Piracicaba;False;BRANCA
58046;3538105.0;Pindorama;São José do Rio Preto;False;BRANCA
58047;3502804.0;Araçatuba;Araçatuba;False;BRANCA
58048;3521408.0;Iracemápolis;Piracicaba;False;AMARELA
58049;3550308.0;São Paulo;Município de São Paulo;False;NONE
58050;3548500.0;Santos;Baixada Santista;False;BRANCA
58051;3538709.0;Piracicaba;Piracicaba;False;BRANCA
58052;3539202.0;Pirapozinho;Presidente Prudente;False;BRANCA
58053;3551009.0;São Vicente;Baixada Santista;False;IGNORADO
58054;3503208.0;Araraquara;Araraquara;False;BRANCA
58055;3534401.0;Osasco;Grande SP Oeste;False;AMARELA
58056;3503208.0;Araraquara;Araraquara;False;PARDA
58057;3550308.0;São Paulo;Município de São Paulo;False;IGNORADO
58058;3541406.0;Presidente Prudente;Presidente Prudente;False;IGNORADO
58059;3523602.0;Itirapina;Piracicaba;False;PARDA
58060;3549904.0;São José dos Campos;Taubaté;False;BRANCA
58061;3548708.0;São Bernardo do Campo;Grande SP Sudeste;False;PARDA
58062;3506409.0;Bilac;Araçatuba;False;IGNORADO
58063;3543907.0;Rio Claro;Piracicaba;False;BRANCA
58064;3550308.0;São Paulo;Município de São Paulo;False;BRANCA
58065;3552403.0;Sumaré;Campinas;False;BRANCA
58066;3550605.0;São Roque;Sorocaba;False;PARDA
58067;3519600.0;Ibitinga;Araraquara;False;BRANCA
58068;3550308.0;São Paulo;Município de São Paulo;False;NONE
58069;3550308.0;São Paulo;Município de São Paulo;False;PARDA
58070;3503901.0;Arujá;Grande SP Leste;False;BRANCA
58071;3513009.0;Cotia;Grande SP Sudoeste;False;PARDA
58072;3533254.0;Novais;São José do Rio Preto;False;AMARELA
58073;3529005.0;Marília;Marília;False;IGNORADO
58074;3503208.0;Araraquara;Araraquara;False;BRANCA
58075;3522505.0;Itapevi;Grande SP Oeste;False;BRANCA
58076;3527108.0;Lins;Bauru;False;BRANCA
58077;3554102.0;Taubaté;Taubaté;False;IGNORADO
58078;3550308.0;São Paulo;Município de São Paulo;False;BRANCA
58079;3549805.0;São José do Rio Preto;São José do Rio Preto;False;PARDA
58080;3509254.0;Cajati;Registro;False;BRANCA
58081;3513504.0;Cubatão;Baixada Santista;False;PARDA
58082;3520509.0;Indaiatuba;Campinas;False;BRANCA
58083;3531308.0;Monte Alto;Ribeirão Preto;False;BRANCA
58084;3548500.0;Santos;Baixada Santista;False;IGNORADO
58085;3550308.0;São Paulo;Município de São Paulo;False;IGNORADO
58086;3529401.0;Mauá;Grande SP Sudeste;False;
58087;3550308.0;São Paulo;Município de São Paulo;False;BRANCA
