9033;3550308.0;São Paulo;Município de São Paulo;False;BRANCA
9034;3550308.0;São Paulo;Município de São Paulo;False;BRANCA
9035;3550308.0;São Paulo;Município de São Paulo;False;IGNORADO
9036;3506706.0;Boa Esperança do Sul;Araraquara;False;BRANCA
9037;3510401.0;Capivari;Piracicaba;False;BRANCA
9038;3538709.0;Piracicaba;Piracicaba;False;BRANCA
9039;3505708.0;Barueri;Grande SP Oeste;False;BRANCA
9040;3511102.0;Catanduva;São José do Rio Preto;False;BRANCA
9041;3543402.0;Ribeirão Preto;Ribeirão Preto;False;IGNORADO
9042;3518800.0;Guarulhos;Grande SP Leste;False;BRANCA
9043;3524006.0;Itupeva;Campinas;False;BRANCA
9044;3543303.0;Ribeirão Pires;Grande SP Sudeste;False;BRANCA
9045;3550308.0;São Paulo;Município de São Paulo;False;IGNORADO
9046;3504008.0;Assis;Marília;False;IGNORADO
9047;3550308.0;São Paulo;Município de São Paulo;False;BRANCA
9048;3502804.0;Araçatuba;Araçatuba;False;BRANCA
9049;3547809.0;Santo André;Grande SP Sudeste;False;BRANCA
9050;3549409.0;São Joaquim da Barra;Franca;False;BRANCA
9051;3543402.0;Ribeirão Preto;Ribeirão Preto;False;PARDA
9052;3550308.0;São Paulo;Município de São Paulo;False;BRANCA
9053;3548500.0;Santos;Baixada Santista;False;NONE
9054;3509205.0;Cajamar;Grande SP Norte;False;BRANCA
9055;3550308.0;São Paulo;Município de São Paulo;False;BRANCA
9056;3550308.0;São Paulo;Município de São Paulo;False;NONE
9057;3503802.0;Artur Nogueira;Campinas;False;BRANCA
9058;3550308.0;São Paulo;Município de São Paulo;False;IGNORADO
9059;3529401.0;Mauá;Grande SP Sudeste;False;BRANCA
9060;3502804.0;Araçatuba;Araçatuba;False;
9061;3537800.0;Piedade;Sorocaba;False;IGNORADO
9062;3503208.0;Araraquara;Araraquara;False;BRANCA
9063;3526902.0;Limeira;Piracicaba;False;BRANCA
9064;3526902.0;Limeira;Piracicaba;False;PARDA
9065;3509700.0;Campos do Jordão;Taubaté;False;PARDA
9066;3550308.0;São Paulo;Município de São Paulo;False;BRANCA
9067;3502101.0;Andradina;Araçatuba;False;BRANCA
9068;3533502.0;Novo Horizonte;São José do Rio Preto;False;BRANCA
9069;3550308.0;São Paulo;Município de São Paulo;False;IGNORADO
9070;3550308.0;São Paulo;Município de São Paulo;False;BRANCA
9071;3501905.0;Amparo;Campinas;False;BRANCA
9072;3543402.0;Ribeirão Preto;Ribeirão Preto;False;AMARELA
9073;3504503.0;Avaré;Bauru;False;IGNORADO
9074;3551009.0;São Vicente;Baixada Santista;False;IGNORADO
9075;3548500.0;Santos;Baixada Santista;False;PRETA
9076;3550308.0;São Paulo;Município de São Paulo;False;PARDA
9077;3550308.0;São Paulo;Município de São Paulo;False;
9078;3548708.0;São Bernardo do Campo;Grande SP Sudeste;False;
9079;3550308.0;São Paulo;Município de São Paulo;False;BRANCA
9080;3547809.0;Santo André;Grande SP Sudeste;False;PARDA
9081;3548708.0;São Bernardo do Campo;Grande SP Sudeste;False;BRANCA
9082;3548708.0;São Bernardo do Campo;Grande SP Sudeste;False;BRANCA
9083;3556305.0;Valparaíso;Araçatuba;False;PARDA
9084;3550308.0;São Paulo;Município de São Paulo;False;BRANCA
9085;3513009.0;Cotia;Grande SP Sudoeste;False;BRANCA
9086;3516309.0;Francisco Morato;Grande SP Norte;False;PARDA
9087;3547809.0;Santo André;Grande SP Sudeste;False;PARDA
9088;3501608.0;Americana;Campinas;False;PARDA
9089;3550308.0;São Paulo;Município de São Paulo;False;IGNORADO
9090;3556206.0;Valinhos;Campinas;False;BRANCA
9091;3550308.0;São Paulo;Município de São Paulo;False;AMARELA
9092;3542602.0;Registro;Registro;False;BRANCA
9093;3550308.0;São Paulo;Município de São Paulo;False;BRANCA
9094;3545803.0;Santa Bárbara d'Oeste;Campinas;False;BRANCA
9095;3550308.0;São Paulo;Município de São Paulo;False;PARDA
9096;3550308.0;São Paulo;Município de São Paulo;False;NONE
9097;3550308.0;São Paulo;Município de São Paulo;False;BRANCA
9098;3541406.0;Presidente Prudente;Presidente Prudente;False;BRANCA
9099;3543402.0;Ribeirão Preto;Ribeirão Preto;False;BRANCA
9100;3550308.0;São Paulo;Município de São Paulo;False;
9101;3529005.0;Marília;Marília;False;AMARELA
9102;3527108.0;Lins;Bauru;False;PARDA
9103;3515103.0;Embu-Guaçu;Grande SP Sudoeste;False;BRANCA
9104;3550308.0;São Paulo;Município de São Paulo;False;AMARELA
9105;3550308.0;São Paulo;Município de São Paulo;False;BRANCA
9106;3518800.0;Guarulhos;Grande SP Leste;False;PARDA
9107;3545001.0;Salesópolis;Grande SP Leste;False;BRANCA
9108;3518800.0;Guarulhos;Grande SP Leste;False;PARDA
9109;3548708.0;São Bernardo do Campo;Grande SP Sudeste;False;PRETA
9110;3550308.0;São Paulo;Município de São Paulo;False;PRETA
9111;3554102.0;Taubaté;Taubaté;False;BRANCA
9112;3505708.0;Barueri;Grande SP Oeste;False;PARDA
9113;3550308.0;São Paulo;Município de São Paulo;False;PARDA
9114;3523107.0;Itaquaquecetuba;Grande SP Leste;False;PARDA
9115;3552809.0;Taboão da Serra;Grande SP Sudoeste;False;PRETA
9116;3511102.0;Catanduva;São José do Rio Preto;False;PRETA
9117;3509502.0;Campinas;Campinas;False;BRANCA
9118;3550308.0;São Paulo;Município de São Paulo;False;NONE
9119;3522307.0;Itapetininga;Sorocaba;False;BRANCA
9120;3548500.0;Santos;Baixada Santista;False;PARDA
9121;3516309.0;Francisco Morato;Grande SP Norte;False;BRANCA
9122;3536505.0;Paulínia;Campinas;False;BRANCA
9123;3512100.0;Colômbia;Barretos;False;BRANCA
9124;3550308.0;São Paulo;Município de São Paulo;False;BRANCA
9125;3548807.0;São Caetano do Sul;Grande SP Sudeste;False;PARDA
9126;3548500.0;Santos;Baixada Santista;False;IGNORADO
9127;3550308.0;São Paulo;Município de São Paulo;False;AMARELA
9128;3550308.0;São Paulo;Município de São Paulo;False;IGNORADO
9129;3516200.0;Franca;Franca;False;IGNORADO
9130;3518404.0;Guaratinguetá;Taubaté;False;BRANCA
9131;3550308.0;São Paulo;Município de São Paulo;False;BRANCA
9132;3550308.0;São Paulo;Município de São Paulo;False;
9133;3510609.0;Carapicuíba;Grande SP Oeste;False;PARDA
9134;3538006.0;Pindamonhangaba;Taubaté;False;BRANCA
9135;3534401.0;Osasco;Grande SP Oeste;False;IGNORADO
9136;3520509.0;Indaiatuba;Campinas;False;IGNORADO
9137;3550308.0;São Paulo;Município de São Paulo;False;BRANCA
9138;3550308.0;São Paulo;Município de São Paulo;False;IGNORADO
9139;3525904.0;Jundiaí;Campinas;False;BRANCA
9140;3552809.0;Taboão da Serra;Grande SP Sudoeste;False;PRETA
9141;3550308.0;São Paulo;Município de São Paulo;False;BRANCA
9142;3552403.0;Sumaré;Campinas;False;BRANCA
9143;3522505.0;Itapevi;Grande SP Oeste;False;BRANCA
9144;3557105.0;Votuporanga;São José do Rio Preto;False;BRANCA
9145;3550308.0;São Paulo;Município de São Paulo;False;BRANCA
9146;3550308.0;São Paulo;Município de São Paulo;False;BRANCA
9147;3538709.0;Piracicaba;Piracicaba;False;BRANCA
9148;3550308.0;São Paulo;Município de São Paulo;False;
9149;3543402.0;Ribeirão Preto;Ribeirão Preto;False;BRANCA
9150;3550308.0;São Paulo;Município de São Paulo;False;IGNORADO
9151;3550308.0;São Paulo;Município de São Paulo;False;BRANCA
9152;3502804.0;Araçatuba;Araçatuba;False;BRANCA
9153;3520509.0;Indaiatuba;Campinas;False;BRANCA
9154;3502804.0;Araçatuba;Araçatuba;False;BRANCA
9155;3548500.0;Santos;Baixada Santista;False;
9156;3550308.0;São Paulo;Município de São Paulo;False;BRANCA
9157;3550308.0;São Paulo;Município de São Paulo;False;IGNORADO
9158;3509502.0;Campinas;Campinas;False;BRANCA
9159;3550308.0;São Paulo;Município de São Paulo;False;BRANCA
9160;3522109.0;Itanhaém;Baixada Santista;False;NONE
9161;3549805.0;São José do Rio Preto;São José do Rio Preto;False;BRANCA
9162;3552205.0;Sorocaba;Sorocaba;False;BRANCA
9163;3552502.0;Suzano;Grande SP Leste;False;PRETA
9164;3547304.0;Santana de Parnaíba;Grande SP Oeste;False;BRANCA
9165;3509502.0;Campinas;Campinas;False;BRANCA
9166;3544202.0;Riolândia;São José do Rio Preto;False;PARDA
9167;3520509.0;Indaiatuba;Campinas;False;BRANCA
9168;3538709.0;Piracicaba;Piracicaba;False;NONE
9169;3552205.0;Sorocaba;Sorocaba;False;BRANCA
9170;3547601.0;Santa Rosa de Viterbo;Ribeirão Preto;False;BRANCA
9171;3557006.0;Votorantim;Sorocaba;False;IGNORADO
9172;3548708.0;São Bernardo do Campo;Grande SP Sudeste;False;IGNORADO
9173;3550308.0;São Paulo;Município de São Paulo;False;AMARELA
9174;3550308.0;São Paulo;Município de São Paulo;False;BRANCA
9175;3502804.0;Araçatuba;Araçatuba;False;BRANCA
9176;3550308.0;São Paulo;Município de São Paulo;False;IGNORADO
