31378;3543402.0;Ribeirão Preto;Ribeirão Preto;False;PARDA
31379;3550308.0;São Paulo;Município de São Paulo;False;BRANCA
31380;3550308.0;São Paulo;Município de São Paulo;False;PARDA
31381;3538709.0;Piracicaba;Piracicaba;False;IGNORADO
31382;3550308.0;São Paulo;Município de São Paulo;False;IGNORADO
31383;3515004.0;Embu das Artes;Grande SP Sudoeste;False;BRANCA
31384;3551009.0;São Vicente;Baixada Santista;True;BRANCA
31385;3549805.0;São José do Rio Preto;São José do Rio Preto;False;BRANCA
31386;3549904.0;São José dos Campos;Taubaté;False;BRANCA
31387;3550704.0;São Sebastião;Taubaté;False;BRANCA
31388;3550308.0;São Paulo;Município de São Paulo;False;IGNORADO
31389;3522505.0;Itapevi;Grande SP Oeste;True;BRANCA
31390;3548500.0;Santos;Baixada Santista;False;IGNORADO
31391;3518800.0;Guarulhos;Grande SP Leste;False;BRANCA
31392;3552205.0;Sorocaba;Sorocaba;False;BRANCA
31393;3550308.0;São Paulo;Município de São Paulo;False;BRANCA
31394;3552908.0;Taciba;Presidente Prudente;False;PARDA
31395;3526704.0;Leme;Piracicaba;False;BRANCA
31396;3518800.0;Guarulhos;Grande SP Leste;False;PARDA
31397;3525904.0;Jundiaí;Campinas;False;NONE
31398;3518800.0;Guarulhos;Grande SP Leste;False;BRANCA
31399;3550308.0;São Paulo;Município de São Paulo;False;IGNORADO
31400;3550308.0;São Paulo;Município de São Paulo;False;PARDA
31401;3550308.0;São Paulo;Município de São Paulo;False;BRANCA
31402;3552205.0;Sorocaba;Sorocaba;False;BRANCA
31403;3550308.0;São Paulo;Município de São Paulo;False;IGNORADO
31404;3550308.0;São Paulo;Município de São Paulo;False;PARDA
31405;3550308.0;São Paulo;Município de São Paulo;False;BRANCA
31406;3538006.0;Pindamonhangaba;Taubaté;False;BRANCA
31407;3544202.0;Riolândia;São José do Rio Preto;False;BRANCA
31408;3523503.0;Itatinga;Bauru;False;BRANCA
31409;3550308.0;São Paulo;Município de São Paulo;False;BRANCA
31410;3531308.0;Monte Alto;Ribeirão Preto;False;BRANCA
31411;3518404.0;Guaratinguetá;Taubaté;False;AMARELA
31412;3550308.0;São Paulo;Município de São Paulo;False;BRANCA
31413;3550308.0;São Paulo;Município de São Paulo;False;PARDA
31414;3550308.0;São Paulo;Município de São Paulo;False;BRANCA
31415;3523107.0;Itaquaquecetuba;Grande SP Leste;False;BRANCA
31416;3503901.0;Arujá;Grande SP Leste;False;BRANCA
31417;3550308.0;São Paulo;Município de São Paulo;False;IGNORADO
31418;3549904.0;São José dos Campos;Taubaté;False;IGNORADO
31419;3549904.0;São José dos Campos;Taubaté;False;BRANCA
31420;3515004.0;Embu das Artes;Grande SP Sudoeste;False;BRANCA
31421;3550308.0;São Paulo;Município de São Paulo;False;PARDA
31422;3550308.0;São Paulo;Município de São Paulo;False;PARDA
31423;3548500.0;Santos;Baixada Santista;False;PARDA
31424;3557006.0;Votorantim;Sorocaba;False;AMARELA
31425;3508504.0;Caçapava;Taubaté;False;BRANCA
31426;3550308.0;São Paulo;Município de São Paulo;False;BRANCA
31427;3550308.0;São Paulo;Município de São Paulo;False;NONE
31428;3550308.0;São Paulo;Município de São Paulo;False;BRANCA
31429;3536505.0;Paulínia;Campinas;False;
31430;3512407.0;Cordeirópolis;Piracicaba;False;BRANCA
31431;3517703.0;Guará;Franca;False;BRANCA
31432;3504909.0;Bananal;Taubaté;False;BRANCA
31433;3501608.0;Americana;Campinas;False;BRANCA
31434;3548807.0;São Caetano do Sul;Grande SP Sudeste;False;BRANCA
31435;3550308.0;São Paulo;Município de São Paulo;False;BRANCA
31436;3501608.0;Americana;Campinas;False;BRANCA
31437;3513504.0;Cubatão;Baixada Santista;False;NONE
31438;3550308.0;São Paulo;Município de São Paulo;False;PARDA
31439;3530805.0;Mogi Mirim;São João da Boa Vista;False;BRANCA
31440;3529401.0;Mauá;Grande SP Sudeste;False;IGNORADO
31441;3557105.0;Votuporanga;São José do Rio Preto;False;BRANCA
31442;;;;False;PARDA
31443;3550308.0;São Paulo;Município de São Paulo;False;BRANCA
31444;3548708.0;São Bernardo do Campo;Grande SP Sudeste;False;IGNORADO
31445;3548500.0;Santos;Baixada Santista;False;BRANCA
31446;3550308.0;São Paulo;Município de São Paulo;False;PARDA
31447;3547809.0;Santo André;Grande SP Sudeste;False;BRANCA
31448;3548708.0;São Bernardo do Campo;Grande SP Sudeste;False;BRANCA
31449;3550308.0;São Paulo;Município de São Paulo;False;BRANCA
31450;3551702.0;Sertãozinho;Ribeirão Preto;False;BRANCA
31451;3550308.0;São Paulo;Município de São Paulo;False;
31452;3548500.0;Santos;Baixada Santista;False;PARDA
31453;3548708.0;São Bernardo do Campo;Grande SP Sudeste;False;
31454;3547809.0;Santo André;Grande SP Sudeste;False;BRANCA
31455;3518800.0;Guarulhos;Grande SP Leste;True;NONE
31456;3510609.0;Carapicuíba;Grande SP Oeste;False;BRANCA
31457;3547809.0;Santo André;Grande SP Sudeste;False;BRANCA
31458;3550308.0;São Paulo;Município de São Paulo;False;PARDA
31459;3506003.0;Bauru;Bauru;False;BRANCA
31460;3514403.0;Dracena;Presidente Prudente;False;BRANCA
31461;3517703.0;Guará;Franca;False;BRANCA
31462;3550308.0;São Paulo;Município de São Paulo;False;BRANCA
31463;3550308.0;São Paulo;Município de São Paulo;False;AMARELA
31464;3550308.0;São Paulo;Município de São Paulo;False;PARDA
31465;3509601.0;Campo Limpo Paulista;Campinas;False;PRETA
31466;3549904.0;São José dos Campos;Taubaté;False;BRANCA
31467;3523107.0;Itaquaquecetuba;Grande SP Leste;False;PARDA
31468;3535309.0;Palmital;Marília;False;BRANCA
31469;3550308.0;São Paulo;Município de São Paulo;False;PARDA
31470;3550308.0;São Paulo;Município de São Paulo;False;PRETA
31471;3550308.0;São Paulo;Município de São Paulo;False;NONE
31472;3538709.0;Piracicaba;Piracicaba;False;BRANCA
31473;3515707.0;Ferraz de Vasconcelos;Grande SP Leste;False;BRANCA
31474;3550308.0;São Paulo;Município de São Paulo;False;BRANCA
31475;3507506.0;Botucatu;Bauru;False;BRANCA
31476;3541000.0;Praia Grande;Baixada Santista;False;PARDA
31477;3513801.0;Diadema;Grande SP Sudeste;False;BRANCA
31478;3516200.0;Franca;Franca;False;IGNORADO
31479;3551702.0;Sertãozinho;Ribeirão Preto;False;BRANCA
31480;3500105.0;Adamantina;Marília;False;BRANCA
31481;3543402.0;Ribeirão Preto;Ribeirão Preto;False;IGNORADO
31482;3522208.0;Itapecerica da Serra;Grande SP Sudoeste;False;PARDA
31483;3550308.0;São Paulo;Município de São Paulo;False;BRANCA
31484;3509502.0;Campinas;Campinas;False;NONE
31485;3514403.0;Dracena;Presidente Prudente;False;BRANCA
31486;3549904.0;São José dos Campos;Taubaté;False;BRANCA
31487;3533908.0;Olímpia;Barretos;False;BRANCA
31488;3533403.0;Nova Odessa;Campinas;False;BRANCA
31489;3519600.0;Ibitinga;Araraquara;False;BRANCA
31490;3517406.0;Guaíra;Barretos;False;BRANCA
31491;3552809.0;Taboão da Serra;Grande SP Sudoeste;False;PARDA
31492;3550308.0;São Paulo;Município de São Paulo;False;IGNORADO
31493;3510005.0;Cândido Mota;Marília;False;BRANCA
31494;3515103.0;Embu-Guaçu;Grande SP Sudoeste;False;IGNORADO
31495;3548500.0;Santos;Baixada Santista;False;PARDA
31496;3506003.0;Bauru;Bauru;False;BRANCA
31497;3549805.0;São José do Rio Preto;São José do Rio Preto;False;IGNORADO
31498;3556503.0;Várzea Paulista;Campinas;False;BRANCA
31499;3525904.0;Jundiaí;Campinas;False;BRANCA
31500;3550308.0;São Paulo;Município de São Paulo;False;BRANCA
31501;3541406.0;Presidente Prudente;Presidente Prudente;False;BRANCA
31502;3550308.0;São Paulo;Município de São Paulo;False;BRANCA
31503;3506003.0;Bauru;Bauru;False;BRANCA
31504;3550308.0;São Paulo;Município de São Paulo;False;IGNORADO
31505;3552205.0;Sorocaba;Sorocaba;False;BRANCA
31506;3516200.0;Franca;Franca;False;IGNORADO
31507;3548807.0;São Caetano do Sul;Grande SP Sudeste;False;
31508;3522208.0;Itapecerica da Serra;Grande SP Sudoeste;False;BRANCA
31509;3549805.0;São José do Rio Preto;São José do Rio Preto;False;BRANCA
31510;3550308.0;São Paulo;Município de São Paulo;False;BRANCA
31511;3506003.0;Bauru;Bauru;False;PARDA
31512;3550308.0;São Paulo;Município de São Paulo;False;AMARELA
31513;3550308.0;São Paulo;Município de São Paulo;False;PARDA
31514;3509502.0;Campinas;Campinas;False;BRANCA
31515;3529005.0;Marília;Marília;False;BRANCA
31516;3528502.0;Mairiporã;Grande SP Norte;False;AMARELA
31517;3523107.0;Itaquaquecetuba;Grande SP Leste;False;BRANCA
31518;3541505.0;Presidente Venceslau;Presidente Prudente;False;BRANCA
31519;3550308.0;São Paulo;Município de São Paulo;False;PARDA
