58232;3529401.0;Mauá;Grande SP Sudeste;False;PARDA
58233;3515707.0;Ferraz de Vasconcelos;Grande SP Leste;False;BRANCA
58234;3550308.0;São Paulo;Município de São Paulo;False;BRANCA
58235;3509502.0;Campinas;Campinas;False;BRANCA
58236;3547809.0;Santo André;Grande SP Sudeste;False;IGNORADO
58237;3511102.0;Catanduva;São José do Rio Preto;False;AMARELA
58238;3524808.0;Jales;São José do Rio Preto;False;BRANCA
58239;3549805.0;São José do Rio Preto;São José do Rio Preto;False;PARDA
58240;3523404.0;Itatiba;Campinas;False;NONE
58241;3535804.0;Paranapanema;Bauru;False;BRANCA
58242;3526902.0;Limeira;Piracicaba;False;IGNORADO
58243;3538006.0;Pindamonhangaba;Taubaté;False;IGNORADO
58244;3543402.0;Ribeirão Preto;Ribeirão Preto;False;PARDA
58245;3550308.0;São Paulo;Município de São Paulo;False;PARDA
58246;3523909.0;Itu;Sorocaba;False;BRANCA
58247;3533403.0;Nova Odessa;Campinas;False;BRANCA
58248;3554003.0;Tatuí;Sorocaba;False;BRANCA
58249;3553955.0;Tarumã;Marília;False;BRANCA
58250;3547304.0;Santana de Parnaíba;Grande SP Oeste;True;PARDA
58251;3538709.0;Piracicaba;Piracicaba;False;BRANCA
58252;3507803.0;Brodowski;Ribeirão Preto;False;PRETA
58253;3550902.0;São Simão;Ribeirão Preto;False;BRANCA
58254;3549904.0;São José dos Campos;Taubaté;False;BRANCA
58255;3519071.0;Hortolândia;Campinas;False;NONE
58256;3504305.0;Avaí;Bauru;False;BRANCA
58257;3515707.0;Ferraz de Vasconcelos;Grande SP Leste;False;PARDA
58258;3530706.0;Mogi Guaçu;São João da Boa Vista;False;BRANCA
58259;3549102.0;São João da Boa Vista;São João da Boa Vista;False;BRANCA
58260;3538709.0;Piracicaba;Piracicaba;False;BRANCA
58261;3541406.0;Presidente Prudente;Presidente Prudente;False;BRANCA
58262;3550308.0;São Paulo;Município de São Paulo;False;IGNORADO
58263;3550308.0;São Paulo;Município de São Paulo;False;PRETA
58264;3550308.0;São Paulo;Município de São Paulo;False;IGNORADO
58265;3525904.0;Jundiaí;Campinas;False;NONE
58266;3519600.0;Ibitinga;Araraquara;False;BRANCA
58267;3511102.0;Catanduva;São José do Rio Preto;False;BRANCA
58268;3525904.0;Jundiaí;Campinas;False;BRANCA
58269;3539608.0;Planalto;São José do Rio Preto;False;BRANCA
58270;3509007.0;Caieiras;Grande SP Norte;False;AMARELA
58271;3547809.0;Santo André;Grande SP Sudeste;False;BRANCA
58272;3526407.0;Laranjal Paulista;Bauru;False;IGNORADO
58273;3507753.0;Brejo Alegre;Araçatuba;False;PRETA
58274;3551702.0;Sertãozinho;Ribeirão Preto;False;AMARELA
58275;3509502.0;Campinas;Campinas;False;BRANCA
58276;3518800.0;Guarulhos;Grande SP Leste;False;PARDA
58277;3550308.0;São Paulo;Município de São Paulo;False;BRANCA
58278;3552205.0;Sorocaba;Sorocaba;False;BRANCA
58279;3550308.0;São Paulo;Município de São Paulo;True;PARDA
58280;3516408.0;Franco da Rocha;Grande SP Norte;False;BRANCA
58281;3518800.0;Guarulhos;Grande SP Leste;False;
58282;3552205.0;Sorocaba;Sorocaba;False;BRANCA
58283;3529005.0;Marília;Marília;False;BRANCA
58284;3526803.0;Lençóis Paulista;Bauru;False;BRANCA
58285;3525300.0;Jaú;Bauru;False;BRANCA
58286;3519071.0;Hortolândia;Campinas;False;BRANCA
58287;3525003.0;Jandira;Grande SP Oeste;False;BRANCA
58288;3534302.0;Orlândia;Franca;False;BRANCA
58289;3504107.0;Atibaia;Campinas;False;BRANCA
58290;3539509.0;Pitangueiras;Ribeirão Preto;False;PARDA
58291;3505708.0;Barueri;Grande SP Oeste;False;PARDA
58292;3553955.0;Tarumã;Marília;True;BRANCA
58293;3525904.0;Jundiaí;Campinas;False;PARDA
58294;3550308.0;São Paulo;Município de São Paulo;False;BRANCA
58295;3523404.0;Itatiba;Campinas;False;BRANCA
58296;3526803.0;Lençóis Paulista;Bauru;False;BRANCA
58297;3509502.0;Campinas;Campinas;False;IGNORADO
58298;3548708.0;São Bernardo do Campo;Grande SP Sudeste;False;BRANCA
58299;3529401.0;Mauá;Grande SP Sudeste;False;BRANCA
58300;3534401.0;Osasco;Grande SP Oeste;False;BRANCA
58301;3505708.0;Barueri;Grande SP Oeste;False;PARDA
58302;3549805.0;São José do Rio Preto;São José do Rio Preto;False;BRANCA
58303;3549805.0;São José do Rio Preto;São José do Rio Preto;False;BRANCA
58304;3515707.0;Ferraz de Vasconcelos;Grande SP Leste;False;BRANCA
58305;3551009.0;São Vicente;Baixada Santista;False;IGNORADO
58306;3550308.0;São Paulo;Município de São Paulo;False;BRANCA
58307;3526902.0;Limeira;Piracicaba;False;BRANCA
58308;3541406.0;Presidente Prudente;Presidente Prudente;False;BRANCA
58309;3557105.0;Votuporanga;São José do Rio Preto;False;BRANCA
58310;3534708.0;Ourinhos;Marília;False;BRANCA
58311;3511607.0;Cesário Lange;Sorocaba;False;BRANCA
58312;3511102.0;Catanduva;São José do Rio Preto;False;BRANCA
58313;3555505.0;Ubirajara;Marília;False;PARDA
58314;3552403.0;Sumaré;Campinas;False;IGNORADO
58315;3509502.0;Campinas;Campinas;False;BRANCA
58316;3507803.0;Brodowski;Ribeirão Preto;False;BRANCA
58317;3550308.0;São Paulo;Município de São Paulo;False;PARDA
58318;3550308.0;São Paulo;Município de São Paulo;False;BRANCA
58319;3550308.0;São Paulo;Município de São Paulo;False;PARDA
58320;3526100.0;Juquiá;Registro;True;BRANCA
58321;3541406.0;Presidente Prudente;Presidente Prudente;False;BRANCA
58322;3527108.0;Lins;Bauru;False;IGNORADO
58323;3527405.0;Lucélia;Marília;False;BRANCA
58324;3550308.0;São Paulo;Município de São Paulo;False;BRANCA
58325;3550308.0;São Paulo;Município de São Paulo;False;BRANCA
58326;3504107.0;Atibaia;Campinas;False;BRANCA
58327;3518800.0;Guarulhos;Grande SP Leste;False;PARDA
58328;3556503.0;Várzea Paulista;Campinas;False;BRANCA
58329;3509502.0;Campinas;Campinas;False;BRANCA
58330;3556701.0;Vinhedo;Campinas;False;BRANCA
58331;3550308.0;São Paulo;Município de São Paulo;False;PRETA
58332;3530102.0;Mirandópolis;Araçatuba;False;BRANCA
58333;3551009.0;São Vicente;Baixada Santista;False;BRANCA
58334;3550308.0;São Paulo;Município de São Paulo;False;BRANCA
58335;3509601.0;Campo Limpo Paulista;Campinas;False;BRANCA
58336;3552205.0;Sorocaba;Sorocaba;False;BRANCA
58337;3537602.0;Peruíbe;Baixada Santista;False;
58338;3532801.0;Nova Aliança;São José do Rio Preto;False;PARDA
58339;3550308.0;São Paulo;Município de São Paulo;False;BRANCA
58340;3503208.0;Araraquara;Araraquara;False;BRANCA
58341;3518800.0;Guarulhos;Grande SP Leste;False;BRANCA
58342;3510609.0;Carapicuíba;Grande SP Oeste;False;BRANCA
58343;3548708.0;São Bernardo do Campo;Grande SP Sudeste;False;BRANCA
58344;3510401.0;Capivari;Piracicaba;False;BRANCA
58345;3545803.0;Santa Bárbara d'Oeste;Campinas;False;BRANCA
58346;3525904.0;Jundiaí;Campinas;False;NONE
58347;3549805.0;São José do Rio Preto;São José do Rio Preto;False;BRANCA
58348;3525904.0;Jundiaí;Campinas;False;IGNORADO
58349;3532603.0;Nhandeara;São José do Rio Preto;False;PARDA
58350;3513801.0;Diadema;Grande SP Sudeste;False;BRANCA
58351;3506003.0;Bauru;Bauru;False;BRANCA
58352;3531001.0;Monções;São José do Rio Preto;False;BRANCA
58353;3548708.0;São Bernardo do Campo;Grande SP Sudeste;False;BRANCA
58354;3529005.0;Marília;Marília;False;BRANCA
58355;3550308.0;São Paulo;Município de São Paulo;False;BRANCA
58356;3530607.0;Mogi das Cruzes;Grande SP Leste;False;PRETA
58357;3557105.0;Votuporanga;São José do Rio Preto;False;BRANCA
58358;3502606.0;Aparecida d'Oeste;São José do Rio Preto;False;BRANCA
58359;3518800.0;Guarulhos;Grande SP Leste;False;BRANCA
58360;3522307.0;Itapetininga;Sorocaba;False;BRANCA
58361;3507605.0;Bragança Paulista;Campinas;False;BRANCA
58362;3550308.0;São Paulo;Município de São Paulo;False;IGNORADO
58363;3552403.0;Sumaré;Campinas;False;BRANCA
58364;3549805.0;São José do Rio Preto;São José do Rio Preto;False;IGNORADO
58365;3509502.0;Campinas;Campinas;False;BRANCA
58366;3532603.0;Nhandeara;São José do Rio Preto;False;BRANCA
58367;3554102.0;Taubaté;Taubaté;False;AMARELA
58368;3543402.0;Ribeirão Preto;Ribeirão Preto;False;BRANCA
58369;3505500.0;Barretos;Barretos;False;PARDA
58370;3549805.0;São José do Rio Preto;São José do Rio Preto;False;BRANCA
58371;3519071.0;Hortolândia;Campinas;False;BRANCA
58372;3527108.0;Lins;Bauru;False;BRANCA
58373;3503802.0;Artur Nogueira;Campinas;False;IGNORADO
58374;3539202.0;Pirapozinho;Presidente Prudente;False;BRANCA
58375;3526902.0;Limeira;Piracicaba;False;BRANCA
58376;3506003.0;Bauru;Bauru;False;BRANCA
58377;3538105.0;Pindorama;São José do Rio Preto;False;BRANCA
