60361;3543402.0;Ribeirão Preto;Ribeirão Preto;False;BRANCA
60362;3513801.0;Diadema;Grande SP Sudeste;False;PARDA
60363;3530607.0;Mogi das Cruzes;Grande SP Leste;False;BRANCA
60364;3549805.0;São José do Rio Preto;São José do Rio Preto;False;BRANCA
60365;3506003.0;Bauru;Bauru;False;BRANCA
60366;3548708.0;São Bernardo do Campo;Grande SP Sudeste;False;IGNORADO
60367;3548708.0;São Bernardo do Campo;Grande SP Sudeste;False;IGNORADO
60368;3538709.0;Piracicaba;Piracicaba;False;BRANCA
60369;3552601.0;Tabapuã;São José do Rio Preto;False;BRANCA
60370;3507605.0;Bragança Paulista;Campinas;False;BRANCA
60371;3543303.0;Ribeirão Pires;Grande SP Sudeste;False;BRANCA
60372;3502903.0;Araçoiaba da Serra;Sorocaba;False;IGNORADO
60373;3556206.0;Valinhos;Campinas;False;PARDA
60374;3510609.0;Carapicuíba;Grande SP Oeste;False;PARDA
60375;3550308.0;São Paulo;Município de São Paulo;False;BRANCA
60376;3550308.0;São Paulo;Município de São Paulo;False;IGNORADO
60377;3548708.0;São Bernardo do Campo;Grande SP Sudeste;False;NONE
60378;3519071.0;Hortolândia;Campinas;False;AMARELA
60379;3525706.0;José Bonifácio;São José do Rio Preto;False;BRANCA
60380;3554003.0;Tatuí;Sorocaba;False;BRANCA
60381;3503901.0;Arujá;Grande SP Leste;False;BRANCA
60382;3550308.0;São Paulo;Município de São Paulo;False;
60383;3529302.0;Matão;Araraquara;False;BRANCA
60384;3552205.0;Sorocaba;Sorocaba;False;NONE
60385;3525003.0;Jandira;Grande SP Oeste;False;PARDA
60386;3550308.0;São Paulo;Município de São Paulo;False;IGNORADO
60387;3550308.0;São Paulo;Município de São Paulo;False;IGNORADO
60388;3538709.0;Piracicaba;Piracicaba;False;BRANCA
60389;3509502.0;Campinas;Campinas;False;BRANCA
60390;3523909.0;Itu;Sorocaba;False;BRANCA
60391;3525904.0;Jundiaí;Campinas;False;BRANCA
60392;3550308.0;São Paulo;Município de São Paulo;False;BRANCA
60393;3548708.0;São Bernardo do Campo;Grande SP Sudeste;False;AMARELA
60394;3550308.0;São Paulo;Município de São Paulo;False;NONE
60395;3513801.0;Diadema;Grande SP Sudeste;False;NONE
60396;3552502.0;Suzano;Grande SP Leste;False;BRANCA
60397;3546405.0;Santa Cruz do Rio Pardo;Marília;False;BRANCA
60398;3547809.0;Santo André;Grande SP Sudeste;False;BRANCA
60399;3529401.0;Mauá;Grande SP Sudeste;False;IGNORADO
60400;3509502.0;Campinas;Campinas;False;BRANCA
60401;3503208.0;Araraquara;Araraquara;False;BRANCA
60402;3506003.0;Bauru;Bauru;False;NONE
60403;3548708.0;São Bernardo do Campo;Grande SP Sudeste;False;BRANCA
60404;3550308.0;São Paulo;Município de São Paulo;False;BRANCA
60405;3506508.0;Birigui;Araçatuba;False;BRANCA
60406;3534401.0;Osasco;Grande SP Oeste;False;PARDA
60407;3551504.0;Serrana;Ribeirão Preto;False;BRANCA
60408;3516200.0;Franca;Franca;False;IGNORADO
60409;3529401.0;Mauá;Grande SP Sudeste;False;PARDA
60410;3552205.0;Sorocaba;Sorocaba;False;BRANCA
60411;3541406.0;Presidente Prudente;Presidente Prudente;False;BRANCA
60412;3545803.0;Santa Bárbara d'Oeste;Campinas;False;BRANCA
60413;3547601.0;Santa Rosa de Viterbo;Ribeirão Preto;False;BRANCA
60414;3550308.0;São Paulo;Município de São Paulo;False;BRANCA
60415;3550308.0;São Paulo;Município de São Paulo;False;BRANCA
60416;3510500.0;Caraguatatuba;Taubaté;False;BRANCA
60417;3550308.0;São Paulo;Município de São Paulo;False;BRANCA
60418;3513504.0;Cubatão;Baixada Santista;False;NONE
60419;3550308.0;São Paulo;Município de São Paulo;False;BRANCA
60420;3548708.0;São Bernardo do Campo;Grande SP Sudeste;False;IGNORADO
60421;3550308.0;São Paulo;Município de São Paulo;False;BRANCA
60422;3526902.0;Limeira;Piracicaba;False;BRANCA
60423;3507308.0;Boracéia;Bauru;False;BRANCA
60424;3513801.0;Diadema;Grande SP Sudeste;False;AMARELA
60425;3547809.0;Santo André;Grande SP Sudeste;False;BRANCA
60426;3548500.0;Santos;Baixada Santista;False;PRETA
60427;3551702.0;Sertãozinho;Ribeirão Preto;False;BRANCA
60428;3550308.0;São Paulo;Município de São Paulo;False;BRANCA
60429;3543907.0;Rio Claro;Piracicaba;False;BRANCA
60430;3532603.0;Nhandeara;São José do Rio Preto;False;BRANCA
60431;3550100.0;São Manuel;Bauru;False;IGNORADO
60432;3518503.0;Guareí;Sorocaba;False;
60433;3530607.0;Mogi das Cruzes;Grande SP Leste;False;BRANCA
60434;3516408.0;Franco da Rocha;Grande SP Norte;False;NONE
60435;3525706.0;José Bonifácio;São José do Rio Preto;False;BRANCA
60436;3550308.0;São Paulo;Município de São Paulo;False;AMARELA
60437;3548500.0;Santos;Baixada Santista;False;BRANCA
60438;3520509.0;Indaiatuba;Campinas;False;BRANCA
60439;3534401.0;Osasco;Grande SP Oeste;False;BRANCA
60440;3534708.0;Ourinhos;Marília;False;BRANCA
60441;3510500.0;Caraguatatuba;Taubaté;False;PARDA
60442;3545308.0;Salto de Pirapora;Sorocaba;False;PARDA
60443;3550308.0;São Paulo;Município de São Paulo;False;PARDA
60444;3510401.0;Capivari;Piracicaba;False;BRANCA
60445;3557006.0;Votorantim;Sorocaba;False;BRANCA
60446;3522208.0;Itapecerica da Serra;Grande SP Sudoeste;False;NONE
60447;3503307.0;Araras;Piracicaba;False;BRANCA
60448;3548807.0;São Caetano do Sul;Grande SP Sudeste;False;PARDA
60449;3548500.0;Santos;Baixada Santista;False;BRANCA
60450;3533908.0;Olímpia;Barretos;False;BRANCA
60451;3552205.0;Sorocaba;Sorocaba;False;BRANCA
60452;3534401.0;Osasco;Grande SP Oeste;False;BRANCA
60453;3550308.0;São Paulo;Município de São Paulo;False;PARDA
60454;3502804.0;Araçatuba;Araçatuba;False;AMARELA
60455;3534401.0;Osasco;Grande SP Oeste;False;AMARELA
60456;3504602.0;Bady Bassitt;São José do Rio Preto;False;PRETA
60457;3522802.0;Itaporanga;Bauru;False;PARDA
60458;3550308.0;São Paulo;Município de São Paulo;False;BRANCA
60459;3550308.0;São Paulo;Município de São Paulo;False;BRANCA
60460;3550308.0;São Paulo;Município de São Paulo;False;NONE
60461;3550308.0;São Paulo;Município de São Paulo;False;BRANCA
60462;3554102.0;Taubaté;Taubaté;False;IGNORADO
60463;3550308.0;São Paulo;Município de São Paulo;False;IGNORADO
60464;3537305.0;Penápolis;Araçatuba;False;BRANCA
60465;3537305.0;Penápolis;Araçatuba;False;BRANCA
60466;3550308.0;São Paulo;Município de São Paulo;False;IGNORADO
60467;3549904.0;São José dos Campos;Taubaté;False;BRANCA
60468;3554003.0;Tatuí;Sorocaba;True;BRANCA
60469;3528007.0;Macatuba;Bauru;False;AMARELA
60470;3548500.0;Santos;Baixada Santista;False;IGNORADO
60471;3542909.0;Ribeirão Bonito;Araraquara;True;BRANCA
60472;3501301.0;Álvares Machado;Presidente Prudente;False;PARDA
60473;3547809.0;Santo André;Grande SP Sudeste;False;BRANCA
60474;3549904.0;São José dos Campos;Taubaté;False;BRANCA
60475;3550308.0;São Paulo;Município de São Paulo;False;INDIGENA
60476;3535705.0;Paraíso;São José do Rio Preto;False;BRANCA
60477;3535705.0;Paraíso;São José do Rio Preto;False;BRANCA
60478;3550308.0;São Paulo;Município de São Paulo;False;BRANCA
60479;3548807.0;São Caetano do Sul;Grande SP Sudeste;False;BRANCA
60480;3556206.0;Valinhos;Campinas;False;BRANCA
60481;3548500.0;Santos;Baixada Santista;False;NONE
60482;3518800.0;Guarulhos;Grande SP Leste;False;BRANCA
60483;3529401.0;Mauá;Grande SP Sudeste;False;PARDA
60484;3543402.0;Ribeirão Preto;Ribeirão Preto;False;IGNORADO
60485;3550308.0;São Paulo;Município de São Paulo;False;BRANCA
60486;3518701.0;Guarujá;Baixada Santista;False;PARDA
60487;3518800.0;Guarulhos;Grande SP Leste;False;PARDA
60488;3514809.0;Eldorado;Registro;False;BRANCA
60489;3550308.0;São Paulo;Município de São Paulo;False;IGNORADO
60490;3549904.0;São José dos Campos;Taubaté;False;PARDA
60491;3510500.0;Caraguatatuba;Taubaté;False;PARDA
60492;3519071.0;Hortolândia;Campinas;False;PARDA
60493;3556800.0;Viradouro;Barretos;False;BRANCA
60494;3548708.0;São Bernardo do Campo;Grande SP Sudeste;False;
60495;3550308.0;São Paulo;Município de São Paulo;True;PARDA
60496;3526803.0;Lençóis Paulista;Bauru;False;BRANCA
60497;3550308.0;São Paulo;Município de São Paulo;False;AMARELA
60498;3550308.0;São Paulo;Município de São Paulo;False;PARDA
60499;3550308.0;São Paulo;Município de São Paulo;False;BRANCA
60500;3550308.0;São Paulo;Município de São Paulo;False;IGNORADO
60501;3549904.0;São José dos Campos;Taubaté;False;BRANCA
60502;3550308.0;São Paulo;Município de São Paulo;False;PARDA
60503;3505708.0;Barueri;Grande SP Oeste;False;PARDA
60504;3516309.0;Francisco Morato;Grande SP Norte;False;BRANCA
