55799;3554003.0;Tatuí;Sorocaba;False;BRANCA
55800;3552403.0;Sumaré;Campinas;False;BRANCA
55801;3549805.0;São José do Rio Preto;São José do Rio Preto;False;BRANCA
55802;3542602.0;Registro;Registro;False;BRANCA
55803;3533007.0;Nova Granada;São José do Rio Preto;False;BRANCA
55804;3549805.0;São José do Rio Preto;São José do Rio Preto;False;BRANCA
55805;3543402.0;Ribeirão Preto;Ribeirão Preto;True;BRANCA
55806;3518800.0;Guarulhos;Grande SP Leste;False;PARDA
55807;3505500.0;Barretos;Barretos;False;NONE
55808;3509502.0;Campinas;Campinas;False;PRETA
55809;3518800.0;Guarulhos;Grande SP Leste;False;BRANCA
55810;3506003.0;Bauru;Bauru;False;BRANCA
55811;3550308.0;São Paulo;Município de São Paulo;False;
55812;3503307.0;Araras;Piracicaba;False;PARDA
55813;3550308.0;São Paulo;Município de São Paulo;False;PARDA
55814;3518800.0;Guarulhos;Grande SP Leste;False;PRETA
55815;3550308.0;São Paulo;Município de São Paulo;False;IGNORADO
55816;3550308.0;São Paulo;Município de São Paulo;False;BRANCA
55817;3552809.0;Taboão da Serra;Grande SP Sudoeste;False;AMARELA
55818;3550308.0;São Paulo;Município de São Paulo;False;BRANCA
55819;3509502.0;Campinas;Campinas;False;BRANCA
55820;3550308.0;São Paulo;Município de São Paulo;False;PARDA
55821;3541000.0;Praia Grande;Baixada Santista;False;PARDA
55822;3550308.0;São Paulo;Município de São Paulo;False;PARDA
55823;3550308.0;São Paulo;Município de São Paulo;False;AMARELA
55824;3518800.0;Guarulhos;Grande SP Leste;False;
55825;3557006.0;Votorantim;Sorocaba;False;IGNORADO
55826;3510302.0;Capela do Alto;Sorocaba;False;BRANCA
55827;3550308.0;São Paulo;Município de São Paulo;False;BRANCA
55828;3550308.0;São Paulo;Município de São Paulo;False;
55829;3552502.0;Suzano;Grande SP Leste;False;PRETA
55830;3550308.0;São Paulo;Município de São Paulo;False;AMARELA
55831;3550308.0;São Paulo;Município de São Paulo;False;AMARELA
55832;3554102.0;Taubaté;Taubaté;False;PARDA
55833;3547304.0;Santana de Parnaíba;Grande SP Oeste;False;BRANCA
55834;3548500.0;Santos;Baixada Santista;False;BRANCA
55835;3524303.0;Jaboticabal;Ribeirão Preto;False;IGNORADO
55836;3550308.0;São Paulo;Município de São Paulo;False;IGNORADO
55837;3550308.0;São Paulo;Município de São Paulo;False;BRANCA
55838;3523602.0;Itirapina;Piracicaba;False;BRANCA
55839;3550308.0;São Paulo;Município de São Paulo;False;PARDA
55840;3540804.0;Potirendaba;São José do Rio Preto;False;BRANCA
55841;3526902.0;Limeira;Piracicaba;False;AMARELA
55842;3550308.0;São Paulo;Município de São Paulo;False;PARDA
55843;3548500.0;Santos;Baixada Santista;False;BRANCA
55844;3550308.0;São Paulo;Município de São Paulo;False;NONE
55845;3550308.0;São Paulo;Município de São Paulo;False;IGNORADO
55846;3550308.0;São Paulo;Município de São Paulo;False;IGNORADO
55847;3556503.0;Várzea Paulista;Campinas;False;BRANCA
55848;3548500.0;Santos;Baixada Santista;False;BRANCA
55849;3550308.0;São Paulo;Município de São Paulo;False;BRANCA
55850;3550308.0;São Paulo;Município de São Paulo;False;BRANCA
55851;3552809.0;Taboão da Serra;Grande SP Sudoeste;True;PARDA
55852;3550308.0;São Paulo;Município de São Paulo;False;PARDA
55853;3550308.0;São Paulo;Município de São Paulo;False;
55854;3550308.0;São Paulo;Município de São Paulo;False;AMARELA
55855;3550308.0;São Paulo;Município de São Paulo;False;PARDA
55856;3518800.0;Guarulhos;Grande SP Leste;False;PRETA
55857;3550308.0;São Paulo;Município de São Paulo;False;BRANCA
55858;3549805.0;São José do Rio Preto;São José do Rio Preto;False;BRANCA
55859;3518800.0;Guarulhos;Grande SP Leste;False;BRANCA
55860;3500709.0;Agudos;Bauru;False;IGNORADO
55861;3551009.0;São Vicente;Baixada Santista;False;PRETA
55862;3518701.0;Guarujá;Baixada Santista;False;AMARELA
55863;3513702.0;Descalvado;Araraquara;False;PRETA
55864;3550308.0;São Paulo;Município de São Paulo;False;
55865;3550308.0;São Paulo;Município de São Paulo;False;BRANCA
55866;3547809.0;Santo André;Grande SP Sudeste;False;
55867;3550308.0;São Paulo;Município de São Paulo;False;PARDA
55868;3514601.0;Dumont;Ribeirão Preto;False;BRANCA
55869;3537107.0;Pedreira;Campinas;False;BRANCA
55870;3513801.0;Diadema;Grande SP Sudeste;False;BRANCA
55871;3550308.0;São Paulo;Município de São Paulo;False;PARDA
55872;3550308.0;São Paulo;Município de São Paulo;False;PARDA
55873;3508405.0;Cabreúva;Campinas;False;BRANCA
55874;3522000.0;Itaju;Bauru;False;PARDA
55875;3507605.0;Bragança Paulista;Campinas;False;BRANCA
55876;3550308.0;São Paulo;Município de São Paulo;False;BRANCA
55877;3525300.0;Jaú;Bauru;False;BRANCA
55878;3510609.0;Carapicuíba;Grande SP Oeste;False;IGNORADO
55879;3548500.0;Santos;Baixada Santista;False;BRANCA
55880;3550308.0;São Paulo;Município de São Paulo;False;AMARELA
55881;3502804.0;Araçatuba;Araçatuba;False;IGNORADO
55882;3554102.0;Taubaté;Taubaté;False;PARDA
55883;3513504.0;Cubatão;Baixada Santista;False;IGNORADO
55884;3501608.0;Americana;Campinas;False;BRANCA
55885;3506003.0;Bauru;Bauru;False;BRANCA
55886;3550308.0;São Paulo;Município de São Paulo;False;IGNORADO
55887;3535309.0;Palmital;Marília;False;PARDA
55888;3503208.0;Araraquara;Araraquara;False;PARDA
55889;3526803.0;Lençóis Paulista;Bauru;False;IGNORADO
55890;3550308.0;São Paulo;Município de São Paulo;False;PARDA
55891;3550308.0;São Paulo;Município de São Paulo;False;PARDA
55892;3547809.0;Santo André;Grande SP Sudeste;False;
55893;3547809.0;Santo André;Grande SP Sudeste;False;IGNORADO
55894;3515004.0;Embu das Artes;Grande SP Sudoeste;False;IGNORADO
55895;3506003.0;Bauru;Bauru;False;IGNORADO
55896;3541307.0;Presidente Epitácio;Presidente Prudente;False;PARDA
55897;3550308.0;São Paulo;Município de São Paulo;False;PARDA
55898;3550308.0;São Paulo;Município de São Paulo;False;PRETA
55899;3506003.0;Bauru;Bauru;False;PARDA
55900;3509700.0;Campos do Jordão;Taubaté;False;BRANCA
55901;3550308.0;São Paulo;Município de São Paulo;False;NONE
55902;3550308.0;São Paulo;Município de São Paulo;False;PARDA
55903;3518503.0;Guareí;Sorocaba;False;
55904;3550308.0;São Paulo;Município de São Paulo;False;IGNORADO
55905;3538709.0;Piracicaba;Piracicaba;False;IGNORADO
55906;3502804.0;Araçatuba;Araçatuba;False;BRANCA
55907;3550308.0;São Paulo;Município de São Paulo;False;BRANCA
55908;3547809.0;Santo André;Grande SP Sudeste;False;BRANCA
55909;3550308.0;São Paulo;Município de São Paulo;False;BRANCA
55910;3507001.0;Boituva;Sorocaba;False;NONE
55911;3550308.0;São Paulo;Município de São Paulo;False;PARDA
55912;3533403.0;Nova Odessa;Campinas;False;BRANCA
55913;3550308.0;São Paulo;Município de São Paulo;False;PARDA
55914;3543402.0;Ribeirão Preto;Ribeirão Preto;True;IGNORADO
55915;3519071.0;Hortolândia;Campinas;False;
55916;3534401.0;Osasco;Grande SP Oeste;False;BRANCA
55917;3552205.0;Sorocaba;Sorocaba;False;IGNORADO
55918;3510609.0;Carapicuíba;Grande SP Oeste;True;IGNORADO
55919;3509007.0;Caieiras;Grande SP Norte;False;IGNORADO
55920;3550308.0;São Paulo;Município de São Paulo;False;IGNORADO
55921;3550308.0;São Paulo;Município de São Paulo;False;BRANCA
55922;3518701.0;Guarujá;Baixada Santista;False;PARDA
55923;3550308.0;São Paulo;Município de São Paulo;False;PARDA
55924;3516408.0;Franco da Rocha;Grande SP Norte;False;PRETA
55925;3518701.0;Guarujá;Baixada Santista;True;PRETA
55926;3513801.0;Diadema;Grande SP Sudeste;False;BRANCA
55927;3515707.0;Ferraz de Vasconcelos;Grande SP Leste;False;BRANCA
55928;3543402.0;Ribeirão Preto;Ribeirão Preto;False;IGNORADO
55929;3550308.0;São Paulo;Município de São Paulo;False;PARDA
55930;3550308.0;São Paulo;Município de São Paulo;False;PARDA
55931;3501608.0;Americana;Campinas;False;BRANCA
55932;3550308.0;São Paulo;Município de São Paulo;False;BRANCA
55933;3521309.0;Ipuã;Franca;False;BRANCA
55934;3525904.0;Jundiaí;Campinas;False;AMARELA
55935;3519709.0;Ibiúna;Sorocaba;False;NONE
55936;3507753.0;Brejo Alegre;Araçatuba;True;BRANCA
55937;3505500.0;Barretos;Barretos;False;AMARELA
55938;3527108.0;Lins;Bauru;False;AMARELA
55939;3548708.0;São Bernardo do Campo;Grande SP Sudeste;False;
55940;3548708.0;São Bernardo do Campo;Grande SP Sudeste;False;BRANCA
55941;3530607.0;Mogi das Cruzes;Grande SP Leste;True;PARDA
