22191;3550308.0;São Paulo;Município de São Paulo;False;BRANCA
22192;3523909.0;Itu;Sorocaba;False;BRANCA
22193;3550308.0;São Paulo;Município de São Paulo;False;BRANCA
22194;3550308.0;São Paulo;Município de São Paulo;False;PARDA
22195;3548708.0;São Bernardo do Campo;Grande SP Sudeste;False;BRANCA
22196;3549805.0;São José do Rio Preto;São José do Rio Preto;False;BRANCA
22197;3543402.0;Ribeirão Preto;Ribeirão Preto;False;BRANCA
22198;3550308.0;São Paulo;Município de São Paulo;False;IGNORADO
22199;3550308.0;São Paulo;Município de São Paulo;False;BRANCA
22200;3518701.0;Guarujá;Baixada Santista;False;BRANCA
22201;3547809.0;Santo André;Grande SP Sudeste;False;BRANCA
22202;3534302.0;Orlândia;Franca;False;BRANCA
22203;3548708.0;São Bernardo do Campo;Grande SP Sudeste;False;
22204;3510609.0;Carapicuíba;Grande SP Oeste;True;BRANCA
22205;3550308.0;São Paulo;Município de São Paulo;False;BRANCA
22206;3502804.0;Araçatuba;Araçatuba;False;PARDA
22207;3518800.0;Guarulhos;Grande SP Leste;False;BRANCA
22208;3550308.0;São Paulo;Município de São Paulo;False;BRANCA
22209;3533908.0;Olímpia;Barretos;False;BRANCA
22210;3505203.0;Bariri;Bauru;False;BRANCA
22211;3549805.0;São José do Rio Preto;São José do Rio Preto;False;
22212;3548708.0;São Bernardo do Campo;Grande SP Sudeste;False;
22213;3521903.0;Itajobi;São José do Rio Preto;False;BRANCA
22214;3510401.0;Capivari;Piracicaba;False;BRANCA
22215;3509502.0;Campinas;Campinas;False;IGNORADO
22216;3550308.0;São Paulo;Município de São Paulo;False;BRANCA
22217;3552809.0;Taboão da Serra;Grande SP Sudoeste;False;BRANCA
22218;3552809.0;Taboão da Serra;Grande SP Sudoeste;False;BRANCA
22219;3549805.0;São José do Rio Preto;São José do Rio Preto;False;BRANCA
22220;3551702.0;Sertãozinho;Ribeirão Preto;False;IGNORADO
22221;3543402.0;Ribeirão Preto;Ribeirão Preto;False;PARDA
22222;3539301.0;Pirassununga;Piracicaba;False;BRANCA
22223;3550308.0;São Paulo;Município de São Paulo;False;AMARELA
22224;3509502.0;Campinas;Campinas;False;BRANCA
22225;3548708.0;São Bernardo do Campo;Grande SP Sudeste;False;BRANCA
22226;3507605.0;Bragança Paulista;Campinas;False;
22227;3549904.0;São José dos Campos;Taubaté;False;IGNORADO
22228;3543303.0;Ribeirão Pires;Grande SP Sudeste;False;BRANCA
22229;3511003.0;Castilho;Araçatuba;False;BRANCA
22230;3541208.0;Presidente Bernardes;Presidente Prudente;False;BRANCA
22231;3502804.0;Araçatuba;Araçatuba;False;BRANCA
22232;3547809.0;Santo André;Grande SP Sudeste;True;IGNORADO
22233;3511102.0;Catanduva;São José do Rio Preto;False;BRANCA
22234;3537305.0;Penápolis;Araçatuba;False;BRANCA
22235;3543303.0;Ribeirão Pires;Grande SP Sudeste;False;BRANCA
22236;3543402.0;Ribeirão Preto;Ribeirão Preto;False;BRANCA
22237;3543402.0;Ribeirão Preto;Ribeirão Preto;False;PARDA
22238;3516309.0;Francisco Morato;Grande SP Norte;False;BRANCA
22239;3550308.0;São Paulo;Município de São Paulo;False;IGNORADO
22240;3509205.0;Cajamar;Grande SP Norte;True;PARDA
22241;3546801.0;Santa Isabel;Grande SP Leste;False;BRANCA
22242;3547809.0;Santo André;Grande SP Sudeste;False;BRANCA
22243;3543402.0;Ribeirão Preto;Ribeirão Preto;False;BRANCA
22244;3545803.0;Santa Bárbara d'Oeste;Campinas;False;BRANCA
22245;3550308.0;São Paulo;Município de São Paulo;False;IGNORADO
22246;3538600.0;Piracaia;Campinas;False;IGNORADO
22247;3545209.0;Salto;Sorocaba;False;BRANCA
22248;3543907.0;Rio Claro;Piracicaba;False;BRANCA
22249;3550308.0;São Paulo;Município de São Paulo;False;PARDA
22250;3518800.0;Guarulhos;Grande SP Leste;False;AMARELA
22251;3550308.0;São Paulo;Município de São Paulo;False;NONE
22252;3530607.0;Mogi das Cruzes;Grande SP Leste;False;NONE
22253;3530607.0;Mogi das Cruzes;Grande SP Leste;False;
22254;3507506.0;Botucatu;Bauru;False;BRANCA
22255;3550308.0;São Paulo;Município de São Paulo;False;BRANCA
22256;3527306.0;Louveira;Campinas;False;BRANCA
22257;3548708.0;São Bernardo do Campo;Grande SP Sudeste;False;BRANCA
22258;3520202.0;Igaratá;Taubaté;False;BRANCA
22259;3534401.0;Osasco;Grande SP Oeste;False;IGNORADO
22260;3508108.0;Buritama;Araçatuba;False;BRANCA
22261;3547809.0;Santo André;Grande SP Sudeste;False;IGNORADO
22262;3526902.0;Limeira;Piracicaba;False;BRANCA
22263;3550308.0;São Paulo;Município de São Paulo;False;BRANCA
22264;3550308.0;São Paulo;Município de São Paulo;False;BRANCA
22265;3503901.0;Arujá;Grande SP Leste;False;PARDA
22266;3520509.0;Indaiatuba;Campinas;False;IGNORADO
22267;3522208.0;Itapecerica da Serra;Grande SP Sudoeste;False;IGNORADO
22268;3522208.0;Itapecerica da Serra;Grande SP Sudoeste;False;IGNORADO
22269;3548906.0;São Carlos;Araraquara;False;BRANCA
22270;3552205.0;Sorocaba;Sorocaba;False;BRANCA
22271;3534401.0;Osasco;Grande SP Oeste;False;NONE
22272;3530607.0;Mogi das Cruzes;Grande SP Leste;False;BRANCA
22273;3554805.0;Tremembé;Taubaté;False;BRANCA
22274;3501608.0;Americana;Campinas;False;BRANCA
22275;3550308.0;São Paulo;Município de São Paulo;False;BRANCA
22276;3550308.0;São Paulo;Município de São Paulo;False;BRANCA
22277;3550308.0;São Paulo;Município de São Paulo;False;PRETA
22278;3523206.0;Itararé;Sorocaba;False;BRANCA
22279;3518800.0;Guarulhos;Grande SP Leste;False;PARDA
22280;3506003.0;Bauru;Bauru;False;BRANCA
22281;3548500.0;Santos;Baixada Santista;False;
22282;3550308.0;São Paulo;Município de São Paulo;False;PARDA
22283;3533908.0;Olímpia;Barretos;False;BRANCA
22284;3513405.0;Cruzeiro;Taubaté;False;BRANCA
22285;3549805.0;São José do Rio Preto;São José do Rio Preto;False;BRANCA
22286;3540200.0;Pontal;Ribeirão Preto;False;PARDA
22287;3550308.0;São Paulo;Município de São Paulo;False;BRANCA
22288;3541406.0;Presidente Prudente;Presidente Prudente;False;IGNORADO
22289;3534401.0;Osasco;Grande SP Oeste;False;PARDA
22290;3549805.0;São José do Rio Preto;São José do Rio Preto;False;BRANCA
22291;3550308.0;São Paulo;Município de São Paulo;False;BRANCA
22292;3543402.0;Ribeirão Preto;Ribeirão Preto;False;BRANCA
22293;3528502.0;Mairiporã;Grande SP Norte;False;BRANCA
22294;3506003.0;Bauru;Bauru;False;BRANCA
22295;3549904.0;São José dos Campos;Taubaté;False;BRANCA
22296;3526902.0;Limeira;Piracicaba;False;PARDA
22297;3550308.0;São Paulo;Município de São Paulo;False;IGNORADO
22298;3550308.0;São Paulo;Município de São Paulo;False;BRANCA
22299;3503208.0;Araraquara;Araraquara;False;BRANCA
22300;3543402.0;Ribeirão Preto;Ribeirão Preto;False;IGNORADO
22301;3552205.0;Sorocaba;Sorocaba;False;IGNORADO
22302;3518305.0;Guararema;Grande SP Leste;False;BRANCA
22303;3522604.0;Itapira;São João da Boa Vista;False;BRANCA
22304;3551702.0;Sertãozinho;Ribeirão Preto;False;AMARELA
22305;3550308.0;São Paulo;Município de São Paulo;False;BRANCA
22306;3509502.0;Campinas;Campinas;False;PARDA
22307;3550308.0;São Paulo;Município de São Paulo;False;IGNORADO
22308;3552205.0;Sorocaba;Sorocaba;False;IGNORADO
22309;3522604.0;Itapira;São João da Boa Vista;False;BRANCA
22310;3546306.0;Santa Cruz das Palmeiras;São João da Boa Vista;False;BRANCA
22311;3550308.0;São Paulo;Município de São Paulo;False;BRANCA
22312;3549805.0;São José do Rio Preto;São José do Rio Preto;False;BRANCA
22313;3550308.0;São Paulo;Município de São Paulo;False;PARDA
22314;3550308.0;São Paulo;Município de São Paulo;False;PARDA
22315;3551702.0;Sertãozinho;Ribeirão Preto;False;IGNORADO
22316;3548708.0;São Bernardo do Campo;Grande SP Sudeste;False;IGNORADO
22317;3506003.0;Bauru;Bauru;False;IGNORADO
22318;3549904.0;São José dos Campos;Taubaté;False;BRANCA
22319;3549904.0;São José dos Campos;Taubaté;False;BRANCA
22320;3507506.0;Botucatu;Bauru;False;BRANCA
22321;3549805.0;São José do Rio Preto;São José do Rio Preto;False;BRANCA
22322;3506508.0;Birigui;Araçatuba;False;BRANCA
22323;3534401.0;Osasco;Grande SP Oeste;False;BRANCA
22324;3550308.0;São Paulo;Município de São Paulo;False;BRANCA
22325;3509502.0;Campinas;Campinas;False;PARDA
22326;3550308.0;São Paulo;Município de São Paulo;False;INDIGENA
22327;3518800.0;Guarulhos;Grande SP Leste;False;BRANCA
22328;3524402.0;Jacareí;Taubaté;False;PARDA
22329;3547809.0;Santo André;Grande SP Sudeste;False;BRANCA
22330;3532603.0;Nhandeara;São José do Rio Preto;False;BRANCA
22331;3501905.0;Amparo;Campinas;False;BRANCA
