46750;3515707.0;Ferraz de Vasconcelos;Grande SP Leste;False;BRANCA
46751;3521408.0;Iracemápolis;Piracicaba;False;BRANCA
46752;3522604.0;Itapira;São João da Boa Vista;False;BRANCA
46753;3541604.0;Promissão;Bauru;False;BRANCA
46754;3555406.0;Ubatuba;Taubaté;False;IGNORADO
46755;3506508.0;Birigui;Araçatuba;False;BRANCA
46756;3509254.0;Cajati;Registro;False;BRANCA
46757;3507605.0;Bragança Paulista;Campinas;False;PARDA
46758;3520509.0;Indaiatuba;Campinas;False;BRANCA
46759;3503307.0;Araras;Piracicaba;False;IGNORADO
46760;3549805.0;São José do Rio Preto;São José do Rio Preto;True;BRANCA
46761;3550308.0;São Paulo;Município de São Paulo;False;PARDA
46762;3509502.0;Campinas;Campinas;False;NONE
46763;3538709.0;Piracicaba;Piracicaba;False;PRETA
46764;3550308.0;São Paulo;Município de São Paulo;False;BRANCA
46765;3509502.0;Campinas;Campinas;False;BRANCA
46766;3550308.0;São Paulo;Município de São Paulo;False;NONE
46767;3509502.0;Campinas;Campinas;False;AMARELA
46768;3550308.0;São Paulo;Município de São Paulo;False;IGNORADO
46769;3550308.0;São Paulo;Município de São Paulo;False;BRANCA
46770;3550308.0;São Paulo;Município de São Paulo;False;PARDA
46771;3536505.0;Paulínia;Campinas;False;BRANCA
46772;3553906.0;Tarabai;Presidente Prudente;False;PARDA
46773;3509601.0;Campo Limpo Paulista;Campinas;False;AMARELA
46774;3503901.0;Arujá;Grande SP Leste;False;BRANCA
46775;3550308.0;São Paulo;Município de São Paulo;False;BRANCA
46776;3503406.0;Arealva;Bauru;False;PRETA
46777;3549904.0;São José dos Campos;Taubaté;False;BRANCA
46778;3524006.0;Itupeva;Campinas;False;BRANCA
46779;3550308.0;São Paulo;Município de São Paulo;False;BRANCA
46780;3533403.0;Nova Odessa;Campinas;False;PARDA
46781;3529005.0;Marília;Marília;False;BRANCA
46782;3538709.0;Piracicaba;Piracicaba;False;BRANCA
46783;3550308.0;São Paulo;Município de São Paulo;False;BRANCA
46784;3534401.0;Osasco;Grande SP Oeste;False;IGNORADO
46785;3550308.0;São Paulo;Município de São Paulo;False;BRANCA
46786;3504909.0;Bananal;Taubaté;False;BRANCA
46787;3550308.0;São Paulo;Município de São Paulo;False;BRANCA
46788;3549904.0;São José dos Campos;Taubaté;False;PRETA
46789;3515707.0;Ferraz de Vasconcelos;Grande SP Leste;False;BRANCA
46790;3549805.0;São José do Rio Preto;São José do Rio Preto;False;PARDA
46791;3548500.0;Santos;Baixada Santista;False;BRANCA
46792;3506003.0;Bauru;Bauru;False;BRANCA
46793;3550308.0;São Paulo;Município de São Paulo;False;BRANCA
46794;3550308.0;São Paulo;Município de São Paulo;False;BRANCA
46795;3508405.0;Cabreúva;Campinas;False;AMARELA
46796;3550308.0;São Paulo;Município de São Paulo;False;BRANCA
46797;3550308.0;São Paulo;Município de São Paulo;False;PARDA
46798;3505500.0;Barretos;Barretos;False;BRANCA
46799;3541000.0;Praia Grande;Baixada Santista;False;PARDA
46800;3550308.0;São Paulo;Município de São Paulo;False;IGNORADO
46801;3550308.0;São Paulo;Município de São Paulo;False;
46802;3505500.0;Barretos;Barretos;False;
46803;3550308.0;São Paulo;Município de São Paulo;False;BRANCA
46804;3550308.0;São Paulo;Município de São Paulo;False;BRANCA
46805;3550308.0;São Paulo;Município de São Paulo;False;PARDA
46806;3550308.0;São Paulo;Município de São Paulo;False;AMARELA
46807;3527108.0;Lins;Bauru;False;IGNORADO
46808;3518701.0;Guarujá;Baixada Santista;False;BRANCA
46809;3550308.0;São Paulo;Município de São Paulo;False;AMARELA
46810;3502804.0;Araçatuba;Araçatuba;False;BRANCA
46811;3539509.0;Pitangueiras;Ribeirão Preto;False;BRANCA
46812;3519071.0;Hortolândia;Campinas;False;PRETA
46813;3543402.0;Ribeirão Preto;Ribeirão Preto;False;IGNORADO
46814;3524006.0;Itupeva;Campinas;False;BRANCA
46815;3554805.0;Tremembé;Taubaté;False;BRANCA
46816;3550308.0;São Paulo;Município de São Paulo;False;BRANCA
46817;3550308.0;São Paulo;Município de São Paulo;False;PARDA
46818;3542602.0;Registro;Registro;False;BRANCA
46819;3545209.0;Salto;Sorocaba;False;BRANCA
46820;3549904.0;São José dos Campos;Taubaté;False;PARDA
46821;3552502.0;Suzano;Grande SP Leste;False;BRANCA
46822;3520400.0;Ilhabela;Taubaté;False;PARDA
46823;3550308.0;São Paulo;Município de São Paulo;False;PARDA
46824;3550308.0;São Paulo;Município de São Paulo;False;BRANCA
46825;3550308.0;São Paulo;Município de São Paulo;False;BRANCA
46826;3530300.0;Mirassol;São José do Rio Preto;False;BRANCA
46827;3550308.0;São Paulo;Município de São Paulo;False;BRANCA
46828;3534401.0;Osasco;Grande SP Oeste;False;PARDA
46829;3534401.0;Osasco;Grande SP Oeste;False;AMARELA
46830;3550308.0;São Paulo;Município de São Paulo;False;BRANCA
46831;3505500.0;Barretos;Barretos;False;BRANCA
46832;3513504.0;Cubatão;Baixada Santista;False;PARDA
46833;3550308.0;São Paulo;Município de São Paulo;False;BRANCA
46834;3555406.0;Ubatuba;Taubaté;False;BRANCA
46835;3550308.0;São Paulo;Município de São Paulo;False;BRANCA
46836;3518800.0;Guarulhos;Grande SP Leste;False;PARDA
46837;3550704.0;São Sebastião;Taubaté;False;AMARELA
46838;3549102.0;São João da Boa Vista;São João da Boa Vista;False;BRANCA
46839;3550308.0;São Paulo;Município de São Paulo;False;NONE
46840;3550308.0;São Paulo;Município de São Paulo;False;PRETA
46841;3527108.0;Lins;Bauru;False;BRANCA
46842;3549904.0;São José dos Campos;Taubaté;False;BRANCA
46843;3551801.0;Sete Barras;Registro;False;BRANCA
46844;3545159.0;Saltinho;Piracicaba;False;IGNORADO
46845;3550308.0;São Paulo;Município de São Paulo;False;BRANCA
46846;3550308.0;São Paulo;Município de São Paulo;False;AMARELA
46847;3552205.0;Sorocaba;Sorocaba;False;PRETA
46848;3548500.0;Santos;Baixada Santista;False;BRANCA
46849;3550308.0;São Paulo;Município de São Paulo;False;BRANCA
46850;3550308.0;São Paulo;Município de São Paulo;False;PARDA
46851;3510609.0;Carapicuíba;Grande SP Oeste;False;PARDA
46852;3509502.0;Campinas;Campinas;False;BRANCA
46853;3550308.0;São Paulo;Município de São Paulo;False;BRANCA
46854;3518800.0;Guarulhos;Grande SP Leste;False;NONE
46855;3551009.0;São Vicente;Baixada Santista;False;BRANCA
46856;3522208.0;Itapecerica da Serra;Grande SP Sudoeste;False;PARDA
46857;3543402.0;Ribeirão Preto;Ribeirão Preto;False;BRANCA
46858;3536505.0;Paulínia;Campinas;False;BRANCA
46859;3550308.0;São Paulo;Município de São Paulo;False;BRANCA
46860;3501905.0;Amparo;Campinas;False;BRANCA
46861;3525904.0;Jundiaí;Campinas;False;BRANCA
46862;3548500.0;Santos;Baixada Santista;False;PARDA
46863;3518503.0;Guareí;Sorocaba;False;
46864;3547304.0;Santana de Parnaíba;Grande SP Oeste;False;IGNORADO
46865;3550308.0;São Paulo;Município de São Paulo;False;NONE
46866;3552809.0;Taboão da Serra;Grande SP Sudoeste;False;IGNORADO
46867;3549904.0;São José dos Campos;Taubaté;False;PARDA
46868;3550308.0;São Paulo;Município de São Paulo;False;
46869;3509007.0;Caieiras;Grande SP Norte;False;PARDA
46870;3513801.0;Diadema;Grande SP Sudeste;False;PARDA
46871;3549805.0;São José do Rio Preto;São José do Rio Preto;False;BRANCA
46872;3550308.0;São Paulo;Município de São Paulo;False;PARDA
46873;3550308.0;São Paulo;Município de São Paulo;False;PARDA
46874;3529401.0;Mauá;Grande SP Sudeste;False;BRANCA
46875;3552205.0;Sorocaba;Sorocaba;False;BRANCA
46876;3548708.0;São Bernardo do Campo;Grande SP Sudeste;False;PARDA
46877;3550308.0;São Paulo;Município de São Paulo;False;PARDA
46878;3504008.0;Assis;Marília;False;BRANCA
46879;3526803.0;Lençóis Paulista;Bauru;False;BRANCA
46880;3550308.0;São Paulo;Município de São Paulo;False;IGNORADO
46881;3550308.0;São Paulo;Município de São Paulo;False;BRANCA
46882;3545308.0;Salto de Pirapora;Sorocaba;False;BRANCA
46883;3510609.0;Carapicuíba;Grande SP Oeste;False;BRANCA
46884;3513405.0;Cruzeiro;Taubaté;False;PARDA
46885;3550308.0;São Paulo;Município de São Paulo;False;NONE
46886;3522505.0;Itapevi;Grande SP Oeste;False;PARDA
46887;3550308.0;São Paulo;Município de São Paulo;False;IGNORADO
46888;3550308.0;São Paulo;Município de São Paulo;False;IGNORADO
46889;3550308.0;São Paulo;Município de São Paulo;False;PARDA
46890;3550308.0;São Paulo;Município de São Paulo;False;BRANCA
46891;3504107.0;Atibaia;Campinas;False;IGNORADO
46892;3519071.0;Hortolândia;Campinas;False;BRANCA
46893;3550308.0;São Paulo;Município de São Paulo;False;PARDA
