40053;3550308.0;São Paulo;Município de São Paulo;False;PARDA
40054;3501608.0;Americana;Campinas;False;BRANCA
40055;3548500.0;Santos;Baixada Santista;False;BRANCA
40056;3534302.0;Orlândia;Franca;False;BRANCA
40057;3516408.0;Franco da Rocha;Grande SP Norte;False;BRANCA
40058;3527207.0;Lorena;Taubaté;False;PRETA
40059;3518800.0;Guarulhos;Grande SP Leste;False;PARDA
40060;3522109.0;Itanhaém;Baixada Santista;False;BRANCA
40061;3546702.0;Santa Gertrudes;Piracicaba;False;BRANCA
40062;3550308.0;São Paulo;Município de São Paulo;False;BRANCA
40063;3557105.0;Votuporanga;São José do Rio Preto;False;
40064;3550308.0;São Paulo;Município de São Paulo;False;BRANCA
40065;3513801.0;Diadema;Grande SP Sudeste;False;AMARELA
40066;3548708.0;São Bernardo do Campo;Grande SP Sudeste;False;BRANCA
40067;3550308.0;São Paulo;Município de São Paulo;False;BRANCA
40068;3512407.0;Cordeirópolis;Piracicaba;False;IGNORADO
40069;3541505.0;Presidente Venceslau;Presidente Prudente;False;BRANCA
40070;3550308.0;São Paulo;Município de São Paulo;False;BRANCA
40071;3523107.0;Itaquaquecetuba;Grande SP Leste;False;PARDA
40072;3550308.0;São Paulo;Município de São Paulo;False;
40073;3550308.0;São Paulo;Município de São Paulo;False;IGNORADO
40074;3550308.0;São Paulo;Município de São Paulo;False;
40075;3550308.0;São Paulo;Município de São Paulo;False;PARDA
40076;3546504.0;Santa Ernestina;Araraquara;False;BRANCA
40077;3550308.0;São Paulo;Município de São Paulo;False;IGNORADO
40078;3550308.0;São Paulo;Município de São Paulo;False;AMARELA
40079;3510203.0;Capão Bonito;Sorocaba;False;BRANCA
40080;3550308.0;São Paulo;Município de São Paulo;False;PRETA
40081;3522307.0;Itapetininga;Sorocaba;False;BRANCA
40082;3550308.0;São Paulo;Município de São Paulo;False;BRANCA
40083;3550308.0;São Paulo;Município de São Paulo;False;BRANCA
40084;3522406.0;Itapeva;Sorocaba;False;BRANCA
40085;3504008.0;Assis;Marília;False;BRANCA
40086;3534708.0;Ourinhos;Marília;False;BRANCA
40087;3506359.0;Bertioga;Baixada Santista;False;BRANCA
40088;3552502.0;Suzano;Grande SP Leste;False;BRANCA
40089;3502101.0;Andradina;Araçatuba;False;BRANCA
40090;3550308.0;São Paulo;Município de São Paulo;False;PARDA
40091;3550308.0;São Paulo;Município de São Paulo;False;BRANCA
40092;3554003.0;Tatuí;Sorocaba;False;BRANCA
40093;3550308.0;São Paulo;Município de São Paulo;False;BRANCA
40094;3548500.0;Santos;Baixada Santista;False;BRANCA
40095;3509502.0;Campinas;Campinas;False;BRANCA
40096;3550308.0;São Paulo;Município de São Paulo;False;BRANCA
40097;3529401.0;Mauá;Grande SP Sudeste;False;BRANCA
40098;3550308.0;São Paulo;Município de São Paulo;False;BRANCA
40099;3534906.0;Pacaembu;Marília;False;PARDA
40100;3531407.0;Monte Aprazível;São José do Rio Preto;False;BRANCA
40101;3543402.0;Ribeirão Preto;Ribeirão Preto;False;BRANCA
40102;3503208.0;Araraquara;Araraquara;False;IGNORADO
40103;3554102.0;Taubaté;Taubaté;False;BRANCA
40104;3519303.0;Ibaté;Araraquara;False;BRANCA
40105;3552205.0;Sorocaba;Sorocaba;False;BRANCA
40106;3548708.0;São Bernardo do Campo;Grande SP Sudeste;False;NONE
40107;3550308.0;São Paulo;Município de São Paulo;False;BRANCA
40108;3551702.0;Sertãozinho;Ribeirão Preto;False;BRANCA
40109;3549805.0;São José do Rio Preto;São José do Rio Preto;False;BRANCA
40110;3512308.0;Conchas;Bauru;False;BRANCA
40111;3518404.0;Guaratinguetá;Taubaté;False;BRANCA
40112;3506706.0;Boa Esperança do Sul;Araraquara;False;BRANCA
40113;3522109.0;Itanhaém;Baixada Santista;True;BRANCA
40114;3550308.0;São Paulo;Município de São Paulo;False;AMARELA
40115;3547809.0;Santo André;Grande SP Sudeste;False;BRANCA
40116;3550308.0;São Paulo;Município de São Paulo;False;BRANCA
40117;3509502.0;Campinas;Campinas;False;BRANCA
40118;3519600.0;Ibitinga;Araraquara;False;BRANCA
40119;3550308.0;São Paulo;Município de São Paulo;False;IGNORADO
40120;3502804.0;Araçatuba;Araçatuba;False;BRANCA
40121;3530300.0;Mirassol;São José do Rio Preto;False;BRANCA
40122;3506003.0;Bauru;Bauru;False;BRANCA
40123;3538709.0;Piracicaba;Piracicaba;False;BRANCA
40124;3507001.0;Boituva;Sorocaba;False;BRANCA
40125;3549805.0;São José do Rio Preto;São José do Rio Preto;False;BRANCA
40126;3544202.0;Riolândia;São José do Rio Preto;False;BRANCA
40127;3547809.0;Santo André;Grande SP Sudeste;False;PARDA
40128;3550308.0;São Paulo;Município de São Paulo;False;PARDA
40129;3550308.0;São Paulo;Município de São Paulo;False;
40130;3542206.0;Rancharia;Presidente Prudente;False;BRANCA
40131;3552205.0;Sorocaba;Sorocaba;False;PRETA
40132;3514908.0;Elias Fausto;Piracicaba;False;AMARELA
40133;3520004.0;Igaraçu do Tietê;Bauru;False;BRANCA
40134;3548708.0;São Bernardo do Campo;Grande SP Sudeste;False;NONE
40135;3549805.0;São José do Rio Preto;São José do Rio Preto;False;BRANCA
40136;3550308.0;São Paulo;Município de São Paulo;False;IGNORADO
40137;3550308.0;São Paulo;Município de São Paulo;False;BRANCA
40138;3506003.0;Bauru;Bauru;False;AMARELA
40139;3506003.0;Bauru;Bauru;False;PARDA
40140;3550308.0;São Paulo;Município de São Paulo;False;BRANCA
40141;3550308.0;São Paulo;Município de São Paulo;False;PARDA
40142;3550308.0;São Paulo;Município de São Paulo;False;PRETA
40143;3549805.0;São José do Rio Preto;São José do Rio Preto;False;BRANCA
40144;3557105.0;Votuporanga;São José do Rio Preto;False;BRANCA
40145;3547304.0;Santana de Parnaíba;Grande SP Oeste;False;BRANCA
40146;3523107.0;Itaquaquecetuba;Grande SP Leste;False;PARDA
40147;3528502.0;Mairiporã;Grande SP Norte;False;PARDA
40148;3550308.0;São Paulo;Município de São Paulo;False;BRANCA
40149;3555604.0;Uchoa;São José do Rio Preto;False;BRANCA
40150;3534401.0;Osasco;Grande SP Oeste;True;PARDA
40151;3525904.0;Jundiaí;Campinas;False;BRANCA
40152;3550308.0;São Paulo;Município de São Paulo;False;PARDA
40153;3550308.0;São Paulo;Município de São Paulo;False;PARDA
40154;3549904.0;São José dos Campos;Taubaté;False;IGNORADO
40155;3550308.0;São Paulo;Município de São Paulo;False;PARDA
40156;3526902.0;Limeira;Piracicaba;False;BRANCA
40157;3549409.0;São Joaquim da Barra;Franca;False;BRANCA
40158;3534401.0;Osasco;Grande SP Oeste;False;BRANCA
40159;3529807.0;Mineiros do Tietê;Bauru;False;BRANCA
40160;3550308.0;São Paulo;Município de São Paulo;False;PARDA
40161;3506003.0;Bauru;Bauru;False;BRANCA
40162;3534401.0;Osasco;Grande SP Oeste;False;BRANCA
40163;3516200.0;Franca;Franca;False;PARDA
40164;3550308.0;São Paulo;Município de São Paulo;False;BRANCA
40165;3511102.0;Catanduva;São José do Rio Preto;False;AMARELA
40166;3548906.0;São Carlos;Araraquara;False;BRANCA
40167;3550308.0;São Paulo;Município de São Paulo;False;BRANCA
40168;3526902.0;Limeira;Piracicaba;False;BRANCA
40169;3550308.0;São Paulo;Município de São Paulo;False;
40170;3530706.0;Mogi Guaçu;São João da Boa Vista;False;BRANCA
40171;3507506.0;Botucatu;Bauru;False;BRANCA
40172;3526902.0;Limeira;Piracicaba;False;IGNORADO
40173;3536505.0;Paulínia;Campinas;False;PARDA
40174;3555406.0;Ubatuba;Taubaté;False;BRANCA
40175;3511102.0;Catanduva;São José do Rio Preto;False;PARDA
40176;3545803.0;Santa Bárbara d'Oeste;Campinas;False;BRANCA
40177;3522208.0;Itapecerica da Serra;Grande SP Sudoeste;True;PARDA
40178;3555406.0;Ubatuba;Taubaté;False;PARDA
40179;3555406.0;Ubatuba;Taubaté;False;BRANCA
40180;3554102.0;Taubaté;Taubaté;False;BRANCA
40181;3547809.0;Santo André;Grande SP Sudeste;False;BRANCA
40182;3524808.0;Jales;São José do Rio Preto;False;BRANCA
40183;3518404.0;Guaratinguetá;Taubaté;False;PARDA
40184;3550308.0;São Paulo;Município de São Paulo;False;BRANCA
40185;3533106.0;Nova Guataporanga;Presidente Prudente;False;BRANCA
40186;3550308.0;São Paulo;Município de São Paulo;True;PARDA
40187;3550308.0;São Paulo;Município de São Paulo;False;
40188;3501608.0;Americana;Campinas;False;BRANCA
40189;3550308.0;São Paulo;Município de São Paulo;False;BRANCA
40190;3509254.0;Cajati;Registro;False;AMARELA
40191;3552205.0;Sorocaba;Sorocaba;False;BRANCA
40192;3533007.0;Nova Granada;São José do Rio Preto;False;PARDA
40193;3550308.0;São Paulo;Município de São Paulo;False;PARDA
40194;3534401.0;Osasco;Grande SP Oeste;False;BRANCA
40195;3550308.0;São Paulo;Município de São Paulo;False;BRANCA
