10486;3548708.0;São Bernardo do Campo;Grande SP Sudeste;False;
10487;3548500.0;Santos;Baixada Santista;True;BRANCA
10488;3526902.0;Limeira;Piracicaba;False;BRANCA
10489;3549904.0;São José dos Campos;Taubaté;False;PRETA
10490;3550308.0;São Paulo;Município de São Paulo;False;BRANCA
10491;3550605.0;São Roque;Sorocaba;False;BRANCA
10492;3510609.0;Carapicuíba;Grande SP Oeste;False;IGNORADO
10493;3548500.0;Santos;Baixada Santista;False;BRANCA
10494;3525904.0;Jundiaí;Campinas;False;BRANCA
10495;3550308.0;São Paulo;Município de São Paulo;False;PARDA
10496;3550308.0;São Paulo;Município de São Paulo;False;
10497;3557105.0;Votuporanga;São José do Rio Preto;False;BRANCA
10498;3506003.0;Bauru;Bauru;False;BRANCA
10499;3531902.0;Morro Agudo;Franca;False;PARDA
10500;3548708.0;São Bernardo do Campo;Grande SP Sudeste;False;IGNORADO
10501;3509502.0;Campinas;Campinas;False;BRANCA
10502;3519105.0;Iacanga;Bauru;False;BRANCA
10503;3531209.0;Monte Alegre do Sul;Campinas;False;IGNORADO
10504;3548708.0;São Bernardo do Campo;Grande SP Sudeste;False;PARDA
10505;3545803.0;Santa Bárbara d'Oeste;Campinas;False;BRANCA
10506;3550308.0;São Paulo;Município de São Paulo;False;BRANCA
10507;3534401.0;Osasco;Grande SP Oeste;False;AMARELA
10508;3500105.0;Adamantina;Marília;False;BRANCA
10509;3550308.0;São Paulo;Município de São Paulo;False;AMARELA
10510;3550308.0;São Paulo;Município de São Paulo;False;IGNORADO
10511;3547809.0;Santo André;Grande SP Sudeste;True;BRANCA
10512;3550308.0;São Paulo;Município de São Paulo;False;
10513;3506003.0;Bauru;Bauru;False;BRANCA
10514;3550308.0;São Paulo;Município de São Paulo;False;BRANCA
10515;3509502.0;Campinas;Campinas;False;AMARELA
10516;3556305.0;Valparaíso;Araçatuba;False;BRANCA
10517;3534708.0;Ourinhos;Marília;False;BRANCA
10518;3547809.0;Santo André;Grande SP Sudeste;False;NONE
10519;3550308.0;São Paulo;Município de São Paulo;False;NONE
10520;3550308.0;São Paulo;Município de São Paulo;False;IGNORADO
10521;3550308.0;São Paulo;Município de São Paulo;False;NONE
10522;3507506.0;Botucatu;Bauru;False;BRANCA
10523;3526803.0;Lençóis Paulista;Bauru;False;BRANCA
10524;3550308.0;São Paulo;Município de São Paulo;False;BRANCA
10525;3552205.0;Sorocaba;Sorocaba;False;BRANCA
10526;3550308.0;São Paulo;Município de São Paulo;False;IGNORADO
10527;3503208.0;Araraquara;Araraquara;False;IGNORADO
10528;3550308.0;São Paulo;Município de São Paulo;False;PARDA
10529;3550308.0;São Paulo;Município de São Paulo;False;AMARELA
10530;3513504.0;Cubatão;Baixada Santista;False;BRANCA
10531;3513801.0;Diadema;Grande SP Sudeste;False;BRANCA
10532;3512803.0;Cosmópolis;Campinas;False;AMARELA
10533;3522604.0;Itapira;São João da Boa Vista;False;AMARELA
10534;3510609.0;Carapicuíba;Grande SP Oeste;False;IGNORADO
10535;3549805.0;São José do Rio Preto;São José do Rio Preto;False;PARDA
10536;3504602.0;Bady Bassitt;São José do Rio Preto;False;BRANCA
10537;3557105.0;Votuporanga;São José do Rio Preto;False;PRETA
10538;3550308.0;São Paulo;Município de São Paulo;False;NONE
10539;3515707.0;Ferraz de Vasconcelos;Grande SP Leste;False;NONE
10540;3502903.0;Araçoiaba da Serra;Sorocaba;False;BRANCA
10541;3546405.0;Santa Cruz do Rio Pardo;Marília;False;BRANCA
10542;3538709.0;Piracicaba;Piracicaba;False;BRANCA
10543;3549805.0;São José do Rio Preto;São José do Rio Preto;False;BRANCA
10544;3550308.0;São Paulo;Município de São Paulo;False;IGNORADO
10545;3543402.0;Ribeirão Preto;Ribeirão Preto;False;PARDA
10546;3520509.0;Indaiatuba;Campinas;False;BRANCA
10547;3550308.0;São Paulo;Município de São Paulo;False;PRETA
10548;3548708.0;São Bernardo do Campo;Grande SP Sudeste;False;BRANCA
10549;3549805.0;São José do Rio Preto;São José do Rio Preto;False;IGNORADO
10550;3548708.0;São Bernardo do Campo;Grande SP Sudeste;False;BRANCA
10551;3520301.0;Iguape;Registro;False;BRANCA
10552;3550308.0;São Paulo;Município de São Paulo;False;BRANCA
10553;3550308.0;São Paulo;Município de São Paulo;False;AMARELA
10554;3550308.0;São Paulo;Município de São Paulo;False;AMARELA
10555;3509502.0;Campinas;Campinas;False;BRANCA
10556;3550308.0;São Paulo;Município de São Paulo;False;IGNORADO
10557;3530706.0;Mogi Guaçu;São João da Boa Vista;False;BRANCA
10558;3550308.0;São Paulo;Município de São Paulo;False;BRANCA
10559;3503901.0;Arujá;Grande SP Leste;False;BRANCA
10560;3550308.0;São Paulo;Município de São Paulo;False;PARDA
10561;3550308.0;São Paulo;Município de São Paulo;False;AMARELA
10562;3552205.0;Sorocaba;Sorocaba;False;BRANCA
10563;3550308.0;São Paulo;Município de São Paulo;False;IGNORADO
10564;3550308.0;São Paulo;Município de São Paulo;False;NONE
10565;3550308.0;São Paulo;Município de São Paulo;False;PARDA
10566;3549102.0;São João da Boa Vista;São João da Boa Vista;False;BRANCA
10567;3543402.0;Ribeirão Preto;Ribeirão Preto;False;PARDA
10568;3503901.0;Arujá;Grande SP Leste;False;AMARELA
10569;3544905.0;Sales Oliveira;Franca;False;BRANCA
10570;3550308.0;São Paulo;Município de São Paulo;False;BRANCA
10571;3515004.0;Embu das Artes;Grande SP Sudoeste;False;BRANCA
10572;3547809.0;Santo André;Grande SP Sudeste;False;NONE
10573;3550308.0;São Paulo;Município de São Paulo;False;PARDA
10574;3522505.0;Itapevi;Grande SP Oeste;False;PARDA
10575;3503901.0;Arujá;Grande SP Leste;False;BRANCA
10576;3548708.0;São Bernardo do Campo;Grande SP Sudeste;False;AMARELA
10577;3554508.0;Tietê;Sorocaba;False;BRANCA
10578;3518701.0;Guarujá;Baixada Santista;False;BRANCA
10579;3509007.0;Caieiras;Grande SP Norte;False;IGNORADO
10580;3550308.0;São Paulo;Município de São Paulo;False;BRANCA
10581;3550308.0;São Paulo;Município de São Paulo;False;PARDA
10582;3525904.0;Jundiaí;Campinas;False;BRANCA
10583;3524402.0;Jacareí;Taubaté;False;PARDA
10584;3523404.0;Itatiba;Campinas;False;PARDA
10585;3534401.0;Osasco;Grande SP Oeste;False;BRANCA
10586;3509007.0;Caieiras;Grande SP Norte;False;BRANCA
10587;3509502.0;Campinas;Campinas;False;BRANCA
10588;3550308.0;São Paulo;Município de São Paulo;False;NONE
10589;3550308.0;São Paulo;Município de São Paulo;False;
10590;3550308.0;São Paulo;Município de São Paulo;False;BRANCA
10591;3518404.0;Guaratinguetá;Taubaté;False;BRANCA
10592;3550308.0;São Paulo;Município de São Paulo;False;BRANCA
10593;3507605.0;Bragança Paulista;Campinas;False;BRANCA
10594;3505500.0;Barretos;Barretos;False;BRANCA
10595;3550407.0;São Pedro;Piracicaba;False;BRANCA
10596;3517406.0;Guaíra;Barretos;False;BRANCA
10597;3548500.0;Santos;Baixada Santista;False;BRANCA
10598;3548005.0;Santo Antônio de Posse;Campinas;False;PARDA
10599;3550308.0;São Paulo;Município de São Paulo;False;IGNORADO
10600;3505609.0;Barrinha;Ribeirão Preto;False;BRANCA
10601;3534401.0;Osasco;Grande SP Oeste;False;
10602;3534401.0;Osasco;Grande SP Oeste;True;IGNORADO
10603;3550308.0;São Paulo;Município de São Paulo;False;BRANCA
10604;3550308.0;São Paulo;Município de São Paulo;False;PARDA
10605;3550308.0;São Paulo;Município de São Paulo;False;
10606;3548807.0;São Caetano do Sul;Grande SP Sudeste;False;PARDA
10607;3550308.0;São Paulo;Município de São Paulo;False;PARDA
10608;3516309.0;Francisco Morato;Grande SP Norte;False;PARDA
10609;3557105.0;Votuporanga;São José do Rio Preto;False;BRANCA
10610;3541406.0;Presidente Prudente;Presidente Prudente;False;BRANCA
10611;3547700.0;Santo Anastácio;Presidente Prudente;False;BRANCA
10612;3526902.0;Limeira;Piracicaba;False;BRANCA
10613;3506003.0;Bauru;Bauru;False;BRANCA
10614;3513801.0;Diadema;Grande SP Sudeste;False;NONE
10615;3509502.0;Campinas;Campinas;False;IGNORADO
10616;3549805.0;São José do Rio Preto;São José do Rio Preto;False;BRANCA
10617;3527207.0;Lorena;Taubaté;False;BRANCA
10618;3548203.0;Santo Antônio do Pinhal;Taubaté;False;BRANCA
10619;3550308.0;São Paulo;Município de São Paulo;False;PARDA
10620;3512209.0;Conchal;Piracicaba;False;BRANCA
10621;3509502.0;Campinas;Campinas;False;PARDA
10622;3553955.0;Tarumã;Marília;False;AMARELA
10623;3548500.0;Santos;Baixada Santista;False;PARDA
10624;3550308.0;São Paulo;Município de São Paulo;False;BRANCA
10625;3542800.0;Ribeira;Sorocaba;False;PARDA
10626;3550308.0;São Paulo;Município de São Paulo;False;BRANCA
