55031;3547809.0;Santo André;Grande SP Sudeste;False;BRANCA
55032;3538709.0;Piracicaba;Piracicaba;False;BRANCA
55033;3532504.0;Neves Paulista;São José do Rio Preto;False;BRANCA
55034;3511102.0;Catanduva;São José do Rio Preto;False;BRANCA
55035;3509502.0;Campinas;Campinas;False;BRANCA
55036;3550308.0;São Paulo;Município de São Paulo;False;PARDA
55037;3555406.0;Ubatuba;Taubaté;False;AMARELA
55038;3551702.0;Sertãozinho;Ribeirão Preto;False;BRANCA
55039;3543402.0;Ribeirão Preto;Ribeirão Preto;False;BRANCA
55040;3548906.0;São Carlos;Araraquara;False;IGNORADO
55041;3549904.0;São José dos Campos;Taubaté;False;BRANCA
55042;3513801.0;Diadema;Grande SP Sudeste;False;BRANCA
55043;3550308.0;São Paulo;Município de São Paulo;False;AMARELA
55044;3539806.0;Poá;Grande SP Leste;False;BRANCA
55045;3549904.0;São José dos Campos;Taubaté;False;NONE
55046;3505302.0;Barra Bonita;Bauru;False;BRANCA
55047;3509502.0;Campinas;Campinas;False;BRANCA
55048;3510609.0;Carapicuíba;Grande SP Oeste;False;
55049;3543402.0;Ribeirão Preto;Ribeirão Preto;False;IGNORADO
55050;3552809.0;Taboão da Serra;Grande SP Sudoeste;False;
55051;3543402.0;Ribeirão Preto;Ribeirão Preto;False;BRANCA
55052;3526704.0;Leme;Piracicaba;False;BRANCA
55053;3552809.0;Taboão da Serra;Grande SP Sudoeste;False;NONE
55054;3550308.0;São Paulo;Município de São Paulo;False;IGNORADO
55055;3541406.0;Presidente Prudente;Presidente Prudente;False;BRANCA
55056;3539301.0;Pirassununga;Piracicaba;False;BRANCA
55057;3510609.0;Carapicuíba;Grande SP Oeste;False;PRETA
55058;3550308.0;São Paulo;Município de São Paulo;False;PRETA
55059;3550308.0;São Paulo;Município de São Paulo;False;BRANCA
55060;3550308.0;São Paulo;Município de São Paulo;False;PRETA
55061;3548500.0;Santos;Baixada Santista;False;PARDA
55062;3530706.0;Mogi Guaçu;São João da Boa Vista;False;AMARELA
55063;3550308.0;São Paulo;Município de São Paulo;False;BRANCA
55064;3525904.0;Jundiaí;Campinas;False;BRANCA
55065;3552502.0;Suzano;Grande SP Leste;False;PARDA
55066;3514403.0;Dracena;Presidente Prudente;False;BRANCA
55067;3550308.0;São Paulo;Município de São Paulo;False;IGNORADO
55068;3550308.0;São Paulo;Município de São Paulo;False;BRANCA
55069;3534401.0;Osasco;Grande SP Oeste;False;IGNORADO
55070;3538907.0;Pirajuí;Bauru;False;BRANCA
55071;3550308.0;São Paulo;Município de São Paulo;False;BRANCA
55072;3505906.0;Batatais;Ribeirão Preto;False;BRANCA
55073;3547809.0;Santo André;Grande SP Sudeste;False;PRETA
55074;3549805.0;São José do Rio Preto;São José do Rio Preto;False;BRANCA
55075;3503208.0;Araraquara;Araraquara;False;IGNORADO
55076;3529005.0;Marília;Marília;False;BRANCA
55077;3550308.0;São Paulo;Município de São Paulo;False;PARDA
55078;3529005.0;Marília;Marília;False;BRANCA
55079;3550308.0;São Paulo;Município de São Paulo;False;BRANCA
55080;3505500.0;Barretos;Barretos;False;BRANCA
55081;3550308.0;São Paulo;Município de São Paulo;False;BRANCA
55082;3516309.0;Francisco Morato;Grande SP Norte;False;PRETA
55083;3543402.0;Ribeirão Preto;Ribeirão Preto;False;PARDA
55084;3549904.0;São José dos Campos;Taubaté;False;PARDA
55085;3548500.0;Santos;Baixada Santista;False;PARDA
55086;3550308.0;São Paulo;Município de São Paulo;False;NONE
55087;3529401.0;Mauá;Grande SP Sudeste;False;BRANCA
55088;3552205.0;Sorocaba;Sorocaba;False;BRANCA
55089;3538709.0;Piracicaba;Piracicaba;False;BRANCA
55090;3550308.0;São Paulo;Município de São Paulo;False;PARDA
55091;3543402.0;Ribeirão Preto;Ribeirão Preto;False;IGNORADO
55092;3518206.0;Guararapes;Araçatuba;False;BRANCA
55093;3509502.0;Campinas;Campinas;False;BRANCA
55094;3509502.0;Campinas;Campinas;False;BRANCA
55095;3550308.0;São Paulo;Município de São Paulo;False;PARDA
55096;3529708.0;Miguelópolis;Franca;False;PARDA
55097;3538907.0;Pirajuí;Bauru;False;BRANCA
55098;3537800.0;Piedade;Sorocaba;False;BRANCA
55099;3515004.0;Embu das Artes;Grande SP Sudoeste;False;NONE
55100;3548708.0;São Bernardo do Campo;Grande SP Sudeste;False;IGNORADO
55101;3550308.0;São Paulo;Município de São Paulo;False;PRETA
55102;3550308.0;São Paulo;Município de São Paulo;False;PARDA
55103;3548500.0;Santos;Baixada Santista;False;IGNORADO
55104;3550308.0;São Paulo;Município de São Paulo;False;NONE
55105;3518701.0;Guarujá;Baixada Santista;False;PARDA
55106;3503901.0;Arujá;Grande SP Leste;False;BRANCA
55107;3547809.0;Santo André;Grande SP Sudeste;False;IGNORADO
55108;3503208.0;Araraquara;Araraquara;False;IGNORADO
55109;3550308.0;São Paulo;Município de São Paulo;False;IGNORADO
55110;3550308.0;São Paulo;Município de São Paulo;False;BRANCA
55111;3550308.0;São Paulo;Município de São Paulo;False;PARDA
55112;3506003.0;Bauru;Bauru;False;BRANCA
55113;3534401.0;Osasco;Grande SP Oeste;False;BRANCA
55114;3550308.0;São Paulo;Município de São Paulo;False;PARDA
55115;3550308.0;São Paulo;Município de São Paulo;False;BRANCA
55116;3504107.0;Atibaia;Campinas;False;IGNORADO
55117;3538709.0;Piracicaba;Piracicaba;False;NONE
55118;3506003.0;Bauru;Bauru;False;PARDA
55119;3509502.0;Campinas;Campinas;False;PARDA
55120;3538709.0;Piracicaba;Piracicaba;False;BRANCA
55121;3550308.0;São Paulo;Município de São Paulo;False;IGNORADO
55122;3506003.0;Bauru;Bauru;False;BRANCA
55123;3549904.0;São José dos Campos;Taubaté;False;IGNORADO
55124;3550308.0;São Paulo;Município de São Paulo;False;PARDA
55125;3550308.0;São Paulo;Município de São Paulo;False;BRANCA
55126;3553401.0;Tanabi;São José do Rio Preto;False;BRANCA
55127;3548500.0;Santos;Baixada Santista;False;BRANCA
55128;3543402.0;Ribeirão Preto;Ribeirão Preto;False;BRANCA
55129;3525904.0;Jundiaí;Campinas;False;BRANCA
55130;3518701.0;Guarujá;Baixada Santista;False;PARDA
55131;3534401.0;Osasco;Grande SP Oeste;False;PARDA
55132;3549904.0;São José dos Campos;Taubaté;False;BRANCA
55133;3550308.0;São Paulo;Município de São Paulo;False;PARDA
55134;3545209.0;Salto;Sorocaba;False;BRANCA
55135;3550308.0;São Paulo;Município de São Paulo;False;BRANCA
55136;3513801.0;Diadema;Grande SP Sudeste;False;BRANCA
55137;3556305.0;Valparaíso;Araçatuba;False;BRANCA
55138;3550308.0;São Paulo;Município de São Paulo;False;BRANCA
55139;3550308.0;São Paulo;Município de São Paulo;False;NONE
55140;3501608.0;Americana;Campinas;False;PARDA
55141;3550308.0;São Paulo;Município de São Paulo;False;PARDA
55142;3505708.0;Barueri;Grande SP Oeste;False;IGNORADO
55143;3506508.0;Birigui;Araçatuba;False;BRANCA
55144;3557105.0;Votuporanga;São José do Rio Preto;False;BRANCA
55145;3550308.0;São Paulo;Município de São Paulo;False;PARDA
55146;3515509.0;Fernandópolis;São José do Rio Preto;False;BRANCA
55147;3527108.0;Lins;Bauru;False;BRANCA
55148;3506508.0;Birigui;Araçatuba;False;BRANCA
55149;3539301.0;Pirassununga;Piracicaba;False;BRANCA
55150;3522406.0;Itapeva;Sorocaba;False;IGNORADO
55151;3552205.0;Sorocaba;Sorocaba;False;BRANCA
55152;3522208.0;Itapecerica da Serra;Grande SP Sudoeste;False;BRANCA
55153;3550308.0;São Paulo;Município de São Paulo;False;BRANCA
55154;3550308.0;São Paulo;Município de São Paulo;False;BRANCA
55155;3512407.0;Cordeirópolis;Piracicaba;False;PARDA
55156;3548500.0;Santos;Baixada Santista;False;BRANCA
55157;3550308.0;São Paulo;Município de São Paulo;False;PARDA
55158;3543402.0;Ribeirão Preto;Ribeirão Preto;False;AMARELA
55159;3542404.0;Regente Feijó;Presidente Prudente;False;BRANCA
55160;3552205.0;Sorocaba;Sorocaba;False;BRANCA
55161;3511607.0;Cesário Lange;Sorocaba;False;BRANCA
55162;3506003.0;Bauru;Bauru;False;IGNORADO
55163;3550308.0;São Paulo;Município de São Paulo;False;BRANCA
55164;3550704.0;São Sebastião;Taubaté;False;BRANCA
55165;3504008.0;Assis;Marília;False;BRANCA
55166;3537800.0;Piedade;Sorocaba;False;BRANCA
55167;3550308.0;São Paulo;Município de São Paulo;False;BRANCA
55168;3529401.0;Mauá;Grande SP Sudeste;False;BRANCA
55169;3547809.0;Santo André;Grande SP Sudeste;False;IGNORADO
55170;3506003.0;Bauru;Bauru;False;BRANCA
55171;3513504.0;Cubatão;Baixada Santista;False;BRANCA
55172;3550308.0;São Paulo;Município de São Paulo;False;AMARELA
55173;3506003.0;Bauru;Bauru;False;PARDA
55174;3507506.0;Botucatu;Bauru;False;BRANCA
55175;3550308.0;São Paulo;Município de São Paulo;False;PARDA
