38306;3509502.0;Campinas;Campinas;False;AMARELA
38307;3547304.0;Santana de Parnaíba;Grande SP Oeste;False;
38308;3550308.0;São Paulo;Município de São Paulo;False;PARDA
38309;3550308.0;São Paulo;Município de São Paulo;False;BRANCA
38310;3550308.0;São Paulo;Município de São Paulo;False;PARDA
38311;3545803.0;Santa Bárbara d'Oeste;Campinas;False;PARDA
38312;3518800.0;Guarulhos;Grande SP Leste;False;IGNORADO
38313;3549904.0;São José dos Campos;Taubaté;False;IGNORADO
38314;3518800.0;Guarulhos;Grande SP Leste;False;BRANCA
38315;3550308.0;São Paulo;Município de São Paulo;False;BRANCA
38316;3547809.0;Santo André;Grande SP Sudeste;False;PARDA
38317;3539806.0;Poá;Grande SP Leste;False;PRETA
38318;3529401.0;Mauá;Grande SP Sudeste;False;PARDA
38319;3550308.0;São Paulo;Município de São Paulo;False;BRANCA
38320;3550308.0;São Paulo;Município de São Paulo;False;PARDA
38321;3513504.0;Cubatão;Baixada Santista;False;PRETA
38322;3549953.0;São Lourenço da Serra;Grande SP Sudoeste;False;BRANCA
38323;3550308.0;São Paulo;Município de São Paulo;False;PRETA
38324;3550308.0;São Paulo;Município de São Paulo;False;BRANCA
38325;3549904.0;São José dos Campos;Taubaté;False;BRANCA
38326;3543907.0;Rio Claro;Piracicaba;False;BRANCA
38327;3550308.0;São Paulo;Município de São Paulo;False;BRANCA
38328;3516408.0;Franco da Rocha;Grande SP Norte;False;PARDA
38329;3549904.0;São José dos Campos;Taubaté;False;IGNORADO
38330;3514403.0;Dracena;Presidente Prudente;False;BRANCA
38331;3541406.0;Presidente Prudente;Presidente Prudente;False;PARDA
38332;3530706.0;Mogi Guaçu;São João da Boa Vista;False;BRANCA
38333;3550308.0;São Paulo;Município de São Paulo;False;BRANCA
38334;3518503.0;Guareí;Sorocaba;False;BRANCA
38335;3504107.0;Atibaia;Campinas;False;BRANCA
38336;3550308.0;São Paulo;Município de São Paulo;False;BRANCA
38337;3550308.0;São Paulo;Município de São Paulo;False;BRANCA
38338;3524006.0;Itupeva;Campinas;False;AMARELA
38339;3550308.0;São Paulo;Município de São Paulo;False;PARDA
38340;3512803.0;Cosmópolis;Campinas;False;PARDA
38341;3550308.0;São Paulo;Município de São Paulo;False;BRANCA
38342;3527306.0;Louveira;Campinas;False;BRANCA
38343;3505708.0;Barueri;Grande SP Oeste;False;BRANCA
38344;3534005.0;Onda Verde;São José do Rio Preto;False;BRANCA
38345;3549904.0;São José dos Campos;Taubaté;False;BRANCA
38346;3547809.0;Santo André;Grande SP Sudeste;False;BRANCA
38347;3550308.0;São Paulo;Município de São Paulo;False;BRANCA
38348;3550308.0;São Paulo;Município de São Paulo;False;BRANCA
38349;3550308.0;São Paulo;Município de São Paulo;False;PARDA
38350;3524808.0;Jales;São José do Rio Preto;False;PARDA
38351;3550308.0;São Paulo;Município de São Paulo;False;PARDA
38352;3550308.0;São Paulo;Município de São Paulo;False;IGNORADO
38353;3516200.0;Franca;Franca;False;BRANCA
38354;3509502.0;Campinas;Campinas;False;BRANCA
38355;3550308.0;São Paulo;Município de São Paulo;False;PARDA
38356;3530607.0;Mogi das Cruzes;Grande SP Leste;True;BRANCA
38357;3550308.0;São Paulo;Município de São Paulo;False;
38358;3552403.0;Sumaré;Campinas;True;BRANCA
38359;3550308.0;São Paulo;Município de São Paulo;False;BRANCA
38360;3509502.0;Campinas;Campinas;False;AMARELA
38361;3550308.0;São Paulo;Município de São Paulo;False;PARDA
38362;3525003.0;Jandira;Grande SP Oeste;True;BRANCA
38363;3538709.0;Piracicaba;Piracicaba;False;BRANCA
38364;3546207.0;Santa Cruz da Conceição;Piracicaba;False;BRANCA
38365;3549805.0;São José do Rio Preto;São José do Rio Preto;False;BRANCA
38366;3503208.0;Araraquara;Araraquara;False;BRANCA
38367;3538709.0;Piracicaba;Piracicaba;False;BRANCA
38368;3518800.0;Guarulhos;Grande SP Leste;False;PARDA
38369;3545803.0;Santa Bárbara d'Oeste;Campinas;False;BRANCA
38370;3550308.0;São Paulo;Município de São Paulo;False;PARDA
38371;3506003.0;Bauru;Bauru;False;BRANCA
38372;3509502.0;Campinas;Campinas;False;IGNORADO
38373;3547304.0;Santana de Parnaíba;Grande SP Oeste;False;PARDA
38374;3509502.0;Campinas;Campinas;False;PARDA
38375;3550308.0;São Paulo;Município de São Paulo;False;PARDA
38376;3550308.0;São Paulo;Município de São Paulo;False;BRANCA
38377;3501707.0;Américo Brasiliense;Araraquara;False;IGNORADO
38378;3538709.0;Piracicaba;Piracicaba;False;BRANCA
38379;3556503.0;Várzea Paulista;Campinas;False;PARDA
38380;3552502.0;Suzano;Grande SP Leste;False;PARDA
38381;3536505.0;Paulínia;Campinas;False;BRANCA
38382;3549805.0;São José do Rio Preto;São José do Rio Preto;False;BRANCA
38383;3518909.0;Guzolândia;Araçatuba;False;BRANCA
38384;3515509.0;Fernandópolis;São José do Rio Preto;False;BRANCA
38385;3523404.0;Itatiba;Campinas;False;BRANCA
38386;3512902.0;Cosmorama;São José do Rio Preto;False;BRANCA
38387;3550308.0;São Paulo;Município de São Paulo;False;PARDA
38388;3522406.0;Itapeva;Sorocaba;False;AMARELA
38389;3543402.0;Ribeirão Preto;Ribeirão Preto;False;BRANCA
38390;3509254.0;Cajati;Registro;False;BRANCA
38391;3529906.0;Miracatu;Registro;False;PRETA
38392;3509007.0;Caieiras;Grande SP Norte;False;NONE
38393;3506003.0;Bauru;Bauru;True;BRANCA
38394;3550308.0;São Paulo;Município de São Paulo;False;BRANCA
38395;3523404.0;Itatiba;Campinas;False;BRANCA
38396;3518800.0;Guarulhos;Grande SP Leste;False;PARDA
38397;3538709.0;Piracicaba;Piracicaba;False;BRANCA
38398;3522109.0;Itanhaém;Baixada Santista;False;BRANCA
38399;3513009.0;Cotia;Grande SP Sudoeste;False;AMARELA
38400;3551702.0;Sertãozinho;Ribeirão Preto;False;AMARELA
38401;3551702.0;Sertãozinho;Ribeirão Preto;False;BRANCA
38402;3502705.0;Apiaí;Sorocaba;False;PARDA
38403;3524808.0;Jales;São José do Rio Preto;False;BRANCA
38404;3552502.0;Suzano;Grande SP Leste;False;AMARELA
38405;3554102.0;Taubaté;Taubaté;False;BRANCA
38406;3550308.0;São Paulo;Município de São Paulo;False;
38407;3509502.0;Campinas;Campinas;False;BRANCA
38408;3518800.0;Guarulhos;Grande SP Leste;False;BRANCA
38409;3506359.0;Bertioga;Baixada Santista;False;PARDA
38410;3548708.0;São Bernardo do Campo;Grande SP Sudeste;False;BRANCA
38411;3550308.0;São Paulo;Município de São Paulo;False;BRANCA
38412;3550308.0;São Paulo;Município de São Paulo;False;
38413;3523701.0;Itirapuã;Franca;False;BRANCA
38414;3503406.0;Arealva;Bauru;False;BRANCA
38415;3550308.0;São Paulo;Município de São Paulo;False;PARDA
38416;3528502.0;Mairiporã;Grande SP Norte;True;IGNORADO
38417;3550308.0;São Paulo;Município de São Paulo;False;PARDA
38418;3550308.0;São Paulo;Município de São Paulo;False;IGNORADO
38419;3550308.0;São Paulo;Município de São Paulo;True;IGNORADO
38420;3526803.0;Lençóis Paulista;Bauru;False;BRANCA
38421;3550308.0;São Paulo;Município de São Paulo;False;BRANCA
38422;3543402.0;Ribeirão Preto;Ribeirão Preto;False;IGNORADO
38423;3555406.0;Ubatuba;Taubaté;False;PARDA
38424;3518800.0;Guarulhos;Grande SP Leste;False;BRANCA
38425;3549904.0;São José dos Campos;Taubaté;False;IGNORADO
38426;3550308.0;São Paulo;Município de São Paulo;False;PARDA
38427;3510609.0;Carapicuíba;Grande SP Oeste;False;BRANCA
38428;3552809.0;Taboão da Serra;Grande SP Sudoeste;False;PARDA
38429;3549805.0;São José do Rio Preto;São José do Rio Preto;False;BRANCA
38430;3550308.0;São Paulo;Município de São Paulo;False;PARDA
38431;3520400.0;Ilhabela;Taubaté;False;BRANCA
38432;3513801.0;Diadema;Grande SP Sudeste;False;PARDA
38433;3550308.0;São Paulo;Município de São Paulo;False;BRANCA
38434;3550308.0;São Paulo;Município de São Paulo;False;BRANCA
38435;3550308.0;São Paulo;Município de São Paulo;False;PARDA
38436;3552403.0;Sumaré;Campinas;False;PARDA
38437;3550308.0;São Paulo;Município de São Paulo;True;PARDA
38438;3525201.0;Jarinu;Campinas;False;BRANCA
38439;3550308.0;São Paulo;Município de São Paulo;False;INDIGENA
38440;3550308.0;São Paulo;Município de São Paulo;False;
38441;3506003.0;Bauru;Bauru;False;PARDA
38442;3552502.0;Suzano;Grande SP Leste;False;BRANCA
38443;3550308.0;São Paulo;Município de São Paulo;False;PARDA
38444;3552809.0;Taboão da Serra;Grande SP Sudoeste;False;
38445;3550308.0;São Paulo;Município de São Paulo;False;PARDA
38446;3550308.0;São Paulo;Município de São Paulo;False;PARDA
38447;3550308.0;São Paulo;Município de São Paulo;False;PARDA
