32424;3551702.0;Sertãozinho;Ribeirão Preto;False;BRANCA
32425;3551702.0;Sertãozinho;Ribeirão Preto;False;IGNORADO
32426;3529401.0;Mauá;Grande SP Sudeste;False;BRANCA
32427;3509502.0;Campinas;Campinas;False;BRANCA
32428;3550308.0;São Paulo;Município de São Paulo;False;PRETA
32429;3506508.0;Birigui;Araçatuba;False;BRANCA
32430;3550308.0;São Paulo;Município de São Paulo;False;BRANCA
32431;3551702.0;Sertãozinho;Ribeirão Preto;False;IGNORADO
32432;3524501.0;Jaci;São José do Rio Preto;False;BRANCA
32433;3557105.0;Votuporanga;São José do Rio Preto;False;BRANCA
32434;3550308.0;São Paulo;Município de São Paulo;False;AMARELA
32435;3548708.0;São Bernardo do Campo;Grande SP Sudeste;False;BRANCA
32436;3501608.0;Americana;Campinas;False;BRANCA
32437;3509502.0;Campinas;Campinas;False;BRANCA
32438;3550308.0;São Paulo;Município de São Paulo;False;PARDA
32439;3520509.0;Indaiatuba;Campinas;False;AMARELA
32440;3543402.0;Ribeirão Preto;Ribeirão Preto;False;BRANCA
32441;3519105.0;Iacanga;Bauru;False;BRANCA
32442;3552502.0;Suzano;Grande SP Leste;False;
32443;3512605.0;Coronel Macedo;Bauru;True;BRANCA
32444;3540200.0;Pontal;Ribeirão Preto;False;BRANCA
32445;3520509.0;Indaiatuba;Campinas;False;BRANCA
32446;3525904.0;Jundiaí;Campinas;False;BRANCA
32447;3550308.0;São Paulo;Município de São Paulo;False;BRANCA
32448;3513504.0;Cubatão;Baixada Santista;False;PRETA
32449;3549805.0;São José do Rio Preto;São José do Rio Preto;False;BRANCA
32450;3550308.0;São Paulo;Município de São Paulo;False;PARDA
32451;3520400.0;Ilhabela;Taubaté;False;PARDA
32452;3513504.0;Cubatão;Baixada Santista;False;AMARELA
32453;3550308.0;São Paulo;Município de São Paulo;False;PARDA
32454;3547809.0;Santo André;Grande SP Sudeste;False;IGNORADO
32455;3550308.0;São Paulo;Município de São Paulo;False;NONE
32456;3548500.0;Santos;Baixada Santista;False;IGNORADO
32457;3508504.0;Caçapava;Taubaté;False;BRANCA
32458;3503307.0;Araras;Piracicaba;False;BRANCA
32459;3550308.0;São Paulo;Município de São Paulo;False;BRANCA
32460;3549904.0;São José dos Campos;Taubaté;False;BRANCA
32461;3520400.0;Ilhabela;Taubaté;False;BRANCA
32462;3550308.0;São Paulo;Município de São Paulo;False;PARDA
32463;3550308.0;São Paulo;Município de São Paulo;False;BRANCA
32464;3552205.0;Sorocaba;Sorocaba;False;BRANCA
32465;3518800.0;Guarulhos;Grande SP Leste;False;
32466;3524402.0;Jacareí;Taubaté;False;IGNORADO
32467;3555406.0;Ubatuba;Taubaté;False;AMARELA
32468;3548500.0;Santos;Baixada Santista;False;IGNORADO
32469;3549102.0;São João da Boa Vista;São João da Boa Vista;False;BRANCA
32470;3513009.0;Cotia;Grande SP Sudoeste;False;BRANCA
32471;3518800.0;Guarulhos;Grande SP Leste;False;BRANCA
32472;3550308.0;São Paulo;Município de São Paulo;False;IGNORADO
32473;3550308.0;São Paulo;Município de São Paulo;False;NONE
32474;3550308.0;São Paulo;Município de São Paulo;False;BRANCA
32475;3509502.0;Campinas;Campinas;False;BRANCA
32476;3519600.0;Ibitinga;Araraquara;False;BRANCA
32477;3543402.0;Ribeirão Preto;Ribeirão Preto;False;BRANCA
32478;3550308.0;São Paulo;Município de São Paulo;False;BRANCA
32479;3548708.0;São Bernardo do Campo;Grande SP Sudeste;False;BRANCA
32480;3509502.0;Campinas;Campinas;False;BRANCA
32481;3550308.0;São Paulo;Município de São Paulo;False;PARDA
32482;3530607.0;Mogi das Cruzes;Grande SP Leste;False;BRANCA
32483;3550308.0;São Paulo;Município de São Paulo;False;BRANCA
32484;3550308.0;São Paulo;Município de São Paulo;False;BRANCA
32485;3543907.0;Rio Claro;Piracicaba;False;BRANCA
32486;3503802.0;Artur Nogueira;Campinas;False;BRANCA
32487;3525300.0;Jaú;Bauru;False;PARDA
32488;3510609.0;Carapicuíba;Grande SP Oeste;False;IGNORADO
32489;3550308.0;São Paulo;Município de São Paulo;False;AMARELA
32490;3550308.0;São Paulo;Município de São Paulo;False;PRETA
32491;3550308.0;São Paulo;Município de São Paulo;False;BRANCA
32492;3539400.0;Piratininga;Bauru;False;BRANCA
32493;3510609.0;Carapicuíba;Grande SP Oeste;False;
32494;3501608.0;Americana;Campinas;False;BRANCA
32495;3508108.0;Buritama;Araçatuba;False;BRANCA
32496;3545803.0;Santa Bárbara d'Oeste;Campinas;False;BRANCA
32497;3550308.0;São Paulo;Município de São Paulo;False;PARDA
32498;3523107.0;Itaquaquecetuba;Grande SP Leste;False;PARDA
32499;3550308.0;São Paulo;Município de São Paulo;False;BRANCA
32500;3550308.0;São Paulo;Município de São Paulo;False;NONE
32501;3550308.0;São Paulo;Município de São Paulo;False;PARDA
32502;3513009.0;Cotia;Grande SP Sudoeste;False;PARDA
32503;3509502.0;Campinas;Campinas;False;PARDA
32504;3548500.0;Santos;Baixada Santista;False;BRANCA
32505;3518800.0;Guarulhos;Grande SP Leste;False;BRANCA
32506;3550308.0;São Paulo;Município de São Paulo;False;NONE
32507;3546801.0;Santa Isabel;Grande SP Leste;False;BRANCA
32508;3504107.0;Atibaia;Campinas;False;BRANCA
32509;3525904.0;Jundiaí;Campinas;False;BRANCA
32510;3550308.0;São Paulo;Município de São Paulo;False;BRANCA
32511;3548708.0;São Bernardo do Campo;Grande SP Sudeste;False;PRETA
32512;3550308.0;São Paulo;Município de São Paulo;False;IGNORADO
32513;3510609.0;Carapicuíba;Grande SP Oeste;False;BRANCA
32514;3550308.0;São Paulo;Município de São Paulo;False;NONE
32515;3511102.0;Catanduva;São José do Rio Preto;False;BRANCA
32516;3516309.0;Francisco Morato;Grande SP Norte;False;BRANCA
32517;3520509.0;Indaiatuba;Campinas;False;BRANCA
32518;3507506.0;Botucatu;Bauru;False;BRANCA
32519;3550308.0;São Paulo;Município de São Paulo;False;BRANCA
32520;3547809.0;Santo André;Grande SP Sudeste;False;NONE
32521;3549904.0;São José dos Campos;Taubaté;False;IGNORADO
32522;3510401.0;Capivari;Piracicaba;False;BRANCA
32523;3557105.0;Votuporanga;São José do Rio Preto;False;BRANCA
32524;3522208.0;Itapecerica da Serra;Grande SP Sudoeste;False;PARDA
32525;3547304.0;Santana de Parnaíba;Grande SP Oeste;False;BRANCA
32526;3534708.0;Ourinhos;Marília;False;BRANCA
32527;3518701.0;Guarujá;Baixada Santista;False;PARDA
32528;3550308.0;São Paulo;Município de São Paulo;False;
32529;3503307.0;Araras;Piracicaba;False;IGNORADO
32530;3548500.0;Santos;Baixada Santista;False;PRETA
32531;3510500.0;Caraguatatuba;Taubaté;False;BRANCA
32532;3551009.0;São Vicente;Baixada Santista;False;AMARELA
32533;3550308.0;São Paulo;Município de São Paulo;False;BRANCA
32534;3533403.0;Nova Odessa;Campinas;False;IGNORADO
32535;3556206.0;Valinhos;Campinas;False;BRANCA
32536;3550308.0;São Paulo;Município de São Paulo;False;BRANCA
32537;3505708.0;Barueri;Grande SP Oeste;False;BRANCA
32538;3550308.0;São Paulo;Município de São Paulo;False;PARDA
32539;3550308.0;São Paulo;Município de São Paulo;False;BRANCA
32540;3550308.0;São Paulo;Município de São Paulo;False;PARDA
32541;3552403.0;Sumaré;Campinas;False;AMARELA
32542;3525904.0;Jundiaí;Campinas;False;BRANCA
32543;3525904.0;Jundiaí;Campinas;False;IGNORADO
32544;3533403.0;Nova Odessa;Campinas;False;BRANCA
32545;3550308.0;São Paulo;Município de São Paulo;False;NONE
32546;3550308.0;São Paulo;Município de São Paulo;False;IGNORADO
32547;3550308.0;São Paulo;Município de São Paulo;False;BRANCA
32548;3523602.0;Itirapina;Piracicaba;False;BRANCA
32549;3551009.0;São Vicente;Baixada Santista;False;PARDA
32550;3528502.0;Mairiporã;Grande SP Norte;False;BRANCA
32551;3549904.0;São José dos Campos;Taubaté;False;BRANCA
32552;3550308.0;São Paulo;Município de São Paulo;False;IGNORADO
32553;3552205.0;Sorocaba;Sorocaba;False;BRANCA
32554;3506508.0;Birigui;Araçatuba;False;IGNORADO
32555;3537602.0;Peruíbe;Baixada Santista;False;BRANCA
32556;3538709.0;Piracicaba;Piracicaba;False;BRANCA
32557;3526902.0;Limeira;Piracicaba;False;BRANCA
32558;3550308.0;São Paulo;Município de São Paulo;False;PARDA
32559;3527603.0;Luís Antônio;Ribeirão Preto;False;PRETA
32560;3509502.0;Campinas;Campinas;False;BRANCA
32561;3548708.0;São Bernardo do Campo;Grande SP Sudeste;False;BRANCA
32562;3550308.0;São Paulo;Município de São Paulo;False;BRANCA
32563;3518800.0;Guarulhos;Grande SP Leste;False;BRANCA
32564;3513801.0;Diadema;Grande SP Sudeste;False;BRANCA
32565;3521002.0;Iperó;Sorocaba;False;BRANCA
32566;3549805.0;São José do Rio Preto;São José do Rio Preto;False;PARDA
32567;3550308.0;São Paulo;Município de São Paulo;False;BRANCA
