47611;3522703.0;Itápolis;Araraquara;False;AMARELA
47612;3548708.0;São Bernardo do Campo;Grande SP Sudeste;False;BRANCA
47613;3509601.0;Campo Limpo Paulista;Campinas;False;PARDA
47614;3523909.0;Itu;Sorocaba;False;BRANCA
47615;3506003.0;Bauru;Bauru;False;BRANCA
47616;3550308.0;São Paulo;Município de São Paulo;False;IGNORADO
47617;3534401.0;Osasco;Grande SP Oeste;False;BRANCA
47618;3505500.0;Barretos;Barretos;False;BRANCA
47619;3534708.0;Ourinhos;Marília;False;BRANCA
47620;3505708.0;Barueri;Grande SP Oeste;False;PARDA
47621;3537602.0;Peruíbe;Baixada Santista;False;BRANCA
47622;3550308.0;São Paulo;Município de São Paulo;False;NONE
47623;3543402.0;Ribeirão Preto;Ribeirão Preto;False;NONE
47624;3509502.0;Campinas;Campinas;True;BRANCA
47625;3503208.0;Araraquara;Araraquara;False;BRANCA
47626;3548708.0;São Bernardo do Campo;Grande SP Sudeste;True;BRANCA
47627;3550308.0;São Paulo;Município de São Paulo;False;BRANCA
47628;3544103.0;Rio Grande da Serra;Grande SP Sudeste;False;BRANCA
47629;3530409.0;Mirassolândia;São José do Rio Preto;False;BRANCA
47630;3506003.0;Bauru;Bauru;False;BRANCA
47631;3536505.0;Paulínia;Campinas;False;BRANCA
47632;3549102.0;São João da Boa Vista;São João da Boa Vista;False;BRANCA
47633;3509502.0;Campinas;Campinas;False;PARDA
47634;3513801.0;Diadema;Grande SP Sudeste;False;BRANCA
47635;3550308.0;São Paulo;Município de São Paulo;False;
47636;3509502.0;Campinas;Campinas;False;BRANCA
47637;3519071.0;Hortolândia;Campinas;False;AMARELA
47638;3527108.0;Lins;Bauru;False;BRANCA
47639;3533403.0;Nova Odessa;Campinas;False;BRANCA
47640;3544608.0;Sabino;Bauru;False;BRANCA
47641;3550308.0;São Paulo;Município de São Paulo;False;NONE
47642;3526704.0;Leme;Piracicaba;False;BRANCA
47643;3520400.0;Ilhabela;Taubaté;False;PARDA
47644;3534708.0;Ourinhos;Marília;False;BRANCA
47645;3526704.0;Leme;Piracicaba;False;BRANCA
47646;3522604.0;Itapira;São João da Boa Vista;False;BRANCA
47647;3538709.0;Piracicaba;Piracicaba;False;AMARELA
47648;3509007.0;Caieiras;Grande SP Norte;False;IGNORADO
47649;3548500.0;Santos;Baixada Santista;False;PARDA
47650;3541307.0;Presidente Epitácio;Presidente Prudente;False;PARDA
47651;3552205.0;Sorocaba;Sorocaba;False;PARDA
47652;3550308.0;São Paulo;Município de São Paulo;False;PARDA
47653;3518800.0;Guarulhos;Grande SP Leste;False;PARDA
47654;3550308.0;São Paulo;Município de São Paulo;False;BRANCA
47655;3550308.0;São Paulo;Município de São Paulo;False;BRANCA
47656;3550308.0;São Paulo;Município de São Paulo;False;
47657;3543303.0;Ribeirão Pires;Grande SP Sudeste;False;BRANCA
47658;3550308.0;São Paulo;Município de São Paulo;False;NONE
47659;3524402.0;Jacareí;Taubaté;False;BRANCA
47660;3526803.0;Lençóis Paulista;Bauru;False;AMARELA
47661;3523909.0;Itu;Sorocaba;False;IGNORADO
47662;3543402.0;Ribeirão Preto;Ribeirão Preto;False;BRANCA
47663;3550308.0;São Paulo;Município de São Paulo;False;BRANCA
47664;3550308.0;São Paulo;Município de São Paulo;False;BRANCA
47665;3550308.0;São Paulo;Município de São Paulo;False;BRANCA
47666;3548708.0;São Bernardo do Campo;Grande SP Sudeste;False;NONE
47667;3512308.0;Conchas;Bauru;False;BRANCA
47668;3550308.0;São Paulo;Município de São Paulo;False;PARDA
47669;3509502.0;Campinas;Campinas;False;PARDA
47670;3550704.0;São Sebastião;Taubaté;False;BRANCA
47671;3513801.0;Diadema;Grande SP Sudeste;False;IGNORADO
47672;3550407.0;São Pedro;Piracicaba;False;BRANCA
47673;3530607.0;Mogi das Cruzes;Grande SP Leste;False;BRANCA
47674;3518701.0;Guarujá;Baixada Santista;False;PARDA
47675;3552403.0;Sumaré;Campinas;False;PARDA
47676;3554102.0;Taubaté;Taubaté;False;BRANCA
47677;3550308.0;São Paulo;Município de São Paulo;False;IGNORADO
47678;3550308.0;São Paulo;Município de São Paulo;False;PARDA
47679;3548708.0;São Bernardo do Campo;Grande SP Sudeste;False;BRANCA
47680;3550308.0;São Paulo;Município de São Paulo;False;BRANCA
47681;3550308.0;São Paulo;Município de São Paulo;False;BRANCA
47682;3550308.0;São Paulo;Município de São Paulo;False;
47683;3513801.0;Diadema;Grande SP Sudeste;False;NONE
47684;3550308.0;São Paulo;Município de São Paulo;False;PRETA
47685;3549904.0;São José dos Campos;Taubaté;False;NONE
47686;3550308.0;São Paulo;Município de São Paulo;False;BRANCA
47687;3525904.0;Jundiaí;Campinas;False;BRANCA
47688;3535804.0;Paranapanema;Bauru;False;AMARELA
47689;3550308.0;São Paulo;Município de São Paulo;False;PARDA
47690;3550308.0;São Paulo;Município de São Paulo;False;
47691;3548500.0;Santos;Baixada Santista;False;
47692;3550308.0;São Paulo;Município de São Paulo;False;PARDA
47693;3550308.0;São Paulo;Município de São Paulo;False;BRANCA
47694;3550308.0;São Paulo;Município de São Paulo;False;BRANCA
47695;3506359.0;Bertioga;Baixada Santista;False;IGNORADO
47696;3510609.0;Carapicuíba;Grande SP Oeste;False;BRANCA
47697;3518206.0;Guararapes;Araçatuba;False;BRANCA
47698;3516200.0;Franca;Franca;False;BRANCA
47699;3550308.0;São Paulo;Município de São Paulo;False;BRANCA
47700;3550308.0;São Paulo;Município de São Paulo;False;BRANCA
47701;3543402.0;Ribeirão Preto;Ribeirão Preto;False;IGNORADO
47702;3550308.0;São Paulo;Município de São Paulo;False;NONE
47703;3511102.0;Catanduva;São José do Rio Preto;False;BRANCA
47704;3534757.0;Ouroeste;São José do Rio Preto;False;BRANCA
47705;3550308.0;São Paulo;Município de São Paulo;False;PARDA
47706;3550308.0;São Paulo;Município de São Paulo;False;IGNORADO
47707;3541406.0;Presidente Prudente;Presidente Prudente;False;BRANCA
47708;3550308.0;São Paulo;Município de São Paulo;False;PARDA
47709;3521309.0;Ipuã;Franca;False;BRANCA
47710;3550308.0;São Paulo;Município de São Paulo;False;IGNORADO
47711;3556305.0;Valparaíso;Araçatuba;False;PARDA
47712;3526902.0;Limeira;Piracicaba;False;NONE
47713;3538709.0;Piracicaba;Piracicaba;False;
47714;3550308.0;São Paulo;Município de São Paulo;False;IGNORADO
47715;3550308.0;São Paulo;Município de São Paulo;False;BRANCA
47716;3549805.0;São José do Rio Preto;São José do Rio Preto;False;IGNORADO
47717;3538709.0;Piracicaba;Piracicaba;False;BRANCA
47718;3550704.0;São Sebastião;Taubaté;False;BRANCA
47719;3506003.0;Bauru;Bauru;False;
47720;3550308.0;São Paulo;Município de São Paulo;False;BRANCA
47721;3554300.0;Teodoro Sampaio;Presidente Prudente;False;AMARELA
47722;3503208.0;Araraquara;Araraquara;False;BRANCA
47723;3518701.0;Guarujá;Baixada Santista;False;PARDA
47724;3549805.0;São José do Rio Preto;São José do Rio Preto;False;BRANCA
47725;3550308.0;São Paulo;Município de São Paulo;False;BRANCA
47726;3550308.0;São Paulo;Município de São Paulo;False;BRANCA
47727;3506102.0;Bebedouro;Barretos;False;BRANCA
47728;3531803.0;Monte Mor;Campinas;False;BRANCA
47729;3513702.0;Descalvado;Araraquara;False;BRANCA
47730;3550308.0;São Paulo;Município de São Paulo;False;PARDA
47731;3548708.0;São Bernardo do Campo;Grande SP Sudeste;False;BRANCA
47732;3550308.0;São Paulo;Município de São Paulo;False;BRANCA
47733;3518800.0;Guarulhos;Grande SP Leste;False;
47734;3510401.0;Capivari;Piracicaba;False;BRANCA
47735;3540606.0;Porto Feliz;Sorocaba;False;BRANCA
47736;3536208.0;Pariquera-Açu;Registro;False;BRANCA
47737;3550308.0;São Paulo;Município de São Paulo;False;IGNORADO
47738;3552205.0;Sorocaba;Sorocaba;False;BRANCA
47739;3527108.0;Lins;Bauru;False;BRANCA
47740;3550308.0;São Paulo;Município de São Paulo;False;
47741;3519071.0;Hortolândia;Campinas;False;PARDA
47742;3515004.0;Embu das Artes;Grande SP Sudoeste;False;PARDA
47743;3526902.0;Limeira;Piracicaba;False;BRANCA
47744;3524709.0;Jaguariúna;Campinas;False;BRANCA
47745;3550308.0;São Paulo;Município de São Paulo;False;PARDA
47746;3550308.0;São Paulo;Município de São Paulo;False;NONE
47747;3550308.0;São Paulo;Município de São Paulo;False;BRANCA
47748;3550308.0;São Paulo;Município de São Paulo;False;BRANCA
47749;3518800.0;Guarulhos;Grande SP Leste;False;PARDA
47750;3545001.0;Salesópolis;Grande SP Leste;False;BRANCA
47751;3518800.0;Guarulhos;Grande SP Leste;False;PARDA
47752;3548708.0;São Bernardo do Campo;Grande SP Sudeste;False;PRETA
47753;3550308.0;São Paulo;Município de São Paulo;False;PRETA
47754;3554102.0;Taubaté;Taubaté;False;BRANCA
