33000;3550308.0;São Paulo;Município de São Paulo;False;PARDA
33001;3550308.0;São Paulo;Município de São Paulo;False;PARDA
33002;3550308.0;São Paulo;Município de São Paulo;False;IGNORADO
33003;3506003.0;Bauru;Bauru;False;BRANCA
33004;3547809.0;Santo André;Grande SP Sudeste;False;PARDA
33005;3548807.0;São Caetano do Sul;Grande SP Sudeste;False;BRANCA
33006;3552205.0;Sorocaba;Sorocaba;False;AMARELA
33007;3538006.0;Pindamonhangaba;Taubaté;False;BRANCA
33008;3550308.0;São Paulo;Município de São Paulo;False;IGNORADO
33009;3539103.0;Pirapora do Bom Jesus;Grande SP Oeste;False;BRANCA
33010;3538709.0;Piracicaba;Piracicaba;False;IGNORADO
33011;3550308.0;São Paulo;Município de São Paulo;False;PARDA
33012;3549805.0;São José do Rio Preto;São José do Rio Preto;False;BRANCA
33013;3550308.0;São Paulo;Município de São Paulo;False;BRANCA
33014;3545803.0;Santa Bárbara d'Oeste;Campinas;False;BRANCA
33015;3552205.0;Sorocaba;Sorocaba;False;NONE
33016;3504602.0;Bady Bassitt;São José do Rio Preto;False;BRANCA
33017;3549805.0;São José do Rio Preto;São José do Rio Preto;False;BRANCA
33018;3503901.0;Arujá;Grande SP Leste;False;PARDA
33019;3550308.0;São Paulo;Município de São Paulo;False;BRANCA
33020;3518800.0;Guarulhos;Grande SP Leste;False;BRANCA
33021;3530607.0;Mogi das Cruzes;Grande SP Leste;False;PRETA
33022;3526902.0;Limeira;Piracicaba;False;BRANCA
33023;3525904.0;Jundiaí;Campinas;False;BRANCA
33024;3547809.0;Santo André;Grande SP Sudeste;False;BRANCA
33025;3501608.0;Americana;Campinas;False;BRANCA
33026;3526803.0;Lençóis Paulista;Bauru;False;BRANCA
33027;3550308.0;São Paulo;Município de São Paulo;False;BRANCA
33028;3503307.0;Araras;Piracicaba;False;BRANCA
33029;3550308.0;São Paulo;Município de São Paulo;False;IGNORADO
33030;3549904.0;São José dos Campos;Taubaté;False;IGNORADO
33031;3550308.0;São Paulo;Município de São Paulo;False;PRETA
33032;3538709.0;Piracicaba;Piracicaba;False;BRANCA
33033;3550308.0;São Paulo;Município de São Paulo;False;IGNORADO
33034;3550308.0;São Paulo;Município de São Paulo;False;IGNORADO
33035;3550308.0;São Paulo;Município de São Paulo;False;IGNORADO
33036;3507506.0;Botucatu;Bauru;False;BRANCA
33037;3549805.0;São José do Rio Preto;São José do Rio Preto;False;BRANCA
33038;3545803.0;Santa Bárbara d'Oeste;Campinas;False;BRANCA
33039;3534203.0;Orindiúva;São José do Rio Preto;False;BRANCA
33040;3550308.0;São Paulo;Município de São Paulo;False;BRANCA
33041;3509007.0;Caieiras;Grande SP Norte;False;BRANCA
33042;3548500.0;Santos;Baixada Santista;False;BRANCA
33043;3530300.0;Mirassol;São José do Rio Preto;False;BRANCA
33044;3550308.0;São Paulo;Município de São Paulo;False;IGNORADO
33045;3550308.0;São Paulo;Município de São Paulo;False;BRANCA
33046;3509809.0;Campos Novos Paulista;Marília;False;BRANCA
33047;3550308.0;São Paulo;Município de São Paulo;False;BRANCA
33048;3550308.0;São Paulo;Município de São Paulo;False;BRANCA
33049;3550308.0;São Paulo;Município de São Paulo;False;
33050;3548500.0;Santos;Baixada Santista;False;NONE
33051;3541000.0;Praia Grande;Baixada Santista;False;PARDA
33052;3550308.0;São Paulo;Município de São Paulo;False;BRANCA
33053;3525904.0;Jundiaí;Campinas;False;AMARELA
33054;3548708.0;São Bernardo do Campo;Grande SP Sudeste;False;BRANCA
33055;3547809.0;Santo André;Grande SP Sudeste;False;BRANCA
33056;3550308.0;São Paulo;Município de São Paulo;False;BRANCA
33057;3552502.0;Suzano;Grande SP Leste;False;PARDA
33058;3550308.0;São Paulo;Município de São Paulo;False;IGNORADO
33059;3518701.0;Guarujá;Baixada Santista;False;BRANCA
33060;3552205.0;Sorocaba;Sorocaba;False;BRANCA
33061;3530607.0;Mogi das Cruzes;Grande SP Leste;False;PRETA
33062;3550308.0;São Paulo;Município de São Paulo;False;PARDA
33063;3550308.0;São Paulo;Município de São Paulo;False;IGNORADO
33064;3510609.0;Carapicuíba;Grande SP Oeste;False;BRANCA
33065;3550308.0;São Paulo;Município de São Paulo;False;PRETA
33066;3545803.0;Santa Bárbara d'Oeste;Campinas;False;BRANCA
33067;3529401.0;Mauá;Grande SP Sudeste;False;NONE
33068;3549904.0;São José dos Campos;Taubaté;False;IGNORADO
33069;3550308.0;São Paulo;Município de São Paulo;False;IGNORADO
33070;3550308.0;São Paulo;Município de São Paulo;False;PARDA
33071;3550308.0;São Paulo;Município de São Paulo;False;NONE
33072;3548906.0;São Carlos;Araraquara;False;IGNORADO
33073;3550308.0;São Paulo;Município de São Paulo;False;BRANCA
33074;3550308.0;São Paulo;Município de São Paulo;False;BRANCA
33075;3548500.0;Santos;Baixada Santista;False;IGNORADO
33076;3518800.0;Guarulhos;Grande SP Leste;False;PARDA
33077;3534401.0;Osasco;Grande SP Oeste;False;IGNORADO
33078;3534401.0;Osasco;Grande SP Oeste;False;PARDA
33079;3550308.0;São Paulo;Município de São Paulo;False;BRANCA
33080;3550308.0;São Paulo;Município de São Paulo;False;BRANCA
33081;3509601.0;Campo Limpo Paulista;Campinas;False;NONE
33082;3530508.0;Mococa;São João da Boa Vista;False;BRANCA
33083;3543402.0;Ribeirão Preto;Ribeirão Preto;False;BRANCA
33084;3550308.0;São Paulo;Município de São Paulo;False;NONE
33085;3548708.0;São Bernardo do Campo;Grande SP Sudeste;False;NONE
33086;3550308.0;São Paulo;Município de São Paulo;False;NONE
33087;3549805.0;São José do Rio Preto;São José do Rio Preto;False;BRANCA
33088;3511508.0;Cerquilho;Sorocaba;False;IGNORADO
33089;3529005.0;Marília;Marília;False;IGNORADO
33090;3550308.0;São Paulo;Município de São Paulo;False;NONE
33091;3525300.0;Jaú;Bauru;False;AMARELA
33092;3541604.0;Promissão;Bauru;False;BRANCA
33093;3524402.0;Jacareí;Taubaté;False;BRANCA
33094;3548708.0;São Bernardo do Campo;Grande SP Sudeste;False;
33095;3552205.0;Sorocaba;Sorocaba;False;IGNORADO
33096;3501608.0;Americana;Campinas;False;BRANCA
33097;3549904.0;São José dos Campos;Taubaté;False;BRANCA
33098;3518800.0;Guarulhos;Grande SP Leste;False;BRANCA
33099;3550308.0;São Paulo;Município de São Paulo;False;PARDA
33100;3506003.0;Bauru;Bauru;False;BRANCA
33101;3550308.0;São Paulo;Município de São Paulo;False;BRANCA
33102;3550308.0;São Paulo;Município de São Paulo;False;NONE
33103;3520509.0;Indaiatuba;Campinas;False;IGNORADO
33104;3549904.0;São José dos Campos;Taubaté;False;
33105;3550308.0;São Paulo;Município de São Paulo;False;BRANCA
33106;3550308.0;São Paulo;Município de São Paulo;False;BRANCA
33107;3538709.0;Piracicaba;Piracicaba;False;BRANCA
33108;3523503.0;Itatinga;Bauru;False;BRANCA
33109;3550308.0;São Paulo;Município de São Paulo;False;BRANCA
33110;3550308.0;São Paulo;Município de São Paulo;False;PARDA
33111;3522208.0;Itapecerica da Serra;Grande SP Sudoeste;False;BRANCA
33112;3543907.0;Rio Claro;Piracicaba;False;BRANCA
33113;3541406.0;Presidente Prudente;Presidente Prudente;False;PARDA
33114;3510609.0;Carapicuíba;Grande SP Oeste;False;PARDA
33115;3533908.0;Olímpia;Barretos;False;BRANCA
33116;3533908.0;Olímpia;Barretos;False;NONE
33117;3550308.0;São Paulo;Município de São Paulo;False;BRANCA
33118;3549805.0;São José do Rio Preto;São José do Rio Preto;False;BRANCA
33119;3538709.0;Piracicaba;Piracicaba;False;BRANCA
33120;3506003.0;Bauru;Bauru;False;IGNORADO
33121;3500501.0;Águas de Lindóia;Campinas;False;BRANCA
33122;3550308.0;São Paulo;Município de São Paulo;False;IGNORADO
33123;3549805.0;São José do Rio Preto;São José do Rio Preto;False;IGNORADO
33124;3529401.0;Mauá;Grande SP Sudeste;False;PARDA
33125;3531803.0;Monte Mor;Campinas;False;PARDA
33126;3509007.0;Caieiras;Grande SP Norte;False;IGNORADO
33127;3550308.0;São Paulo;Município de São Paulo;False;
33128;3550308.0;São Paulo;Município de São Paulo;False;NONE
33129;3549805.0;São José do Rio Preto;São José do Rio Preto;False;PARDA
33130;3516200.0;Franca;Franca;False;IGNORADO
33131;3543402.0;Ribeirão Preto;Ribeirão Preto;False;IGNORADO
33132;3543402.0;Ribeirão Preto;Ribeirão Preto;False;PARDA
33133;3550308.0;São Paulo;Município de São Paulo;False;BRANCA
33134;3526902.0;Limeira;Piracicaba;False;BRANCA
33135;3550308.0;São Paulo;Município de São Paulo;False;BRANCA
33136;3501905.0;Amparo;Campinas;False;BRANCA
33137;3510609.0;Carapicuíba;Grande SP Oeste;False;IGNORADO
33138;3533403.0;Nova Odessa;Campinas;False;BRANCA
