64538;3506508.0;Birigui;Araçatuba;False;BRANCA
64539;3508504.0;Caçapava;Taubaté;False;BRANCA
64540;3518800.0;Guarulhos;Grande SP Leste;False;NONE
64541;3511904.0;Clementina;Araçatuba;False;AMARELA
64542;3504008.0;Assis;Marília;False;BRANCA
64543;3531308.0;Monte Alto;Ribeirão Preto;False;BRANCA
64544;3551009.0;São Vicente;Baixada Santista;False;BRANCA
64545;3526902.0;Limeira;Piracicaba;False;BRANCA
64546;3509502.0;Campinas;Campinas;False;BRANCA
64547;3518701.0;Guarujá;Baixada Santista;False;PARDA
64548;3516408.0;Franco da Rocha;Grande SP Norte;False;PARDA
64549;3550308.0;São Paulo;Município de São Paulo;False;PARDA
64550;3550407.0;São Pedro;Piracicaba;False;BRANCA
64551;3518701.0;Guarujá;Baixada Santista;False;PARDA
64552;3550308.0;São Paulo;Município de São Paulo;False;BRANCA
64553;3548708.0;São Bernardo do Campo;Grande SP Sudeste;False;IGNORADO
64554;3555406.0;Ubatuba;Taubaté;False;PARDA
64555;3508504.0;Caçapava;Taubaté;False;IGNORADO
64556;3534401.0;Osasco;Grande SP Oeste;False;
64557;3550308.0;São Paulo;Município de São Paulo;False;NONE
64558;3545209.0;Salto;Sorocaba;False;BRANCA
64559;3547809.0;Santo André;Grande SP Sudeste;False;BRANCA
64560;3550308.0;São Paulo;Município de São Paulo;False;PARDA
64561;3547700.0;Santo Anastácio;Presidente Prudente;False;BRANCA
64562;3549805.0;São José do Rio Preto;São José do Rio Preto;False;AMARELA
64563;3550308.0;São Paulo;Município de São Paulo;False;IGNORADO
64564;3550308.0;São Paulo;Município de São Paulo;False;BRANCA
64565;3512407.0;Cordeirópolis;Piracicaba;False;BRANCA
64566;3548005.0;Santo Antônio de Posse;Campinas;False;BRANCA
64567;3513009.0;Cotia;Grande SP Sudoeste;False;IGNORADO
64568;3550308.0;São Paulo;Município de São Paulo;False;BRANCA
64569;3529708.0;Miguelópolis;Franca;False;BRANCA
64570;3511102.0;Catanduva;São José do Rio Preto;False;BRANCA
64571;3510609.0;Carapicuíba;Grande SP Oeste;False;PARDA
64572;3512407.0;Cordeirópolis;Piracicaba;False;BRANCA
64573;3520608.0;Indiana;Presidente Prudente;False;BRANCA
64574;3550308.0;São Paulo;Município de São Paulo;False;IGNORADO
64575;3550308.0;São Paulo;Município de São Paulo;False;BRANCA
64576;3529401.0;Mauá;Grande SP Sudeste;False;PARDA
64577;3550308.0;São Paulo;Município de São Paulo;False;BRANCA
64578;3541000.0;Praia Grande;Baixada Santista;False;PARDA
64579;3550308.0;São Paulo;Município de São Paulo;False;PRETA
64580;3550308.0;São Paulo;Município de São Paulo;False;IGNORADO
64581;3550308.0;São Paulo;Município de São Paulo;False;PARDA
64582;3538709.0;Piracicaba;Piracicaba;False;BRANCA
64583;3546603.0;Santa Fé do Sul;São José do Rio Preto;False;BRANCA
64584;3548708.0;São Bernardo do Campo;Grande SP Sudeste;False;
64585;3550308.0;São Paulo;Município de São Paulo;False;BRANCA
64586;3543907.0;Rio Claro;Piracicaba;False;BRANCA
64587;3550308.0;São Paulo;Município de São Paulo;False;BRANCA
64588;3518800.0;Guarulhos;Grande SP Leste;False;PARDA
64589;3528502.0;Mairiporã;Grande SP Norte;False;BRANCA
64590;3548708.0;São Bernardo do Campo;Grande SP Sudeste;False;
64591;3548708.0;São Bernardo do Campo;Grande SP Sudeste;False;PARDA
64592;3526803.0;Lençóis Paulista;Bauru;False;PARDA
64593;3518701.0;Guarujá;Baixada Santista;False;IGNORADO
64594;3518206.0;Guararapes;Araçatuba;False;BRANCA
64595;3550308.0;São Paulo;Município de São Paulo;False;BRANCA
64596;3550308.0;São Paulo;Município de São Paulo;False;PARDA
64597;3549904.0;São José dos Campos;Taubaté;False;PARDA
64598;3543402.0;Ribeirão Preto;Ribeirão Preto;True;BRANCA
64599;3550308.0;São Paulo;Município de São Paulo;False;PARDA
64600;3509007.0;Caieiras;Grande SP Norte;False;PARDA
64601;3549904.0;São José dos Campos;Taubaté;False;NONE
64602;3550308.0;São Paulo;Município de São Paulo;False;
64603;3519071.0;Hortolândia;Campinas;False;PRETA
64604;3550308.0;São Paulo;Município de São Paulo;False;IGNORADO
64605;3549904.0;São José dos Campos;Taubaté;False;BRANCA
64606;3501608.0;Americana;Campinas;False;BRANCA
64607;3510609.0;Carapicuíba;Grande SP Oeste;False;PARDA
64608;3556453.0;Vargem Grande Paulista;Grande SP Sudoeste;False;IGNORADO
64609;3548708.0;São Bernardo do Campo;Grande SP Sudeste;False;BRANCA
64610;3541000.0;Praia Grande;Baixada Santista;False;PARDA
64611;3501608.0;Americana;Campinas;False;PARDA
64612;3552205.0;Sorocaba;Sorocaba;False;PARDA
64613;3550308.0;São Paulo;Município de São Paulo;False;NONE
64614;3550308.0;São Paulo;Município de São Paulo;False;PARDA
64615;3506359.0;Bertioga;Baixada Santista;False;PARDA
64616;3550308.0;São Paulo;Município de São Paulo;False;BRANCA
64617;3550308.0;São Paulo;Município de São Paulo;False;AMARELA
64618;3552809.0;Taboão da Serra;Grande SP Sudoeste;False;PARDA
64619;3549904.0;São José dos Campos;Taubaté;False;IGNORADO
64620;3548708.0;São Bernardo do Campo;Grande SP Sudeste;False;BRANCA
64621;3503307.0;Araras;Piracicaba;False;BRANCA
64622;3504107.0;Atibaia;Campinas;False;AMARELA
64623;3529401.0;Mauá;Grande SP Sudeste;False;BRANCA
64624;3554003.0;Tatuí;Sorocaba;False;BRANCA
64625;3550308.0;São Paulo;Município de São Paulo;False;PARDA
64626;3513801.0;Diadema;Grande SP Sudeste;False;PARDA
64627;3522604.0;Itapira;São João da Boa Vista;False;PARDA
64628;3549904.0;São José dos Campos;Taubaté;False;IGNORADO
64629;3552809.0;Taboão da Serra;Grande SP Sudoeste;False;
64630;3524006.0;Itupeva;Campinas;False;PARDA
64631;3548708.0;São Bernardo do Campo;Grande SP Sudeste;False;BRANCA
64632;3550308.0;São Paulo;Município de São Paulo;False;IGNORADO
64633;3506508.0;Birigui;Araçatuba;False;BRANCA
64634;3536208.0;Pariquera-Açu;Registro;False;BRANCA
64635;3550308.0;São Paulo;Município de São Paulo;False;PARDA
64636;3550308.0;São Paulo;Município de São Paulo;False;PARDA
64637;3551009.0;São Vicente;Baixada Santista;False;BRANCA
64638;3524808.0;Jales;São José do Rio Preto;False;BRANCA
64639;3550308.0;São Paulo;Município de São Paulo;False;BRANCA
64640;3550308.0;São Paulo;Município de São Paulo;False;BRANCA
64641;3550308.0;São Paulo;Município de São Paulo;False;BRANCA
64642;3548708.0;São Bernardo do Campo;Grande SP Sudeste;False;IGNORADO
64643;3549805.0;São José do Rio Preto;São José do Rio Preto;False;BRANCA
64644;3550308.0;São Paulo;Município de São Paulo;False;BRANCA
64645;3529401.0;Mauá;Grande SP Sudeste;False;PRETA
64646;3501905.0;Amparo;Campinas;False;BRANCA
64647;3550308.0;São Paulo;Município de São Paulo;False;BRANCA
64648;3553401.0;Tanabi;São José do Rio Preto;False;BRANCA
64649;3506003.0;Bauru;Bauru;False;BRANCA
64650;3550308.0;São Paulo;Município de São Paulo;False;BRANCA
64651;3516309.0;Francisco Morato;Grande SP Norte;False;BRANCA
64652;3549805.0;São José do Rio Preto;São José do Rio Preto;False;BRANCA
64653;3550308.0;São Paulo;Município de São Paulo;True;BRANCA
64654;3552809.0;Taboão da Serra;Grande SP Sudoeste;True;BRANCA
64655;3550308.0;São Paulo;Município de São Paulo;False;BRANCA
64656;3550308.0;São Paulo;Município de São Paulo;False;PARDA
64657;3525300.0;Jaú;Bauru;False;BRANCA
64658;3550308.0;São Paulo;Município de São Paulo;False;PARDA
64659;3548807.0;São Caetano do Sul;Grande SP Sudeste;False;NONE
64660;3534401.0;Osasco;Grande SP Oeste;False;BRANCA
64661;3513504.0;Cubatão;Baixada Santista;False;AMARELA
64662;3513504.0;Cubatão;Baixada Santista;False;AMARELA
64663;3550308.0;São Paulo;Município de São Paulo;False;BRANCA
64664;3550308.0;São Paulo;Município de São Paulo;False;PARDA
64665;3510609.0;Carapicuíba;Grande SP Oeste;False;PARDA
64666;3523404.0;Itatiba;Campinas;False;PARDA
64667;3554003.0;Tatuí;Sorocaba;False;BRANCA
64668;3554300.0;Teodoro Sampaio;Presidente Prudente;False;PARDA
64669;3549805.0;São José do Rio Preto;São José do Rio Preto;False;IGNORADO
64670;3554904.0;Três Fronteiras;São José do Rio Preto;False;BRANCA
64671;3549805.0;São José do Rio Preto;São José do Rio Preto;False;BRANCA
64672;3548708.0;São Bernardo do Campo;Grande SP Sudeste;False;BRANCA
64673;3538709.0;Piracicaba;Piracicaba;False;PARDA
64674;3543402.0;Ribeirão Preto;Ribeirão Preto;False;BRANCA
64675;3550308.0;São Paulo;Município de São Paulo;False;IGNORADO
64676;3502903.0;Araçoiaba da Serra;Sorocaba;False;BRANCA
