26779;3547809.0;Santo André;Grande SP Sudeste;False;BRANCA
26780;3533908.0;Olímpia;Barretos;False;BRANCA
26781;3513009.0;Cotia;Grande SP Sudoeste;False;AMARELA
26782;3550308.0;São Paulo;Município de São Paulo;False;PARDA
26783;3509502.0;Campinas;Campinas;False;IGNORADO
26784;3547809.0;Santo André;Grande SP Sudeste;False;IGNORADO
26785;3550605.0;São Roque;Sorocaba;False;BRANCA
26786;3541000.0;Praia Grande;Baixada Santista;False;PARDA
26787;3552205.0;Sorocaba;Sorocaba;False;AMARELA
26788;3540705.0;Porto Ferreira;Araraquara;False;PRETA
26789;3523909.0;Itu;Sorocaba;False;BRANCA
26790;3536505.0;Paulínia;Campinas;False;BRANCA
26791;3509502.0;Campinas;Campinas;False;PARDA
26792;3518800.0;Guarulhos;Grande SP Leste;False;PARDA
26793;3519071.0;Hortolândia;Campinas;False;BRANCA
26794;3555406.0;Ubatuba;Taubaté;False;BRANCA
26795;3550308.0;São Paulo;Município de São Paulo;False;IGNORADO
26796;3505708.0;Barueri;Grande SP Oeste;False;IGNORADO
26797;3530300.0;Mirassol;São José do Rio Preto;True;BRANCA
26798;3512209.0;Conchal;Piracicaba;False;BRANCA
26799;3550308.0;São Paulo;Município de São Paulo;False;BRANCA
26800;3505104.0;Barbosa;Araçatuba;False;AMARELA
26801;3550308.0;São Paulo;Município de São Paulo;False;BRANCA
26802;3550308.0;São Paulo;Município de São Paulo;False;PARDA
26803;3549805.0;São José do Rio Preto;São José do Rio Preto;False;BRANCA
26804;3549904.0;São José dos Campos;Taubaté;False;BRANCA
26805;3547809.0;Santo André;Grande SP Sudeste;True;PARDA
26806;3550308.0;São Paulo;Município de São Paulo;False;PARDA
26807;3506003.0;Bauru;Bauru;False;BRANCA
26808;3550308.0;São Paulo;Município de São Paulo;False;PARDA
26809;3549904.0;São José dos Campos;Taubaté;False;IGNORADO
26810;3514809.0;Eldorado;Registro;False;PARDA
26811;3529005.0;Marília;Marília;False;PARDA
26812;3501707.0;Américo Brasiliense;Araraquara;False;PARDA
26813;3548708.0;São Bernardo do Campo;Grande SP Sudeste;False;NONE
26814;3544202.0;Riolândia;São José do Rio Preto;False;BRANCA
26815;3503901.0;Arujá;Grande SP Leste;False;BRANCA
26816;3506003.0;Bauru;Bauru;False;BRANCA
26817;3550308.0;São Paulo;Município de São Paulo;False;BRANCA
26818;3550308.0;São Paulo;Município de São Paulo;False;BRANCA
26819;3534401.0;Osasco;Grande SP Oeste;False;PARDA
26820;3519071.0;Hortolândia;Campinas;False;PARDA
26821;3543907.0;Rio Claro;Piracicaba;False;BRANCA
26822;3534401.0;Osasco;Grande SP Oeste;False;PRETA
26823;3550308.0;São Paulo;Município de São Paulo;False;IGNORADO
26824;3550308.0;São Paulo;Município de São Paulo;False;NONE
26825;3541000.0;Praia Grande;Baixada Santista;False;PARDA
26826;3550308.0;São Paulo;Município de São Paulo;False;IGNORADO
26827;3550308.0;São Paulo;Município de São Paulo;False;BRANCA
26828;3550308.0;São Paulo;Município de São Paulo;False;BRANCA
26829;3550308.0;São Paulo;Município de São Paulo;False;BRANCA
26830;3550308.0;São Paulo;Município de São Paulo;False;IGNORADO
26831;3548500.0;Santos;Baixada Santista;False;BRANCA
26832;3550308.0;São Paulo;Município de São Paulo;False;PARDA
26833;3550308.0;São Paulo;Município de São Paulo;False;PRETA
26834;3518800.0;Guarulhos;Grande SP Leste;False;BRANCA
26835;3509502.0;Campinas;Campinas;False;BRANCA
26836;3534708.0;Ourinhos;Marília;False;BRANCA
26837;3541000.0;Praia Grande;Baixada Santista;False;PARDA
26838;3543303.0;Ribeirão Pires;Grande SP Sudeste;False;AMARELA
26839;3506003.0;Bauru;Bauru;False;BRANCA
26840;3530607.0;Mogi das Cruzes;Grande SP Leste;False;BRANCA
26841;3550308.0;São Paulo;Município de São Paulo;False;PARDA
26842;3538709.0;Piracicaba;Piracicaba;False;PARDA
26843;3550308.0;São Paulo;Município de São Paulo;False;BRANCA
26844;3550308.0;São Paulo;Município de São Paulo;False;BRANCA
26845;3550308.0;São Paulo;Município de São Paulo;False;AMARELA
26846;3550308.0;São Paulo;Município de São Paulo;False;BRANCA
26847;3518800.0;Guarulhos;Grande SP Leste;False;BRANCA
26848;3552205.0;Sorocaba;Sorocaba;False;BRANCA
26849;3505708.0;Barueri;Grande SP Oeste;True;BRANCA
26850;3543402.0;Ribeirão Preto;Ribeirão Preto;False;PARDA
26851;3550308.0;São Paulo;Município de São Paulo;False;BRANCA
26852;3516309.0;Francisco Morato;Grande SP Norte;False;BRANCA
26853;3550308.0;São Paulo;Município de São Paulo;False;BRANCA
26854;3522208.0;Itapecerica da Serra;Grande SP Sudoeste;False;BRANCA
26855;3548500.0;Santos;Baixada Santista;False;BRANCA
26856;3550308.0;São Paulo;Município de São Paulo;False;BRANCA
26857;3525904.0;Jundiaí;Campinas;False;AMARELA
26858;3550308.0;São Paulo;Município de São Paulo;False;BRANCA
26859;3550308.0;São Paulo;Município de São Paulo;False;PRETA
26860;3550308.0;São Paulo;Município de São Paulo;False;IGNORADO
26861;3550308.0;São Paulo;Município de São Paulo;False;BRANCA
26862;3510609.0;Carapicuíba;Grande SP Oeste;False;BRANCA
26863;3541406.0;Presidente Prudente;Presidente Prudente;False;IGNORADO
26864;3529500.0;Mendonça;São José do Rio Preto;False;BRANCA
26865;3550308.0;São Paulo;Município de São Paulo;False;BRANCA
26866;3539806.0;Poá;Grande SP Leste;False;IGNORADO
26867;3550308.0;São Paulo;Município de São Paulo;False;BRANCA
26868;3548708.0;São Bernardo do Campo;Grande SP Sudeste;False;PARDA
26869;3550308.0;São Paulo;Município de São Paulo;False;BRANCA
26870;3520103.0;Igarapava;Franca;False;PARDA
26871;3515004.0;Embu das Artes;Grande SP Sudoeste;False;BRANCA
26872;3550308.0;São Paulo;Município de São Paulo;False;BRANCA
26873;3549805.0;São José do Rio Preto;São José do Rio Preto;False;BRANCA
26874;3549805.0;São José do Rio Preto;São José do Rio Preto;False;BRANCA
26875;3530607.0;Mogi das Cruzes;Grande SP Leste;False;BRANCA
26876;3509502.0;Campinas;Campinas;False;BRANCA
26877;3509007.0;Caieiras;Grande SP Norte;False;
26878;3550308.0;São Paulo;Município de São Paulo;False;BRANCA
26879;3518800.0;Guarulhos;Grande SP Leste;False;BRANCA
26880;3550308.0;São Paulo;Município de São Paulo;False;BRANCA
26881;3550308.0;São Paulo;Município de São Paulo;False;BRANCA
26882;3550308.0;São Paulo;Município de São Paulo;False;BRANCA
26883;3550308.0;São Paulo;Município de São Paulo;False;PARDA
26884;3550308.0;São Paulo;Município de São Paulo;False;BRANCA
26885;3509700.0;Campos do Jordão;Taubaté;False;IGNORADO
26886;3522109.0;Itanhaém;Baixada Santista;False;PRETA
26887;3547304.0;Santana de Parnaíba;Grande SP Oeste;False;BRANCA
26888;3550308.0;São Paulo;Município de São Paulo;False;AMARELA
26889;3550308.0;São Paulo;Município de São Paulo;False;NONE
26890;3539806.0;Poá;Grande SP Leste;False;NONE
26891;3548500.0;Santos;Baixada Santista;False;BRANCA
26892;3548500.0;Santos;Baixada Santista;False;IGNORADO
26893;3530607.0;Mogi das Cruzes;Grande SP Leste;False;
26894;3527207.0;Lorena;Taubaté;False;PARDA
26895;3542206.0;Rancharia;Presidente Prudente;False;BRANCA
26896;3550308.0;São Paulo;Município de São Paulo;False;PARDA
26897;3533908.0;Olímpia;Barretos;False;IGNORADO
26898;3550308.0;São Paulo;Município de São Paulo;False;BRANCA
26899;3550308.0;São Paulo;Município de São Paulo;False;BRANCA
26900;3525706.0;José Bonifácio;São José do Rio Preto;False;BRANCA
26901;3538204.0;Pinhalzinho;Campinas;False;PARDA
26902;3527108.0;Lins;Bauru;False;BRANCA
26903;3550308.0;São Paulo;Município de São Paulo;False;PARDA
26904;3549805.0;São José do Rio Preto;São José do Rio Preto;False;PARDA
26905;3531803.0;Monte Mor;Campinas;False;IGNORADO
26906;3531803.0;Monte Mor;Campinas;False;PARDA
26907;3550308.0;São Paulo;Município de São Paulo;False;PARDA
26908;3550308.0;São Paulo;Município de São Paulo;False;PARDA
26909;3547304.0;Santana de Parnaíba;Grande SP Oeste;False;BRANCA
26910;3518206.0;Guararapes;Araçatuba;False;BRANCA
26911;3550308.0;São Paulo;Município de São Paulo;False;IGNORADO
26912;3519105.0;Iacanga;Bauru;False;BRANCA
26913;3509502.0;Campinas;Campinas;False;BRANCA
26914;3554102.0;Taubaté;Taubaté;False;PRETA
26915;3504107.0;Atibaia;Campinas;False;BRANCA
26916;3520103.0;Igarapava;Franca;False;BRANCA
26917;3538808.0;Piraju;Bauru;False;BRANCA
26918;3526902.0;Limeira;Piracicaba;False;BRANCA
26919;3548708.0;São Bernardo do Campo;Grande SP Sudeste;False;BRANCA
26920;3550308.0;São Paulo;Município de São Paulo;False;BRANCA
