23073;3518701.0;Guarujá;Baixada Santista;False;PARDA
23074;3526803.0;Lençóis Paulista;Bauru;False;BRANCA
23075;3550308.0;São Paulo;Município de São Paulo;False;BRANCA
23076;3518800.0;Guarulhos;Grande SP Leste;False;BRANCA
23077;3541406.0;Presidente Prudente;Presidente Prudente;False;PRETA
23078;3550308.0;São Paulo;Município de São Paulo;False;PARDA
23079;3525904.0;Jundiaí;Campinas;False;AMARELA
23080;3548500.0;Santos;Baixada Santista;False;BRANCA
23081;3548500.0;Santos;Baixada Santista;False;BRANCA
23082;3525904.0;Jundiaí;Campinas;False;AMARELA
23083;3536505.0;Paulínia;Campinas;False;PARDA
23084;3550308.0;São Paulo;Município de São Paulo;False;PARDA
23085;3551900.0;Severínia;Barretos;False;BRANCA
23086;3513801.0;Diadema;Grande SP Sudeste;True;PARDA
23087;3548500.0;Santos;Baixada Santista;False;BRANCA
23088;3550308.0;São Paulo;Município de São Paulo;False;BRANCA
23089;3550308.0;São Paulo;Município de São Paulo;False;PARDA
23090;3550308.0;São Paulo;Município de São Paulo;False;IGNORADO
23091;3550308.0;São Paulo;Município de São Paulo;False;BRANCA
23092;3550308.0;São Paulo;Município de São Paulo;False;BRANCA
23093;3550308.0;São Paulo;Município de São Paulo;False;PARDA
23094;3549904.0;São José dos Campos;Taubaté;False;BRANCA
23095;3505708.0;Barueri;Grande SP Oeste;False;BRANCA
23096;3550308.0;São Paulo;Município de São Paulo;True;BRANCA
23097;3550308.0;São Paulo;Município de São Paulo;False;
23098;3509205.0;Cajamar;Grande SP Norte;False;PARDA
23099;3550308.0;São Paulo;Município de São Paulo;False;BRANCA
23100;3506508.0;Birigui;Araçatuba;False;PRETA
23101;3556206.0;Valinhos;Campinas;False;BRANCA
23102;3513504.0;Cubatão;Baixada Santista;False;BRANCA
23103;3550308.0;São Paulo;Município de São Paulo;False;BRANCA
23104;3502101.0;Andradina;Araçatuba;False;BRANCA
23105;3519071.0;Hortolândia;Campinas;False;
23106;3525904.0;Jundiaí;Campinas;False;PARDA
23107;3548708.0;São Bernardo do Campo;Grande SP Sudeste;False;
23108;3548708.0;São Bernardo do Campo;Grande SP Sudeste;False;
23109;3553708.0;Taquaritinga;Araraquara;False;BRANCA
23110;3550308.0;São Paulo;Município de São Paulo;False;NONE
23111;3550308.0;São Paulo;Município de São Paulo;False;BRANCA
23112;3518800.0;Guarulhos;Grande SP Leste;False;BRANCA
23113;3506003.0;Bauru;Bauru;False;AMARELA
23114;3545803.0;Santa Bárbara d'Oeste;Campinas;False;PRETA
23115;3550308.0;São Paulo;Município de São Paulo;False;
23116;3548500.0;Santos;Baixada Santista;False;NONE
23117;3548807.0;São Caetano do Sul;Grande SP Sudeste;False;IGNORADO
23118;3550308.0;São Paulo;Município de São Paulo;True;IGNORADO
23119;3550308.0;São Paulo;Município de São Paulo;False;BRANCA
23120;3509502.0;Campinas;Campinas;False;BRANCA
23121;3548500.0;Santos;Baixada Santista;False;PARDA
23122;3506003.0;Bauru;Bauru;False;IGNORADO
23123;3550308.0;São Paulo;Município de São Paulo;False;PRETA
23124;3518800.0;Guarulhos;Grande SP Leste;False;IGNORADO
23125;3550308.0;São Paulo;Município de São Paulo;False;PARDA
23126;3550308.0;São Paulo;Município de São Paulo;False;BRANCA
23127;3547809.0;Santo André;Grande SP Sudeste;False;BRANCA
23128;3547809.0;Santo André;Grande SP Sudeste;False;BRANCA
23129;3550308.0;São Paulo;Município de São Paulo;False;PRETA
23130;3524006.0;Itupeva;Campinas;False;BRANCA
23131;3552205.0;Sorocaba;Sorocaba;False;BRANCA
23132;3543402.0;Ribeirão Preto;Ribeirão Preto;False;PARDA
23133;3527306.0;Louveira;Campinas;False;BRANCA
23134;3550308.0;São Paulo;Município de São Paulo;False;PARDA
23135;3518701.0;Guarujá;Baixada Santista;False;BRANCA
23136;3550308.0;São Paulo;Município de São Paulo;False;BRANCA
23137;3550308.0;São Paulo;Município de São Paulo;False;AMARELA
23138;3549805.0;São José do Rio Preto;São José do Rio Preto;False;BRANCA
23139;3550308.0;São Paulo;Município de São Paulo;False;
23140;3547809.0;Santo André;Grande SP Sudeste;False;BRANCA
23141;3548500.0;Santos;Baixada Santista;False;BRANCA
23142;3507506.0;Botucatu;Bauru;False;BRANCA
23143;3550308.0;São Paulo;Município de São Paulo;False;IGNORADO
23144;3550308.0;São Paulo;Município de São Paulo;False;AMARELA
23145;3550308.0;São Paulo;Município de São Paulo;False;BRANCA
23146;3503208.0;Araraquara;Araraquara;False;PARDA
23147;3550308.0;São Paulo;Município de São Paulo;False;PRETA
23148;3516408.0;Franco da Rocha;Grande SP Norte;False;PARDA
23149;3543907.0;Rio Claro;Piracicaba;False;BRANCA
23150;3509205.0;Cajamar;Grande SP Norte;True;PARDA
23151;3524303.0;Jaboticabal;Ribeirão Preto;False;PRETA
23152;3508504.0;Caçapava;Taubaté;False;BRANCA
23153;3550308.0;São Paulo;Município de São Paulo;False;BRANCA
23154;3550308.0;São Paulo;Município de São Paulo;False;IGNORADO
23155;3550308.0;São Paulo;Município de São Paulo;False;BRANCA
23156;3549805.0;São José do Rio Preto;São José do Rio Preto;False;PRETA
23157;3506003.0;Bauru;Bauru;False;IGNORADO
23158;3548708.0;São Bernardo do Campo;Grande SP Sudeste;False;IGNORADO
23159;3518800.0;Guarulhos;Grande SP Leste;False;BRANCA
23160;3550308.0;São Paulo;Município de São Paulo;False;PARDA
23161;3505203.0;Bariri;Bauru;False;BRANCA
23162;3548500.0;Santos;Baixada Santista;False;IGNORADO
23163;3548500.0;Santos;Baixada Santista;False;IGNORADO
23164;3548708.0;São Bernardo do Campo;Grande SP Sudeste;False;BRANCA
23165;3518800.0;Guarulhos;Grande SP Leste;False;BRANCA
23166;3550308.0;São Paulo;Município de São Paulo;False;PARDA
23167;3550308.0;São Paulo;Município de São Paulo;False;BRANCA
23168;3553401.0;Tanabi;São José do Rio Preto;False;BRANCA
23169;3546009.0;Santa Branca;Taubaté;True;BRANCA
23170;3515004.0;Embu das Artes;Grande SP Sudoeste;False;PARDA
23171;3526803.0;Lençóis Paulista;Bauru;False;BRANCA
23172;3518800.0;Guarulhos;Grande SP Leste;False;BRANCA
23173;3548708.0;São Bernardo do Campo;Grande SP Sudeste;False;PARDA
23174;3550308.0;São Paulo;Município de São Paulo;False;BRANCA
23175;3509502.0;Campinas;Campinas;False;BRANCA
23176;3528502.0;Mairiporã;Grande SP Norte;False;BRANCA
23177;3550308.0;São Paulo;Município de São Paulo;False;PARDA
23178;3509254.0;Cajati;Registro;True;BRANCA
23179;3557105.0;Votuporanga;São José do Rio Preto;False;BRANCA
23180;3522307.0;Itapetininga;Sorocaba;False;BRANCA
23181;3523800.0;Itobi;São João da Boa Vista;False;BRANCA
23182;3506300.0;Bernardino de Campos;Marília;False;BRANCA
23183;3550308.0;São Paulo;Município de São Paulo;False;PARDA
23184;3550308.0;São Paulo;Município de São Paulo;False;BRANCA
23185;3553401.0;Tanabi;São José do Rio Preto;False;BRANCA
23186;3545803.0;Santa Bárbara d'Oeste;Campinas;False;BRANCA
23187;3509502.0;Campinas;Campinas;False;PARDA
23188;3513504.0;Cubatão;Baixada Santista;False;AMARELA
23189;3557105.0;Votuporanga;São José do Rio Preto;False;BRANCA
23190;3555000.0;Tupã;Marília;False;BRANCA
23191;3519071.0;Hortolândia;Campinas;False;BRANCA
23192;3510609.0;Carapicuíba;Grande SP Oeste;False;BRANCA
23193;3529005.0;Marília;Marília;True;BRANCA
23194;3549805.0;São José do Rio Preto;São José do Rio Preto;False;BRANCA
23195;3549805.0;São José do Rio Preto;São José do Rio Preto;False;BRANCA
23196;3513801.0;Diadema;Grande SP Sudeste;False;BRANCA
23197;3548708.0;São Bernardo do Campo;Grande SP Sudeste;False;
23198;3550308.0;São Paulo;Município de São Paulo;False;PARDA
23199;3550308.0;São Paulo;Município de São Paulo;True;IGNORADO
23200;3548708.0;São Bernardo do Campo;Grande SP Sudeste;False;BRANCA
23201;3538907.0;Pirajuí;Bauru;False;BRANCA
23202;3549805.0;São José do Rio Preto;São José do Rio Preto;False;BRANCA
23203;3545803.0;Santa Bárbara d'Oeste;Campinas;False;IGNORADO
23204;3518701.0;Guarujá;Baixada Santista;True;BRANCA
23205;3550308.0;São Paulo;Município de São Paulo;False;PARDA
23206;3550308.0;São Paulo;Município de São Paulo;False;BRANCA
23207;3543402.0;Ribeirão Preto;Ribeirão Preto;False;
23208;3506003.0;Bauru;Bauru;False;BRANCA
23209;3550308.0;São Paulo;Município de São Paulo;False;IGNORADO
23210;3554102.0;Taubaté;Taubaté;False;BRANCA
23211;3540903.0;Pradópolis;Ribeirão Preto;False;BRANCA
23212;3510609.0;Carapicuíba;Grande SP Oeste;False;BRANCA
23213;3543402.0;Ribeirão Preto;Ribeirão Preto;False;IGNORADO
