1470;3503208.0;Araraquara;Araraquara;False;PARDA
1471;3538709.0;Piracicaba;Piracicaba;False;BRANCA
1472;3545803.0;Santa Bárbara d'Oeste;Campinas;False;BRANCA
1473;3519071.0;Hortolândia;Campinas;False;BRANCA
1474;3545308.0;Salto de Pirapora;Sorocaba;False;BRANCA
1475;3556206.0;Valinhos;Campinas;False;
1476;3512209.0;Conchal;Piracicaba;False;BRANCA
1477;3509502.0;Campinas;Campinas;False;BRANCA
1478;3543907.0;Rio Claro;Piracicaba;False;BRANCA
1479;3508504.0;Caçapava;Taubaté;False;PARDA
1480;3538709.0;Piracicaba;Piracicaba;False;BRANCA
1481;3539509.0;Pitangueiras;Ribeirão Preto;False;BRANCA
1482;3538006.0;Pindamonhangaba;Taubaté;False;IGNORADO
1483;3543402.0;Ribeirão Preto;Ribeirão Preto;False;BRANCA
1484;3550308.0;São Paulo;Município de São Paulo;False;BRANCA
1485;3530300.0;Mirassol;São José do Rio Preto;False;BRANCA
1486;3538709.0;Piracicaba;Piracicaba;False;IGNORADO
1487;3550308.0;São Paulo;Município de São Paulo;False;PARDA
1488;3550308.0;São Paulo;Município de São Paulo;False;PARDA
1489;3550308.0;São Paulo;Município de São Paulo;False;PARDA
1490;3550308.0;São Paulo;Município de São Paulo;False;PARDA
1491;3547809.0;Santo André;Grande SP Sudeste;False;PARDA
1492;3556206.0;Valinhos;Campinas;False;PARDA
1493;3550308.0;São Paulo;Município de São Paulo;False;PARDA
1494;3547304.0;Santana de Parnaíba;Grande SP Oeste;False;IGNORADO
1495;3516408.0;Franco da Rocha;Grande SP Norte;False;PARDA
1496;3550308.0;São Paulo;Município de São Paulo;True;BRANCA
1497;3502804.0;Araçatuba;Araçatuba;False;BRANCA
1498;3550308.0;São Paulo;Município de São Paulo;False;PARDA
1499;3550308.0;São Paulo;Município de São Paulo;False;PARDA
1500;3552809.0;Taboão da Serra;Grande SP Sudoeste;False;
1501;3545803.0;Santa Bárbara d'Oeste;Campinas;False;BRANCA
1502;3534401.0;Osasco;Grande SP Oeste;False;BRANCA
1503;3550308.0;São Paulo;Município de São Paulo;False;NONE
1504;3554201.0;Tejupá;Bauru;False;BRANCA
1505;3548708.0;São Bernardo do Campo;Grande SP Sudeste;False;PRETA
1506;3550308.0;São Paulo;Município de São Paulo;True;IGNORADO
1507;3557105.0;Votuporanga;São José do Rio Preto;False;BRANCA
1508;3550308.0;São Paulo;Município de São Paulo;False;IGNORADO
1509;3518800.0;Guarulhos;Grande SP Leste;False;IGNORADO
1510;3519071.0;Hortolândia;Campinas;False;BRANCA
1511;3528502.0;Mairiporã;Grande SP Norte;False;PRETA
1512;3547809.0;Santo André;Grande SP Sudeste;False;BRANCA
1513;3509502.0;Campinas;Campinas;False;IGNORADO
1514;3550308.0;São Paulo;Município de São Paulo;False;BRANCA
1515;3532058.0;Motuca;Araraquara;False;PRETA
1516;3509502.0;Campinas;Campinas;False;BRANCA
1517;3513603.0;Cunha;Taubaté;False;PARDA
1518;3516200.0;Franca;Franca;False;AMARELA
1519;3534401.0;Osasco;Grande SP Oeste;False;IGNORADO
1520;3550308.0;São Paulo;Município de São Paulo;False;PARDA
1521;3552403.0;Sumaré;Campinas;False;BRANCA
1522;3550308.0;São Paulo;Município de São Paulo;False;BRANCA
1523;3548708.0;São Bernardo do Campo;Grande SP Sudeste;False;
1524;3510500.0;Caraguatatuba;Taubaté;False;PARDA
1525;3550308.0;São Paulo;Município de São Paulo;False;PARDA
1526;3547304.0;Santana de Parnaíba;Grande SP Oeste;False;AMARELA
1527;3509502.0;Campinas;Campinas;False;PRETA
1528;3513504.0;Cubatão;Baixada Santista;False;PARDA
1529;3518800.0;Guarulhos;Grande SP Leste;False;PARDA
1530;3548500.0;Santos;Baixada Santista;False;PARDA
1531;3548500.0;Santos;Baixada Santista;False;IGNORADO
1532;3548500.0;Santos;Baixada Santista;False;BRANCA
1533;3550308.0;São Paulo;Município de São Paulo;False;PARDA
1534;3550308.0;São Paulo;Município de São Paulo;False;PARDA
1535;3522406.0;Itapeva;Sorocaba;False;IGNORADO
1536;3550308.0;São Paulo;Município de São Paulo;False;BRANCA
1537;3545803.0;Santa Bárbara d'Oeste;Campinas;False;BRANCA
1538;3522208.0;Itapecerica da Serra;Grande SP Sudoeste;False;BRANCA
1539;3506003.0;Bauru;Bauru;False;NONE
1540;3550308.0;São Paulo;Município de São Paulo;False;IGNORADO
1541;3507506.0;Botucatu;Bauru;False;BRANCA
1542;3550308.0;São Paulo;Município de São Paulo;False;
1543;3550308.0;São Paulo;Município de São Paulo;False;BRANCA
1544;3524402.0;Jacareí;Taubaté;False;BRANCA
1545;3510609.0;Carapicuíba;Grande SP Oeste;False;BRANCA
1546;3550308.0;São Paulo;Município de São Paulo;False;BRANCA
1547;3550308.0;São Paulo;Município de São Paulo;False;BRANCA
1548;3543402.0;Ribeirão Preto;Ribeirão Preto;False;PARDA
1549;3550308.0;São Paulo;Município de São Paulo;False;PARDA
1550;3518800.0;Guarulhos;Grande SP Leste;False;BRANCA
1551;3550308.0;São Paulo;Município de São Paulo;False;PARDA
1552;3550100.0;São Manuel;Bauru;False;IGNORADO
1553;3550308.0;São Paulo;Município de São Paulo;False;BRANCA
1554;3531100.0;Mongaguá;Baixada Santista;False;PARDA
1555;3549706.0;São José do Rio Pardo;São João da Boa Vista;False;BRANCA
1556;3524808.0;Jales;São José do Rio Preto;False;BRANCA
1557;3526902.0;Limeira;Piracicaba;False;BRANCA
1558;3547809.0;Santo André;Grande SP Sudeste;False;BRANCA
1559;3501608.0;Americana;Campinas;False;BRANCA
1560;3543402.0;Ribeirão Preto;Ribeirão Preto;False;BRANCA
1561;3530805.0;Mogi Mirim;São João da Boa Vista;False;BRANCA
1562;3506508.0;Birigui;Araçatuba;False;BRANCA
1563;3505500.0;Barretos;Barretos;False;BRANCA
1564;3553302.0;Tambaú;São João da Boa Vista;False;PARDA
1565;3543303.0;Ribeirão Pires;Grande SP Sudeste;False;BRANCA
1566;3509601.0;Campo Limpo Paulista;Campinas;False;PARDA
1567;3507605.0;Bragança Paulista;Campinas;False;PRETA
1568;3546702.0;Santa Gertrudes;Piracicaba;False;AMARELA
1569;3528007.0;Macatuba;Bauru;False;AMARELA
1570;3521903.0;Itajobi;São José do Rio Preto;False;BRANCA
1571;3527108.0;Lins;Bauru;False;IGNORADO
1572;3539301.0;Pirassununga;Piracicaba;False;BRANCA
1573;3517406.0;Guaíra;Barretos;False;BRANCA
1574;3550308.0;São Paulo;Município de São Paulo;False;BRANCA
1575;3545803.0;Santa Bárbara d'Oeste;Campinas;False;BRANCA
1576;3510500.0;Caraguatatuba;Taubaté;False;IGNORADO
1577;3550308.0;São Paulo;Município de São Paulo;False;NONE
1578;3522109.0;Itanhaém;Baixada Santista;False;INDIGENA
1579;3550308.0;São Paulo;Município de São Paulo;False;BRANCA
1580;3506508.0;Birigui;Araçatuba;False;BRANCA
1581;3516101.0;Florínea;Marília;False;BRANCA
1582;3506003.0;Bauru;Bauru;False;BRANCA
1583;3550308.0;São Paulo;Município de São Paulo;False;PARDA
1584;3550308.0;São Paulo;Município de São Paulo;False;PRETA
1585;3543402.0;Ribeirão Preto;Ribeirão Preto;False;AMARELA
1586;3544251.0;Rosana;Presidente Prudente;False;BRANCA
1587;3543303.0;Ribeirão Pires;Grande SP Sudeste;False;BRANCA
1588;3550308.0;São Paulo;Município de São Paulo;False;PARDA
1589;3550308.0;São Paulo;Município de São Paulo;False;BRANCA
1590;3550308.0;São Paulo;Município de São Paulo;False;PARDA
1591;3536505.0;Paulínia;Campinas;False;BRANCA
1592;3511003.0;Castilho;Araçatuba;False;BRANCA
1593;3524204.0;Jaborandi;Barretos;False;BRANCA
1594;3519071.0;Hortolândia;Campinas;False;PARDA
1595;3552502.0;Suzano;Grande SP Leste;False;IGNORADO
1596;3511102.0;Catanduva;São José do Rio Preto;False;BRANCA
1597;3523206.0;Itararé;Sorocaba;False;BRANCA
1598;3538006.0;Pindamonhangaba;Taubaté;False;BRANCA
1599;3523909.0;Itu;Sorocaba;False;BRANCA
1600;3552205.0;Sorocaba;Sorocaba;False;BRANCA
1601;3505708.0;Barueri;Grande SP Oeste;False;PARDA
1602;3534401.0;Osasco;Grande SP Oeste;False;PARDA
1603;3550308.0;São Paulo;Município de São Paulo;False;PARDA
1604;3525904.0;Jundiaí;Campinas;False;PARDA
1605;3540606.0;Porto Feliz;Sorocaba;False;BRANCA
1606;3549904.0;São José dos Campos;Taubaté;False;PARDA
1607;3530003.0;Mira Estrela;São José do Rio Preto;False;BRANCA
1608;3506003.0;Bauru;Bauru;False;IGNORADO
1609;3503307.0;Araras;Piracicaba;True;BRANCA
1610;3525904.0;Jundiaí;Campinas;False;BRANCA
1611;3511003.0;Castilho;Araçatuba;False;AMARELA
1612;3556800.0;Viradouro;Barretos;False;BRANCA
1613;3550308.0;São Paulo;Município de São Paulo;False;IGNORADO
1614;3541604.0;Promissão;Bauru;False;BRANCA
1615;3545803.0;Santa Bárbara d'Oeste;Campinas;False;IGNORADO
1616;3548708.0;São Bernardo do Campo;Grande SP Sudeste;False;PARDA
1617;3520400.0;Ilhabela;Taubaté;False;AMARELA
1618;3550605.0;São Roque;Sorocaba;False;BRANCA
