2775;3534302.0;Orlândia;Franca;False;BRANCA
2776;3550308.0;São Paulo;Município de São Paulo;False;BRANCA
2777;3512803.0;Cosmópolis;Campinas;False;AMARELA
2778;3529401.0;Mauá;Grande SP Sudeste;False;NONE
2779;3526902.0;Limeira;Piracicaba;False;BRANCA
2780;3518701.0;Guarujá;Baixada Santista;False;BRANCA
2781;3530607.0;Mogi das Cruzes;Grande SP Leste;False;BRANCA
2782;3550308.0;São Paulo;Município de São Paulo;False;NONE
2783;3552205.0;Sorocaba;Sorocaba;False;BRANCA
2784;3549805.0;São José do Rio Preto;São José do Rio Preto;False;BRANCA
2785;3550308.0;São Paulo;Município de São Paulo;False;BRANCA
2786;3529401.0;Mauá;Grande SP Sudeste;False;IGNORADO
2787;3530706.0;Mogi Guaçu;São João da Boa Vista;False;BRANCA
2788;3527108.0;Lins;Bauru;False;BRANCA
2789;3525003.0;Jandira;Grande SP Oeste;False;PARDA
2790;3550308.0;São Paulo;Município de São Paulo;False;PARDA
2791;3550308.0;São Paulo;Município de São Paulo;False;BRANCA
2792;3534401.0;Osasco;Grande SP Oeste;False;
2793;3510609.0;Carapicuíba;Grande SP Oeste;False;NONE
2794;3550308.0;São Paulo;Município de São Paulo;False;PARDA
2795;3509254.0;Cajati;Registro;False;AMARELA
2796;3550308.0;São Paulo;Município de São Paulo;False;AMARELA
2797;3550308.0;São Paulo;Município de São Paulo;False;PRETA
2798;3550308.0;São Paulo;Município de São Paulo;False;NONE
2799;3549805.0;São José do Rio Preto;São José do Rio Preto;False;NONE
2800;3533403.0;Nova Odessa;Campinas;False;BRANCA
2801;3509908.0;Cananéia;Registro;False;BRANCA
2802;3550308.0;São Paulo;Município de São Paulo;False;PARDA
2803;3547809.0;Santo André;Grande SP Sudeste;False;BRANCA
2804;3549904.0;São José dos Campos;Taubaté;False;PRETA
2805;3550308.0;São Paulo;Município de São Paulo;False;PARDA
2806;3534401.0;Osasco;Grande SP Oeste;False;BRANCA
2807;3550308.0;São Paulo;Município de São Paulo;False;BRANCA
2808;3541000.0;Praia Grande;Baixada Santista;False;IGNORADO
2809;3503208.0;Araraquara;Araraquara;False;PARDA
2810;3552205.0;Sorocaba;Sorocaba;False;BRANCA
2811;3550605.0;São Roque;Sorocaba;False;PARDA
2812;3518800.0;Guarulhos;Grande SP Leste;False;BRANCA
2813;3520400.0;Ilhabela;Taubaté;False;PARDA
2814;3513801.0;Diadema;Grande SP Sudeste;False;BRANCA
2815;3522505.0;Itapevi;Grande SP Oeste;False;IGNORADO
2816;3550308.0;São Paulo;Município de São Paulo;False;PARDA
2817;3523404.0;Itatiba;Campinas;False;BRANCA
2818;3550308.0;São Paulo;Município de São Paulo;False;PARDA
2819;3549805.0;São José do Rio Preto;São José do Rio Preto;False;BRANCA
2820;3557006.0;Votorantim;Sorocaba;False;BRANCA
2821;3529708.0;Miguelópolis;Franca;False;BRANCA
2822;3504701.0;Balbinos;Bauru;False;PARDA
2823;3550308.0;São Paulo;Município de São Paulo;False;NONE
2824;3534401.0;Osasco;Grande SP Oeste;False;PARDA
2825;3550308.0;São Paulo;Município de São Paulo;False;IGNORADO
2826;3529005.0;Marília;Marília;False;BRANCA
2827;3516705.0;Garça;Marília;False;BRANCA
2828;3519071.0;Hortolândia;Campinas;False;
2829;3554003.0;Tatuí;Sorocaba;False;BRANCA
2830;3509502.0;Campinas;Campinas;False;BRANCA
2831;3518800.0;Guarulhos;Grande SP Leste;False;BRANCA
2832;3549904.0;São José dos Campos;Taubaté;False;BRANCA
2833;3522505.0;Itapevi;Grande SP Oeste;False;BRANCA
2834;3537404.0;Pereira Barreto;Araçatuba;False;BRANCA
2835;3551702.0;Sertãozinho;Ribeirão Preto;False;BRANCA
2836;3550308.0;São Paulo;Município de São Paulo;False;BRANCA
2837;3550308.0;São Paulo;Município de São Paulo;False;PARDA
2838;3550308.0;São Paulo;Município de São Paulo;False;PARDA
2839;3556453.0;Vargem Grande Paulista;Grande SP Sudoeste;False;PRETA
2840;3509502.0;Campinas;Campinas;False;PARDA
2841;3530607.0;Mogi das Cruzes;Grande SP Leste;False;IGNORADO
2842;3509254.0;Cajati;Registro;False;BRANCA
2843;3550308.0;São Paulo;Município de São Paulo;False;BRANCA
2844;3503208.0;Araraquara;Araraquara;False;BRANCA
2845;3522307.0;Itapetininga;Sorocaba;False;BRANCA
2846;3525300.0;Jaú;Bauru;False;BRANCA
2847;3550308.0;São Paulo;Município de São Paulo;False;PARDA
2848;3507001.0;Boituva;Sorocaba;False;BRANCA
2849;3548807.0;São Caetano do Sul;Grande SP Sudeste;False;BRANCA
2850;3552809.0;Taboão da Serra;Grande SP Sudoeste;False;
2851;3552502.0;Suzano;Grande SP Leste;False;IGNORADO
2852;3550308.0;São Paulo;Município de São Paulo;False;BRANCA
2853;3550704.0;São Sebastião;Taubaté;False;AMARELA
2854;3502804.0;Araçatuba;Araçatuba;False;IGNORADO
2855;3515707.0;Ferraz de Vasconcelos;Grande SP Leste;False;PARDA
2856;3530805.0;Mogi Mirim;São João da Boa Vista;False;PARDA
2857;3557105.0;Votuporanga;São José do Rio Preto;False;BRANCA
2858;3518800.0;Guarulhos;Grande SP Leste;False;NONE
2859;3550308.0;São Paulo;Município de São Paulo;False;PRETA
2860;3513504.0;Cubatão;Baixada Santista;False;BRANCA
2861;3504107.0;Atibaia;Campinas;False;PARDA
2862;3518800.0;Guarulhos;Grande SP Leste;False;PARDA
2863;3550308.0;São Paulo;Município de São Paulo;False;
2864;3550308.0;São Paulo;Município de São Paulo;False;BRANCA
2865;3518701.0;Guarujá;Baixada Santista;False;BRANCA
2866;3550308.0;São Paulo;Município de São Paulo;False;PARDA
2867;3548500.0;Santos;Baixada Santista;False;BRANCA
2868;3547809.0;Santo André;Grande SP Sudeste;False;BRANCA
2869;3550308.0;São Paulo;Município de São Paulo;False;BRANCA
2870;3550308.0;São Paulo;Município de São Paulo;False;IGNORADO
2871;3550308.0;São Paulo;Município de São Paulo;False;NONE
2872;3547601.0;Santa Rosa de Viterbo;Ribeirão Preto;False;PARDA
2873;3536505.0;Paulínia;Campinas;False;IGNORADO
2874;3547809.0;Santo André;Grande SP Sudeste;False;BRANCA
2875;3510609.0;Carapicuíba;Grande SP Oeste;False;IGNORADO
2876;3549904.0;São José dos Campos;Taubaté;False;IGNORADO
2877;3542206.0;Rancharia;Presidente Prudente;False;BRANCA
2878;3510500.0;Caraguatatuba;Taubaté;False;BRANCA
2879;3502804.0;Araçatuba;Araçatuba;False;PARDA
2880;3550308.0;São Paulo;Município de São Paulo;False;BRANCA
2881;3549904.0;São José dos Campos;Taubaté;False;IGNORADO
2882;3538709.0;Piracicaba;Piracicaba;False;BRANCA
2883;3538709.0;Piracicaba;Piracicaba;False;
2884;3538709.0;Piracicaba;Piracicaba;False;
2885;3529302.0;Matão;Araraquara;False;BRANCA
2886;3549805.0;São José do Rio Preto;São José do Rio Preto;False;BRANCA
2887;3506003.0;Bauru;Bauru;False;IGNORADO
2888;3551702.0;Sertãozinho;Ribeirão Preto;False;AMARELA
2889;3503901.0;Arujá;Grande SP Leste;False;IGNORADO
2890;3550308.0;São Paulo;Município de São Paulo;False;PARDA
2891;3550308.0;São Paulo;Município de São Paulo;False;IGNORADO
2892;3516408.0;Franco da Rocha;Grande SP Norte;False;BRANCA
2893;3510203.0;Capão Bonito;Sorocaba;False;BRANCA
2894;3500303.0;Aguaí;São João da Boa Vista;False;BRANCA
2895;3550308.0;São Paulo;Município de São Paulo;False;PRETA
2896;3550308.0;São Paulo;Município de São Paulo;True;IGNORADO
2897;3550308.0;São Paulo;Município de São Paulo;False;PARDA
2898;3548708.0;São Bernardo do Campo;Grande SP Sudeste;False;PRETA
2899;3550308.0;São Paulo;Município de São Paulo;False;BRANCA
2900;3550308.0;São Paulo;Município de São Paulo;False;IGNORADO
2901;3547809.0;Santo André;Grande SP Sudeste;False;PARDA
2902;3520400.0;Ilhabela;Taubaté;False;PARDA
2903;3525904.0;Jundiaí;Campinas;False;BRANCA
2904;3551009.0;São Vicente;Baixada Santista;False;BRANCA
2905;3519071.0;Hortolândia;Campinas;False;
2906;3549805.0;São José do Rio Preto;São José do Rio Preto;False;BRANCA
2907;3543303.0;Ribeirão Pires;Grande SP Sudeste;False;PRETA
2908;3522307.0;Itapetininga;Sorocaba;False;BRANCA
2909;3534708.0;Ourinhos;Marília;False;BRANCA
2910;3524303.0;Jaboticabal;Ribeirão Preto;False;BRANCA
2911;3547809.0;Santo André;Grande SP Sudeste;False;
2912;3543907.0;Rio Claro;Piracicaba;False;BRANCA
2913;3512308.0;Conchas;Bauru;False;BRANCA
2914;3500303.0;Aguaí;São João da Boa Vista;False;PRETA
2915;3554102.0;Taubaté;Taubaté;False;BRANCA
2916;3543402.0;Ribeirão Preto;Ribeirão Preto;False;NONE
2917;3539806.0;Poá;Grande SP Leste;False;BRANCA
2918;3526902.0;Limeira;Piracicaba;False;IGNORADO
2919;3509502.0;Campinas;Campinas;False;BRANCA
2920;3550308.0;São Paulo;Município de São Paulo;False;BRANCA
2921;3519071.0;Hortolândia;Campinas;False;
