38805;3549904.0;São José dos Campos;Taubaté;False;BRANCA
38806;3538709.0;Piracicaba;Piracicaba;False;BRANCA
38807;3548906.0;São Carlos;Araraquara;False;IGNORADO
38808;3549805.0;São José do Rio Preto;São José do Rio Preto;False;BRANCA
38809;3550308.0;São Paulo;Município de São Paulo;False;PARDA
38810;3545407.0;Salto Grande;Marília;False;BRANCA
38811;3551009.0;São Vicente;Baixada Santista;False;PARDA
38812;3519071.0;Hortolândia;Campinas;False;
38813;3542602.0;Registro;Registro;False;BRANCA
38814;3542602.0;Registro;Registro;False;AMARELA
38815;3515004.0;Embu das Artes;Grande SP Sudoeste;False;PRETA
38816;3511508.0;Cerquilho;Sorocaba;False;BRANCA
38817;3549904.0;São José dos Campos;Taubaté;False;BRANCA
38818;3503901.0;Arujá;Grande SP Leste;False;BRANCA
38819;3506003.0;Bauru;Bauru;False;PARDA
38820;3552205.0;Sorocaba;Sorocaba;False;BRANCA
38821;3538709.0;Piracicaba;Piracicaba;False;IGNORADO
38822;3550308.0;São Paulo;Município de São Paulo;True;BRANCA
38823;3550308.0;São Paulo;Município de São Paulo;False;IGNORADO
38824;3520509.0;Indaiatuba;Campinas;False;PARDA
38825;3550308.0;São Paulo;Município de São Paulo;False;PARDA
38826;3548609.0;São Bento do Sapucaí;Taubaté;False;BRANCA
38827;3530607.0;Mogi das Cruzes;Grande SP Leste;False;IGNORADO
38828;3543402.0;Ribeirão Preto;Ribeirão Preto;False;IGNORADO
38829;3543402.0;Ribeirão Preto;Ribeirão Preto;False;PARDA
38830;3550308.0;São Paulo;Município de São Paulo;False;AMARELA
38831;3538709.0;Piracicaba;Piracicaba;False;PARDA
38832;3529401.0;Mauá;Grande SP Sudeste;False;PARDA
38833;3550308.0;São Paulo;Município de São Paulo;False;BRANCA
38834;3546306.0;Santa Cruz das Palmeiras;São João da Boa Vista;False;BRANCA
38835;3522208.0;Itapecerica da Serra;Grande SP Sudoeste;False;IGNORADO
38836;3551405.0;Serra Azul;Ribeirão Preto;False;BRANCA
38837;3506003.0;Bauru;Bauru;False;BRANCA
38838;3513504.0;Cubatão;Baixada Santista;False;PARDA
38839;3544004.0;Rio das Pedras;Piracicaba;False;BRANCA
38840;3548500.0;Santos;Baixada Santista;False;NONE
38841;3550308.0;São Paulo;Município de São Paulo;False;
38842;3530706.0;Mogi Guaçu;São João da Boa Vista;False;BRANCA
38843;3550308.0;São Paulo;Município de São Paulo;False;NONE
38844;3509502.0;Campinas;Campinas;False;PRETA
38845;3548500.0;Santos;Baixada Santista;False;IGNORADO
38846;3521408.0;Iracemápolis;Piracicaba;False;BRANCA
38847;3550308.0;São Paulo;Município de São Paulo;False;BRANCA
38848;3547809.0;Santo André;Grande SP Sudeste;False;BRANCA
38849;3541406.0;Presidente Prudente;Presidente Prudente;False;BRANCA
38850;3548500.0;Santos;Baixada Santista;False;PARDA
38851;3554102.0;Taubaté;Taubaté;False;BRANCA
38852;3550308.0;São Paulo;Município de São Paulo;False;PARDA
38853;3518800.0;Guarulhos;Grande SP Leste;False;PARDA
38854;3556206.0;Valinhos;Campinas;False;BRANCA
38855;3506003.0;Bauru;Bauru;False;PARDA
38856;3550308.0;São Paulo;Município de São Paulo;False;PARDA
38857;3549904.0;São José dos Campos;Taubaté;False;BRANCA
38858;3530805.0;Mogi Mirim;São João da Boa Vista;False;BRANCA
38859;3543402.0;Ribeirão Preto;Ribeirão Preto;False;BRANCA
38860;3507605.0;Bragança Paulista;Campinas;False;IGNORADO
38861;3506300.0;Bernardino de Campos;Marília;False;BRANCA
38862;3543402.0;Ribeirão Preto;Ribeirão Preto;False;PARDA
38863;3538709.0;Piracicaba;Piracicaba;False;BRANCA
38864;3550308.0;São Paulo;Município de São Paulo;False;PARDA
38865;3543402.0;Ribeirão Preto;Ribeirão Preto;False;BRANCA
38866;3509502.0;Campinas;Campinas;False;BRANCA
38867;3543907.0;Rio Claro;Piracicaba;False;BRANCA
38868;3500709.0;Agudos;Bauru;False;BRANCA
38869;3550308.0;São Paulo;Município de São Paulo;False;BRANCA
38870;3550308.0;São Paulo;Município de São Paulo;False;BRANCA
38871;3535309.0;Palmital;Marília;False;BRANCA
38872;3548807.0;São Caetano do Sul;Grande SP Sudeste;False;PARDA
38873;3522406.0;Itapeva;Sorocaba;False;BRANCA
38874;3507605.0;Bragança Paulista;Campinas;False;BRANCA
38875;3512308.0;Conchas;Bauru;False;BRANCA
38876;3525904.0;Jundiaí;Campinas;False;BRANCA
38877;3518800.0;Guarulhos;Grande SP Leste;False;NONE
38878;3534401.0;Osasco;Grande SP Oeste;False;IGNORADO
38879;3550308.0;São Paulo;Município de São Paulo;False;PARDA
38880;3550308.0;São Paulo;Município de São Paulo;False;BRANCA
38881;3541000.0;Praia Grande;Baixada Santista;False;BRANCA
38882;3531803.0;Monte Mor;Campinas;False;BRANCA
38883;3549904.0;São José dos Campos;Taubaté;False;BRANCA
38884;3547304.0;Santana de Parnaíba;Grande SP Oeste;False;BRANCA
38885;3528007.0;Macatuba;Bauru;False;BRANCA
38886;3509502.0;Campinas;Campinas;False;BRANCA
38887;3543907.0;Rio Claro;Piracicaba;False;BRANCA
38888;3548906.0;São Carlos;Araraquara;False;IGNORADO
38889;3513504.0;Cubatão;Baixada Santista;False;BRANCA
38890;3526407.0;Laranjal Paulista;Bauru;False;PARDA
38891;3551009.0;São Vicente;Baixada Santista;False;PARDA
38892;3550308.0;São Paulo;Município de São Paulo;False;BRANCA
38893;3548500.0;Santos;Baixada Santista;False;IGNORADO
38894;3545803.0;Santa Bárbara d'Oeste;Campinas;False;BRANCA
38895;3529005.0;Marília;Marília;False;IGNORADO
38896;3509502.0;Campinas;Campinas;False;IGNORADO
38897;3503208.0;Araraquara;Araraquara;True;PARDA
38898;3554300.0;Teodoro Sampaio;Presidente Prudente;False;BRANCA
38899;3550308.0;São Paulo;Município de São Paulo;False;BRANCA
38900;3550308.0;São Paulo;Município de São Paulo;False;IGNORADO
38901;3534401.0;Osasco;Grande SP Oeste;False;PARDA
38902;3550308.0;São Paulo;Município de São Paulo;False;PARDA
38903;3523909.0;Itu;Sorocaba;False;IGNORADO
38904;3550308.0;São Paulo;Município de São Paulo;False;PARDA
38905;3549904.0;São José dos Campos;Taubaté;False;NONE
38906;3550407.0;São Pedro;Piracicaba;False;BRANCA
38907;3548708.0;São Bernardo do Campo;Grande SP Sudeste;False;
38908;3549805.0;São José do Rio Preto;São José do Rio Preto;False;
38909;3550308.0;São Paulo;Município de São Paulo;False;BRANCA
38910;3548500.0;Santos;Baixada Santista;False;NONE
38911;3550308.0;São Paulo;Município de São Paulo;False;IGNORADO
38912;3550308.0;São Paulo;Município de São Paulo;False;IGNORADO
38913;3503208.0;Araraquara;Araraquara;False;BRANCA
38914;3518800.0;Guarulhos;Grande SP Leste;False;PARDA
38915;3541307.0;Presidente Epitácio;Presidente Prudente;False;
38916;3548500.0;Santos;Baixada Santista;False;PARDA
38917;3518800.0;Guarulhos;Grande SP Leste;False;IGNORADO
38918;3550308.0;São Paulo;Município de São Paulo;False;IGNORADO
38919;3520426.0;Ilha Comprida;Registro;False;BRANCA
38920;3552403.0;Sumaré;Campinas;False;BRANCA
38921;3550308.0;São Paulo;Município de São Paulo;False;
38922;3518800.0;Guarulhos;Grande SP Leste;False;BRANCA
38923;3520509.0;Indaiatuba;Campinas;False;IGNORADO
38924;3550308.0;São Paulo;Município de São Paulo;False;BRANCA
38925;3550308.0;São Paulo;Município de São Paulo;False;BRANCA
38926;3550308.0;São Paulo;Município de São Paulo;False;NONE
38927;3550308.0;São Paulo;Município de São Paulo;False;PARDA
38928;3543402.0;Ribeirão Preto;Ribeirão Preto;False;BRANCA
38929;3540200.0;Pontal;Ribeirão Preto;False;BRANCA
38930;3516200.0;Franca;Franca;False;IGNORADO
38931;3550308.0;São Paulo;Município de São Paulo;False;IGNORADO
38932;3509502.0;Campinas;Campinas;False;IGNORADO
38933;3550308.0;São Paulo;Município de São Paulo;False;BRANCA
38934;3550308.0;São Paulo;Município de São Paulo;False;BRANCA
38935;3550308.0;São Paulo;Município de São Paulo;False;BRANCA
38936;3551009.0;São Vicente;Baixada Santista;False;IGNORADO
38937;3523909.0;Itu;Sorocaba;False;BRANCA
38938;3547809.0;Santo André;Grande SP Sudeste;False;BRANCA
38939;3550308.0;São Paulo;Município de São Paulo;False;BRANCA
38940;3521002.0;Iperó;Sorocaba;False;BRANCA
38941;3550308.0;São Paulo;Município de São Paulo;False;PARDA
38942;3535200.0;Palmeira d'Oeste;São José do Rio Preto;False;BRANCA
38943;3518503.0;Guareí;Sorocaba;False;
38944;3548500.0;Santos;Baixada Santista;False;BRANCA
38945;3530607.0;Mogi das Cruzes;Grande SP Leste;False;PARDA
38946;3538709.0;Piracicaba;Piracicaba;False;AMARELA
38947;3548500.0;Santos;Baixada Santista;False;PARDA
38948;3505708.0;Barueri;Grande SP Oeste;False;IGNORADO
38949;3504800.0;Bálsamo;São José do Rio Preto;False;BRANCA
