41910;3550308.0;São Paulo;Município de São Paulo;False;PARDA
41911;3550308.0;São Paulo;Município de São Paulo;False;BRANCA
41912;3552403.0;Sumaré;Campinas;False;BRANCA
41913;3511102.0;Catanduva;São José do Rio Preto;False;BRANCA
41914;3518602.0;Guariba;Ribeirão Preto;False;IGNORADO
41915;3550308.0;São Paulo;Município de São Paulo;False;PARDA
41916;3527256.0;Lourdes;Araçatuba;False;PARDA
41917;3510609.0;Carapicuíba;Grande SP Oeste;False;PARDA
41918;3550308.0;São Paulo;Município de São Paulo;False;PARDA
41919;3539202.0;Pirapozinho;Presidente Prudente;False;PARDA
41920;3509502.0;Campinas;Campinas;False;IGNORADO
41921;3548807.0;São Caetano do Sul;Grande SP Sudeste;False;BRANCA
41922;3548708.0;São Bernardo do Campo;Grande SP Sudeste;False;PARDA
41923;3550308.0;São Paulo;Município de São Paulo;False;BRANCA
41924;3550308.0;São Paulo;Município de São Paulo;False;PARDA
41925;3532801.0;Nova Aliança;São José do Rio Preto;False;BRANCA
41926;3526902.0;Limeira;Piracicaba;False;BRANCA
41927;3552809.0;Taboão da Serra;Grande SP Sudoeste;False;PARDA
41928;3509601.0;Campo Limpo Paulista;Campinas;False;BRANCA
41929;3523107.0;Itaquaquecetuba;Grande SP Leste;False;
41930;3553708.0;Taquaritinga;Araraquara;False;BRANCA
41931;3526902.0;Limeira;Piracicaba;False;BRANCA
41932;3549805.0;São José do Rio Preto;São José do Rio Preto;False;PRETA
41933;3550308.0;São Paulo;Município de São Paulo;False;BRANCA
41934;3508009.0;Buri;Sorocaba;False;BRANCA
41935;3526704.0;Leme;Piracicaba;False;BRANCA
41936;3512001.0;Colina;Barretos;False;BRANCA
41937;3526902.0;Limeira;Piracicaba;False;BRANCA
41938;3550308.0;São Paulo;Município de São Paulo;False;BRANCA
41939;3550308.0;São Paulo;Município de São Paulo;False;PARDA
41940;3541307.0;Presidente Epitácio;Presidente Prudente;False;BRANCA
41941;3509502.0;Campinas;Campinas;False;BRANCA
41942;3550308.0;São Paulo;Município de São Paulo;False;BRANCA
41943;3526704.0;Leme;Piracicaba;False;BRANCA
41944;3529302.0;Matão;Araraquara;False;BRANCA
41945;3550308.0;São Paulo;Município de São Paulo;False;PARDA
41946;3520509.0;Indaiatuba;Campinas;False;BRANCA
41947;3531407.0;Monte Aprazível;São José do Rio Preto;False;IGNORADO
41948;3536505.0;Paulínia;Campinas;False;PARDA
41949;3510609.0;Carapicuíba;Grande SP Oeste;False;IGNORADO
41950;3516408.0;Franco da Rocha;Grande SP Norte;False;IGNORADO
41951;3550308.0;São Paulo;Município de São Paulo;False;BRANCA
41952;3549953.0;São Lourenço da Serra;Grande SP Sudoeste;False;NONE
41953;3530300.0;Mirassol;São José do Rio Preto;False;BRANCA
41954;3539806.0;Poá;Grande SP Leste;False;PRETA
41955;3547809.0;Santo André;Grande SP Sudeste;False;BRANCA
41956;3548500.0;Santos;Baixada Santista;False;PARDA
41957;3550308.0;São Paulo;Município de São Paulo;False;PARDA
41958;3552205.0;Sorocaba;Sorocaba;False;IGNORADO
41959;3547809.0;Santo André;Grande SP Sudeste;False;IGNORADO
41960;3523909.0;Itu;Sorocaba;False;IGNORADO
41961;3550308.0;São Paulo;Município de São Paulo;False;PARDA
41962;3548500.0;Santos;Baixada Santista;False;BRANCA
41963;3549904.0;São José dos Campos;Taubaté;False;PARDA
41964;3513801.0;Diadema;Grande SP Sudeste;False;BRANCA
41965;3548906.0;São Carlos;Araraquara;False;BRANCA
41966;3525003.0;Jandira;Grande SP Oeste;False;
41967;3528007.0;Macatuba;Bauru;False;BRANCA
41968;3539509.0;Pitangueiras;Ribeirão Preto;False;IGNORADO
41969;3509502.0;Campinas;Campinas;False;BRANCA
41970;3550308.0;São Paulo;Município de São Paulo;False;BRANCA
41971;3510500.0;Caraguatatuba;Taubaté;False;BRANCA
41972;3532009.0;Morungaba;Campinas;False;NONE
41973;3550308.0;São Paulo;Município de São Paulo;False;PARDA
41974;3550308.0;São Paulo;Município de São Paulo;False;BRANCA
41975;3515004.0;Embu das Artes;Grande SP Sudoeste;False;PARDA
41976;3503208.0;Araraquara;Araraquara;False;BRANCA
41977;3550308.0;São Paulo;Município de São Paulo;False;PARDA
41978;3552502.0;Suzano;Grande SP Leste;False;BRANCA
41979;3534401.0;Osasco;Grande SP Oeste;True;PARDA
41980;3550308.0;São Paulo;Município de São Paulo;False;PARDA
41981;3550308.0;São Paulo;Município de São Paulo;False;PARDA
41982;3547809.0;Santo André;Grande SP Sudeste;False;PARDA
41983;3521408.0;Iracemápolis;Piracicaba;False;PRETA
41984;3550308.0;São Paulo;Município de São Paulo;False;BRANCA
41985;3518909.0;Guzolândia;Araçatuba;False;BRANCA
41986;3548708.0;São Bernardo do Campo;Grande SP Sudeste;False;AMARELA
41987;3550308.0;São Paulo;Município de São Paulo;False;PARDA
41988;3512001.0;Colina;Barretos;False;NONE
41989;3536505.0;Paulínia;Campinas;False;BRANCA
41990;3550308.0;São Paulo;Município de São Paulo;False;INDIGENA
41991;3525904.0;Jundiaí;Campinas;False;IGNORADO
41992;3550308.0;São Paulo;Município de São Paulo;False;BRANCA
41993;3550308.0;São Paulo;Município de São Paulo;False;AMARELA
41994;3552809.0;Taboão da Serra;Grande SP Sudoeste;False;BRANCA
41995;3550605.0;São Roque;Sorocaba;False;BRANCA
41996;3518701.0;Guarujá;Baixada Santista;False;BRANCA
41997;3550308.0;São Paulo;Município de São Paulo;False;BRANCA
41998;3515103.0;Embu-Guaçu;Grande SP Sudoeste;False;IGNORADO
41999;3509502.0;Campinas;Campinas;False;BRANCA
42000;3550308.0;São Paulo;Município de São Paulo;False;AMARELA
42001;3501905.0;Amparo;Campinas;False;IGNORADO
42002;3545209.0;Salto;Sorocaba;False;BRANCA
42003;3557006.0;Votorantim;Sorocaba;False;IGNORADO
42004;3550308.0;São Paulo;Município de São Paulo;False;PARDA
42005;3522208.0;Itapecerica da Serra;Grande SP Sudoeste;False;PARDA
42006;3518800.0;Guarulhos;Grande SP Leste;False;IGNORADO
42007;3525904.0;Jundiaí;Campinas;False;BRANCA
42008;3554003.0;Tatuí;Sorocaba;False;BRANCA
42009;3501905.0;Amparo;Campinas;False;BRANCA
42010;3549805.0;São José do Rio Preto;São José do Rio Preto;False;BRANCA
42011;3550308.0;São Paulo;Município de São Paulo;False;NONE
42012;3509502.0;Campinas;Campinas;False;BRANCA
42013;3501905.0;Amparo;Campinas;False;BRANCA
42014;3550308.0;São Paulo;Município de São Paulo;False;PARDA
42015;3548500.0;Santos;Baixada Santista;False;IGNORADO
42016;3527306.0;Louveira;Campinas;False;BRANCA
42017;3525904.0;Jundiaí;Campinas;False;BRANCA
42018;3505500.0;Barretos;Barretos;False;BRANCA
42019;3550308.0;São Paulo;Município de São Paulo;False;PARDA
42020;3550308.0;São Paulo;Município de São Paulo;False;BRANCA
42021;3541406.0;Presidente Prudente;Presidente Prudente;False;BRANCA
42022;3550308.0;São Paulo;Município de São Paulo;False;NONE
42023;3525300.0;Jaú;Bauru;False;BRANCA
42024;3550308.0;São Paulo;Município de São Paulo;False;PARDA
42025;3550308.0;São Paulo;Município de São Paulo;False;PARDA
42026;3509502.0;Campinas;Campinas;False;BRANCA
42027;3509304.0;Cajobi;Barretos;False;BRANCA
42028;3505500.0;Barretos;Barretos;False;BRANCA
42029;3503307.0;Araras;Piracicaba;False;BRANCA
42030;3509502.0;Campinas;Campinas;False;IGNORADO
42031;3550308.0;São Paulo;Município de São Paulo;False;IGNORADO
42032;3543907.0;Rio Claro;Piracicaba;True;BRANCA
42033;3525904.0;Jundiaí;Campinas;False;BRANCA
42034;3550308.0;São Paulo;Município de São Paulo;False;BRANCA
42035;3519071.0;Hortolândia;Campinas;False;PARDA
42036;3518701.0;Guarujá;Baixada Santista;False;BRANCA
42037;3550308.0;São Paulo;Município de São Paulo;False;PARDA
42038;3538006.0;Pindamonhangaba;Taubaté;False;IGNORADO
42039;3519071.0;Hortolândia;Campinas;False;
42040;3550308.0;São Paulo;Município de São Paulo;False;NONE
42041;3547809.0;Santo André;Grande SP Sudeste;False;IGNORADO
42042;3506805.0;Bocaina;Bauru;False;BRANCA
42043;3551702.0;Sertãozinho;Ribeirão Preto;False;BRANCA
42044;3547809.0;Santo André;Grande SP Sudeste;False;BRANCA
42045;3550308.0;São Paulo;Município de São Paulo;False;PARDA
42046;3550308.0;São Paulo;Município de São Paulo;False;BRANCA
42047;3549805.0;São José do Rio Preto;São José do Rio Preto;False;PARDA
42048;3516309.0;Francisco Morato;Grande SP Norte;False;AMARELA
42049;3550308.0;São Paulo;Município de São Paulo;False;PARDA
42050;3518800.0;Guarulhos;Grande SP Leste;False;BRANCA
42051;3550308.0;São Paulo;Município de São Paulo;False;PARDA
42052;3525003.0;Jandira;Grande SP Oeste;False;BRANCA
42053;3534401.0;Osasco;Grande SP Oeste;False;BRANCA
