58326;3550308.0;São Paulo;Município de São Paulo;False;BRANCA
58327;3526704.0;Leme;Piracicaba;False;BRANCA
58328;3548708.0;São Bernardo do Campo;Grande SP Sudeste;False;BRANCA
58329;3535507.0;Paraguaçu Paulista;Marília;False;BRANCA
58330;3550308.0;São Paulo;Município de São Paulo;False;
58331;3515103.0;Embu-Guaçu;Grande SP Sudoeste;False;BRANCA
58332;3503307.0;Araras;Piracicaba;False;IGNORADO
58333;3509502.0;Campinas;Campinas;False;BRANCA
58334;3557105.0;Votuporanga;São José do Rio Preto;False;BRANCA
58335;3518800.0;Guarulhos;Grande SP Leste;False;BRANCA
58336;3550308.0;São Paulo;Município de São Paulo;False;BRANCA
58337;3557105.0;Votuporanga;São José do Rio Preto;False;PARDA
58338;3550308.0;São Paulo;Município de São Paulo;False;IGNORADO
58339;3521903.0;Itajobi;São José do Rio Preto;False;AMARELA
58340;3501608.0;Americana;Campinas;False;BRANCA
58341;3550209.0;São Miguel Arcanjo;Sorocaba;False;BRANCA
58342;3550308.0;São Paulo;Município de São Paulo;False;IGNORADO
58343;3550308.0;São Paulo;Município de São Paulo;False;NONE
58344;3549904.0;São José dos Campos;Taubaté;False;BRANCA
58345;3506003.0;Bauru;Bauru;False;BRANCA
58346;3547809.0;Santo André;Grande SP Sudeste;False;PARDA
58347;3505500.0;Barretos;Barretos;False;BRANCA
58348;3522208.0;Itapecerica da Serra;Grande SP Sudoeste;False;PARDA
58349;3550308.0;São Paulo;Município de São Paulo;False;PARDA
58350;3525003.0;Jandira;Grande SP Oeste;False;AMARELA
58351;3541406.0;Presidente Prudente;Presidente Prudente;False;BRANCA
58352;3548708.0;São Bernardo do Campo;Grande SP Sudeste;False;BRANCA
58353;3552403.0;Sumaré;Campinas;False;BRANCA
58354;3505807.0;Bastos;Marília;False;BRANCA
58355;3541406.0;Presidente Prudente;Presidente Prudente;False;BRANCA
58356;3524105.0;Ituverava;Franca;False;BRANCA
58357;3545308.0;Salto de Pirapora;Sorocaba;False;PRETA
58358;3552205.0;Sorocaba;Sorocaba;False;BRANCA
58359;3550308.0;São Paulo;Município de São Paulo;False;PARDA
58360;3552502.0;Suzano;Grande SP Leste;False;BRANCA
58361;3548500.0;Santos;Baixada Santista;False;PARDA
58362;3524402.0;Jacareí;Taubaté;False;BRANCA
58363;3550308.0;São Paulo;Município de São Paulo;False;BRANCA
58364;3550308.0;São Paulo;Município de São Paulo;False;PARDA
58365;3524402.0;Jacareí;Taubaté;False;PARDA
58366;3543402.0;Ribeirão Preto;Ribeirão Preto;False;BRANCA
58367;3550308.0;São Paulo;Município de São Paulo;False;BRANCA
58368;3506003.0;Bauru;Bauru;False;IGNORADO
58369;3538709.0;Piracicaba;Piracicaba;False;PARDA
58370;3502804.0;Araçatuba;Araçatuba;False;PARDA
58371;3538105.0;Pindorama;São José do Rio Preto;False;BRANCA
58372;3548708.0;São Bernardo do Campo;Grande SP Sudeste;False;PARDA
58373;3541901.0;Queluz;Taubaté;False;BRANCA
58374;3550308.0;São Paulo;Município de São Paulo;False;BRANCA
58375;3540200.0;Pontal;Ribeirão Preto;False;BRANCA
58376;3541406.0;Presidente Prudente;Presidente Prudente;False;BRANCA
58377;3526704.0;Leme;Piracicaba;False;BRANCA
58378;3550308.0;São Paulo;Município de São Paulo;False;BRANCA
58379;3523107.0;Itaquaquecetuba;Grande SP Leste;False;PARDA
58380;3502507.0;Aparecida;Taubaté;False;PARDA
58381;3523909.0;Itu;Sorocaba;False;BRANCA
58382;3550308.0;São Paulo;Município de São Paulo;False;BRANCA
58383;3510203.0;Capão Bonito;Sorocaba;False;BRANCA
58384;3550308.0;São Paulo;Município de São Paulo;False;BRANCA
58385;3547304.0;Santana de Parnaíba;Grande SP Oeste;False;IGNORADO
58386;3550308.0;São Paulo;Município de São Paulo;False;BRANCA
58387;3549805.0;São José do Rio Preto;São José do Rio Preto;False;IGNORADO
58388;3550308.0;São Paulo;Município de São Paulo;False;IGNORADO
58389;3549904.0;São José dos Campos;Taubaté;False;BRANCA
58390;3550308.0;São Paulo;Município de São Paulo;False;BRANCA
58391;3538808.0;Piraju;Bauru;False;BRANCA
58392;3550308.0;São Paulo;Município de São Paulo;False;BRANCA
58393;3521408.0;Iracemápolis;Piracicaba;False;BRANCA
58394;3548708.0;São Bernardo do Campo;Grande SP Sudeste;False;PARDA
58395;3557105.0;Votuporanga;São José do Rio Preto;False;BRANCA
58396;3552205.0;Sorocaba;Sorocaba;False;BRANCA
58397;3543402.0;Ribeirão Preto;Ribeirão Preto;False;BRANCA
58398;3550308.0;São Paulo;Município de São Paulo;False;PRETA
58399;3550308.0;São Paulo;Município de São Paulo;False;PARDA
58400;3534401.0;Osasco;Grande SP Oeste;False;BRANCA
58401;3550308.0;São Paulo;Município de São Paulo;False;BRANCA
58402;3545803.0;Santa Bárbara d'Oeste;Campinas;False;BRANCA
58403;3536505.0;Paulínia;Campinas;False;BRANCA
58404;3550308.0;São Paulo;Município de São Paulo;False;PARDA
58405;3549904.0;São José dos Campos;Taubaté;False;BRANCA
58406;3545803.0;Santa Bárbara d'Oeste;Campinas;False;IGNORADO
58407;3550308.0;São Paulo;Município de São Paulo;False;BRANCA
58408;3518701.0;Guarujá;Baixada Santista;False;PARDA
58409;3550308.0;São Paulo;Município de São Paulo;False;AMARELA
58410;3548500.0;Santos;Baixada Santista;False;IGNORADO
58411;3539806.0;Poá;Grande SP Leste;False;BRANCA
58412;3550308.0;São Paulo;Município de São Paulo;False;BRANCA
58413;3547809.0;Santo André;Grande SP Sudeste;False;BRANCA
58414;3506003.0;Bauru;Bauru;False;BRANCA
58415;3550308.0;São Paulo;Município de São Paulo;False;BRANCA
58416;3510005.0;Cândido Mota;Marília;False;BRANCA
58417;3530607.0;Mogi das Cruzes;Grande SP Leste;False;BRANCA
58418;3538709.0;Piracicaba;Piracicaba;False;BRANCA
58419;3550308.0;São Paulo;Município de São Paulo;False;PARDA
58420;3509502.0;Campinas;Campinas;False;BRANCA
58421;3515186.0;Espírito Santo do Pinhal;São João da Boa Vista;False;BRANCA
58422;3529005.0;Marília;Marília;False;IGNORADO
58423;3538709.0;Piracicaba;Piracicaba;False;BRANCA
58424;3500402.0;Águas da Prata;São João da Boa Vista;False;PARDA
58425;3542404.0;Regente Feijó;Presidente Prudente;False;BRANCA
58426;3510807.0;Casa Branca;São João da Boa Vista;False;BRANCA
58427;3550308.0;São Paulo;Município de São Paulo;False;PARDA
58428;3550308.0;São Paulo;Município de São Paulo;False;PRETA
58429;3513801.0;Diadema;Grande SP Sudeste;False;PARDA
58430;3550308.0;São Paulo;Município de São Paulo;False;NONE
58431;3533403.0;Nova Odessa;Campinas;False;BRANCA
58432;3501608.0;Americana;Campinas;False;BRANCA
58433;3529005.0;Marília;Marília;False;IGNORADO
58434;3550308.0;São Paulo;Município de São Paulo;False;
58435;3503307.0;Araras;Piracicaba;False;BRANCA
58436;3543907.0;Rio Claro;Piracicaba;False;BRANCA
58437;3503307.0;Araras;Piracicaba;False;IGNORADO
58438;3507605.0;Bragança Paulista;Campinas;False;BRANCA
58439;3549805.0;São José do Rio Preto;São José do Rio Preto;False;IGNORADO
58440;3556404.0;Vargem Grande do Sul;São João da Boa Vista;False;AMARELA
58441;3548708.0;São Bernardo do Campo;Grande SP Sudeste;False;AMARELA
58442;3551900.0;Severínia;Barretos;False;PARDA
58443;3550308.0;São Paulo;Município de São Paulo;False;IGNORADO
58444;3548708.0;São Bernardo do Campo;Grande SP Sudeste;False;BRANCA
58445;3548708.0;São Bernardo do Campo;Grande SP Sudeste;False;BRANCA
58446;3550704.0;São Sebastião;Taubaté;False;PARDA
58447;3530706.0;Mogi Guaçu;São João da Boa Vista;False;BRANCA
58448;3513801.0;Diadema;Grande SP Sudeste;False;BRANCA
58449;3546603.0;Santa Fé do Sul;São José do Rio Preto;False;BRANCA
58450;3525904.0;Jundiaí;Campinas;False;BRANCA
58451;3539202.0;Pirapozinho;Presidente Prudente;False;BRANCA
58452;3550308.0;São Paulo;Município de São Paulo;False;AMARELA
58453;3510609.0;Carapicuíba;Grande SP Oeste;False;IGNORADO
58454;3550308.0;São Paulo;Município de São Paulo;False;BRANCA
58455;3550308.0;São Paulo;Município de São Paulo;False;BRANCA
58456;3545803.0;Santa Bárbara d'Oeste;Campinas;False;BRANCA
58457;3524006.0;Itupeva;Campinas;False;BRANCA
58458;3524006.0;Itupeva;Campinas;False;IGNORADO
58459;3550308.0;São Paulo;Município de São Paulo;False;IGNORADO
58460;3550308.0;São Paulo;Município de São Paulo;False;BRANCA
58461;3550308.0;São Paulo;Município de São Paulo;False;NONE
58462;3518800.0;Guarulhos;Grande SP Leste;False;PRETA
58463;3552403.0;Sumaré;Campinas;False;PARDA
58464;3509502.0;Campinas;Campinas;False;BRANCA
58465;3550308.0;São Paulo;Município de São Paulo;False;BRANCA
58466;3550308.0;São Paulo;Município de São Paulo;False;BRANCA
