15078;3550308.0;São Paulo;Município de São Paulo;False;IGNORADO
15079;3550308.0;São Paulo;Município de São Paulo;False;PARDA
15080;3550308.0;São Paulo;Município de São Paulo;False;BRANCA
15081;3540804.0;Potirendaba;São José do Rio Preto;False;BRANCA
15082;3518800.0;Guarulhos;Grande SP Leste;False;PARDA
15083;3552502.0;Suzano;Grande SP Leste;False;BRANCA
15084;3513702.0;Descalvado;Araraquara;False;IGNORADO
15085;3550308.0;São Paulo;Município de São Paulo;False;IGNORADO
15086;3500758.0;Alambari;Sorocaba;False;BRANCA
15087;3541000.0;Praia Grande;Baixada Santista;False;PARDA
15088;3529005.0;Marília;Marília;False;BRANCA
15089;3515202.0;Estrela d'Oeste;São José do Rio Preto;False;BRANCA
15090;3503307.0;Araras;Piracicaba;False;BRANCA
15091;3535507.0;Paraguaçu Paulista;Marília;False;BRANCA
15092;3552809.0;Taboão da Serra;Grande SP Sudoeste;False;IGNORADO
15093;3550308.0;São Paulo;Município de São Paulo;False;IGNORADO
15094;3534401.0;Osasco;Grande SP Oeste;False;IGNORADO
15095;3503901.0;Arujá;Grande SP Leste;False;PARDA
15096;3509502.0;Campinas;Campinas;False;BRANCA
15097;3536505.0;Paulínia;Campinas;False;BRANCA
15098;3548500.0;Santos;Baixada Santista;False;BRANCA
15099;3510609.0;Carapicuíba;Grande SP Oeste;False;PARDA
15100;3543402.0;Ribeirão Preto;Ribeirão Preto;False;PRETA
15101;3503208.0;Araraquara;Araraquara;False;BRANCA
15102;3548500.0;Santos;Baixada Santista;False;BRANCA
15103;3550308.0;São Paulo;Município de São Paulo;False;BRANCA
15104;3514106.0;Dois Córregos;Bauru;False;BRANCA
15105;3503208.0;Araraquara;Araraquara;False;PARDA
15106;3536406.0;Paulicéia;Presidente Prudente;False;BRANCA
15107;3515103.0;Embu-Guaçu;Grande SP Sudoeste;False;PARDA
15108;3503901.0;Arujá;Grande SP Leste;False;BRANCA
15109;3550308.0;São Paulo;Município de São Paulo;False;BRANCA
15110;3550308.0;São Paulo;Município de São Paulo;False;PARDA
15111;3550308.0;São Paulo;Município de São Paulo;False;BRANCA
15112;3510609.0;Carapicuíba;Grande SP Oeste;False;BRANCA
15113;3506508.0;Birigui;Araçatuba;False;BRANCA
15114;3526902.0;Limeira;Piracicaba;False;BRANCA
15115;3513603.0;Cunha;Taubaté;False;BRANCA
15116;3549805.0;São José do Rio Preto;São José do Rio Preto;False;BRANCA
15117;3550308.0;São Paulo;Município de São Paulo;False;AMARELA
15118;3530706.0;Mogi Guaçu;São João da Boa Vista;False;BRANCA
15119;3547809.0;Santo André;Grande SP Sudeste;False;BRANCA
15120;3506508.0;Birigui;Araçatuba;False;BRANCA
15121;3525904.0;Jundiaí;Campinas;False;BRANCA
15122;3549805.0;São José do Rio Preto;São José do Rio Preto;False;BRANCA
15123;3550308.0;São Paulo;Município de São Paulo;False;BRANCA
15124;3540754.0;Potim;Taubaté;False;BRANCA
15125;3506003.0;Bauru;Bauru;False;PARDA
15126;3550308.0;São Paulo;Município de São Paulo;False;BRANCA
15127;3530706.0;Mogi Guaçu;São João da Boa Vista;False;BRANCA
15128;3555604.0;Uchoa;São José do Rio Preto;False;BRANCA
15129;3550308.0;São Paulo;Município de São Paulo;False;PARDA
15130;3548807.0;São Caetano do Sul;Grande SP Sudeste;False;PRETA
15131;3550308.0;São Paulo;Município de São Paulo;False;PARDA
15132;3550308.0;São Paulo;Município de São Paulo;False;
15133;3545803.0;Santa Bárbara d'Oeste;Campinas;False;BRANCA
15134;3540705.0;Porto Ferreira;Araraquara;False;BRANCA
15135;3534401.0;Osasco;Grande SP Oeste;False;BRANCA
15136;3538709.0;Piracicaba;Piracicaba;False;AMARELA
15137;3506003.0;Bauru;Bauru;False;PARDA
15138;3550308.0;São Paulo;Município de São Paulo;False;PARDA
15139;3550308.0;São Paulo;Município de São Paulo;False;BRANCA
15140;3518800.0;Guarulhos;Grande SP Leste;False;PARDA
15141;3548708.0;São Bernardo do Campo;Grande SP Sudeste;False;BRANCA
15142;3529005.0;Marília;Marília;False;PARDA
15143;3552205.0;Sorocaba;Sorocaba;False;BRANCA
15144;3543402.0;Ribeirão Preto;Ribeirão Preto;False;BRANCA
15145;3542107.0;Rafard;Piracicaba;False;BRANCA
15146;3552205.0;Sorocaba;Sorocaba;False;BRANCA
15147;3507506.0;Botucatu;Bauru;False;BRANCA
15148;3543402.0;Ribeirão Preto;Ribeirão Preto;False;BRANCA
15149;3541000.0;Praia Grande;Baixada Santista;False;PARDA
15150;3550308.0;São Paulo;Município de São Paulo;False;BRANCA
15151;3552403.0;Sumaré;Campinas;True;BRANCA
15152;3550308.0;São Paulo;Município de São Paulo;False;
15153;3510609.0;Carapicuíba;Grande SP Oeste;False;BRANCA
15154;3552809.0;Taboão da Serra;Grande SP Sudoeste;False;
15155;3511102.0;Catanduva;São José do Rio Preto;False;
15156;3548906.0;São Carlos;Araraquara;False;BRANCA
15157;3550308.0;São Paulo;Município de São Paulo;False;BRANCA
15158;3550308.0;São Paulo;Município de São Paulo;False;PARDA
15159;3550308.0;São Paulo;Município de São Paulo;True;IGNORADO
15160;3503307.0;Araras;Piracicaba;False;BRANCA
15161;3550308.0;São Paulo;Município de São Paulo;False;IGNORADO
15162;3550308.0;São Paulo;Município de São Paulo;False;PARDA
15163;3550308.0;São Paulo;Município de São Paulo;False;NONE
15164;3519709.0;Ibiúna;Sorocaba;False;BRANCA
15165;3552403.0;Sumaré;Campinas;False;PARDA
15166;3550308.0;São Paulo;Município de São Paulo;False;PARDA
15167;3501608.0;Americana;Campinas;False;BRANCA
15168;3540200.0;Pontal;Ribeirão Preto;False;PARDA
15169;3544905.0;Sales Oliveira;Franca;False;BRANCA
15170;3549904.0;São José dos Campos;Taubaté;False;BRANCA
15171;3550308.0;São Paulo;Município de São Paulo;False;NONE
15172;3543402.0;Ribeirão Preto;Ribeirão Preto;False;BRANCA
15173;3552205.0;Sorocaba;Sorocaba;False;BRANCA
15174;3519402.0;Ibirá;São José do Rio Preto;False;BRANCA
15175;3530508.0;Mococa;São João da Boa Vista;False;BRANCA
15176;3545803.0;Santa Bárbara d'Oeste;Campinas;False;BRANCA
15177;3502804.0;Araçatuba;Araçatuba;False;BRANCA
15178;3550308.0;São Paulo;Município de São Paulo;False;IGNORADO
15179;3534401.0;Osasco;Grande SP Oeste;False;PARDA
15180;3534401.0;Osasco;Grande SP Oeste;False;PARDA
15181;3509502.0;Campinas;Campinas;False;PARDA
15182;3513504.0;Cubatão;Baixada Santista;False;PARDA
15183;3550704.0;São Sebastião;Taubaté;False;PARDA
15184;3543402.0;Ribeirão Preto;Ribeirão Preto;False;BRANCA
15185;3518701.0;Guarujá;Baixada Santista;False;PARDA
15186;3550308.0;São Paulo;Município de São Paulo;False;PRETA
15187;3524808.0;Jales;São José do Rio Preto;False;BRANCA
15188;3550308.0;São Paulo;Município de São Paulo;False;BRANCA
15189;3550308.0;São Paulo;Município de São Paulo;False;PARDA
15190;3530607.0;Mogi das Cruzes;Grande SP Leste;False;BRANCA
15191;3547502.0;Santa Rita do Passa Quatro;Ribeirão Preto;False;BRANCA
15192;3505708.0;Barueri;Grande SP Oeste;False;PARDA
15193;3543402.0;Ribeirão Preto;Ribeirão Preto;False;BRANCA
15194;3525904.0;Jundiaí;Campinas;False;BRANCA
15195;3547809.0;Santo André;Grande SP Sudeste;False;BRANCA
15196;3515707.0;Ferraz de Vasconcelos;Grande SP Leste;False;PRETA
15197;3550308.0;São Paulo;Município de São Paulo;False;PRETA
15198;3549904.0;São José dos Campos;Taubaté;False;IGNORADO
15199;3553708.0;Taquaritinga;Araraquara;False;BRANCA
15200;3550308.0;São Paulo;Município de São Paulo;False;PARDA
15201;3543402.0;Ribeirão Preto;Ribeirão Preto;False;IGNORADO
15202;3545803.0;Santa Bárbara d'Oeste;Campinas;False;IGNORADO
15203;3512407.0;Cordeirópolis;Piracicaba;False;BRANCA
15204;3518800.0;Guarulhos;Grande SP Leste;False;PARDA
15205;3550308.0;São Paulo;Município de São Paulo;False;BRANCA
15206;3550308.0;São Paulo;Município de São Paulo;False;PARDA
15207;3556206.0;Valinhos;Campinas;False;BRANCA
15208;3515509.0;Fernandópolis;São José do Rio Preto;False;BRANCA
15209;3524006.0;Itupeva;Campinas;False;PARDA
15210;3523909.0;Itu;Sorocaba;True;IGNORADO
15211;3544251.0;Rosana;Presidente Prudente;False;AMARELA
15212;3541604.0;Promissão;Bauru;False;BRANCA
15213;3550308.0;São Paulo;Município de São Paulo;False;BRANCA
15214;3550308.0;São Paulo;Município de São Paulo;False;BRANCA
15215;3501608.0;Americana;Campinas;False;BRANCA
15216;3541406.0;Presidente Prudente;Presidente Prudente;False;PARDA
15217;3557303.0;Estiva Gerbi;São João da Boa Vista;False;BRANCA
15218;3549805.0;São José do Rio Preto;São José do Rio Preto;False;BRANCA
15219;3541307.0;Presidente Epitácio;Presidente Prudente;False;BRANCA
15220;3511409.0;Cerqueira César;Bauru;False;IGNORADO
