25247;3526902.0;Limeira;Piracicaba;False;BRANCA
25248;3541406.0;Presidente Prudente;Presidente Prudente;False;BRANCA
25249;3513009.0;Cotia;Grande SP Sudoeste;False;BRANCA
25250;3556008.0;Urupês;São José do Rio Preto;False;BRANCA
25251;3524709.0;Jaguariúna;Campinas;False;AMARELA
25252;3521408.0;Iracemápolis;Piracicaba;False;BRANCA
25253;3519071.0;Hortolândia;Campinas;False;BRANCA
25254;3550308.0;São Paulo;Município de São Paulo;False;PARDA
25255;3518800.0;Guarulhos;Grande SP Leste;False;IGNORADO
25256;3547809.0;Santo André;Grande SP Sudeste;False;BRANCA
25257;3518800.0;Guarulhos;Grande SP Leste;False;BRANCA
25258;3550308.0;São Paulo;Município de São Paulo;False;IGNORADO
25259;3550308.0;São Paulo;Município de São Paulo;False;IGNORADO
25260;3550308.0;São Paulo;Município de São Paulo;False;PARDA
25261;3550308.0;São Paulo;Município de São Paulo;False;BRANCA
25262;3506508.0;Birigui;Araçatuba;False;IGNORADO
25263;3504107.0;Atibaia;Campinas;False;BRANCA
25264;3550308.0;São Paulo;Município de São Paulo;False;PARDA
25265;3550308.0;São Paulo;Município de São Paulo;False;PARDA
25266;3525904.0;Jundiaí;Campinas;False;BRANCA
25267;3513009.0;Cotia;Grande SP Sudoeste;False;BRANCA
25268;3501608.0;Americana;Campinas;False;BRANCA
25269;3549805.0;São José do Rio Preto;São José do Rio Preto;False;BRANCA
25270;3538709.0;Piracicaba;Piracicaba;False;PRETA
25271;3520509.0;Indaiatuba;Campinas;False;BRANCA
25272;3553807.0;Taquarituba;Bauru;False;BRANCA
25273;3523107.0;Itaquaquecetuba;Grande SP Leste;False;BRANCA
25274;3522307.0;Itapetininga;Sorocaba;False;BRANCA
25275;3522307.0;Itapetininga;Sorocaba;False;BRANCA
25276;3517505.0;Guapiaçu;São José do Rio Preto;False;BRANCA
25277;3529005.0;Marília;Marília;False;PARDA
25278;3506508.0;Birigui;Araçatuba;False;BRANCA
25279;3529005.0;Marília;Marília;False;PARDA
25280;3510609.0;Carapicuíba;Grande SP Oeste;False;IGNORADO
25281;3550308.0;São Paulo;Município de São Paulo;False;
25282;3550308.0;São Paulo;Município de São Paulo;False;BRANCA
25283;3539806.0;Poá;Grande SP Leste;False;PARDA
25284;3519600.0;Ibitinga;Araraquara;False;BRANCA
25285;3501608.0;Americana;Campinas;False;BRANCA
25286;3550308.0;São Paulo;Município de São Paulo;False;BRANCA
25287;3550308.0;São Paulo;Município de São Paulo;False;BRANCA
25288;3550308.0;São Paulo;Município de São Paulo;False;BRANCA
25289;3534401.0;Osasco;Grande SP Oeste;False;BRANCA
25290;3526704.0;Leme;Piracicaba;False;BRANCA
25291;3550308.0;São Paulo;Município de São Paulo;False;PARDA
25292;3556404.0;Vargem Grande do Sul;São João da Boa Vista;False;PARDA
25293;3550308.0;São Paulo;Município de São Paulo;False;IGNORADO
25294;3550308.0;São Paulo;Município de São Paulo;False;BRANCA
25295;3550308.0;São Paulo;Município de São Paulo;False;PARDA
25296;3510500.0;Caraguatatuba;Taubaté;False;NONE
25297;3549904.0;São José dos Campos;Taubaté;False;BRANCA
25298;3550308.0;São Paulo;Município de São Paulo;False;IGNORADO
25299;3552205.0;Sorocaba;Sorocaba;False;BRANCA
25300;3530706.0;Mogi Guaçu;São João da Boa Vista;False;PARDA
25301;3529401.0;Mauá;Grande SP Sudeste;False;
25302;3550308.0;São Paulo;Município de São Paulo;False;BRANCA
25303;3551009.0;São Vicente;Baixada Santista;False;IGNORADO
25304;3526902.0;Limeira;Piracicaba;False;BRANCA
25305;3509502.0;Campinas;Campinas;False;BRANCA
25306;3505708.0;Barueri;Grande SP Oeste;False;BRANCA
25307;3509502.0;Campinas;Campinas;False;PARDA
25308;3552502.0;Suzano;Grande SP Leste;False;BRANCA
25309;3542602.0;Registro;Registro;False;PARDA
25310;3501905.0;Amparo;Campinas;False;IGNORADO
25311;3550308.0;São Paulo;Município de São Paulo;False;BRANCA
25312;3550308.0;São Paulo;Município de São Paulo;False;IGNORADO
25313;3520400.0;Ilhabela;Taubaté;False;BRANCA
25314;3548807.0;São Caetano do Sul;Grande SP Sudeste;False;IGNORADO
25315;3518800.0;Guarulhos;Grande SP Leste;False;IGNORADO
25316;3539301.0;Pirassununga;Piracicaba;False;BRANCA
25317;3505708.0;Barueri;Grande SP Oeste;False;BRANCA
25318;3549904.0;São José dos Campos;Taubaté;False;BRANCA
25319;3550308.0;São Paulo;Município de São Paulo;False;PARDA
25320;3541604.0;Promissão;Bauru;False;BRANCA
25321;3550308.0;São Paulo;Município de São Paulo;False;BRANCA
25322;3525300.0;Jaú;Bauru;False;BRANCA
25323;3525904.0;Jundiaí;Campinas;False;IGNORADO
25324;3524402.0;Jacareí;Taubaté;False;BRANCA
25325;3509502.0;Campinas;Campinas;False;BRANCA
25326;3550308.0;São Paulo;Município de São Paulo;False;PARDA
25327;3519071.0;Hortolândia;Campinas;False;PARDA
25328;3550308.0;São Paulo;Município de São Paulo;True;PARDA
25329;3550308.0;São Paulo;Município de São Paulo;False;BRANCA
25330;3550308.0;São Paulo;Município de São Paulo;False;BRANCA
25331;3522208.0;Itapecerica da Serra;Grande SP Sudoeste;False;BRANCA
25332;3521705.0;Itaberá;Sorocaba;False;BRANCA
25333;3501905.0;Amparo;Campinas;False;BRANCA
25334;3510609.0;Carapicuíba;Grande SP Oeste;False;BRANCA
25335;3538709.0;Piracicaba;Piracicaba;False;IGNORADO
25336;3543402.0;Ribeirão Preto;Ribeirão Preto;False;NONE
25337;3550308.0;São Paulo;Município de São Paulo;False;BRANCA
25338;3516200.0;Franca;Franca;False;IGNORADO
25339;3515186.0;Espírito Santo do Pinhal;São João da Boa Vista;False;PARDA
25340;3550308.0;São Paulo;Município de São Paulo;False;AMARELA
25341;3550308.0;São Paulo;Município de São Paulo;False;BRANCA
25342;3523107.0;Itaquaquecetuba;Grande SP Leste;False;PARDA
25343;3548708.0;São Bernardo do Campo;Grande SP Sudeste;False;
25344;3532603.0;Nhandeara;São José do Rio Preto;False;BRANCA
25345;3501806.0;Américo de Campos;São José do Rio Preto;False;BRANCA
25346;3550308.0;São Paulo;Município de São Paulo;False;BRANCA
25347;3549706.0;São José do Rio Pardo;São João da Boa Vista;False;BRANCA
25348;3519303.0;Ibaté;Araraquara;False;BRANCA
25349;3530300.0;Mirassol;São José do Rio Preto;False;BRANCA
25350;3557006.0;Votorantim;Sorocaba;True;BRANCA
25351;3537602.0;Peruíbe;Baixada Santista;False;BRANCA
25352;3550308.0;São Paulo;Município de São Paulo;False;BRANCA
25353;3551504.0;Serrana;Ribeirão Preto;False;BRANCA
25354;3551900.0;Severínia;Barretos;False;BRANCA
25355;3537107.0;Pedreira;Campinas;False;PARDA
25356;3526902.0;Limeira;Piracicaba;False;BRANCA
25357;3555356.0;Ubarana;São José do Rio Preto;False;BRANCA
25358;3550308.0;São Paulo;Município de São Paulo;False;IGNORADO
25359;3507001.0;Boituva;Sorocaba;False;PARDA
25360;3523404.0;Itatiba;Campinas;False;IGNORADO
25361;3551702.0;Sertãozinho;Ribeirão Preto;False;PARDA
25362;3508504.0;Caçapava;Taubaté;False;BRANCA
25363;3533502.0;Novo Horizonte;São José do Rio Preto;False;BRANCA
25364;3534757.0;Ouroeste;São José do Rio Preto;False;BRANCA
25365;3510609.0;Carapicuíba;Grande SP Oeste;False;IGNORADO
25366;3543907.0;Rio Claro;Piracicaba;False;BRANCA
25367;3504107.0;Atibaia;Campinas;False;PARDA
25368;3525706.0;José Bonifácio;São José do Rio Preto;False;BRANCA
25369;3507605.0;Bragança Paulista;Campinas;False;BRANCA
25370;3550308.0;São Paulo;Município de São Paulo;False;NONE
25371;3520103.0;Igarapava;Franca;False;PARDA
25372;3552205.0;Sorocaba;Sorocaba;False;BRANCA
25373;3550308.0;São Paulo;Município de São Paulo;False;PARDA
25374;3550308.0;São Paulo;Município de São Paulo;False;PARDA
25375;3554508.0;Tietê;Sorocaba;False;BRANCA
25376;3504107.0;Atibaia;Campinas;False;BRANCA
25377;3514304.0;Dourado;Araraquara;False;BRANCA
25378;3520509.0;Indaiatuba;Campinas;False;BRANCA
25379;3549904.0;São José dos Campos;Taubaté;False;IGNORADO
25380;3545803.0;Santa Bárbara d'Oeste;Campinas;False;BRANCA
25381;3542503.0;Reginópolis;Bauru;False;IGNORADO
25382;3538709.0;Piracicaba;Piracicaba;False;BRANCA
25383;3502804.0;Araçatuba;Araçatuba;False;BRANCA
25384;3504008.0;Assis;Marília;False;IGNORADO
25385;3556206.0;Valinhos;Campinas;False;IGNORADO
25386;3556503.0;Várzea Paulista;Campinas;False;BRANCA
25387;3550308.0;São Paulo;Município de São Paulo;False;PARDA
25388;3516705.0;Garça;Marília;False;BRANCA
25389;3530706.0;Mogi Guaçu;São João da Boa Vista;False;BRANCA
25390;3554003.0;Tatuí;Sorocaba;False;BRANCA
25391;3549706.0;São José do Rio Pardo;São João da Boa Vista;False;PARDA
