29305;3550308.0;São Paulo;Município de São Paulo;False;
29306;3518800.0;Guarulhos;Grande SP Leste;False;BRANCA
29307;3506003.0;Bauru;Bauru;False;PARDA
29308;3550308.0;São Paulo;Município de São Paulo;False;PARDA
29309;3549805.0;São José do Rio Preto;São José do Rio Preto;False;BRANCA
29310;3523909.0;Itu;Sorocaba;False;BRANCA
29311;3507100.0;Bom Jesus dos Perdões;Campinas;False;IGNORADO
29312;3550308.0;São Paulo;Município de São Paulo;False;BRANCA
29313;3526902.0;Limeira;Piracicaba;False;BRANCA
29314;3534401.0;Osasco;Grande SP Oeste;False;IGNORADO
29315;3552403.0;Sumaré;Campinas;False;PARDA
29316;3523107.0;Itaquaquecetuba;Grande SP Leste;False;
29317;3550308.0;São Paulo;Município de São Paulo;False;
29318;3526902.0;Limeira;Piracicaba;False;BRANCA
29319;3504107.0;Atibaia;Campinas;False;BRANCA
29320;3503208.0;Araraquara;Araraquara;False;IGNORADO
29321;3508108.0;Buritama;Araçatuba;False;BRANCA
29322;3506102.0;Bebedouro;Barretos;False;BRANCA
29323;3541505.0;Presidente Venceslau;Presidente Prudente;False;AMARELA
29324;3550308.0;São Paulo;Município de São Paulo;False;BRANCA
29325;3511904.0;Clementina;Araçatuba;False;BRANCA
29326;3518305.0;Guararema;Grande SP Leste;False;AMARELA
29327;3541000.0;Praia Grande;Baixada Santista;False;BRANCA
29328;3538709.0;Piracicaba;Piracicaba;False;IGNORADO
29329;3544004.0;Rio das Pedras;Piracicaba;False;BRANCA
29330;3511102.0;Catanduva;São José do Rio Preto;False;BRANCA
29331;3552205.0;Sorocaba;Sorocaba;False;BRANCA
29332;3504206.0;Auriflama;Araçatuba;False;BRANCA
29333;3550308.0;São Paulo;Município de São Paulo;False;BRANCA
29334;3550308.0;São Paulo;Município de São Paulo;False;IGNORADO
29335;3534401.0;Osasco;Grande SP Oeste;False;BRANCA
29336;3550308.0;São Paulo;Município de São Paulo;False;BRANCA
29337;3511102.0;Catanduva;São José do Rio Preto;False;BRANCA
29338;3522604.0;Itapira;São João da Boa Vista;False;BRANCA
29339;3535507.0;Paraguaçu Paulista;Marília;False;BRANCA
29340;3550308.0;São Paulo;Município de São Paulo;False;BRANCA
29341;3545159.0;Saltinho;Piracicaba;False;IGNORADO
29342;3549102.0;São João da Boa Vista;São João da Boa Vista;False;BRANCA
29343;3501608.0;Americana;Campinas;False;BRANCA
29344;3501608.0;Americana;Campinas;False;BRANCA
29345;3550308.0;São Paulo;Município de São Paulo;False;BRANCA
29346;3546504.0;Santa Ernestina;Araraquara;False;BRANCA
29347;3550308.0;São Paulo;Município de São Paulo;False;PARDA
29348;3548708.0;São Bernardo do Campo;Grande SP Sudeste;False;PARDA
29349;3506508.0;Birigui;Araçatuba;False;BRANCA
29350;3506359.0;Bertioga;Baixada Santista;False;BRANCA
29351;3507605.0;Bragança Paulista;Campinas;False;PARDA
29352;3544905.0;Sales Oliveira;Franca;False;BRANCA
29353;3547809.0;Santo André;Grande SP Sudeste;False;BRANCA
29354;3530508.0;Mococa;São João da Boa Vista;False;BRANCA
29355;3550308.0;São Paulo;Município de São Paulo;False;BRANCA
29356;3550308.0;São Paulo;Município de São Paulo;False;BRANCA
29357;3509700.0;Campos do Jordão;Taubaté;False;BRANCA
29358;3550308.0;São Paulo;Município de São Paulo;False;PARDA
29359;3550308.0;São Paulo;Município de São Paulo;False;IGNORADO
29360;3549904.0;São José dos Campos;Taubaté;False;PARDA
29361;3552403.0;Sumaré;Campinas;False;PARDA
29362;3550308.0;São Paulo;Município de São Paulo;False;PARDA
29363;3511102.0;Catanduva;São José do Rio Preto;False;BRANCA
29364;3518800.0;Guarulhos;Grande SP Leste;False;BRANCA
29365;3552205.0;Sorocaba;Sorocaba;False;BRANCA
29366;3507605.0;Bragança Paulista;Campinas;False;BRANCA
29367;3550308.0;São Paulo;Município de São Paulo;False;BRANCA
29368;3550308.0;São Paulo;Município de São Paulo;False;BRANCA
29369;3550308.0;São Paulo;Município de São Paulo;False;BRANCA
29370;3548708.0;São Bernardo do Campo;Grande SP Sudeste;False;BRANCA
29371;3537305.0;Penápolis;Araçatuba;False;BRANCA
29372;3556453.0;Vargem Grande Paulista;Grande SP Sudoeste;False;IGNORADO
29373;3516200.0;Franca;Franca;False;IGNORADO
29374;3536307.0;Patrocínio Paulista;Franca;False;NONE
29375;3509502.0;Campinas;Campinas;False;PARDA
29376;3504107.0;Atibaia;Campinas;False;BRANCA
29377;3525904.0;Jundiaí;Campinas;False;BRANCA
29378;3548500.0;Santos;Baixada Santista;False;AMARELA
29379;3530607.0;Mogi das Cruzes;Grande SP Leste;False;IGNORADO
29380;3550308.0;São Paulo;Município de São Paulo;False;BRANCA
29381;3534401.0;Osasco;Grande SP Oeste;False;PRETA
29382;3529401.0;Mauá;Grande SP Sudeste;False;PARDA
29383;3556107.0;Valentim Gentil;São José do Rio Preto;False;BRANCA
29384;3525904.0;Jundiaí;Campinas;False;BRANCA
29385;3524402.0;Jacareí;Taubaté;False;PARDA
29386;3523404.0;Itatiba;Campinas;False;PARDA
29387;3532306.0;Natividade da Serra;Taubaté;False;BRANCA
29388;3556404.0;Vargem Grande do Sul;São João da Boa Vista;False;BRANCA
29389;3538709.0;Piracicaba;Piracicaba;False;PARDA
29390;3551702.0;Sertãozinho;Ribeirão Preto;False;IGNORADO
29391;3509502.0;Campinas;Campinas;False;BRANCA
29392;3523107.0;Itaquaquecetuba;Grande SP Leste;False;PARDA
29393;3509007.0;Caieiras;Grande SP Norte;False;BRANCA
29394;3534401.0;Osasco;Grande SP Oeste;False;AMARELA
29395;3550308.0;São Paulo;Município de São Paulo;False;PARDA
29396;3550308.0;São Paulo;Município de São Paulo;False;BRANCA
29397;3547809.0;Santo André;Grande SP Sudeste;False;IGNORADO
29398;3522505.0;Itapevi;Grande SP Oeste;False;BRANCA
29399;3543402.0;Ribeirão Preto;Ribeirão Preto;False;BRANCA
29400;3543402.0;Ribeirão Preto;Ribeirão Preto;False;BRANCA
29401;3550308.0;São Paulo;Município de São Paulo;False;BRANCA
29402;3550308.0;São Paulo;Município de São Paulo;False;BRANCA
29403;3550308.0;São Paulo;Município de São Paulo;False;BRANCA
29404;3548500.0;Santos;Baixada Santista;False;BRANCA
29405;3518800.0;Guarulhos;Grande SP Leste;True;IGNORADO
29406;3552205.0;Sorocaba;Sorocaba;True;PARDA
29407;3518800.0;Guarulhos;Grande SP Leste;False;PARDA
29408;3550308.0;São Paulo;Município de São Paulo;False;BRANCA
29409;3525904.0;Jundiaí;Campinas;False;NONE
29410;3548500.0;Santos;Baixada Santista;False;BRANCA
29411;3538709.0;Piracicaba;Piracicaba;False;PARDA
29412;3550308.0;São Paulo;Município de São Paulo;False;PRETA
29413;3546009.0;Santa Branca;Taubaté;False;BRANCA
29414;3554508.0;Tietê;Sorocaba;False;IGNORADO
29415;3505708.0;Barueri;Grande SP Oeste;False;
29416;3515004.0;Embu das Artes;Grande SP Sudoeste;False;BRANCA
29417;3549805.0;São José do Rio Preto;São José do Rio Preto;False;PARDA
29418;3518701.0;Guarujá;Baixada Santista;False;NONE
29419;3548500.0;Santos;Baixada Santista;False;IGNORADO
29420;3510609.0;Carapicuíba;Grande SP Oeste;False;IGNORADO
29421;3529401.0;Mauá;Grande SP Sudeste;False;BRANCA
29422;3543402.0;Ribeirão Preto;Ribeirão Preto;False;BRANCA
29423;3517703.0;Guará;Franca;False;BRANCA
29424;3529401.0;Mauá;Grande SP Sudeste;False;BRANCA
29425;3550308.0;São Paulo;Município de São Paulo;False;BRANCA
29426;3523404.0;Itatiba;Campinas;False;AMARELA
29427;3509403.0;Cajuru;Ribeirão Preto;False;BRANCA
29428;3532504.0;Neves Paulista;São José do Rio Preto;False;BRANCA
29429;3539806.0;Poá;Grande SP Leste;False;IGNORADO
29430;3507506.0;Botucatu;Bauru;False;BRANCA
29431;3509502.0;Campinas;Campinas;False;PARDA
29432;3548807.0;São Caetano do Sul;Grande SP Sudeste;False;BRANCA
29433;3551009.0;São Vicente;Baixada Santista;False;BRANCA
29434;3518701.0;Guarujá;Baixada Santista;False;BRANCA
29435;3552205.0;Sorocaba;Sorocaba;False;BRANCA
29436;3514403.0;Dracena;Presidente Prudente;False;BRANCA
29437;3550308.0;São Paulo;Município de São Paulo;False;BRANCA
29438;3507902.0;Brotas;Bauru;False;PARDA
29439;3538709.0;Piracicaba;Piracicaba;False;BRANCA
29440;3552809.0;Taboão da Serra;Grande SP Sudoeste;False;PARDA
29441;3552502.0;Suzano;Grande SP Leste;False;
29442;3523206.0;Itararé;Sorocaba;False;BRANCA
29443;3520509.0;Indaiatuba;Campinas;False;BRANCA
29444;3512803.0;Cosmópolis;Campinas;False;IGNORADO
29445;3515509.0;Fernandópolis;São José do Rio Preto;False;BRANCA
29446;3550308.0;São Paulo;Município de São Paulo;False;IGNORADO
29447;3550308.0;São Paulo;Município de São Paulo;False;IGNORADO
29448;3548708.0;São Bernardo do Campo;Grande SP Sudeste;False;BRANCA
29449;3529005.0;Marília;Marília;False;BRANCA
