37610;3534401.0;Osasco;Grande SP Oeste;False;BRANCA
37611;3513801.0;Diadema;Grande SP Sudeste;False;BRANCA
37612;3550308.0;São Paulo;Município de São Paulo;False;BRANCA
37613;3527207.0;Lorena;Taubaté;False;BRANCA
37614;3550308.0;São Paulo;Município de São Paulo;False;PARDA
37615;3530102.0;Mirandópolis;Araçatuba;False;IGNORADO
37616;3548500.0;Santos;Baixada Santista;False;IGNORADO
37617;3515509.0;Fernandópolis;São José do Rio Preto;False;PARDA
37618;3521606.0;Irapuru;Presidente Prudente;False;BRANCA
37619;3502804.0;Araçatuba;Araçatuba;False;PRETA
37620;3541406.0;Presidente Prudente;Presidente Prudente;False;BRANCA
37621;3550308.0;São Paulo;Município de São Paulo;False;BRANCA
37622;3513504.0;Cubatão;Baixada Santista;False;INDIGENA
37623;3518800.0;Guarulhos;Grande SP Leste;False;PARDA
37624;3550308.0;São Paulo;Município de São Paulo;False;IGNORADO
37625;3523404.0;Itatiba;Campinas;False;PRETA
37626;3550308.0;São Paulo;Município de São Paulo;False;PARDA
37627;3554003.0;Tatuí;Sorocaba;False;PRETA
37628;3510609.0;Carapicuíba;Grande SP Oeste;False;PARDA
37629;3510609.0;Carapicuíba;Grande SP Oeste;False;BRANCA
37630;3541406.0;Presidente Prudente;Presidente Prudente;False;BRANCA
37631;3557006.0;Votorantim;Sorocaba;False;BRANCA
37632;3535002.0;Palestina;São José do Rio Preto;False;BRANCA
37633;3550308.0;São Paulo;Município de São Paulo;False;BRANCA
37634;3550308.0;São Paulo;Município de São Paulo;False;BRANCA
37635;3550308.0;São Paulo;Município de São Paulo;False;NONE
37636;3543907.0;Rio Claro;Piracicaba;False;BRANCA
37637;3550308.0;São Paulo;Município de São Paulo;False;
37638;3526704.0;Leme;Piracicaba;False;PARDA
37639;3535408.0;Panorama;Presidente Prudente;True;PARDA
37640;3550308.0;São Paulo;Município de São Paulo;False;BRANCA
37641;3541000.0;Praia Grande;Baixada Santista;False;IGNORADO
37642;3519303.0;Ibaté;Araraquara;False;BRANCA
37643;3524402.0;Jacareí;Taubaté;False;PRETA
37644;3550308.0;São Paulo;Município de São Paulo;False;BRANCA
37645;3517505.0;Guapiaçu;São José do Rio Preto;False;BRANCA
37646;3526902.0;Limeira;Piracicaba;False;IGNORADO
37647;3550308.0;São Paulo;Município de São Paulo;False;BRANCA
37648;3513504.0;Cubatão;Baixada Santista;True;BRANCA
37649;3528502.0;Mairiporã;Grande SP Norte;False;PARDA
37650;3518701.0;Guarujá;Baixada Santista;False;PARDA
37651;3550308.0;São Paulo;Município de São Paulo;False;AMARELA
37652;3540903.0;Pradópolis;Ribeirão Preto;False;BRANCA
37653;3552205.0;Sorocaba;Sorocaba;False;BRANCA
37654;3550308.0;São Paulo;Município de São Paulo;False;PARDA
37655;3516200.0;Franca;Franca;False;PARDA
37656;3538907.0;Pirajuí;Bauru;False;PRETA
37657;3526902.0;Limeira;Piracicaba;False;BRANCA
37658;3540200.0;Pontal;Ribeirão Preto;False;BRANCA
37659;3537602.0;Peruíbe;Baixada Santista;True;PARDA
37660;3550308.0;São Paulo;Município de São Paulo;False;BRANCA
37661;3511102.0;Catanduva;São José do Rio Preto;False;BRANCA
37662;3548708.0;São Bernardo do Campo;Grande SP Sudeste;False;IGNORADO
37663;3526902.0;Limeira;Piracicaba;False;BRANCA
37664;3523909.0;Itu;Sorocaba;True;IGNORADO
37665;3550308.0;São Paulo;Município de São Paulo;False;IGNORADO
37666;3529005.0;Marília;Marília;False;PARDA
37667;3524105.0;Ituverava;Franca;False;IGNORADO
37668;3534401.0;Osasco;Grande SP Oeste;False;BRANCA
37669;3551009.0;São Vicente;Baixada Santista;False;BRANCA
37670;3550308.0;São Paulo;Município de São Paulo;False;NONE
37671;3540606.0;Porto Feliz;Sorocaba;False;BRANCA
37672;3548500.0;Santos;Baixada Santista;False;PRETA
37673;3530607.0;Mogi das Cruzes;Grande SP Leste;False;BRANCA
37674;3550308.0;São Paulo;Município de São Paulo;False;
37675;3536505.0;Paulínia;Campinas;False;BRANCA
37676;3550308.0;São Paulo;Município de São Paulo;False;PRETA
37677;3550308.0;São Paulo;Município de São Paulo;False;BRANCA
37678;3520509.0;Indaiatuba;Campinas;False;PARDA
37679;3550308.0;São Paulo;Município de São Paulo;False;IGNORADO
37680;3524808.0;Jales;São José do Rio Preto;False;BRANCA
37681;3525904.0;Jundiaí;Campinas;False;AMARELA
37682;3550308.0;São Paulo;Município de São Paulo;False;PARDA
37683;3548500.0;Santos;Baixada Santista;False;BRANCA
37684;3550308.0;São Paulo;Município de São Paulo;False;BRANCA
37685;3522208.0;Itapecerica da Serra;Grande SP Sudoeste;False;BRANCA
37686;3541000.0;Praia Grande;Baixada Santista;False;BRANCA
37687;3550308.0;São Paulo;Município de São Paulo;False;IGNORADO
37688;3550308.0;São Paulo;Município de São Paulo;False;BRANCA
37689;3516309.0;Francisco Morato;Grande SP Norte;False;PARDA
37690;3550308.0;São Paulo;Município de São Paulo;False;IGNORADO
37691;3500600.0;Águas de São Pedro;Piracicaba;False;BRANCA
37692;3552809.0;Taboão da Serra;Grande SP Sudoeste;False;IGNORADO
37693;3547809.0;Santo André;Grande SP Sudeste;False;
37694;3550308.0;São Paulo;Município de São Paulo;True;NONE
37695;3538709.0;Piracicaba;Piracicaba;False;BRANCA
37696;3511201.0;Catiguá;São José do Rio Preto;True;BRANCA
37697;3518503.0;Guareí;Sorocaba;False;
37698;3550308.0;São Paulo;Município de São Paulo;False;IGNORADO
37699;3550308.0;São Paulo;Município de São Paulo;False;BRANCA
37700;3534302.0;Orlândia;Franca;False;BRANCA
37701;3524402.0;Jacareí;Taubaté;False;IGNORADO
37702;3550308.0;São Paulo;Município de São Paulo;False;PARDA
37703;3518800.0;Guarulhos;Grande SP Leste;False;BRANCA
37704;3509007.0;Caieiras;Grande SP Norte;False;PARDA
37705;3522208.0;Itapecerica da Serra;Grande SP Sudoeste;False;BRANCA
37706;3550308.0;São Paulo;Município de São Paulo;False;PARDA
37707;3550308.0;São Paulo;Município de São Paulo;False;NONE
37708;3550308.0;São Paulo;Município de São Paulo;False;NONE
37709;3541208.0;Presidente Bernardes;Presidente Prudente;False;IGNORADO
37710;3548500.0;Santos;Baixada Santista;False;IGNORADO
37711;3509502.0;Campinas;Campinas;False;IGNORADO
37712;3539103.0;Pirapora do Bom Jesus;Grande SP Oeste;False;IGNORADO
37713;3549805.0;São José do Rio Preto;São José do Rio Preto;True;IGNORADO
37714;3511904.0;Clementina;Araçatuba;False;BRANCA
37715;3534401.0;Osasco;Grande SP Oeste;True;PARDA
37716;3550308.0;São Paulo;Município de São Paulo;True;BRANCA
37717;3517208.0;Guaiçara;Bauru;False;PRETA
37718;3550308.0;São Paulo;Município de São Paulo;False;BRANCA
37719;3550308.0;São Paulo;Município de São Paulo;False;BRANCA
37720;3516408.0;Franco da Rocha;Grande SP Norte;False;BRANCA
37721;3530508.0;Mococa;São João da Boa Vista;False;BRANCA
37722;3522307.0;Itapetininga;Sorocaba;False;BRANCA
37723;3550308.0;São Paulo;Município de São Paulo;False;NONE
37724;3550308.0;São Paulo;Município de São Paulo;False;BRANCA
37725;3541000.0;Praia Grande;Baixada Santista;False;PRETA
37726;3541000.0;Praia Grande;Baixada Santista;False;PRETA
37727;3550308.0;São Paulo;Município de São Paulo;False;NONE
37728;3544806.0;Sales;São José do Rio Preto;True;PRETA
37729;3545803.0;Santa Bárbara d'Oeste;Campinas;False;PARDA
37730;3515004.0;Embu das Artes;Grande SP Sudoeste;False;PARDA
37731;3548708.0;São Bernardo do Campo;Grande SP Sudeste;False;
37732;3548708.0;São Bernardo do Campo;Grande SP Sudeste;False;
37733;3548708.0;São Bernardo do Campo;Grande SP Sudeste;False;NONE
37734;3550308.0;São Paulo;Município de São Paulo;False;BRANCA
37735;3518701.0;Guarujá;Baixada Santista;False;PARDA
37736;3541208.0;Presidente Bernardes;Presidente Prudente;False;BRANCA
37737;3554508.0;Tietê;Sorocaba;False;BRANCA
37738;3534401.0;Osasco;Grande SP Oeste;False;BRANCA
37739;3510609.0;Carapicuíba;Grande SP Oeste;False;BRANCA
37740;3550308.0;São Paulo;Município de São Paulo;False;IGNORADO
37741;3527108.0;Lins;Bauru;False;BRANCA
37742;3543402.0;Ribeirão Preto;Ribeirão Preto;False;IGNORADO
37743;3527108.0;Lins;Bauru;False;BRANCA
37744;3550308.0;São Paulo;Município de São Paulo;False;IGNORADO
37745;3521507.0;Irapuã;São José do Rio Preto;False;BRANCA
37746;3552403.0;Sumaré;Campinas;False;BRANCA
37747;3552403.0;Sumaré;Campinas;False;PARDA
37748;3550308.0;São Paulo;Município de São Paulo;False;BRANCA
37749;3550308.0;São Paulo;Município de São Paulo;False;PARDA
37750;3550308.0;São Paulo;Município de São Paulo;False;PARDA
37751;3552205.0;Sorocaba;Sorocaba;False;BRANCA
