62828;3538709.0;Piracicaba;Piracicaba;False;BRANCA
62829;3543006.0;Ribeirão Branco;Sorocaba;False;BRANCA
62830;3513801.0;Diadema;Grande SP Sudeste;False;PRETA
62831;3537602.0;Peruíbe;Baixada Santista;False;BRANCA
62832;3506359.0;Bertioga;Baixada Santista;False;AMARELA
62833;3551009.0;São Vicente;Baixada Santista;False;BRANCA
62834;3550308.0;São Paulo;Município de São Paulo;False;IGNORADO
62835;3538709.0;Piracicaba;Piracicaba;False;IGNORADO
62836;3505302.0;Barra Bonita;Bauru;False;BRANCA
62837;3525300.0;Jaú;Bauru;False;BRANCA
62838;3550308.0;São Paulo;Município de São Paulo;False;BRANCA
62839;3538709.0;Piracicaba;Piracicaba;False;
62840;3534401.0;Osasco;Grande SP Oeste;False;PARDA
62841;3518701.0;Guarujá;Baixada Santista;False;PRETA
62842;3508801.0;Cafelândia;Bauru;False;BRANCA
62843;3520509.0;Indaiatuba;Campinas;False;BRANCA
62844;3550308.0;São Paulo;Município de São Paulo;False;PRETA
62845;3529401.0;Mauá;Grande SP Sudeste;False;BRANCA
62846;3509502.0;Campinas;Campinas;False;PARDA
62847;3550308.0;São Paulo;Município de São Paulo;False;NONE
62848;3548500.0;Santos;Baixada Santista;False;AMARELA
62849;3529401.0;Mauá;Grande SP Sudeste;False;BRANCA
62850;3502200.0;Angatuba;Sorocaba;False;BRANCA
62851;3503208.0;Araraquara;Araraquara;False;BRANCA
62852;3527405.0;Lucélia;Marília;False;BRANCA
62853;3550308.0;São Paulo;Município de São Paulo;False;AMARELA
62854;3549904.0;São José dos Campos;Taubaté;False;IGNORADO
62855;3513801.0;Diadema;Grande SP Sudeste;False;BRANCA
62856;3553906.0;Tarabai;Presidente Prudente;False;BRANCA
62857;3540705.0;Porto Ferreira;Araraquara;False;BRANCA
62858;3509205.0;Cajamar;Grande SP Norte;False;BRANCA
62859;3502200.0;Angatuba;Sorocaba;False;BRANCA
62860;3541000.0;Praia Grande;Baixada Santista;False;PARDA
62861;3545803.0;Santa Bárbara d'Oeste;Campinas;False;PARDA
62862;3549805.0;São José do Rio Preto;São José do Rio Preto;False;PARDA
62863;3513801.0;Diadema;Grande SP Sudeste;False;BRANCA
62864;3523107.0;Itaquaquecetuba;Grande SP Leste;False;BRANCA
62865;3556503.0;Várzea Paulista;Campinas;False;BRANCA
62866;3543402.0;Ribeirão Preto;Ribeirão Preto;False;IGNORADO
62867;3550308.0;São Paulo;Município de São Paulo;False;AMARELA
62868;3536505.0;Paulínia;Campinas;False;PARDA
62869;3509502.0;Campinas;Campinas;False;PARDA
62870;3538709.0;Piracicaba;Piracicaba;False;BRANCA
62871;3550308.0;São Paulo;Município de São Paulo;False;PARDA
62872;3546603.0;Santa Fé do Sul;São José do Rio Preto;False;IGNORADO
62873;3550308.0;São Paulo;Município de São Paulo;False;BRANCA
62874;3510500.0;Caraguatatuba;Taubaté;False;PARDA
62875;3550308.0;São Paulo;Município de São Paulo;False;BRANCA
62876;3543402.0;Ribeirão Preto;Ribeirão Preto;False;INDIGENA
62877;3554102.0;Taubaté;Taubaté;False;BRANCA
62878;3548708.0;São Bernardo do Campo;Grande SP Sudeste;False;PARDA
62879;3557105.0;Votuporanga;São José do Rio Preto;False;BRANCA
62880;3501608.0;Americana;Campinas;False;PARDA
62881;3549805.0;São José do Rio Preto;São José do Rio Preto;False;BRANCA
62882;3547809.0;Santo André;Grande SP Sudeste;False;BRANCA
62883;3550308.0;São Paulo;Município de São Paulo;False;IGNORADO
62884;3550308.0;São Paulo;Município de São Paulo;False;IGNORADO
62885;3548500.0;Santos;Baixada Santista;False;PARDA
62886;3534401.0;Osasco;Grande SP Oeste;False;
62887;3509601.0;Campo Limpo Paulista;Campinas;False;BRANCA
62888;3550308.0;São Paulo;Município de São Paulo;False;BRANCA
62889;3556701.0;Vinhedo;Campinas;False;BRANCA
62890;3505708.0;Barueri;Grande SP Oeste;False;PARDA
62891;3551405.0;Serra Azul;Ribeirão Preto;False;BRANCA
62892;3520509.0;Indaiatuba;Campinas;False;BRANCA
62893;3526902.0;Limeira;Piracicaba;False;BRANCA
62894;3551504.0;Serrana;Ribeirão Preto;False;BRANCA
62895;3550308.0;São Paulo;Município de São Paulo;True;PARDA
62896;3543907.0;Rio Claro;Piracicaba;False;BRANCA
62897;3530805.0;Mogi Mirim;São João da Boa Vista;False;BRANCA
62898;3511102.0;Catanduva;São José do Rio Preto;False;BRANCA
62899;3518800.0;Guarulhos;Grande SP Leste;False;IGNORADO
62900;3550308.0;São Paulo;Município de São Paulo;False;BRANCA
62901;3538006.0;Pindamonhangaba;Taubaté;False;PARDA
62902;3550308.0;São Paulo;Município de São Paulo;False;
62903;3538709.0;Piracicaba;Piracicaba;False;BRANCA
62904;3538709.0;Piracicaba;Piracicaba;False;BRANCA
62905;3543402.0;Ribeirão Preto;Ribeirão Preto;False;NONE
62906;3552809.0;Taboão da Serra;Grande SP Sudoeste;False;PARDA
62907;3552809.0;Taboão da Serra;Grande SP Sudoeste;False;
62908;3513801.0;Diadema;Grande SP Sudeste;False;BRANCA
62909;3523107.0;Itaquaquecetuba;Grande SP Leste;False;AMARELA
62910;3550308.0;São Paulo;Município de São Paulo;False;BRANCA
62911;3523404.0;Itatiba;Campinas;False;PARDA
62912;3550308.0;São Paulo;Município de São Paulo;False;
62913;3550308.0;São Paulo;Município de São Paulo;False;PARDA
62914;3550308.0;São Paulo;Município de São Paulo;True;IGNORADO
62915;3550308.0;São Paulo;Município de São Paulo;True;PARDA
62916;3550308.0;São Paulo;Município de São Paulo;False;PARDA
62917;3549805.0;São José do Rio Preto;São José do Rio Preto;False;PARDA
62918;3520509.0;Indaiatuba;Campinas;False;BRANCA
62919;3549805.0;São José do Rio Preto;São José do Rio Preto;False;BRANCA
62920;3538709.0;Piracicaba;Piracicaba;False;BRANCA
62921;3502804.0;Araçatuba;Araçatuba;False;BRANCA
62922;3534708.0;Ourinhos;Marília;False;BRANCA
62923;3506003.0;Bauru;Bauru;False;BRANCA
62924;3513009.0;Cotia;Grande SP Sudoeste;False;IGNORADO
62925;3534302.0;Orlândia;Franca;False;BRANCA
62926;3509502.0;Campinas;Campinas;False;BRANCA
62927;3552502.0;Suzano;Grande SP Leste;False;BRANCA
62928;3540804.0;Potirendaba;São José do Rio Preto;False;BRANCA
62929;3509502.0;Campinas;Campinas;False;AMARELA
62930;3548708.0;São Bernardo do Campo;Grande SP Sudeste;False;BRANCA
62931;3550308.0;São Paulo;Município de São Paulo;False;BRANCA
62932;3543402.0;Ribeirão Preto;Ribeirão Preto;False;IGNORADO
62933;3549805.0;São José do Rio Preto;São José do Rio Preto;False;BRANCA
62934;3550308.0;São Paulo;Município de São Paulo;False;PARDA
62935;3550308.0;São Paulo;Município de São Paulo;False;BRANCA
62936;3504305.0;Avaí;Bauru;False;BRANCA
62937;3524204.0;Jaborandi;Barretos;False;BRANCA
62938;3550308.0;São Paulo;Município de São Paulo;False;PARDA
62939;3538709.0;Piracicaba;Piracicaba;False;BRANCA
62940;3550308.0;São Paulo;Município de São Paulo;False;PRETA
62941;3557105.0;Votuporanga;São José do Rio Preto;False;PRETA
62942;3530607.0;Mogi das Cruzes;Grande SP Leste;False;IGNORADO
62943;3502101.0;Andradina;Araçatuba;False;BRANCA
62944;3514403.0;Dracena;Presidente Prudente;False;BRANCA
62945;3550308.0;São Paulo;Município de São Paulo;False;BRANCA
62946;3529401.0;Mauá;Grande SP Sudeste;False;BRANCA
62947;3543402.0;Ribeirão Preto;Ribeirão Preto;False;BRANCA
62948;3518800.0;Guarulhos;Grande SP Leste;False;PARDA
62949;3552205.0;Sorocaba;Sorocaba;False;IGNORADO
62950;3550308.0;São Paulo;Município de São Paulo;False;PARDA
62951;3520400.0;Ilhabela;Taubaté;False;PARDA
62952;3522307.0;Itapetininga;Sorocaba;False;BRANCA
62953;3535507.0;Paraguaçu Paulista;Marília;False;BRANCA
62954;3522406.0;Itapeva;Sorocaba;False;IGNORADO
62955;3521408.0;Iracemápolis;Piracicaba;False;BRANCA
62956;3522109.0;Itanhaém;Baixada Santista;False;
62957;3503802.0;Artur Nogueira;Campinas;False;BRANCA
62958;3545803.0;Santa Bárbara d'Oeste;Campinas;False;BRANCA
62959;3509502.0;Campinas;Campinas;False;BRANCA
62960;3538709.0;Piracicaba;Piracicaba;False;BRANCA
62961;3526902.0;Limeira;Piracicaba;False;IGNORADO
62962;3504909.0;Bananal;Taubaté;False;BRANCA
62963;3550308.0;São Paulo;Município de São Paulo;False;BRANCA
62964;3516853.0;Gavião Peixoto;Araraquara;False;BRANCA
62965;3549102.0;São João da Boa Vista;São João da Boa Vista;False;BRANCA
62966;3518701.0;Guarujá;Baixada Santista;False;BRANCA
62967;3541000.0;Praia Grande;Baixada Santista;False;BRANCA
62968;3509502.0;Campinas;Campinas;False;IGNORADO
62969;3503307.0;Araras;Piracicaba;False;BRANCA
62970;3505708.0;Barueri;Grande SP Oeste;False;IGNORADO
62971;3543402.0;Ribeirão Preto;Ribeirão Preto;False;BRANCA
62972;3506003.0;Bauru;Bauru;False;PRETA
