31348;3550308.0;São Paulo;Município de São Paulo;False;BRANCA
31349;3552205.0;Sorocaba;Sorocaba;False;IGNORADO
31350;3534401.0;Osasco;Grande SP Oeste;False;IGNORADO
31351;3550308.0;São Paulo;Município de São Paulo;False;BRANCA
31352;3550308.0;São Paulo;Município de São Paulo;False;IGNORADO
31353;3552809.0;Taboão da Serra;Grande SP Sudoeste;False;BRANCA
31354;3543402.0;Ribeirão Preto;Ribeirão Preto;False;BRANCA
31355;3546801.0;Santa Isabel;Grande SP Leste;False;BRANCA
31356;3525508.0;Joanópolis;Campinas;False;BRANCA
31357;3552809.0;Taboão da Serra;Grande SP Sudoeste;False;PARDA
31358;3520509.0;Indaiatuba;Campinas;False;IGNORADO
31359;3516309.0;Francisco Morato;Grande SP Norte;False;BRANCA
31360;3551009.0;São Vicente;Baixada Santista;False;PRETA
31361;3513504.0;Cubatão;Baixada Santista;False;PARDA
31362;3548500.0;Santos;Baixada Santista;False;BRANCA
31363;3552809.0;Taboão da Serra;Grande SP Sudoeste;False;
31364;3548500.0;Santos;Baixada Santista;False;BRANCA
31365;3548708.0;São Bernardo do Campo;Grande SP Sudeste;False;BRANCA
31366;3536703.0;Pederneiras;Bauru;False;BRANCA
31367;3550308.0;São Paulo;Município de São Paulo;False;BRANCA
31368;3516309.0;Francisco Morato;Grande SP Norte;False;IGNORADO
31369;3526803.0;Lençóis Paulista;Bauru;False;BRANCA
31370;3517505.0;Guapiaçu;São José do Rio Preto;False;PARDA
31371;3550308.0;São Paulo;Município de São Paulo;False;PARDA
31372;3547809.0;Santo André;Grande SP Sudeste;True;NONE
31373;3548906.0;São Carlos;Araraquara;False;IGNORADO
31374;3550704.0;São Sebastião;Taubaté;False;PRETA
31375;3549805.0;São José do Rio Preto;São José do Rio Preto;False;BRANCA
31376;3550308.0;São Paulo;Município de São Paulo;False;AMARELA
31377;3550308.0;São Paulo;Município de São Paulo;False;IGNORADO
31378;3516408.0;Franco da Rocha;Grande SP Norte;False;PARDA
31379;3524402.0;Jacareí;Taubaté;False;PARDA
31380;3515707.0;Ferraz de Vasconcelos;Grande SP Leste;False;BRANCA
31381;3550308.0;São Paulo;Município de São Paulo;False;NONE
31382;3509502.0;Campinas;Campinas;False;BRANCA
31383;3506508.0;Birigui;Araçatuba;False;BRANCA
31384;3509205.0;Cajamar;Grande SP Norte;False;BRANCA
31385;3551702.0;Sertãozinho;Ribeirão Preto;False;PARDA
31386;3550308.0;São Paulo;Município de São Paulo;False;BRANCA
31387;3533908.0;Olímpia;Barretos;False;BRANCA
31388;3515608.0;Fernando Prestes;São José do Rio Preto;False;BRANCA
31389;3550308.0;São Paulo;Município de São Paulo;False;PARDA
31390;3525904.0;Jundiaí;Campinas;False;BRANCA
31391;3549805.0;São José do Rio Preto;São José do Rio Preto;False;BRANCA
31392;3518701.0;Guarujá;Baixada Santista;False;PRETA
31393;3531803.0;Monte Mor;Campinas;False;BRANCA
31394;3524006.0;Itupeva;Campinas;False;BRANCA
31395;3548807.0;São Caetano do Sul;Grande SP Sudeste;False;IGNORADO
31396;3550308.0;São Paulo;Município de São Paulo;True;IGNORADO
31397;3546306.0;Santa Cruz das Palmeiras;São João da Boa Vista;False;BRANCA
31398;3538709.0;Piracicaba;Piracicaba;False;BRANCA
31399;3547809.0;Santo André;Grande SP Sudeste;False;IGNORADO
31400;3513009.0;Cotia;Grande SP Sudoeste;False;PARDA
31401;3540804.0;Potirendaba;São José do Rio Preto;False;BRANCA
31402;3523800.0;Itobi;São João da Boa Vista;False;PARDA
31403;3531308.0;Monte Alto;Ribeirão Preto;False;BRANCA
31404;3518800.0;Guarulhos;Grande SP Leste;False;AMARELA
31405;3548500.0;Santos;Baixada Santista;False;BRANCA
31406;3519071.0;Hortolândia;Campinas;False;BRANCA
31407;3521507.0;Irapuã;São José do Rio Preto;False;BRANCA
31408;3507605.0;Bragança Paulista;Campinas;False;BRANCA
31409;3505708.0;Barueri;Grande SP Oeste;False;BRANCA
31410;3530805.0;Mogi Mirim;São João da Boa Vista;False;BRANCA
31411;3511409.0;Cerqueira César;Bauru;False;BRANCA
31412;3538709.0;Piracicaba;Piracicaba;False;BRANCA
31413;3550308.0;São Paulo;Município de São Paulo;False;NONE
31414;3543402.0;Ribeirão Preto;Ribeirão Preto;False;AMARELA
31415;3547809.0;Santo André;Grande SP Sudeste;False;PARDA
31416;3519071.0;Hortolândia;Campinas;False;BRANCA
31417;3530607.0;Mogi das Cruzes;Grande SP Leste;False;PRETA
31418;3506003.0;Bauru;Bauru;False;BRANCA
31419;3545209.0;Salto;Sorocaba;False;IGNORADO
31420;3550308.0;São Paulo;Município de São Paulo;False;BRANCA
31421;3542107.0;Rafard;Piracicaba;False;BRANCA
31422;3518909.0;Guzolândia;Araçatuba;False;BRANCA
31423;3509502.0;Campinas;Campinas;False;BRANCA
31424;3550308.0;São Paulo;Município de São Paulo;True;BRANCA
31425;3529401.0;Mauá;Grande SP Sudeste;False;PARDA
31426;3518701.0;Guarujá;Baixada Santista;False;AMARELA
31427;3550308.0;São Paulo;Município de São Paulo;False;BRANCA
31428;3550308.0;São Paulo;Município de São Paulo;False;PARDA
31429;3550308.0;São Paulo;Município de São Paulo;False;PARDA
31430;3530607.0;Mogi das Cruzes;Grande SP Leste;False;BRANCA
31431;3537305.0;Penápolis;Araçatuba;False;BRANCA
31432;3509007.0;Caieiras;Grande SP Norte;False;PARDA
31433;3547809.0;Santo André;Grande SP Sudeste;False;PARDA
31434;3552205.0;Sorocaba;Sorocaba;False;BRANCA
31435;3526001.0;Junqueirópolis;Presidente Prudente;True;PARDA
31436;3550308.0;São Paulo;Município de São Paulo;False;AMARELA
31437;3547809.0;Santo André;Grande SP Sudeste;False;BRANCA
31438;3520400.0;Ilhabela;Taubaté;False;BRANCA
31439;3552502.0;Suzano;Grande SP Leste;False;BRANCA
31440;3541000.0;Praia Grande;Baixada Santista;False;BRANCA
31441;3550308.0;São Paulo;Município de São Paulo;False;
31442;3552502.0;Suzano;Grande SP Leste;False;BRANCA
31443;3550308.0;São Paulo;Município de São Paulo;False;IGNORADO
31444;3548500.0;Santos;Baixada Santista;False;PARDA
31445;3509502.0;Campinas;Campinas;False;PARDA
31446;3550308.0;São Paulo;Município de São Paulo;False;PARDA
31447;3534401.0;Osasco;Grande SP Oeste;False;BRANCA
31448;3550308.0;São Paulo;Município de São Paulo;False;BRANCA
31449;3530805.0;Mogi Mirim;São João da Boa Vista;False;BRANCA
31450;3550308.0;São Paulo;Município de São Paulo;False;PARDA
31451;3550308.0;São Paulo;Município de São Paulo;False;BRANCA
31452;3541000.0;Praia Grande;Baixada Santista;False;BRANCA
31453;3513504.0;Cubatão;Baixada Santista;False;PARDA
31454;3550308.0;São Paulo;Município de São Paulo;False;BRANCA
31455;3550308.0;São Paulo;Município de São Paulo;False;BRANCA
31456;3510609.0;Carapicuíba;Grande SP Oeste;False;BRANCA
31457;3548708.0;São Bernardo do Campo;Grande SP Sudeste;False;BRANCA
31458;3550308.0;São Paulo;Município de São Paulo;False;NONE
31459;3543402.0;Ribeirão Preto;Ribeirão Preto;False;PARDA
31460;3505708.0;Barueri;Grande SP Oeste;False;PARDA
31461;3541604.0;Promissão;Bauru;False;BRANCA
31462;3538709.0;Piracicaba;Piracicaba;False;BRANCA
31463;3552403.0;Sumaré;Campinas;False;PARDA
31464;3504008.0;Assis;Marília;False;BRANCA
31465;3527108.0;Lins;Bauru;False;BRANCA
31466;3550308.0;São Paulo;Município de São Paulo;False;BRANCA
31467;3539301.0;Pirassununga;Piracicaba;False;BRANCA
31468;3506508.0;Birigui;Araçatuba;False;PARDA
31469;3552205.0;Sorocaba;Sorocaba;False;IGNORADO
31470;3548708.0;São Bernardo do Campo;Grande SP Sudeste;False;PARDA
31471;3550308.0;São Paulo;Município de São Paulo;False;BRANCA
31472;3537107.0;Pedreira;Campinas;False;PARDA
31473;3552809.0;Taboão da Serra;Grande SP Sudoeste;False;BRANCA
31474;3548906.0;São Carlos;Araraquara;False;IGNORADO
31475;3526803.0;Lençóis Paulista;Bauru;False;AMARELA
31476;3518701.0;Guarujá;Baixada Santista;False;BRANCA
31477;3550308.0;São Paulo;Município de São Paulo;False;BRANCA
31478;3556453.0;Vargem Grande Paulista;Grande SP Sudoeste;False;BRANCA
31479;3550308.0;São Paulo;Município de São Paulo;False;PARDA
31480;3513801.0;Diadema;Grande SP Sudeste;False;PARDA
31481;3540606.0;Porto Feliz;Sorocaba;False;BRANCA
31482;3550308.0;São Paulo;Município de São Paulo;False;PARDA
31483;3549904.0;São José dos Campos;Taubaté;False;BRANCA
31484;3550308.0;São Paulo;Município de São Paulo;False;BRANCA
31485;3550308.0;São Paulo;Município de São Paulo;True;PRETA
31486;3512308.0;Conchas;Bauru;False;BRANCA
31487;3550308.0;São Paulo;Município de São Paulo;False;BRANCA
31488;3506102.0;Bebedouro;Barretos;False;BRANCA
31489;3550308.0;São Paulo;Município de São Paulo;False;PARDA
