24106;3557006.0;Votorantim;Sorocaba;False;BRANCA
24107;3518800.0;Guarulhos;Grande SP Leste;False;PARDA
24108;3527108.0;Lins;Bauru;False;BRANCA
24109;3526902.0;Limeira;Piracicaba;False;NONE
24110;3556909.0;Vista Alegre do Alto;Barretos;False;BRANCA
24111;3554003.0;Tatuí;Sorocaba;False;BRANCA
24112;3505401.0;Barra do Turvo;Registro;False;PARDA
24113;3552502.0;Suzano;Grande SP Leste;True;BRANCA
24114;3552403.0;Sumaré;Campinas;False;BRANCA
24115;3518800.0;Guarulhos;Grande SP Leste;True;NONE
24116;3538006.0;Pindamonhangaba;Taubaté;False;BRANCA
24117;3509205.0;Cajamar;Grande SP Norte;False;PARDA
24118;3518800.0;Guarulhos;Grande SP Leste;False;BRANCA
24119;3504008.0;Assis;Marília;False;BRANCA
24120;3543402.0;Ribeirão Preto;Ribeirão Preto;False;PARDA
24121;3506003.0;Bauru;Bauru;False;BRANCA
24122;3503307.0;Araras;Piracicaba;False;BRANCA
24123;3550308.0;São Paulo;Município de São Paulo;False;BRANCA
24124;3550308.0;São Paulo;Município de São Paulo;False;PRETA
24125;3550308.0;São Paulo;Município de São Paulo;False;BRANCA
24126;3550308.0;São Paulo;Município de São Paulo;True;PARDA
24127;3550308.0;São Paulo;Município de São Paulo;False;NONE
24128;3522208.0;Itapecerica da Serra;Grande SP Sudoeste;False;BRANCA
24129;3550308.0;São Paulo;Município de São Paulo;False;BRANCA
24130;3548906.0;São Carlos;Araraquara;False;IGNORADO
24131;3515152.0;Engenheiro Coelho;Piracicaba;False;PRETA
24132;3550308.0;São Paulo;Município de São Paulo;False;IGNORADO
24133;3522505.0;Itapevi;Grande SP Oeste;True;PARDA
24134;3524303.0;Jaboticabal;Ribeirão Preto;True;BRANCA
24135;3516507.0;Gabriel Monteiro;Araçatuba;False;PARDA
24136;3530607.0;Mogi das Cruzes;Grande SP Leste;True;BRANCA
24137;3550308.0;São Paulo;Município de São Paulo;False;NONE
24138;3550308.0;São Paulo;Município de São Paulo;True;BRANCA
24139;3536505.0;Paulínia;Campinas;False;BRANCA
24140;3548807.0;São Caetano do Sul;Grande SP Sudeste;False;BRANCA
24141;3550308.0;São Paulo;Município de São Paulo;False;PRETA
24142;3519071.0;Hortolândia;Campinas;False;
24143;3509502.0;Campinas;Campinas;False;PARDA
24144;3549805.0;São José do Rio Preto;São José do Rio Preto;False;IGNORADO
24145;3552403.0;Sumaré;Campinas;False;PARDA
24146;3556107.0;Valentim Gentil;São José do Rio Preto;False;BRANCA
24147;3550308.0;São Paulo;Município de São Paulo;False;BRANCA
24148;3521408.0;Iracemápolis;Piracicaba;True;PRETA
24149;3550308.0;São Paulo;Município de São Paulo;False;PARDA
24150;3548807.0;São Caetano do Sul;Grande SP Sudeste;False;NONE
24151;3551009.0;São Vicente;Baixada Santista;False;BRANCA
24152;3550308.0;São Paulo;Município de São Paulo;False;NONE
24153;3550308.0;São Paulo;Município de São Paulo;False;PARDA
24154;3550308.0;São Paulo;Município de São Paulo;False;NONE
24155;3520442.0;Ilha Solteira;Araçatuba;False;PARDA
24156;3550308.0;São Paulo;Município de São Paulo;False;AMARELA
24157;3547809.0;Santo André;Grande SP Sudeste;False;IGNORADO
24158;3550308.0;São Paulo;Município de São Paulo;True;BRANCA
24159;3552205.0;Sorocaba;Sorocaba;False;AMARELA
24160;3543402.0;Ribeirão Preto;Ribeirão Preto;True;BRANCA
24161;3545605.0;Santa Adélia;São José do Rio Preto;False;BRANCA
24162;3550308.0;São Paulo;Município de São Paulo;False;PRETA
24163;3550308.0;São Paulo;Município de São Paulo;False;BRANCA
24164;3536505.0;Paulínia;Campinas;True;BRANCA
24165;3538709.0;Piracicaba;Piracicaba;False;BRANCA
24166;3546801.0;Santa Isabel;Grande SP Leste;False;BRANCA
24167;3550308.0;São Paulo;Município de São Paulo;False;IGNORADO
24168;3550308.0;São Paulo;Município de São Paulo;False;NONE
24169;3502804.0;Araçatuba;Araçatuba;False;NONE
24170;3509502.0;Campinas;Campinas;False;BRANCA
24171;3557105.0;Votuporanga;São José do Rio Preto;False;BRANCA
24172;3548500.0;Santos;Baixada Santista;False;IGNORADO
24173;3510609.0;Carapicuíba;Grande SP Oeste;False;NONE
24174;3533403.0;Nova Odessa;Campinas;False;BRANCA
24175;3518800.0;Guarulhos;Grande SP Leste;False;BRANCA
24176;3550308.0;São Paulo;Município de São Paulo;False;
24177;3550308.0;São Paulo;Município de São Paulo;False;NONE
24178;3550308.0;São Paulo;Município de São Paulo;False;BRANCA
24179;3547809.0;Santo André;Grande SP Sudeste;False;BRANCA
24180;3552403.0;Sumaré;Campinas;False;BRANCA
24181;3509502.0;Campinas;Campinas;False;AMARELA
24182;3506508.0;Birigui;Araçatuba;False;BRANCA
24183;3544905.0;Sales Oliveira;Franca;False;BRANCA
24184;3518800.0;Guarulhos;Grande SP Leste;False;BRANCA
24185;3515004.0;Embu das Artes;Grande SP Sudoeste;False;PARDA
24186;3523404.0;Itatiba;Campinas;False;BRANCA
24187;3502804.0;Araçatuba;Araçatuba;False;BRANCA
24188;3550308.0;São Paulo;Município de São Paulo;False;NONE
24189;3550308.0;São Paulo;Município de São Paulo;True;PARDA
24190;3513801.0;Diadema;Grande SP Sudeste;False;PARDA
24191;3530607.0;Mogi das Cruzes;Grande SP Leste;False;PARDA
24192;3547304.0;Santana de Parnaíba;Grande SP Oeste;False;BRANCA
24193;3545803.0;Santa Bárbara d'Oeste;Campinas;False;BRANCA
24194;3552502.0;Suzano;Grande SP Leste;False;AMARELA
24195;3503208.0;Araraquara;Araraquara;False;PARDA
24196;3513009.0;Cotia;Grande SP Sudoeste;False;PARDA
24197;3515004.0;Embu das Artes;Grande SP Sudoeste;False;BRANCA
24198;3557006.0;Votorantim;Sorocaba;False;IGNORADO
24199;3549706.0;São José do Rio Pardo;São João da Boa Vista;False;BRANCA
24200;3556800.0;Viradouro;Barretos;False;BRANCA
24201;3550308.0;São Paulo;Município de São Paulo;False;NONE
24202;3513801.0;Diadema;Grande SP Sudeste;False;PRETA
24203;3550308.0;São Paulo;Município de São Paulo;False;BRANCA
24204;3509502.0;Campinas;Campinas;False;BRANCA
24205;3551702.0;Sertãozinho;Ribeirão Preto;False;PARDA
24206;3513801.0;Diadema;Grande SP Sudeste;False;
24207;3518800.0;Guarulhos;Grande SP Leste;False;PARDA
24208;3525300.0;Jaú;Bauru;False;BRANCA
24209;3536109.0;Pardinho;Bauru;False;BRANCA
24210;3534302.0;Orlândia;Franca;False;BRANCA
24211;3543808.0;Rinópolis;Marília;False;AMARELA
24212;3552809.0;Taboão da Serra;Grande SP Sudoeste;False;AMARELA
24213;3550308.0;São Paulo;Município de São Paulo;False;IGNORADO
24214;3516408.0;Franco da Rocha;Grande SP Norte;False;BRANCA
24215;3550308.0;São Paulo;Município de São Paulo;False;PARDA
24216;3509254.0;Cajati;Registro;False;BRANCA
24217;3550308.0;São Paulo;Município de São Paulo;False;IGNORADO
24218;3541406.0;Presidente Prudente;Presidente Prudente;False;BRANCA
24219;3550308.0;São Paulo;Município de São Paulo;False;IGNORADO
24220;3548708.0;São Bernardo do Campo;Grande SP Sudeste;False;IGNORADO
24221;3550308.0;São Paulo;Município de São Paulo;False;BRANCA
24222;3551702.0;Sertãozinho;Ribeirão Preto;False;IGNORADO
24223;3551702.0;Sertãozinho;Ribeirão Preto;False;PARDA
24224;3551702.0;Sertãozinho;Ribeirão Preto;False;BRANCA
24225;3552205.0;Sorocaba;Sorocaba;False;BRANCA
24226;3550308.0;São Paulo;Município de São Paulo;False;BRANCA
24227;3548708.0;São Bernardo do Campo;Grande SP Sudeste;False;PARDA
24228;3506508.0;Birigui;Araçatuba;True;BRANCA
24229;3506508.0;Birigui;Araçatuba;False;BRANCA
24230;3549805.0;São José do Rio Preto;São José do Rio Preto;False;BRANCA
24231;3517505.0;Guapiaçu;São José do Rio Preto;False;BRANCA
24232;3549805.0;São José do Rio Preto;São José do Rio Preto;False;BRANCA
24233;3548708.0;São Bernardo do Campo;Grande SP Sudeste;False;NONE
24234;3550308.0;São Paulo;Município de São Paulo;False;BRANCA
24235;3545506.0;Sandovalina;Presidente Prudente;False;BRANCA
24236;3515509.0;Fernandópolis;São José do Rio Preto;False;BRANCA
24237;3534401.0;Osasco;Grande SP Oeste;False;AMARELA
24238;3507605.0;Bragança Paulista;Campinas;False;BRANCA
24239;3518800.0;Guarulhos;Grande SP Leste;False;PRETA
24240;3531803.0;Monte Mor;Campinas;False;BRANCA
24241;3548500.0;Santos;Baixada Santista;False;IGNORADO
24242;3505708.0;Barueri;Grande SP Oeste;False;PARDA
24243;3550308.0;São Paulo;Município de São Paulo;False;IGNORADO
24244;3506003.0;Bauru;Bauru;False;PRETA
24245;3539509.0;Pitangueiras;Ribeirão Preto;False;BRANCA
24246;3538709.0;Piracicaba;Piracicaba;False;PARDA
24247;3550308.0;São Paulo;Município de São Paulo;False;AMARELA
24248;3550308.0;São Paulo;Município de São Paulo;True;BRANCA
