39080;3550308.0;São Paulo;Município de São Paulo;False;PARDA
39081;3550308.0;São Paulo;Município de São Paulo;False;IGNORADO
39082;3549904.0;São José dos Campos;Taubaté;False;BRANCA
39083;3519071.0;Hortolândia;Campinas;False;
39084;3509502.0;Campinas;Campinas;False;BRANCA
39085;3530706.0;Mogi Guaçu;São João da Boa Vista;False;BRANCA
39086;3535408.0;Panorama;Presidente Prudente;False;BRANCA
39087;3550308.0;São Paulo;Município de São Paulo;False;BRANCA
39088;3554102.0;Taubaté;Taubaté;False;PARDA
39089;3550308.0;São Paulo;Município de São Paulo;False;IGNORADO
39090;3548500.0;Santos;Baixada Santista;False;BRANCA
39091;3550308.0;São Paulo;Município de São Paulo;False;IGNORADO
39092;3550308.0;São Paulo;Município de São Paulo;False;BRANCA
39093;3518800.0;Guarulhos;Grande SP Leste;False;PARDA
39094;3534401.0;Osasco;Grande SP Oeste;False;BRANCA
39095;3529401.0;Mauá;Grande SP Sudeste;False;PARDA
39096;3550407.0;São Pedro;Piracicaba;False;PARDA
39097;3516200.0;Franca;Franca;False;
39098;3550308.0;São Paulo;Município de São Paulo;False;
39099;3550308.0;São Paulo;Município de São Paulo;False;IGNORADO
39100;3550308.0;São Paulo;Município de São Paulo;False;BRANCA
39101;3548708.0;São Bernardo do Campo;Grande SP Sudeste;False;BRANCA
39102;3550308.0;São Paulo;Município de São Paulo;False;BRANCA
39103;3509502.0;Campinas;Campinas;False;IGNORADO
39104;3554102.0;Taubaté;Taubaté;False;BRANCA
39105;3551009.0;São Vicente;Baixada Santista;False;PARDA
39106;3552809.0;Taboão da Serra;Grande SP Sudoeste;False;PARDA
39107;3550308.0;São Paulo;Município de São Paulo;False;PARDA
39108;3550308.0;São Paulo;Município de São Paulo;False;BRANCA
39109;3550308.0;São Paulo;Município de São Paulo;False;IGNORADO
39110;3550308.0;São Paulo;Município de São Paulo;False;
39111;3548708.0;São Bernardo do Campo;Grande SP Sudeste;False;PRETA
39112;3548500.0;Santos;Baixada Santista;False;BRANCA
39113;3550308.0;São Paulo;Município de São Paulo;False;BRANCA
39114;3509007.0;Caieiras;Grande SP Norte;True;BRANCA
39115;3509502.0;Campinas;Campinas;False;BRANCA
39116;3552502.0;Suzano;Grande SP Leste;False;IGNORADO
39117;3550308.0;São Paulo;Município de São Paulo;False;PARDA
39118;3550308.0;São Paulo;Município de São Paulo;False;BRANCA
39119;3550308.0;São Paulo;Município de São Paulo;False;BRANCA
39120;3537602.0;Peruíbe;Baixada Santista;True;PARDA
39121;3541000.0;Praia Grande;Baixada Santista;False;PARDA
39122;3518701.0;Guarujá;Baixada Santista;False;BRANCA
39123;3550308.0;São Paulo;Município de São Paulo;False;PARDA
39124;3548500.0;Santos;Baixada Santista;False;BRANCA
39125;3534401.0;Osasco;Grande SP Oeste;False;BRANCA
39126;3526902.0;Limeira;Piracicaba;False;BRANCA
39127;3550308.0;São Paulo;Município de São Paulo;False;IGNORADO
39128;3550308.0;São Paulo;Município de São Paulo;False;PARDA
39129;3519600.0;Ibitinga;Araraquara;False;BRANCA
39130;3554508.0;Tietê;Sorocaba;False;BRANCA
39131;3534302.0;Orlândia;Franca;False;BRANCA
39132;3550308.0;São Paulo;Município de São Paulo;False;BRANCA
39133;3518800.0;Guarulhos;Grande SP Leste;False;BRANCA
39134;3530300.0;Mirassol;São José do Rio Preto;False;PRETA
39135;3550308.0;São Paulo;Município de São Paulo;False;IGNORADO
39136;3519071.0;Hortolândia;Campinas;False;PARDA
39137;3550308.0;São Paulo;Município de São Paulo;False;BRANCA
39138;3548500.0;Santos;Baixada Santista;False;BRANCA
39139;3547809.0;Santo André;Grande SP Sudeste;False;BRANCA
39140;3522406.0;Itapeva;Sorocaba;False;BRANCA
39141;3515004.0;Embu das Artes;Grande SP Sudoeste;False;PARDA
39142;3550308.0;São Paulo;Município de São Paulo;False;IGNORADO
39143;3549904.0;São José dos Campos;Taubaté;False;PARDA
39144;3528502.0;Mairiporã;Grande SP Norte;False;PARDA
39145;3519709.0;Ibiúna;Sorocaba;False;PARDA
39146;3515509.0;Fernandópolis;São José do Rio Preto;False;BRANCA
39147;3548500.0;Santos;Baixada Santista;False;BRANCA
39148;3526902.0;Limeira;Piracicaba;False;BRANCA
39149;3550308.0;São Paulo;Município de São Paulo;False;PARDA
39150;3501608.0;Americana;Campinas;False;AMARELA
39151;3550308.0;São Paulo;Município de São Paulo;False;BRANCA
39152;3515004.0;Embu das Artes;Grande SP Sudoeste;False;BRANCA
39153;3537800.0;Piedade;Sorocaba;False;BRANCA
39154;3550308.0;São Paulo;Município de São Paulo;False;BRANCA
39155;3550308.0;São Paulo;Município de São Paulo;False;BRANCA
39156;3550308.0;São Paulo;Município de São Paulo;False;BRANCA
39157;3505708.0;Barueri;Grande SP Oeste;False;AMARELA
39158;3534401.0;Osasco;Grande SP Oeste;False;PARDA
39159;3550308.0;São Paulo;Município de São Paulo;False;BRANCA
39160;3548708.0;São Bernardo do Campo;Grande SP Sudeste;False;AMARELA
39161;3551702.0;Sertãozinho;Ribeirão Preto;False;BRANCA
39162;3536505.0;Paulínia;Campinas;False;BRANCA
39163;3522208.0;Itapecerica da Serra;Grande SP Sudoeste;False;PARDA
39164;3550308.0;São Paulo;Município de São Paulo;False;BRANCA
39165;3536505.0;Paulínia;Campinas;False;BRANCA
39166;3509502.0;Campinas;Campinas;False;PARDA
39167;3550308.0;São Paulo;Município de São Paulo;False;PARDA
39168;3548708.0;São Bernardo do Campo;Grande SP Sudeste;False;BRANCA
39169;3549904.0;São José dos Campos;Taubaté;False;IGNORADO
39170;3550308.0;São Paulo;Município de São Paulo;False;IGNORADO
39171;3510609.0;Carapicuíba;Grande SP Oeste;False;PARDA
39172;3534401.0;Osasco;Grande SP Oeste;False;BRANCA
39173;3550308.0;São Paulo;Município de São Paulo;False;PARDA
39174;3550308.0;São Paulo;Município de São Paulo;False;BRANCA
39175;3543907.0;Rio Claro;Piracicaba;False;BRANCA
39176;3550308.0;São Paulo;Município de São Paulo;False;PARDA
39177;3550308.0;São Paulo;Município de São Paulo;True;NONE
39178;3547304.0;Santana de Parnaíba;Grande SP Oeste;True;IGNORADO
39179;3517505.0;Guapiaçu;São José do Rio Preto;False;BRANCA
39180;3550308.0;São Paulo;Município de São Paulo;False;BRANCA
39181;3525904.0;Jundiaí;Campinas;False;AMARELA
39182;3520426.0;Ilha Comprida;Registro;False;BRANCA
39183;3518800.0;Guarulhos;Grande SP Leste;False;INDIGENA
39184;3510500.0;Caraguatatuba;Taubaté;False;PARDA
39185;3502804.0;Araçatuba;Araçatuba;False;BRANCA
39186;3534401.0;Osasco;Grande SP Oeste;False;PRETA
39187;3552205.0;Sorocaba;Sorocaba;False;PARDA
39188;3550308.0;São Paulo;Município de São Paulo;False;PARDA
39189;3520400.0;Ilhabela;Taubaté;False;BRANCA
39190;3504503.0;Avaré;Bauru;False;PARDA
39191;3523404.0;Itatiba;Campinas;False;BRANCA
39192;3545803.0;Santa Bárbara d'Oeste;Campinas;True;BRANCA
39193;3552205.0;Sorocaba;Sorocaba;False;BRANCA
39194;3550308.0;São Paulo;Município de São Paulo;True;PARDA
39195;3524006.0;Itupeva;Campinas;False;BRANCA
39196;3550308.0;São Paulo;Município de São Paulo;False;PARDA
39197;3509205.0;Cajamar;Grande SP Norte;False;PARDA
39198;3552809.0;Taboão da Serra;Grande SP Sudoeste;False;BRANCA
39199;3529401.0;Mauá;Grande SP Sudeste;True;BRANCA
39200;3550308.0;São Paulo;Município de São Paulo;True;BRANCA
39201;3548708.0;São Bernardo do Campo;Grande SP Sudeste;False;PARDA
39202;3547809.0;Santo André;Grande SP Sudeste;False;BRANCA
39203;3550308.0;São Paulo;Município de São Paulo;False;PARDA
39204;3504107.0;Atibaia;Campinas;False;BRANCA
39205;3548708.0;São Bernardo do Campo;Grande SP Sudeste;False;BRANCA
39206;3549904.0;São José dos Campos;Taubaté;False;BRANCA
39207;3550308.0;São Paulo;Município de São Paulo;False;PARDA
39208;3515707.0;Ferraz de Vasconcelos;Grande SP Leste;False;PARDA
39209;3550308.0;São Paulo;Município de São Paulo;False;PARDA
39210;3548807.0;São Caetano do Sul;Grande SP Sudeste;False;IGNORADO
39211;3551801.0;Sete Barras;Registro;False;PARDA
39212;3534401.0;Osasco;Grande SP Oeste;False;PARDA
39213;3550308.0;São Paulo;Município de São Paulo;True;IGNORADO
39214;3524808.0;Jales;São José do Rio Preto;False;BRANCA
39215;3544004.0;Rio das Pedras;Piracicaba;False;BRANCA
39216;3502804.0;Araçatuba;Araçatuba;False;BRANCA
39217;3550308.0;São Paulo;Município de São Paulo;True;IGNORADO
39218;3550308.0;São Paulo;Município de São Paulo;False;PARDA
39219;3525003.0;Jandira;Grande SP Oeste;False;AMARELA
39220;3548807.0;São Caetano do Sul;Grande SP Sudeste;False;BRANCA
39221;3510609.0;Carapicuíba;Grande SP Oeste;False;IGNORADO
