57258;3519055.0;Holambra;Campinas;False;IGNORADO
57259;3503901.0;Arujá;Grande SP Leste;True;IGNORADO
57260;3550308.0;São Paulo;Município de São Paulo;False;PARDA
57261;3518800.0;Guarulhos;Grande SP Leste;False;BRANCA
57262;3540200.0;Pontal;Ribeirão Preto;True;BRANCA
57263;3509502.0;Campinas;Campinas;False;IGNORADO
57264;3550308.0;São Paulo;Município de São Paulo;False;PARDA
57265;3547304.0;Santana de Parnaíba;Grande SP Oeste;False;PARDA
57266;3550308.0;São Paulo;Município de São Paulo;False;PARDA
57267;3518800.0;Guarulhos;Grande SP Leste;False;BRANCA
57268;3550308.0;São Paulo;Município de São Paulo;False;PARDA
57269;3534401.0;Osasco;Grande SP Oeste;True;BRANCA
57270;3509502.0;Campinas;Campinas;False;BRANCA
57271;3550308.0;São Paulo;Município de São Paulo;False;PARDA
57272;3501608.0;Americana;Campinas;False;PARDA
57273;3518701.0;Guarujá;Baixada Santista;False;IGNORADO
57274;3546306.0;Santa Cruz das Palmeiras;São João da Boa Vista;False;BRANCA
57275;3525904.0;Jundiaí;Campinas;False;BRANCA
57276;3547809.0;Santo André;Grande SP Sudeste;False;BRANCA
57277;3550308.0;São Paulo;Município de São Paulo;False;NONE
57278;3554805.0;Tremembé;Taubaté;False;BRANCA
57279;3538204.0;Pinhalzinho;Campinas;False;BRANCA
57280;3550308.0;São Paulo;Município de São Paulo;False;BRANCA
57281;3502903.0;Araçoiaba da Serra;Sorocaba;False;PARDA
57282;3550308.0;São Paulo;Município de São Paulo;False;BRANCA
57283;3502804.0;Araçatuba;Araçatuba;False;BRANCA
57284;3509502.0;Campinas;Campinas;False;PARDA
57285;3550308.0;São Paulo;Município de São Paulo;False;IGNORADO
57286;3550308.0;São Paulo;Município de São Paulo;False;IGNORADO
57287;3550308.0;São Paulo;Município de São Paulo;False;BRANCA
57288;3525904.0;Jundiaí;Campinas;False;BRANCA
57289;3550308.0;São Paulo;Município de São Paulo;False;IGNORADO
57290;3550308.0;São Paulo;Município de São Paulo;False;IGNORADO
57291;3549805.0;São José do Rio Preto;São José do Rio Preto;False;BRANCA
57292;3547304.0;Santana de Parnaíba;Grande SP Oeste;False;BRANCA
57293;3550308.0;São Paulo;Município de São Paulo;False;BRANCA
57294;3550308.0;São Paulo;Município de São Paulo;False;BRANCA
57295;3554102.0;Taubaté;Taubaté;False;BRANCA
57296;3550308.0;São Paulo;Município de São Paulo;False;IGNORADO
57297;3522505.0;Itapevi;Grande SP Oeste;False;BRANCA
57298;3519071.0;Hortolândia;Campinas;False;PARDA
57299;3549904.0;São José dos Campos;Taubaté;False;BRANCA
57300;3550308.0;São Paulo;Município de São Paulo;False;BRANCA
57301;3550308.0;São Paulo;Município de São Paulo;False;BRANCA
57302;3505708.0;Barueri;Grande SP Oeste;False;AMARELA
57303;3547809.0;Santo André;Grande SP Sudeste;False;PARDA
57304;3550308.0;São Paulo;Município de São Paulo;True;IGNORADO
57305;3530607.0;Mogi das Cruzes;Grande SP Leste;False;BRANCA
57306;3550308.0;São Paulo;Município de São Paulo;False;PARDA
57307;3550308.0;São Paulo;Município de São Paulo;False;BRANCA
57308;3550308.0;São Paulo;Município de São Paulo;False;BRANCA
57309;3550308.0;São Paulo;Município de São Paulo;False;NONE
57310;3527702.0;Luiziânia;Araçatuba;True;BRANCA
57311;3548104.0;Santo Antônio do Jardim;São João da Boa Vista;False;BRANCA
57312;3536505.0;Paulínia;Campinas;False;IGNORADO
57313;3520509.0;Indaiatuba;Campinas;False;BRANCA
57314;3519303.0;Ibaté;Araraquara;False;BRANCA
57315;3534401.0;Osasco;Grande SP Oeste;False;BRANCA
57316;3550308.0;São Paulo;Município de São Paulo;True;PARDA
57317;3509304.0;Cajobi;Barretos;False;BRANCA
57318;3529005.0;Marília;Marília;False;BRANCA
57319;3548708.0;São Bernardo do Campo;Grande SP Sudeste;False;BRANCA
57320;3549904.0;São José dos Campos;Taubaté;False;BRANCA
57321;3506508.0;Birigui;Araçatuba;False;BRANCA
57322;3525904.0;Jundiaí;Campinas;False;BRANCA
57323;3550308.0;São Paulo;Município de São Paulo;False;AMARELA
57324;3521507.0;Irapuã;São José do Rio Preto;False;BRANCA
57325;3522604.0;Itapira;São João da Boa Vista;False;BRANCA
57326;3501905.0;Amparo;Campinas;False;NONE
57327;3550308.0;São Paulo;Município de São Paulo;False;PARDA
57328;3503208.0;Araraquara;Araraquara;False;BRANCA
57329;3556206.0;Valinhos;Campinas;False;BRANCA
57330;3520442.0;Ilha Solteira;Araçatuba;False;BRANCA
57331;3525904.0;Jundiaí;Campinas;False;PARDA
57332;3547601.0;Santa Rosa de Viterbo;Ribeirão Preto;False;BRANCA
57333;3543402.0;Ribeirão Preto;Ribeirão Preto;False;BRANCA
57334;3550308.0;São Paulo;Município de São Paulo;False;
57335;3533502.0;Novo Horizonte;São José do Rio Preto;False;BRANCA
57336;3557105.0;Votuporanga;São José do Rio Preto;True;BRANCA
57337;3550308.0;São Paulo;Município de São Paulo;False;BRANCA
57338;3550308.0;São Paulo;Município de São Paulo;False;PARDA
57339;3518701.0;Guarujá;Baixada Santista;True;PRETA
57340;3531308.0;Monte Alto;Ribeirão Preto;False;BRANCA
57341;3550308.0;São Paulo;Município de São Paulo;False;AMARELA
57342;3550308.0;São Paulo;Município de São Paulo;False;PARDA
57343;3530607.0;Mogi das Cruzes;Grande SP Leste;False;BRANCA
57344;3550308.0;São Paulo;Município de São Paulo;True;IGNORADO
57345;3550308.0;São Paulo;Município de São Paulo;True;PARDA
57346;3543402.0;Ribeirão Preto;Ribeirão Preto;False;PARDA
57347;3549904.0;São José dos Campos;Taubaté;False;BRANCA
57348;3505906.0;Batatais;Ribeirão Preto;False;BRANCA
57349;3550308.0;São Paulo;Município de São Paulo;True;PARDA
57350;3550308.0;São Paulo;Município de São Paulo;False;PARDA
57351;3550308.0;São Paulo;Município de São Paulo;False;PARDA
57352;3535507.0;Paraguaçu Paulista;Marília;False;BRANCA
57353;3534708.0;Ourinhos;Marília;False;BRANCA
57354;3550308.0;São Paulo;Município de São Paulo;False;BRANCA
57355;3550308.0;São Paulo;Município de São Paulo;False;PARDA
57356;3529401.0;Mauá;Grande SP Sudeste;False;NONE
57357;3530607.0;Mogi das Cruzes;Grande SP Leste;False;BRANCA
57358;3507506.0;Botucatu;Bauru;False;BRANCA
57359;3550308.0;São Paulo;Município de São Paulo;False;PARDA
57360;3518800.0;Guarulhos;Grande SP Leste;False;IGNORADO
57361;3550308.0;São Paulo;Município de São Paulo;False;PARDA
57362;3550308.0;São Paulo;Município de São Paulo;False;PARDA
57363;3550308.0;São Paulo;Município de São Paulo;False;PARDA
57364;3550308.0;São Paulo;Município de São Paulo;True;IGNORADO
57365;3550308.0;São Paulo;Município de São Paulo;True;BRANCA
57366;3547809.0;Santo André;Grande SP Sudeste;False;BRANCA
57367;3530607.0;Mogi das Cruzes;Grande SP Leste;False;NONE
57368;3511102.0;Catanduva;São José do Rio Preto;False;BRANCA
57369;3547809.0;Santo André;Grande SP Sudeste;False;BRANCA
57370;3545308.0;Salto de Pirapora;Sorocaba;False;BRANCA
57371;3502903.0;Araçoiaba da Serra;Sorocaba;False;PRETA
57372;3549953.0;São Lourenço da Serra;Grande SP Sudoeste;False;BRANCA
57373;3543402.0;Ribeirão Preto;Ribeirão Preto;False;PARDA
57374;3526902.0;Limeira;Piracicaba;False;BRANCA
57375;3525904.0;Jundiaí;Campinas;False;IGNORADO
57376;3516200.0;Franca;Franca;False;PRETA
57377;3507100.0;Bom Jesus dos Perdões;Campinas;False;BRANCA
57378;3502804.0;Araçatuba;Araçatuba;False;BRANCA
57379;3550308.0;São Paulo;Município de São Paulo;False;PARDA
57380;3542909.0;Ribeirão Bonito;Araraquara;False;PARDA
57381;3513504.0;Cubatão;Baixada Santista;False;PARDA
57382;3539806.0;Poá;Grande SP Leste;False;PARDA
57383;3519071.0;Hortolândia;Campinas;False;BRANCA
57384;3550308.0;São Paulo;Município de São Paulo;True;PARDA
57385;3527108.0;Lins;Bauru;False;IGNORADO
57386;3506003.0;Bauru;Bauru;False;BRANCA
57387;3547304.0;Santana de Parnaíba;Grande SP Oeste;False;IGNORADO
57388;3550308.0;São Paulo;Município de São Paulo;False;BRANCA
57389;3550308.0;São Paulo;Município de São Paulo;False;BRANCA
57390;3550308.0;São Paulo;Município de São Paulo;False;BRANCA
57391;3556305.0;Valparaíso;Araçatuba;False;BRANCA
57392;3550308.0;São Paulo;Município de São Paulo;False;PARDA
57393;3509502.0;Campinas;Campinas;False;BRANCA
57394;3513504.0;Cubatão;Baixada Santista;False;BRANCA
57395;3530805.0;Mogi Mirim;São João da Boa Vista;False;BRANCA
57396;3513801.0;Diadema;Grande SP Sudeste;False;
57397;3528601.0;Manduri;Bauru;False;PARDA
57398;3509502.0;Campinas;Campinas;True;IGNORADO
