30717;3550308.0;São Paulo;Município de São Paulo;False;PRETA
30718;3518800.0;Guarulhos;Grande SP Leste;False;BRANCA
30719;3548708.0;São Bernardo do Campo;Grande SP Sudeste;False;
30720;3550308.0;São Paulo;Município de São Paulo;False;IGNORADO
30721;3550308.0;São Paulo;Município de São Paulo;False;PARDA
30722;3543402.0;Ribeirão Preto;Ribeirão Preto;False;BRANCA
30723;3522208.0;Itapecerica da Serra;Grande SP Sudoeste;False;PARDA
30724;3550308.0;São Paulo;Município de São Paulo;False;IGNORADO
30725;3549904.0;São José dos Campos;Taubaté;False;PARDA
30726;3550308.0;São Paulo;Município de São Paulo;False;PARDA
30727;3550308.0;São Paulo;Município de São Paulo;False;IGNORADO
30728;3522109.0;Itanhaém;Baixada Santista;False;BRANCA
30729;3511201.0;Catiguá;São José do Rio Preto;False;BRANCA
30730;3509502.0;Campinas;Campinas;False;PARDA
30731;3552205.0;Sorocaba;Sorocaba;False;BRANCA
30732;3541406.0;Presidente Prudente;Presidente Prudente;False;BRANCA
30733;3547304.0;Santana de Parnaíba;Grande SP Oeste;False;BRANCA
30734;3510609.0;Carapicuíba;Grande SP Oeste;False;BRANCA
30735;3532504.0;Neves Paulista;São José do Rio Preto;False;BRANCA
30736;3510609.0;Carapicuíba;Grande SP Oeste;False;BRANCA
30737;3549904.0;São José dos Campos;Taubaté;False;PRETA
30738;3550308.0;São Paulo;Município de São Paulo;False;BRANCA
30739;3520509.0;Indaiatuba;Campinas;False;BRANCA
30740;3550308.0;São Paulo;Município de São Paulo;False;PRETA
30741;3549805.0;São José do Rio Preto;São José do Rio Preto;False;BRANCA
30742;3541000.0;Praia Grande;Baixada Santista;False;PARDA
30743;3550308.0;São Paulo;Município de São Paulo;False;BRANCA
30744;3550308.0;São Paulo;Município de São Paulo;False;NONE
30745;3556404.0;Vargem Grande do Sul;São João da Boa Vista;False;BRANCA
30746;3508702.0;Caconde;São João da Boa Vista;False;BRANCA
30747;3551009.0;São Vicente;Baixada Santista;False;BRANCA
30748;3547304.0;Santana de Parnaíba;Grande SP Oeste;False;PARDA
30749;3513801.0;Diadema;Grande SP Sudeste;False;AMARELA
30750;3518800.0;Guarulhos;Grande SP Leste;False;PRETA
30751;3515707.0;Ferraz de Vasconcelos;Grande SP Leste;False;PARDA
30752;3548500.0;Santos;Baixada Santista;False;BRANCA
30753;3509007.0;Caieiras;Grande SP Norte;False;PRETA
30754;3550308.0;São Paulo;Município de São Paulo;False;IGNORADO
30755;3548500.0;Santos;Baixada Santista;False;NONE
30756;3516200.0;Franca;Franca;False;
30757;3518800.0;Guarulhos;Grande SP Leste;False;IGNORADO
30758;3550308.0;São Paulo;Município de São Paulo;False;PARDA
30759;3550308.0;São Paulo;Município de São Paulo;False;BRANCA
30760;3550308.0;São Paulo;Município de São Paulo;False;IGNORADO
30761;3550308.0;São Paulo;Município de São Paulo;True;IGNORADO
30762;3550308.0;São Paulo;Município de São Paulo;True;BRANCA
30763;3552502.0;Suzano;Grande SP Leste;False;AMARELA
30764;3550308.0;São Paulo;Município de São Paulo;False;BRANCA
30765;3549904.0;São José dos Campos;Taubaté;False;BRANCA
30766;3529005.0;Marília;Marília;False;BRANCA
30767;3548500.0;Santos;Baixada Santista;False;PARDA
30768;3548500.0;Santos;Baixada Santista;False;PARDA
30769;3548500.0;Santos;Baixada Santista;False;
30770;3550308.0;São Paulo;Município de São Paulo;False;BRANCA
30771;3543402.0;Ribeirão Preto;Ribeirão Preto;False;IGNORADO
30772;3501608.0;Americana;Campinas;False;IGNORADO
30773;3550308.0;São Paulo;Município de São Paulo;False;PARDA
30774;3506359.0;Bertioga;Baixada Santista;False;IGNORADO
30775;3524709.0;Jaguariúna;Campinas;False;PARDA
30776;3522901.0;Itapuí;Bauru;False;BRANCA
30777;3550308.0;São Paulo;Município de São Paulo;False;IGNORADO
30778;3509502.0;Campinas;Campinas;False;BRANCA
30779;3550308.0;São Paulo;Município de São Paulo;False;PARDA
30780;3509502.0;Campinas;Campinas;False;BRANCA
30781;3554102.0;Taubaté;Taubaté;False;PARDA
30782;3548708.0;São Bernardo do Campo;Grande SP Sudeste;False;BRANCA
30783;3541406.0;Presidente Prudente;Presidente Prudente;False;IGNORADO
30784;3536505.0;Paulínia;Campinas;False;AMARELA
30785;3548708.0;São Bernardo do Campo;Grande SP Sudeste;False;AMARELA
30786;3534401.0;Osasco;Grande SP Oeste;False;
30787;3509502.0;Campinas;Campinas;False;AMARELA
30788;3550308.0;São Paulo;Município de São Paulo;False;IGNORADO
30789;3538006.0;Pindamonhangaba;Taubaté;False;BRANCA
30790;3509205.0;Cajamar;Grande SP Norte;False;IGNORADO
30791;3550308.0;São Paulo;Município de São Paulo;False;IGNORADO
30792;3551009.0;São Vicente;Baixada Santista;False;IGNORADO
30793;3556206.0;Valinhos;Campinas;False;BRANCA
30794;3549805.0;São José do Rio Preto;São José do Rio Preto;False;BRANCA
30795;3515103.0;Embu-Guaçu;Grande SP Sudoeste;True;BRANCA
30796;3550308.0;São Paulo;Município de São Paulo;False;PARDA
30797;3530300.0;Mirassol;São José do Rio Preto;False;BRANCA
30798;3544905.0;Sales Oliveira;Franca;False;BRANCA
30799;3534401.0;Osasco;Grande SP Oeste;False;BRANCA
30800;3529005.0;Marília;Marília;False;BRANCA
30801;3529005.0;Marília;Marília;False;BRANCA
30802;3550308.0;São Paulo;Município de São Paulo;True;BRANCA
30803;3549904.0;São José dos Campos;Taubaté;False;NONE
30804;3549904.0;São José dos Campos;Taubaté;False;BRANCA
30805;3553401.0;Tanabi;São José do Rio Preto;False;BRANCA
30806;3552205.0;Sorocaba;Sorocaba;False;PARDA
30807;3541406.0;Presidente Prudente;Presidente Prudente;False;BRANCA
30808;3547809.0;Santo André;Grande SP Sudeste;False;BRANCA
30809;3515004.0;Embu das Artes;Grande SP Sudoeste;False;PRETA
30810;3550308.0;São Paulo;Município de São Paulo;False;AMARELA
30811;3513009.0;Cotia;Grande SP Sudoeste;False;
30812;3548708.0;São Bernardo do Campo;Grande SP Sudeste;False;IGNORADO
30813;3540200.0;Pontal;Ribeirão Preto;False;AMARELA
30814;3551009.0;São Vicente;Baixada Santista;False;PARDA
30815;3550308.0;São Paulo;Município de São Paulo;False;BRANCA
30816;3550308.0;São Paulo;Município de São Paulo;False;
30817;3543402.0;Ribeirão Preto;Ribeirão Preto;False;PARDA
30818;3550308.0;São Paulo;Município de São Paulo;False;BRANCA
30819;3549805.0;São José do Rio Preto;São José do Rio Preto;False;IGNORADO
30820;3550308.0;São Paulo;Município de São Paulo;True;BRANCA
30821;3518800.0;Guarulhos;Grande SP Leste;False;NONE
30822;3548500.0;Santos;Baixada Santista;False;BRANCA
30823;3548500.0;Santos;Baixada Santista;False;
30824;3548500.0;Santos;Baixada Santista;False;BRANCA
30825;3548807.0;São Caetano do Sul;Grande SP Sudeste;False;PARDA
30826;3525904.0;Jundiaí;Campinas;False;PRETA
30827;3518800.0;Guarulhos;Grande SP Leste;False;NONE
30828;3550308.0;São Paulo;Município de São Paulo;False;BRANCA
30829;3547304.0;Santana de Parnaíba;Grande SP Oeste;False;NONE
30830;3550308.0;São Paulo;Município de São Paulo;True;BRANCA
30831;3507803.0;Brodowski;Ribeirão Preto;False;BRANCA
30832;3550308.0;São Paulo;Município de São Paulo;False;BRANCA
30833;3551207.0;Sarutaiá;Bauru;False;BRANCA
30834;3549805.0;São José do Rio Preto;São José do Rio Preto;False;BRANCA
30835;3550308.0;São Paulo;Município de São Paulo;False;PRETA
30836;3550308.0;São Paulo;Município de São Paulo;False;PARDA
30837;3519600.0;Ibitinga;Araraquara;False;IGNORADO
30838;3504008.0;Assis;Marília;False;BRANCA
30839;3551009.0;São Vicente;Baixada Santista;False;BRANCA
30840;3551009.0;São Vicente;Baixada Santista;False;
30841;3553104.0;Taiaçu;Barretos;False;AMARELA
30842;3522208.0;Itapecerica da Serra;Grande SP Sudoeste;False;PARDA
30843;3525904.0;Jundiaí;Campinas;False;PRETA
30844;3538006.0;Pindamonhangaba;Taubaté;False;BRANCA
30845;3548708.0;São Bernardo do Campo;Grande SP Sudeste;False;BRANCA
30846;3533908.0;Olímpia;Barretos;False;BRANCA
30847;3541406.0;Presidente Prudente;Presidente Prudente;False;BRANCA
30848;3524402.0;Jacareí;Taubaté;False;BRANCA
30849;3533700.0;Ocauçu;Marília;False;BRANCA
30850;3549805.0;São José do Rio Preto;São José do Rio Preto;False;BRANCA
30851;3533502.0;Novo Horizonte;São José do Rio Preto;True;BRANCA
30852;3538709.0;Piracicaba;Piracicaba;True;BRANCA
30853;3548500.0;Santos;Baixada Santista;False;BRANCA
30854;3518800.0;Guarulhos;Grande SP Leste;False;BRANCA
30855;3522604.0;Itapira;São João da Boa Vista;False;BRANCA
30856;3550308.0;São Paulo;Município de São Paulo;False;BRANCA
