1764;3515186.0;Espírito Santo do Pinhal;São João da Boa Vista;False;PARDA
1765;3514007.0;Dobrada;Araraquara;False;AMARELA
1766;3550308.0;São Paulo;Município de São Paulo;False;PARDA
1767;3503307.0;Araras;Piracicaba;False;BRANCA
1768;3520608.0;Indiana;Presidente Prudente;False;BRANCA
1769;3520509.0;Indaiatuba;Campinas;False;BRANCA
1770;3550308.0;São Paulo;Município de São Paulo;False;BRANCA
1771;3530706.0;Mogi Guaçu;São João da Boa Vista;False;BRANCA
1772;3545803.0;Santa Bárbara d'Oeste;Campinas;False;PRETA
1773;3550308.0;São Paulo;Município de São Paulo;False;PRETA
1774;3522703.0;Itápolis;Araraquara;False;BRANCA
1775;3520509.0;Indaiatuba;Campinas;False;BRANCA
1776;3513801.0;Diadema;Grande SP Sudeste;False;BRANCA
1777;3526209.0;Juquitiba;Grande SP Sudoeste;False;BRANCA
1778;3534203.0;Orindiúva;São José do Rio Preto;False;BRANCA
1779;3550308.0;São Paulo;Município de São Paulo;False;BRANCA
1780;3509502.0;Campinas;Campinas;False;PARDA
1781;3550308.0;São Paulo;Município de São Paulo;False;BRANCA
1782;3502804.0;Araçatuba;Araçatuba;False;BRANCA
1783;3519303.0;Ibaté;Araraquara;False;BRANCA
1784;3541406.0;Presidente Prudente;Presidente Prudente;False;AMARELA
1785;3516200.0;Franca;Franca;False;BRANCA
1786;3550308.0;São Paulo;Município de São Paulo;False;BRANCA
1787;3543907.0;Rio Claro;Piracicaba;False;BRANCA
1788;3550308.0;São Paulo;Município de São Paulo;False;PARDA
1789;3541000.0;Praia Grande;Baixada Santista;False;PARDA
1790;3549805.0;São José do Rio Preto;São José do Rio Preto;False;BRANCA
1791;3517406.0;Guaíra;Barretos;False;BRANCA
1792;3543907.0;Rio Claro;Piracicaba;False;BRANCA
1793;3550308.0;São Paulo;Município de São Paulo;False;PARDA
1794;3550308.0;São Paulo;Município de São Paulo;False;BRANCA
1795;3550308.0;São Paulo;Município de São Paulo;False;BRANCA
1796;3548500.0;Santos;Baixada Santista;False;IGNORADO
1797;3549805.0;São José do Rio Preto;São José do Rio Preto;False;BRANCA
1798;3516200.0;Franca;Franca;False;
1799;3550308.0;São Paulo;Município de São Paulo;False;BRANCA
1800;3549904.0;São José dos Campos;Taubaté;False;BRANCA
1801;3530607.0;Mogi das Cruzes;Grande SP Leste;False;PARDA
1802;3550308.0;São Paulo;Município de São Paulo;False;BRANCA
1803;3550308.0;São Paulo;Município de São Paulo;False;BRANCA
1804;3516309.0;Francisco Morato;Grande SP Norte;False;IGNORADO
1805;3509502.0;Campinas;Campinas;False;BRANCA
1806;3550308.0;São Paulo;Município de São Paulo;False;AMARELA
1807;3550308.0;São Paulo;Município de São Paulo;False;NONE
1808;3516606.0;Gália;Marília;False;PARDA
1809;3550308.0;São Paulo;Município de São Paulo;False;PARDA
1810;3537404.0;Pereira Barreto;Araçatuba;False;BRANCA
1811;3526605.0;Lavrinhas;Taubaté;False;BRANCA
1812;3550308.0;São Paulo;Município de São Paulo;False;PARDA
1813;3553401.0;Tanabi;São José do Rio Preto;False;BRANCA
1814;3550308.0;São Paulo;Município de São Paulo;True;PARDA
1815;3538006.0;Pindamonhangaba;Taubaté;False;PARDA
1816;3550308.0;São Paulo;Município de São Paulo;False;PARDA
1817;3550308.0;São Paulo;Município de São Paulo;False;BRANCA
1818;3516408.0;Franco da Rocha;Grande SP Norte;False;BRANCA
1819;3550308.0;São Paulo;Município de São Paulo;False;BRANCA
1820;3550308.0;São Paulo;Município de São Paulo;False;PARDA
1821;3502804.0;Araçatuba;Araçatuba;False;BRANCA
1822;3550308.0;São Paulo;Município de São Paulo;False;PARDA
1823;3550308.0;São Paulo;Município de São Paulo;False;BRANCA
1824;3550308.0;São Paulo;Município de São Paulo;False;BRANCA
1825;3509502.0;Campinas;Campinas;False;BRANCA
1826;3524402.0;Jacareí;Taubaté;False;BRANCA
1827;3550308.0;São Paulo;Município de São Paulo;False;PARDA
1828;3504107.0;Atibaia;Campinas;False;BRANCA
1829;3509700.0;Campos do Jordão;Taubaté;False;BRANCA
1830;3527108.0;Lins;Bauru;False;BRANCA
1831;3548708.0;São Bernardo do Campo;Grande SP Sudeste;False;BRANCA
1832;3518701.0;Guarujá;Baixada Santista;False;PARDA
1833;3518800.0;Guarulhos;Grande SP Leste;False;BRANCA
1834;3554102.0;Taubaté;Taubaté;False;BRANCA
1835;3557105.0;Votuporanga;São José do Rio Preto;False;BRANCA
1836;3550308.0;São Paulo;Município de São Paulo;False;PRETA
1837;3556107.0;Valentim Gentil;São José do Rio Preto;False;PARDA
1838;3556107.0;Valentim Gentil;São José do Rio Preto;False;BRANCA
1839;3513801.0;Diadema;Grande SP Sudeste;False;PARDA
1840;3526902.0;Limeira;Piracicaba;False;IGNORADO
1841;3550308.0;São Paulo;Município de São Paulo;False;
1842;3554508.0;Tietê;Sorocaba;False;PARDA
1843;3513504.0;Cubatão;Baixada Santista;False;AMARELA
1844;3547809.0;Santo André;Grande SP Sudeste;False;BRANCA
1845;3550308.0;São Paulo;Município de São Paulo;False;BRANCA
1846;3557105.0;Votuporanga;São José do Rio Preto;False;BRANCA
1847;3549805.0;São José do Rio Preto;São José do Rio Preto;False;IGNORADO
1848;3549805.0;São José do Rio Preto;São José do Rio Preto;False;IGNORADO
1849;3550308.0;São Paulo;Município de São Paulo;False;PARDA
1850;3520509.0;Indaiatuba;Campinas;False;BRANCA
1851;3550308.0;São Paulo;Município de São Paulo;False;PARDA
1852;3511003.0;Castilho;Araçatuba;False;PARDA
1853;3530508.0;Mococa;São João da Boa Vista;False;IGNORADO
1854;3529807.0;Mineiros do Tietê;Bauru;False;BRANCA
1855;3500709.0;Agudos;Bauru;False;IGNORADO
1856;3548708.0;São Bernardo do Campo;Grande SP Sudeste;False;IGNORADO
1857;3501905.0;Amparo;Campinas;False;PARDA
1858;3548708.0;São Bernardo do Campo;Grande SP Sudeste;False;BRANCA
1859;3546801.0;Santa Isabel;Grande SP Leste;False;PRETA
1860;3538907.0;Pirajuí;Bauru;False;BRANCA
1861;3502804.0;Araçatuba;Araçatuba;False;BRANCA
1862;3549805.0;São José do Rio Preto;São José do Rio Preto;False;BRANCA
1863;3503208.0;Araraquara;Araraquara;False;PARDA
1864;3548708.0;São Bernardo do Campo;Grande SP Sudeste;False;BRANCA
1865;3551702.0;Sertãozinho;Ribeirão Preto;False;BRANCA
1866;3539301.0;Pirassununga;Piracicaba;False;BRANCA
1867;3550308.0;São Paulo;Município de São Paulo;False;BRANCA
1868;3550308.0;São Paulo;Município de São Paulo;False;BRANCA
1869;3525904.0;Jundiaí;Campinas;False;BRANCA
1870;3525904.0;Jundiaí;Campinas;False;BRANCA
1871;3550308.0;São Paulo;Município de São Paulo;False;BRANCA
1872;3506508.0;Birigui;Araçatuba;False;BRANCA
1873;3525904.0;Jundiaí;Campinas;False;BRANCA
1874;3513504.0;Cubatão;Baixada Santista;False;BRANCA
1875;3518800.0;Guarulhos;Grande SP Leste;False;BRANCA
1876;3516309.0;Francisco Morato;Grande SP Norte;False;PARDA
1877;3550308.0;São Paulo;Município de São Paulo;False;BRANCA
1878;3550308.0;São Paulo;Município de São Paulo;False;BRANCA
1879;3510609.0;Carapicuíba;Grande SP Oeste;False;AMARELA
1880;3541604.0;Promissão;Bauru;False;BRANCA
1881;3549904.0;São José dos Campos;Taubaté;False;AMARELA
1882;3550308.0;São Paulo;Município de São Paulo;False;BRANCA
1883;3550308.0;São Paulo;Município de São Paulo;False;BRANCA
1884;3548708.0;São Bernardo do Campo;Grande SP Sudeste;False;BRANCA
1885;3550308.0;São Paulo;Município de São Paulo;False;BRANCA
1886;3548500.0;Santos;Baixada Santista;False;IGNORADO
1887;3550308.0;São Paulo;Município de São Paulo;False;PARDA
1888;3550308.0;São Paulo;Município de São Paulo;False;NONE
1889;3548708.0;São Bernardo do Campo;Grande SP Sudeste;False;BRANCA
1890;3548708.0;São Bernardo do Campo;Grande SP Sudeste;False;PARDA
1891;3550308.0;São Paulo;Município de São Paulo;False;BRANCA
1892;3505500.0;Barretos;Barretos;False;
1893;3503208.0;Araraquara;Araraquara;False;PARDA
1894;3551009.0;São Vicente;Baixada Santista;False;PARDA
1895;3550308.0;São Paulo;Município de São Paulo;False;AMARELA
1896;3550308.0;São Paulo;Município de São Paulo;False;NONE
1897;3550308.0;São Paulo;Município de São Paulo;False;BRANCA
1898;3513504.0;Cubatão;Baixada Santista;False;NONE
1899;3550308.0;São Paulo;Município de São Paulo;False;PARDA
1900;3510609.0;Carapicuíba;Grande SP Oeste;False;AMARELA
1901;3550308.0;São Paulo;Município de São Paulo;False;AMARELA
1902;3526209.0;Juquitiba;Grande SP Sudoeste;False;IGNORADO
1903;3550308.0;São Paulo;Município de São Paulo;False;BRANCA
1904;3516705.0;Garça;Marília;False;BRANCA
1905;3512407.0;Cordeirópolis;Piracicaba;False;BRANCA
