56799;3544103.0;Rio Grande da Serra;Grande SP Sudeste;False;PARDA
56800;3509502.0;Campinas;Campinas;False;BRANCA
56801;3547809.0;Santo André;Grande SP Sudeste;False;
56802;3550308.0;São Paulo;Município de São Paulo;False;IGNORADO
56803;3518800.0;Guarulhos;Grande SP Leste;False;PARDA
56804;3537800.0;Piedade;Sorocaba;False;BRANCA
56805;3506003.0;Bauru;Bauru;False;IGNORADO
56806;3549805.0;São José do Rio Preto;São José do Rio Preto;False;BRANCA
56807;3525904.0;Jundiaí;Campinas;False;BRANCA
56808;3525904.0;Jundiaí;Campinas;False;BRANCA
56809;3552403.0;Sumaré;Campinas;False;BRANCA
56810;3550308.0;São Paulo;Município de São Paulo;False;BRANCA
56811;3530607.0;Mogi das Cruzes;Grande SP Leste;False;PARDA
56812;3515707.0;Ferraz de Vasconcelos;Grande SP Leste;False;AMARELA
56813;3518800.0;Guarulhos;Grande SP Leste;False;AMARELA
56814;3548500.0;Santos;Baixada Santista;False;IGNORADO
56815;3518800.0;Guarulhos;Grande SP Leste;False;IGNORADO
56816;3518701.0;Guarujá;Baixada Santista;False;AMARELA
56817;3529401.0;Mauá;Grande SP Sudeste;False;BRANCA
56818;3552502.0;Suzano;Grande SP Leste;False;PARDA
56819;3550308.0;São Paulo;Município de São Paulo;False;AMARELA
56820;3552403.0;Sumaré;Campinas;False;BRANCA
56821;3550308.0;São Paulo;Município de São Paulo;False;
56822;3506805.0;Bocaina;Bauru;False;AMARELA
56823;3550308.0;São Paulo;Município de São Paulo;False;BRANCA
56824;3551405.0;Serra Azul;Ribeirão Preto;False;BRANCA
56825;3501608.0;Americana;Campinas;False;BRANCA
56826;3550308.0;São Paulo;Município de São Paulo;False;NONE
56827;3550308.0;São Paulo;Município de São Paulo;False;BRANCA
56828;3550308.0;São Paulo;Município de São Paulo;False;BRANCA
56829;3550308.0;São Paulo;Município de São Paulo;False;NONE
56830;3502754.0;Araçariguama;Sorocaba;False;BRANCA
56831;3549805.0;São José do Rio Preto;São José do Rio Preto;False;PRETA
56832;3550308.0;São Paulo;Município de São Paulo;False;IGNORADO
56833;3513801.0;Diadema;Grande SP Sudeste;False;BRANCA
56834;3503208.0;Araraquara;Araraquara;False;BRANCA
56835;3548708.0;São Bernardo do Campo;Grande SP Sudeste;False;BRANCA
56836;3552205.0;Sorocaba;Sorocaba;False;IGNORADO
56837;3550308.0;São Paulo;Município de São Paulo;False;BRANCA
56838;3525201.0;Jarinu;Campinas;False;IGNORADO
56839;3550308.0;São Paulo;Município de São Paulo;False;PARDA
56840;3509254.0;Cajati;Registro;False;PARDA
56841;3550308.0;São Paulo;Município de São Paulo;False;IGNORADO
56842;3548708.0;São Bernardo do Campo;Grande SP Sudeste;False;PARDA
56843;3547809.0;Santo André;Grande SP Sudeste;False;IGNORADO
56844;3550308.0;São Paulo;Município de São Paulo;False;BRANCA
56845;3541000.0;Praia Grande;Baixada Santista;False;BRANCA
56846;3501608.0;Americana;Campinas;False;BRANCA
56847;3510401.0;Capivari;Piracicaba;False;BRANCA
56848;3550308.0;São Paulo;Município de São Paulo;False;BRANCA
56849;3548500.0;Santos;Baixada Santista;False;IGNORADO
56850;3538006.0;Pindamonhangaba;Taubaté;False;IGNORADO
56851;3530607.0;Mogi das Cruzes;Grande SP Leste;False;IGNORADO
56852;3548005.0;Santo Antônio de Posse;Campinas;False;BRANCA
56853;3519600.0;Ibitinga;Araraquara;False;BRANCA
56854;3551009.0;São Vicente;Baixada Santista;False;PARDA
56855;3549904.0;São José dos Campos;Taubaté;False;IGNORADO
56856;3546603.0;Santa Fé do Sul;São José do Rio Preto;False;BRANCA
56857;3509502.0;Campinas;Campinas;False;BRANCA
56858;3509700.0;Campos do Jordão;Taubaté;False;BRANCA
56859;3548500.0;Santos;Baixada Santista;False;AMARELA
56860;3548500.0;Santos;Baixada Santista;False;IGNORADO
56861;3550308.0;São Paulo;Município de São Paulo;False;BRANCA
56862;3548500.0;Santos;Baixada Santista;False;BRANCA
56863;3544103.0;Rio Grande da Serra;Grande SP Sudeste;False;BRANCA
56864;3518800.0;Guarulhos;Grande SP Leste;False;BRANCA
56865;3550308.0;São Paulo;Município de São Paulo;False;BRANCA
56866;3552205.0;Sorocaba;Sorocaba;False;PARDA
56867;3549805.0;São José do Rio Preto;São José do Rio Preto;False;BRANCA
56868;3550308.0;São Paulo;Município de São Paulo;True;BRANCA
56869;3552205.0;Sorocaba;Sorocaba;False;PARDA
56870;3550308.0;São Paulo;Município de São Paulo;False;PARDA
56871;3534757.0;Ouroeste;São José do Rio Preto;False;BRANCA
56872;3502507.0;Aparecida;Taubaté;False;BRANCA
56873;3532504.0;Neves Paulista;São José do Rio Preto;False;BRANCA
56874;3550308.0;São Paulo;Município de São Paulo;False;NONE
56875;3509502.0;Campinas;Campinas;False;BRANCA
56876;3506359.0;Bertioga;Baixada Santista;False;PARDA
56877;3501608.0;Americana;Campinas;False;BRANCA
56878;3534401.0;Osasco;Grande SP Oeste;False;BRANCA
56879;3555208.0;Turiúba;Araçatuba;False;BRANCA
56880;3549805.0;São José do Rio Preto;São José do Rio Preto;False;PARDA
56881;3550308.0;São Paulo;Município de São Paulo;False;BRANCA
56882;3550308.0;São Paulo;Município de São Paulo;False;PARDA
56883;3510500.0;Caraguatatuba;Taubaté;False;BRANCA
56884;3518404.0;Guaratinguetá;Taubaté;False;IGNORADO
56885;3517505.0;Guapiaçu;São José do Rio Preto;False;BRANCA
56886;3506003.0;Bauru;Bauru;False;IGNORADO
56887;3526506.0;Lavínia;Araçatuba;False;PARDA
56888;3506003.0;Bauru;Bauru;False;BRANCA
56889;3551900.0;Severínia;Barretos;False;IGNORADO
56890;3549904.0;São José dos Campos;Taubaté;False;IGNORADO
56891;3538709.0;Piracicaba;Piracicaba;False;BRANCA
56892;3504107.0;Atibaia;Campinas;False;BRANCA
56893;3526902.0;Limeira;Piracicaba;False;BRANCA
56894;3550605.0;São Roque;Sorocaba;False;BRANCA
56895;3506003.0;Bauru;Bauru;False;BRANCA
56896;3550308.0;São Paulo;Município de São Paulo;False;BRANCA
56897;3554102.0;Taubaté;Taubaté;False;BRANCA
56898;3543402.0;Ribeirão Preto;Ribeirão Preto;False;PARDA
56899;3502507.0;Aparecida;Taubaté;False;
56900;3543402.0;Ribeirão Preto;Ribeirão Preto;False;PARDA
56901;3550308.0;São Paulo;Município de São Paulo;False;BRANCA
56902;3524402.0;Jacareí;Taubaté;False;BRANCA
56903;3550308.0;São Paulo;Município de São Paulo;False;PARDA
56904;3505500.0;Barretos;Barretos;False;IGNORADO
56905;3534401.0;Osasco;Grande SP Oeste;False;PARDA
56906;3549805.0;São José do Rio Preto;São José do Rio Preto;False;BRANCA
56907;3525904.0;Jundiaí;Campinas;False;BRANCA
56908;3536208.0;Pariquera-Açu;Registro;False;BRANCA
56909;3549805.0;São José do Rio Preto;São José do Rio Preto;False;BRANCA
56910;3547809.0;Santo André;Grande SP Sudeste;False;BRANCA
56911;3538709.0;Piracicaba;Piracicaba;False;BRANCA
56912;3548807.0;São Caetano do Sul;Grande SP Sudeste;False;NONE
56913;3543402.0;Ribeirão Preto;Ribeirão Preto;False;PARDA
56914;3550308.0;São Paulo;Município de São Paulo;False;BRANCA
56915;3549805.0;São José do Rio Preto;São José do Rio Preto;False;BRANCA
56916;3503000.0;Aramina;Franca;False;BRANCA
56917;3549904.0;São José dos Campos;Taubaté;False;IGNORADO
56918;3543402.0;Ribeirão Preto;Ribeirão Preto;False;BRANCA
56919;3550308.0;São Paulo;Município de São Paulo;False;BRANCA
56920;3550308.0;São Paulo;Município de São Paulo;False;PARDA
56921;3550308.0;São Paulo;Município de São Paulo;False;AMARELA
56922;3524402.0;Jacareí;Taubaté;False;BRANCA
56923;3550308.0;São Paulo;Município de São Paulo;False;BRANCA
56924;3509502.0;Campinas;Campinas;False;AMARELA
56925;3550308.0;São Paulo;Município de São Paulo;False;PARDA
56926;3549904.0;São José dos Campos;Taubaté;False;BRANCA
56927;3548500.0;Santos;Baixada Santista;False;BRANCA
56928;3507001.0;Boituva;Sorocaba;False;BRANCA
56929;3503208.0;Araraquara;Araraquara;False;PARDA
56930;3530706.0;Mogi Guaçu;São João da Boa Vista;False;BRANCA
56931;3534302.0;Orlândia;Franca;False;AMARELA
56932;3552205.0;Sorocaba;Sorocaba;False;IGNORADO
56933;3533908.0;Olímpia;Barretos;False;BRANCA
56934;3545407.0;Salto Grande;Marília;False;PRETA
56935;3550308.0;São Paulo;Município de São Paulo;False;IGNORADO
56936;3551702.0;Sertãozinho;Ribeirão Preto;False;BRANCA
56937;3550308.0;São Paulo;Município de São Paulo;False;BRANCA
56938;3543907.0;Rio Claro;Piracicaba;False;BRANCA
56939;3532603.0;Nhandeara;São José do Rio Preto;False;BRANCA
56940;3550100.0;São Manuel;Bauru;False;IGNORADO
56941;3518503.0;Guareí;Sorocaba;False;
56942;3530607.0;Mogi das Cruzes;Grande SP Leste;False;BRANCA
