38037;3550308.0;São Paulo;Município de São Paulo;False;PARDA
38038;3543402.0;Ribeirão Preto;Ribeirão Preto;False;BRANCA
38039;3543402.0;Ribeirão Preto;Ribeirão Preto;False;IGNORADO
38040;3543402.0;Ribeirão Preto;Ribeirão Preto;False;BRANCA
38041;3525904.0;Jundiaí;Campinas;False;BRANCA
38042;3549805.0;São José do Rio Preto;São José do Rio Preto;False;BRANCA
38043;3542206.0;Rancharia;Presidente Prudente;False;BRANCA
38044;3543402.0;Ribeirão Preto;Ribeirão Preto;False;BRANCA
38045;3550605.0;São Roque;Sorocaba;False;BRANCA
38046;3550605.0;São Roque;Sorocaba;False;BRANCA
38047;3550308.0;São Paulo;Município de São Paulo;True;BRANCA
38048;3547809.0;Santo André;Grande SP Sudeste;False;BRANCA
38049;3550308.0;São Paulo;Município de São Paulo;True;BRANCA
38050;3548708.0;São Bernardo do Campo;Grande SP Sudeste;False;BRANCA
38051;3550308.0;São Paulo;Município de São Paulo;False;PARDA
38052;3549904.0;São José dos Campos;Taubaté;False;BRANCA
38053;3548906.0;São Carlos;Araraquara;False;AMARELA
38054;3550308.0;São Paulo;Município de São Paulo;False;IGNORADO
38055;3550308.0;São Paulo;Município de São Paulo;True;IGNORADO
38056;3534401.0;Osasco;Grande SP Oeste;False;BRANCA
38057;3550308.0;São Paulo;Município de São Paulo;False;BRANCA
38058;3505708.0;Barueri;Grande SP Oeste;False;PARDA
38059;3505708.0;Barueri;Grande SP Oeste;False;PARDA
38060;3549805.0;São José do Rio Preto;São José do Rio Preto;False;BRANCA
38061;3516200.0;Franca;Franca;False;BRANCA
38062;3552205.0;Sorocaba;Sorocaba;False;BRANCA
38063;3511102.0;Catanduva;São José do Rio Preto;False;PARDA
38064;3552205.0;Sorocaba;Sorocaba;False;BRANCA
38065;3536604.0;Paulo de Faria;São José do Rio Preto;False;PRETA
38066;3541406.0;Presidente Prudente;Presidente Prudente;False;BRANCA
38067;3543402.0;Ribeirão Preto;Ribeirão Preto;False;PARDA
38068;3541406.0;Presidente Prudente;Presidente Prudente;False;BRANCA
38069;3543402.0;Ribeirão Preto;Ribeirão Preto;False;IGNORADO
38070;3543402.0;Ribeirão Preto;Ribeirão Preto;False;IGNORADO
38071;3525904.0;Jundiaí;Campinas;False;IGNORADO
38072;3552502.0;Suzano;Grande SP Leste;False;IGNORADO
38073;3550308.0;São Paulo;Município de São Paulo;False;IGNORADO
38074;3550308.0;São Paulo;Município de São Paulo;False;PARDA
38075;3549805.0;São José do Rio Preto;São José do Rio Preto;False;BRANCA
38076;3508108.0;Buritama;Araçatuba;False;BRANCA
38077;3557105.0;Votuporanga;São José do Rio Preto;False;IGNORADO
38078;3548708.0;São Bernardo do Campo;Grande SP Sudeste;False;BRANCA
38079;3506003.0;Bauru;Bauru;False;IGNORADO
38080;3545803.0;Santa Bárbara d'Oeste;Campinas;False;IGNORADO
38081;3518800.0;Guarulhos;Grande SP Leste;False;BRANCA
38082;3522604.0;Itapira;São João da Boa Vista;False;PRETA
38083;3550308.0;São Paulo;Município de São Paulo;False;PARDA
38084;3552403.0;Sumaré;Campinas;True;PARDA
38085;3549805.0;São José do Rio Preto;São José do Rio Preto;False;BRANCA
38086;3525904.0;Jundiaí;Campinas;False;IGNORADO
38087;3549904.0;São José dos Campos;Taubaté;False;BRANCA
38088;3530300.0;Mirassol;São José do Rio Preto;False;BRANCA
38089;3550308.0;São Paulo;Município de São Paulo;False;PARDA
38090;3550308.0;São Paulo;Município de São Paulo;False;BRANCA
38091;3537305.0;Penápolis;Araçatuba;False;BRANCA
38092;3557105.0;Votuporanga;São José do Rio Preto;False;PARDA
38093;3510609.0;Carapicuíba;Grande SP Oeste;False;PARDA
38094;3550308.0;São Paulo;Município de São Paulo;False;PARDA
38095;3547809.0;Santo André;Grande SP Sudeste;False;IGNORADO
38096;3525904.0;Jundiaí;Campinas;False;BRANCA
38097;3518800.0;Guarulhos;Grande SP Leste;False;
38098;3516200.0;Franca;Franca;False;IGNORADO
38099;3549904.0;São José dos Campos;Taubaté;False;BRANCA
38100;3549805.0;São José do Rio Preto;São José do Rio Preto;False;BRANCA
38101;3550308.0;São Paulo;Município de São Paulo;False;NONE
38102;3523404.0;Itatiba;Campinas;False;BRANCA
38103;3550308.0;São Paulo;Município de São Paulo;False;BRANCA
38104;3506359.0;Bertioga;Baixada Santista;False;AMARELA
38105;3534401.0;Osasco;Grande SP Oeste;False;AMARELA
38106;3518800.0;Guarulhos;Grande SP Leste;False;PARDA
38107;3511102.0;Catanduva;São José do Rio Preto;False;BRANCA
38108;3550308.0;São Paulo;Município de São Paulo;False;IGNORADO
38109;3510500.0;Caraguatatuba;Taubaté;False;BRANCA
38110;3552205.0;Sorocaba;Sorocaba;False;IGNORADO
38111;3550308.0;São Paulo;Município de São Paulo;False;PARDA
38112;3541000.0;Praia Grande;Baixada Santista;False;BRANCA
38113;3552502.0;Suzano;Grande SP Leste;False;BRANCA
38114;3542602.0;Registro;Registro;False;PARDA
38115;3543402.0;Ribeirão Preto;Ribeirão Preto;False;PARDA
38116;3509502.0;Campinas;Campinas;False;BRANCA
38117;3550308.0;São Paulo;Município de São Paulo;False;PARDA
38118;3534401.0;Osasco;Grande SP Oeste;False;PARDA
38119;3550308.0;São Paulo;Município de São Paulo;False;BRANCA
38120;3552205.0;Sorocaba;Sorocaba;False;BRANCA
38121;3550308.0;São Paulo;Município de São Paulo;False;BRANCA
38122;3513801.0;Diadema;Grande SP Sudeste;True;PRETA
38123;3509502.0;Campinas;Campinas;False;IGNORADO
38124;3522307.0;Itapetininga;Sorocaba;False;BRANCA
38125;3500501.0;Águas de Lindóia;Campinas;False;PARDA
38126;3509502.0;Campinas;Campinas;False;BRANCA
38127;3554706.0;Torrinha;Bauru;False;PARDA
38128;3526209.0;Juquitiba;Grande SP Sudoeste;False;NONE
38129;3521408.0;Iracemápolis;Piracicaba;False;BRANCA
38130;3521408.0;Iracemápolis;Piracicaba;False;BRANCA
38131;3509601.0;Campo Limpo Paulista;Campinas;False;PRETA
38132;3550308.0;São Paulo;Município de São Paulo;False;BRANCA
38133;3513801.0;Diadema;Grande SP Sudeste;False;BRANCA
38134;3550308.0;São Paulo;Município de São Paulo;False;PARDA
38135;3550308.0;São Paulo;Município de São Paulo;False;PARDA
38136;3507605.0;Bragança Paulista;Campinas;False;PARDA
38137;3550308.0;São Paulo;Município de São Paulo;False;PARDA
38138;3547809.0;Santo André;Grande SP Sudeste;False;AMARELA
38139;3550308.0;São Paulo;Município de São Paulo;False;BRANCA
38140;3523107.0;Itaquaquecetuba;Grande SP Leste;False;PARDA
38141;3548708.0;São Bernardo do Campo;Grande SP Sudeste;False;PRETA
38142;3509502.0;Campinas;Campinas;False;BRANCA
38143;3549805.0;São José do Rio Preto;São José do Rio Preto;False;BRANCA
38144;3504206.0;Auriflama;Araçatuba;False;BRANCA
38145;3504206.0;Auriflama;Araçatuba;False;BRANCA
38146;3525904.0;Jundiaí;Campinas;False;BRANCA
38147;3550308.0;São Paulo;Município de São Paulo;False;PARDA
38148;3557105.0;Votuporanga;São José do Rio Preto;False;BRANCA
38149;3525300.0;Jaú;Bauru;False;BRANCA
38150;3541000.0;Praia Grande;Baixada Santista;False;PARDA
38151;3510203.0;Capão Bonito;Sorocaba;False;BRANCA
38152;3509502.0;Campinas;Campinas;False;PRETA
38153;3550308.0;São Paulo;Município de São Paulo;False;IGNORADO
38154;3552502.0;Suzano;Grande SP Leste;True;PARDA
38155;3543402.0;Ribeirão Preto;Ribeirão Preto;False;BRANCA
38156;3509502.0;Campinas;Campinas;False;BRANCA
38157;3548708.0;São Bernardo do Campo;Grande SP Sudeste;False;PARDA
38158;3550308.0;São Paulo;Município de São Paulo;False;BRANCA
38159;3548906.0;São Carlos;Araraquara;False;NONE
38160;3550308.0;São Paulo;Município de São Paulo;False;BRANCA
38161;3548708.0;São Bernardo do Campo;Grande SP Sudeste;False;
38162;3506003.0;Bauru;Bauru;False;BRANCA
38163;3541000.0;Praia Grande;Baixada Santista;False;PARDA
38164;3548906.0;São Carlos;Araraquara;False;BRANCA
38165;3505500.0;Barretos;Barretos;False;IGNORADO
38166;3555604.0;Uchoa;São José do Rio Preto;False;BRANCA
38167;3555604.0;Uchoa;São José do Rio Preto;False;BRANCA
38168;3550308.0;São Paulo;Município de São Paulo;False;BRANCA
38169;3509502.0;Campinas;Campinas;False;BRANCA
38170;3550308.0;São Paulo;Município de São Paulo;False;PARDA
38171;3519071.0;Hortolândia;Campinas;False;BRANCA
38172;3509502.0;Campinas;Campinas;False;PRETA
38173;3507001.0;Boituva;Sorocaba;False;BRANCA
38174;3550308.0;São Paulo;Município de São Paulo;False;AMARELA
38175;3550308.0;São Paulo;Município de São Paulo;False;IGNORADO
38176;3539806.0;Poá;Grande SP Leste;False;PARDA
38177;3556701.0;Vinhedo;Campinas;False;BRANCA
38178;3550308.0;São Paulo;Município de São Paulo;False;PARDA
