11772;3550308.0;São Paulo;Município de São Paulo;False;PARDA
11773;3550308.0;São Paulo;Município de São Paulo;False;BRANCA
11774;3550308.0;São Paulo;Município de São Paulo;False;IGNORADO
11775;3525904.0;Jundiaí;Campinas;False;BRANCA
11776;3550308.0;São Paulo;Município de São Paulo;False;PARDA
11777;3507506.0;Botucatu;Bauru;False;PARDA
11778;3550308.0;São Paulo;Município de São Paulo;False;BRANCA
11779;3550308.0;São Paulo;Município de São Paulo;False;PARDA
11780;3536505.0;Paulínia;Campinas;False;BRANCA
11781;3536000.0;Parapuã;Marília;False;BRANCA
11782;3521002.0;Iperó;Sorocaba;False;PARDA
11783;3547809.0;Santo André;Grande SP Sudeste;False;IGNORADO
11784;3553302.0;Tambaú;São João da Boa Vista;False;BRANCA
11785;3523107.0;Itaquaquecetuba;Grande SP Leste;False;PARDA
11786;3550308.0;São Paulo;Município de São Paulo;False;BRANCA
11787;3549805.0;São José do Rio Preto;São José do Rio Preto;False;IGNORADO
11788;3540804.0;Potirendaba;São José do Rio Preto;False;BRANCA
11789;3522307.0;Itapetininga;Sorocaba;False;BRANCA
11790;3504404.0;Avanhandava;Araçatuba;False;BRANCA
11791;3538709.0;Piracicaba;Piracicaba;False;BRANCA
11792;3547809.0;Santo André;Grande SP Sudeste;False;BRANCA
11793;3536505.0;Paulínia;Campinas;False;BRANCA
11794;3548500.0;Santos;Baixada Santista;False;BRANCA
11795;3556503.0;Várzea Paulista;Campinas;False;BRANCA
11796;3530706.0;Mogi Guaçu;São João da Boa Vista;False;BRANCA
11797;3547809.0;Santo André;Grande SP Sudeste;False;NONE
11798;3519600.0;Ibitinga;Araraquara;False;PRETA
11799;3550308.0;São Paulo;Município de São Paulo;False;PRETA
11800;3529401.0;Mauá;Grande SP Sudeste;False;
11801;3529302.0;Matão;Araraquara;False;BRANCA
11802;3545803.0;Santa Bárbara d'Oeste;Campinas;False;BRANCA
11803;3550308.0;São Paulo;Município de São Paulo;False;BRANCA
11804;3519600.0;Ibitinga;Araraquara;False;NONE
11805;3539202.0;Pirapozinho;Presidente Prudente;False;BRANCA
11806;3513801.0;Diadema;Grande SP Sudeste;False;
11807;3506003.0;Bauru;Bauru;False;BRANCA
11808;3543303.0;Ribeirão Pires;Grande SP Sudeste;False;BRANCA
11809;3550308.0;São Paulo;Município de São Paulo;False;AMARELA
11810;3509502.0;Campinas;Campinas;False;BRANCA
11811;3509502.0;Campinas;Campinas;False;BRANCA
11812;3552908.0;Taciba;Presidente Prudente;False;BRANCA
11813;3519402.0;Ibirá;São José do Rio Preto;False;BRANCA
11814;3518206.0;Guararapes;Araçatuba;False;BRANCA
11815;3543402.0;Ribeirão Preto;Ribeirão Preto;False;AMARELA
11816;3509254.0;Cajati;Registro;False;PARDA
11817;3550308.0;São Paulo;Município de São Paulo;False;BRANCA
11818;3506359.0;Bertioga;Baixada Santista;False;AMARELA
11819;3524402.0;Jacareí;Taubaté;False;BRANCA
11820;3522208.0;Itapecerica da Serra;Grande SP Sudoeste;False;BRANCA
11821;3552205.0;Sorocaba;Sorocaba;False;BRANCA
11822;3529005.0;Marília;Marília;False;BRANCA
11823;3547809.0;Santo André;Grande SP Sudeste;False;BRANCA
11824;3543402.0;Ribeirão Preto;Ribeirão Preto;False;BRANCA
11825;3543402.0;Ribeirão Preto;Ribeirão Preto;False;BRANCA
11826;3554003.0;Tatuí;Sorocaba;False;BRANCA
11827;3525904.0;Jundiaí;Campinas;False;PRETA
11828;3548500.0;Santos;Baixada Santista;False;
11829;3513801.0;Diadema;Grande SP Sudeste;False;BRANCA
11830;3503307.0;Araras;Piracicaba;False;PRETA
11831;3543402.0;Ribeirão Preto;Ribeirão Preto;False;IGNORADO
11832;3509700.0;Campos do Jordão;Taubaté;False;IGNORADO
11833;3550308.0;São Paulo;Município de São Paulo;False;IGNORADO
11834;3504909.0;Bananal;Taubaté;False;BRANCA
11835;3550308.0;São Paulo;Município de São Paulo;False;IGNORADO
11836;3526902.0;Limeira;Piracicaba;False;PARDA
11837;3557006.0;Votorantim;Sorocaba;False;BRANCA
11838;3510609.0;Carapicuíba;Grande SP Oeste;False;PARDA
11839;3540606.0;Porto Feliz;Sorocaba;False;BRANCA
11840;3552205.0;Sorocaba;Sorocaba;False;BRANCA
11841;3525300.0;Jaú;Bauru;False;BRANCA
11842;3509502.0;Campinas;Campinas;False;BRANCA
11843;3548500.0;Santos;Baixada Santista;False;IGNORADO
11844;3548708.0;São Bernardo do Campo;Grande SP Sudeste;False;BRANCA
11845;3547304.0;Santana de Parnaíba;Grande SP Oeste;False;PARDA
11846;3547304.0;Santana de Parnaíba;Grande SP Oeste;False;BRANCA
11847;3550308.0;São Paulo;Município de São Paulo;False;BRANCA
11848;3550308.0;São Paulo;Município de São Paulo;False;PARDA
11849;3550308.0;São Paulo;Município de São Paulo;False;AMARELA
11850;3550308.0;São Paulo;Município de São Paulo;False;PARDA
11851;3526902.0;Limeira;Piracicaba;False;IGNORADO
11852;3548708.0;São Bernardo do Campo;Grande SP Sudeste;False;BRANCA
11853;3518701.0;Guarujá;Baixada Santista;False;BRANCA
11854;3550308.0;São Paulo;Município de São Paulo;False;BRANCA
11855;3550308.0;São Paulo;Município de São Paulo;False;
11856;3515707.0;Ferraz de Vasconcelos;Grande SP Leste;False;PARDA
11857;3548500.0;Santos;Baixada Santista;False;BRANCA
11858;3509502.0;Campinas;Campinas;False;PARDA
11859;3525003.0;Jandira;Grande SP Oeste;False;BRANCA
11860;3550308.0;São Paulo;Município de São Paulo;False;PARDA
11861;3550308.0;São Paulo;Município de São Paulo;False;BRANCA
11862;3550308.0;São Paulo;Município de São Paulo;False;PARDA
11863;3548500.0;Santos;Baixada Santista;False;PARDA
11864;3507605.0;Bragança Paulista;Campinas;False;BRANCA
11865;3518800.0;Guarulhos;Grande SP Leste;False;BRANCA
11866;3516309.0;Francisco Morato;Grande SP Norte;False;PARDA
11867;3518701.0;Guarujá;Baixada Santista;False;PARDA
11868;3518404.0;Guaratinguetá;Taubaté;False;BRANCA
11869;3551702.0;Sertãozinho;Ribeirão Preto;False;BRANCA
11870;3548500.0;Santos;Baixada Santista;False;BRANCA
11871;3550308.0;São Paulo;Município de São Paulo;False;NONE
11872;3552809.0;Taboão da Serra;Grande SP Sudoeste;False;IGNORADO
11873;3554102.0;Taubaté;Taubaté;False;BRANCA
11874;3550308.0;São Paulo;Município de São Paulo;False;BRANCA
11875;3506003.0;Bauru;Bauru;False;BRANCA
11876;3531407.0;Monte Aprazível;São José do Rio Preto;False;BRANCA
11877;3550308.0;São Paulo;Município de São Paulo;False;BRANCA
11878;3552205.0;Sorocaba;Sorocaba;False;IGNORADO
11879;3550308.0;São Paulo;Município de São Paulo;False;
11880;3550308.0;São Paulo;Município de São Paulo;False;NONE
11881;3517406.0;Guaíra;Barretos;False;BRANCA
11882;3550308.0;São Paulo;Município de São Paulo;False;PARDA
11883;3515707.0;Ferraz de Vasconcelos;Grande SP Leste;False;PARDA
11884;3550308.0;São Paulo;Município de São Paulo;False;PARDA
11885;3513702.0;Descalvado;Araraquara;False;BRANCA
11886;3518800.0;Guarulhos;Grande SP Leste;False;BRANCA
11887;3556701.0;Vinhedo;Campinas;False;NONE
11888;3503208.0;Araraquara;Araraquara;False;BRANCA
11889;3552502.0;Suzano;Grande SP Leste;False;BRANCA
11890;3553708.0;Taquaritinga;Araraquara;False;BRANCA
11891;3513801.0;Diadema;Grande SP Sudeste;False;PRETA
11892;3548807.0;São Caetano do Sul;Grande SP Sudeste;False;BRANCA
11893;3503307.0;Araras;Piracicaba;False;NONE
11894;3509502.0;Campinas;Campinas;False;NONE
11895;3509502.0;Campinas;Campinas;False;
11896;3551009.0;São Vicente;Baixada Santista;False;BRANCA
11897;3550308.0;São Paulo;Município de São Paulo;False;BRANCA
11898;3550308.0;São Paulo;Município de São Paulo;False;IGNORADO
11899;3554003.0;Tatuí;Sorocaba;False;BRANCA
11900;3551009.0;São Vicente;Baixada Santista;False;BRANCA
11901;3542602.0;Registro;Registro;False;BRANCA
11902;3529906.0;Miracatu;Registro;False;BRANCA
11903;3550308.0;São Paulo;Município de São Paulo;False;NONE
11904;3550308.0;São Paulo;Município de São Paulo;True;IGNORADO
11905;3513801.0;Diadema;Grande SP Sudeste;False;PARDA
11906;3549904.0;São José dos Campos;Taubaté;False;BRANCA
11907;3550308.0;São Paulo;Município de São Paulo;False;PARDA
11908;3509502.0;Campinas;Campinas;False;BRANCA
11909;3545803.0;Santa Bárbara d'Oeste;Campinas;False;BRANCA
11910;3548500.0;Santos;Baixada Santista;False;BRANCA
11911;3550308.0;São Paulo;Município de São Paulo;False;PARDA
11912;3550308.0;São Paulo;Município de São Paulo;False;NONE
11913;3552809.0;Taboão da Serra;Grande SP Sudoeste;False;BRANCA
11914;3550308.0;São Paulo;Município de São Paulo;False;IGNORADO
11915;3550308.0;São Paulo;Município de São Paulo;False;BRANCA
11916;3554102.0;Taubaté;Taubaté;False;BRANCA
