49747;3550308.0;São Paulo;Município de São Paulo;False;BRANCA
49748;3540200.0;Pontal;Ribeirão Preto;False;BRANCA
49749;3550308.0;São Paulo;Município de São Paulo;False;PARDA
49750;3513009.0;Cotia;Grande SP Sudoeste;False;BRANCA
49751;3550308.0;São Paulo;Município de São Paulo;False;BRANCA
49752;3520202.0;Igaratá;Taubaté;False;PRETA
49753;3515707.0;Ferraz de Vasconcelos;Grande SP Leste;False;BRANCA
49754;3550308.0;São Paulo;Município de São Paulo;False;NONE
49755;3550308.0;São Paulo;Município de São Paulo;False;BRANCA
49756;3549805.0;São José do Rio Preto;São José do Rio Preto;False;BRANCA
49757;3549805.0;São José do Rio Preto;São José do Rio Preto;False;PRETA
49758;3540606.0;Porto Feliz;Sorocaba;False;NONE
49759;3550308.0;São Paulo;Município de São Paulo;False;PARDA
49760;3509502.0;Campinas;Campinas;False;AMARELA
49761;3553401.0;Tanabi;São José do Rio Preto;False;BRANCA
49762;3518800.0;Guarulhos;Grande SP Leste;False;PARDA
49763;3548500.0;Santos;Baixada Santista;False;BRANCA
49764;3518701.0;Guarujá;Baixada Santista;False;PARDA
49765;3550308.0;São Paulo;Município de São Paulo;False;PRETA
49766;3538709.0;Piracicaba;Piracicaba;False;PARDA
49767;3543402.0;Ribeirão Preto;Ribeirão Preto;False;BRANCA
49768;3543402.0;Ribeirão Preto;Ribeirão Preto;False;BRANCA
49769;3549904.0;São José dos Campos;Taubaté;False;IGNORADO
49770;3538709.0;Piracicaba;Piracicaba;False;BRANCA
49771;3529401.0;Mauá;Grande SP Sudeste;False;
49772;3529401.0;Mauá;Grande SP Sudeste;False;AMARELA
49773;3550308.0;São Paulo;Município de São Paulo;False;BRANCA
49774;3550308.0;São Paulo;Município de São Paulo;False;NONE
49775;3548708.0;São Bernardo do Campo;Grande SP Sudeste;False;NONE
49776;3547809.0;Santo André;Grande SP Sudeste;False;BRANCA
49777;3549904.0;São José dos Campos;Taubaté;False;IGNORADO
49778;3544905.0;Sales Oliveira;Franca;False;BRANCA
49779;3550308.0;São Paulo;Município de São Paulo;False;BRANCA
49780;3525300.0;Jaú;Bauru;False;BRANCA
49781;3550308.0;São Paulo;Município de São Paulo;False;PARDA
49782;3510609.0;Carapicuíba;Grande SP Oeste;False;BRANCA
49783;3552205.0;Sorocaba;Sorocaba;False;IGNORADO
49784;3550308.0;São Paulo;Município de São Paulo;False;IGNORADO
49785;3550308.0;São Paulo;Município de São Paulo;False;IGNORADO
49786;3554102.0;Taubaté;Taubaté;False;BRANCA
49787;3541406.0;Presidente Prudente;Presidente Prudente;False;BRANCA
49788;3529401.0;Mauá;Grande SP Sudeste;False;BRANCA
49789;3501608.0;Americana;Campinas;False;BRANCA
49790;3524303.0;Jaboticabal;Ribeirão Preto;False;BRANCA
49791;3550308.0;São Paulo;Município de São Paulo;False;BRANCA
49792;3525904.0;Jundiaí;Campinas;False;IGNORADO
49793;3552809.0;Taboão da Serra;Grande SP Sudoeste;False;PARDA
49794;3556206.0;Valinhos;Campinas;False;PARDA
49795;3509502.0;Campinas;Campinas;False;BRANCA
49796;3548500.0;Santos;Baixada Santista;False;BRANCA
49797;3548708.0;São Bernardo do Campo;Grande SP Sudeste;False;BRANCA
49798;3550308.0;São Paulo;Município de São Paulo;False;PARDA
49799;3550308.0;São Paulo;Município de São Paulo;False;BRANCA
49800;3550308.0;São Paulo;Município de São Paulo;False;IGNORADO
49801;3509502.0;Campinas;Campinas;False;BRANCA
49802;3548906.0;São Carlos;Araraquara;False;IGNORADO
49803;3550308.0;São Paulo;Município de São Paulo;False;PARDA
49804;3538709.0;Piracicaba;Piracicaba;False;BRANCA
49805;3548500.0;Santos;Baixada Santista;False;IGNORADO
49806;3550308.0;São Paulo;Município de São Paulo;False;PARDA
49807;3549805.0;São José do Rio Preto;São José do Rio Preto;False;BRANCA
49808;3534401.0;Osasco;Grande SP Oeste;False;BRANCA
49809;3549805.0;São José do Rio Preto;São José do Rio Preto;False;PARDA
49810;3530300.0;Mirassol;São José do Rio Preto;False;BRANCA
49811;3513801.0;Diadema;Grande SP Sudeste;False;PARDA
49812;3550308.0;São Paulo;Município de São Paulo;False;NONE
49813;3550308.0;São Paulo;Município de São Paulo;False;PRETA
49814;3519071.0;Hortolândia;Campinas;False;
49815;3534401.0;Osasco;Grande SP Oeste;False;IGNORADO
49816;3549904.0;São José dos Campos;Taubaté;False;BRANCA
49817;3534906.0;Pacaembu;Marília;False;IGNORADO
49818;3550308.0;São Paulo;Município de São Paulo;False;IGNORADO
49819;3548500.0;Santos;Baixada Santista;False;
49820;3550308.0;São Paulo;Município de São Paulo;False;BRANCA
49821;3505500.0;Barretos;Barretos;False;PARDA
49822;3551009.0;São Vicente;Baixada Santista;False;
49823;3544301.0;Roseira;Taubaté;False;IGNORADO
49824;3524402.0;Jacareí;Taubaté;False;BRANCA
49825;3548500.0;Santos;Baixada Santista;False;AMARELA
49826;3550308.0;São Paulo;Município de São Paulo;False;NONE
49827;3550308.0;São Paulo;Município de São Paulo;False;IGNORADO
49828;3550308.0;São Paulo;Município de São Paulo;False;PARDA
49829;3505708.0;Barueri;Grande SP Oeste;False;PRETA
49830;3543402.0;Ribeirão Preto;Ribeirão Preto;False;BRANCA
49831;3547809.0;Santo André;Grande SP Sudeste;False;BRANCA
49832;3548708.0;São Bernardo do Campo;Grande SP Sudeste;False;BRANCA
49833;3550308.0;São Paulo;Município de São Paulo;False;IGNORADO
49834;3543402.0;Ribeirão Preto;Ribeirão Preto;False;BRANCA
49835;3541000.0;Praia Grande;Baixada Santista;False;PARDA
49836;3550308.0;São Paulo;Município de São Paulo;False;IGNORADO
49837;3553203.0;Taiúva;Barretos;False;BRANCA
49838;3550308.0;São Paulo;Município de São Paulo;False;BRANCA
49839;3550308.0;São Paulo;Município de São Paulo;False;IGNORADO
49840;3550308.0;São Paulo;Município de São Paulo;False;BRANCA
49841;3549904.0;São José dos Campos;Taubaté;False;BRANCA
49842;3504008.0;Assis;Marília;False;BRANCA
49843;3516200.0;Franca;Franca;False;IGNORADO
49844;3550308.0;São Paulo;Município de São Paulo;False;IGNORADO
49845;3550308.0;São Paulo;Município de São Paulo;False;BRANCA
49846;3537305.0;Penápolis;Araçatuba;False;BRANCA
49847;3550308.0;São Paulo;Município de São Paulo;True;PARDA
49848;3526704.0;Leme;Piracicaba;False;PRETA
49849;3550308.0;São Paulo;Município de São Paulo;False;PARDA
49850;3552809.0;Taboão da Serra;Grande SP Sudoeste;False;PARDA
49851;3550308.0;São Paulo;Município de São Paulo;False;PARDA
49852;3501608.0;Americana;Campinas;False;BRANCA
49853;3550308.0;São Paulo;Município de São Paulo;False;BRANCA
49854;3504107.0;Atibaia;Campinas;False;PARDA
49855;3513009.0;Cotia;Grande SP Sudoeste;False;BRANCA
49856;3550308.0;São Paulo;Município de São Paulo;False;PARDA
49857;3503901.0;Arujá;Grande SP Leste;False;PARDA
49858;3550308.0;São Paulo;Município de São Paulo;False;BRANCA
49859;3518602.0;Guariba;Ribeirão Preto;False;BRANCA
49860;3531100.0;Mongaguá;Baixada Santista;False;BRANCA
49861;3522505.0;Itapevi;Grande SP Oeste;False;PARDA
49862;3515004.0;Embu das Artes;Grande SP Sudoeste;False;PARDA
49863;3514403.0;Dracena;Presidente Prudente;False;NONE
49864;3518800.0;Guarulhos;Grande SP Leste;False;PARDA
49865;3549904.0;São José dos Campos;Taubaté;False;BRANCA
49866;3513801.0;Diadema;Grande SP Sudeste;False;BRANCA
49867;3550308.0;São Paulo;Município de São Paulo;False;NONE
49868;3548500.0;Santos;Baixada Santista;False;IGNORADO
49869;3550308.0;São Paulo;Município de São Paulo;False;PARDA
49870;3510609.0;Carapicuíba;Grande SP Oeste;False;IGNORADO
49871;3505708.0;Barueri;Grande SP Oeste;False;PARDA
49872;3513504.0;Cubatão;Baixada Santista;False;BRANCA
49873;3530607.0;Mogi das Cruzes;Grande SP Leste;False;AMARELA
49874;3547809.0;Santo André;Grande SP Sudeste;False;NONE
49875;3550308.0;São Paulo;Município de São Paulo;False;NONE
49876;3550308.0;São Paulo;Município de São Paulo;False;
49877;3550308.0;São Paulo;Município de São Paulo;False;PARDA
49878;3552205.0;Sorocaba;Sorocaba;False;IGNORADO
49879;3552403.0;Sumaré;Campinas;False;BRANCA
49880;3536505.0;Paulínia;Campinas;False;IGNORADO
49881;3523107.0;Itaquaquecetuba;Grande SP Leste;False;AMARELA
49882;3550308.0;São Paulo;Município de São Paulo;False;BRANCA
49883;3552205.0;Sorocaba;Sorocaba;False;BRANCA
49884;3547809.0;Santo André;Grande SP Sudeste;False;BRANCA
49885;3543402.0;Ribeirão Preto;Ribeirão Preto;False;IGNORADO
49886;3547809.0;Santo André;Grande SP Sudeste;False;IGNORADO
49887;3550308.0;São Paulo;Município de São Paulo;False;IGNORADO
