8461;3548500.0;Santos;Baixada Santista;False;BRANCA
8462;3518800.0;Guarulhos;Grande SP Leste;False;BRANCA
8463;3513504.0;Cubatão;Baixada Santista;False;BRANCA
8464;3550308.0;São Paulo;Município de São Paulo;False;IGNORADO
8465;3530607.0;Mogi das Cruzes;Grande SP Leste;False;BRANCA
8466;3535309.0;Palmital;Marília;False;BRANCA
8467;3509502.0;Campinas;Campinas;False;PARDA
8468;3537800.0;Piedade;Sorocaba;False;BRANCA
8469;3550308.0;São Paulo;Município de São Paulo;False;PARDA
8470;3519600.0;Ibitinga;Araraquara;False;BRANCA
8471;3555406.0;Ubatuba;Taubaté;False;BRANCA
8472;3550308.0;São Paulo;Município de São Paulo;False;PARDA
8473;3525300.0;Jaú;Bauru;False;BRANCA
8474;3519071.0;Hortolândia;Campinas;False;PARDA
8475;3549805.0;São José do Rio Preto;São José do Rio Preto;False;BRANCA
8476;3554102.0;Taubaté;Taubaté;False;BRANCA
8477;3516309.0;Francisco Morato;Grande SP Norte;False;BRANCA
8478;3509502.0;Campinas;Campinas;False;PARDA
8479;3518404.0;Guaratinguetá;Taubaté;False;IGNORADO
8480;3533403.0;Nova Odessa;Campinas;False;BRANCA
8481;3550308.0;São Paulo;Município de São Paulo;False;IGNORADO
8482;3509502.0;Campinas;Campinas;False;IGNORADO
8483;3530706.0;Mogi Guaçu;São João da Boa Vista;False;IGNORADO
8484;3552205.0;Sorocaba;Sorocaba;False;BRANCA
8485;3553203.0;Taiúva;Barretos;False;BRANCA
8486;3525300.0;Jaú;Bauru;False;IGNORADO
8487;3509502.0;Campinas;Campinas;False;BRANCA
8488;3538709.0;Piracicaba;Piracicaba;False;BRANCA
8489;3525904.0;Jundiaí;Campinas;False;IGNORADO
8490;3550308.0;São Paulo;Município de São Paulo;False;BRANCA
8491;3507605.0;Bragança Paulista;Campinas;False;BRANCA
8492;3523404.0;Itatiba;Campinas;False;NONE
8493;3517000.0;Getulina;Bauru;False;BRANCA
8494;3507001.0;Boituva;Sorocaba;False;BRANCA
8495;3549805.0;São José do Rio Preto;São José do Rio Preto;False;IGNORADO
8496;3548708.0;São Bernardo do Campo;Grande SP Sudeste;False;BRANCA
8497;3529401.0;Mauá;Grande SP Sudeste;False;PARDA
8498;3502804.0;Araçatuba;Araçatuba;False;PARDA
8499;3550308.0;São Paulo;Município de São Paulo;True;IGNORADO
8500;3551009.0;São Vicente;Baixada Santista;False;PRETA
8501;3550308.0;São Paulo;Município de São Paulo;False;BRANCA
8502;3548708.0;São Bernardo do Campo;Grande SP Sudeste;False;BRANCA
8503;3525904.0;Jundiaí;Campinas;False;BRANCA
8504;3530508.0;Mococa;São João da Boa Vista;False;IGNORADO
8505;3518800.0;Guarulhos;Grande SP Leste;False;BRANCA
8506;3550308.0;São Paulo;Município de São Paulo;False;IGNORADO
8507;3538709.0;Piracicaba;Piracicaba;False;BRANCA
8508;3512803.0;Cosmópolis;Campinas;False;PARDA
8509;3550308.0;São Paulo;Município de São Paulo;False;BRANCA
8510;3518800.0;Guarulhos;Grande SP Leste;False;BRANCA
8511;3550308.0;São Paulo;Município de São Paulo;False;PARDA
8512;3525706.0;José Bonifácio;São José do Rio Preto;False;BRANCA
8513;3543402.0;Ribeirão Preto;Ribeirão Preto;False;IGNORADO
8514;3522109.0;Itanhaém;Baixada Santista;False;BRANCA
8515;3525300.0;Jaú;Bauru;False;BRANCA
8516;3555000.0;Tupã;Marília;False;BRANCA
8517;3510401.0;Capivari;Piracicaba;False;BRANCA
8518;3520509.0;Indaiatuba;Campinas;False;IGNORADO
8519;3545605.0;Santa Adélia;São José do Rio Preto;False;BRANCA
8520;3541406.0;Presidente Prudente;Presidente Prudente;False;BRANCA
8521;3509502.0;Campinas;Campinas;False;IGNORADO
8522;3510500.0;Caraguatatuba;Taubaté;False;PARDA
8523;3550308.0;São Paulo;Município de São Paulo;False;BRANCA
8524;3518800.0;Guarulhos;Grande SP Leste;False;BRANCA
8525;3520509.0;Indaiatuba;Campinas;False;IGNORADO
8526;3548708.0;São Bernardo do Campo;Grande SP Sudeste;False;IGNORADO
8527;3550308.0;São Paulo;Município de São Paulo;False;IGNORADO
8528;3550308.0;São Paulo;Município de São Paulo;False;
8529;3550308.0;São Paulo;Município de São Paulo;False;BRANCA
8530;3506003.0;Bauru;Bauru;False;IGNORADO
8531;3515004.0;Embu das Artes;Grande SP Sudoeste;False;
8532;3511607.0;Cesário Lange;Sorocaba;False;BRANCA
8533;3549904.0;São José dos Campos;Taubaté;False;BRANCA
8534;3550308.0;São Paulo;Município de São Paulo;False;PARDA
8535;3545803.0;Santa Bárbara d'Oeste;Campinas;False;PARDA
8536;3548708.0;São Bernardo do Campo;Grande SP Sudeste;False;NONE
8537;3543402.0;Ribeirão Preto;Ribeirão Preto;False;BRANCA
8538;3529005.0;Marília;Marília;False;PARDA
8539;3549805.0;São José do Rio Preto;São José do Rio Preto;False;BRANCA
8540;3502804.0;Araçatuba;Araçatuba;True;BRANCA
8541;3549904.0;São José dos Campos;Taubaté;False;BRANCA
8542;3503000.0;Aramina;Franca;False;PARDA
8543;3554102.0;Taubaté;Taubaté;False;BRANCA
8544;3550308.0;São Paulo;Município de São Paulo;False;BRANCA
8545;3550308.0;São Paulo;Município de São Paulo;False;NONE
8546;3509502.0;Campinas;Campinas;False;BRANCA
8547;3548500.0;Santos;Baixada Santista;False;BRANCA
8548;3501608.0;Americana;Campinas;False;IGNORADO
8549;3533908.0;Olímpia;Barretos;False;IGNORADO
8550;3547304.0;Santana de Parnaíba;Grande SP Oeste;False;NONE
8551;3550308.0;São Paulo;Município de São Paulo;False;BRANCA
8552;3550308.0;São Paulo;Município de São Paulo;False;PARDA
8553;3541000.0;Praia Grande;Baixada Santista;False;BRANCA
8554;3509502.0;Campinas;Campinas;False;BRANCA
8555;3538709.0;Piracicaba;Piracicaba;False;BRANCA
8556;3505302.0;Barra Bonita;Bauru;False;BRANCA
8557;3501905.0;Amparo;Campinas;False;BRANCA
8558;3550308.0;São Paulo;Município de São Paulo;True;IGNORADO
8559;3525904.0;Jundiaí;Campinas;False;BRANCA
8560;3552502.0;Suzano;Grande SP Leste;False;BRANCA
8561;3550308.0;São Paulo;Município de São Paulo;False;BRANCA
8562;3555802.0;Urânia;São José do Rio Preto;False;BRANCA
8563;3542602.0;Registro;Registro;False;BRANCA
8564;3550308.0;São Paulo;Município de São Paulo;False;IGNORADO
8565;3548500.0;Santos;Baixada Santista;False;BRANCA
8566;3548500.0;Santos;Baixada Santista;False;PARDA
8567;3542602.0;Registro;Registro;False;BRANCA
8568;3530706.0;Mogi Guaçu;São João da Boa Vista;False;BRANCA
8569;3550308.0;São Paulo;Município de São Paulo;False;NONE
8570;3550308.0;São Paulo;Município de São Paulo;False;PRETA
8571;3550308.0;São Paulo;Município de São Paulo;False;BRANCA
8572;3530805.0;Mogi Mirim;São João da Boa Vista;False;BRANCA
8573;3550308.0;São Paulo;Município de São Paulo;False;BRANCA
8574;3513207.0;Cristais Paulista;Franca;False;BRANCA
8575;3528403.0;Mairinque;Sorocaba;False;IGNORADO
8576;3550308.0;São Paulo;Município de São Paulo;False;NONE
8577;3505203.0;Bariri;Bauru;False;BRANCA
8578;3550308.0;São Paulo;Município de São Paulo;False;PARDA
8579;3550308.0;São Paulo;Município de São Paulo;False;BRANCA
8580;3550308.0;São Paulo;Município de São Paulo;False;PRETA
8581;3549102.0;São João da Boa Vista;São João da Boa Vista;False;BRANCA
8582;3549904.0;São José dos Campos;Taubaté;False;BRANCA
8583;3538709.0;Piracicaba;Piracicaba;False;BRANCA
8584;3550308.0;São Paulo;Município de São Paulo;False;PARDA
8585;3513504.0;Cubatão;Baixada Santista;False;PARDA
8586;3550308.0;São Paulo;Município de São Paulo;False;IGNORADO
8587;3530607.0;Mogi das Cruzes;Grande SP Leste;False;BRANCA
8588;3530805.0;Mogi Mirim;São João da Boa Vista;False;BRANCA
8589;3550308.0;São Paulo;Município de São Paulo;False;BRANCA
8590;3502804.0;Araçatuba;Araçatuba;False;IGNORADO
8591;3546306.0;Santa Cruz das Palmeiras;São João da Boa Vista;False;BRANCA
8592;3552205.0;Sorocaba;Sorocaba;False;BRANCA
8593;3549904.0;São José dos Campos;Taubaté;False;PARDA
8594;3538709.0;Piracicaba;Piracicaba;False;BRANCA
8595;3515186.0;Espírito Santo do Pinhal;São João da Boa Vista;False;BRANCA
8596;3530607.0;Mogi das Cruzes;Grande SP Leste;False;BRANCA
8597;3548302.0;Santo Expedito;Presidente Prudente;False;PARDA
8598;3519071.0;Hortolândia;Campinas;False;AMARELA
8599;3503307.0;Araras;Piracicaba;False;PARDA
8600;3525904.0;Jundiaí;Campinas;False;BRANCA
8601;3541703.0;Quatá;Presidente Prudente;False;BRANCA
8602;3550308.0;São Paulo;Município de São Paulo;False;BRANCA
8603;3549805.0;São José do Rio Preto;São José do Rio Preto;False;BRANCA
8604;3549805.0;São José do Rio Preto;São José do Rio Preto;False;PARDA
8605;3507605.0;Bragança Paulista;Campinas;False;BRANCA
8606;3550308.0;São Paulo;Município de São Paulo;False;BRANCA
