15477;3545704.0;Santa Albertina;São José do Rio Preto;False;PARDA
15478;3550308.0;São Paulo;Município de São Paulo;False;IGNORADO
15479;3549904.0;São José dos Campos;Taubaté;False;BRANCA
15480;3548500.0;Santos;Baixada Santista;False;PARDA
15481;3538709.0;Piracicaba;Piracicaba;False;BRANCA
15482;3548708.0;São Bernardo do Campo;Grande SP Sudeste;False;PARDA
15483;3525904.0;Jundiaí;Campinas;False;BRANCA
15484;3552205.0;Sorocaba;Sorocaba;False;BRANCA
15485;3556206.0;Valinhos;Campinas;False;BRANCA
15486;3505708.0;Barueri;Grande SP Oeste;False;IGNORADO
15487;3506003.0;Bauru;Bauru;False;BRANCA
15488;3550308.0;São Paulo;Município de São Paulo;False;IGNORADO
15489;3550308.0;São Paulo;Município de São Paulo;False;BRANCA
15490;3523107.0;Itaquaquecetuba;Grande SP Leste;False;PARDA
15491;3549904.0;São José dos Campos;Taubaté;False;NONE
15492;3520509.0;Indaiatuba;Campinas;False;AMARELA
15493;3548500.0;Santos;Baixada Santista;False;BRANCA
15494;3505906.0;Batatais;Ribeirão Preto;False;BRANCA
15495;3509205.0;Cajamar;Grande SP Norte;False;PARDA
15496;3513108.0;Cravinhos;Ribeirão Preto;False;BRANCA
15497;3532405.0;Nazaré Paulista;Campinas;False;BRANCA
15498;3547809.0;Santo André;Grande SP Sudeste;False;BRANCA
15499;3547809.0;Santo André;Grande SP Sudeste;False;BRANCA
15500;3518404.0;Guaratinguetá;Taubaté;False;BRANCA
15501;3550308.0;São Paulo;Município de São Paulo;False;IGNORADO
15502;3524303.0;Jaboticabal;Ribeirão Preto;False;BRANCA
15503;3548500.0;Santos;Baixada Santista;False;IGNORADO
15504;3550308.0;São Paulo;Município de São Paulo;False;PARDA
15505;3515707.0;Ferraz de Vasconcelos;Grande SP Leste;False;BRANCA
15506;3550308.0;São Paulo;Município de São Paulo;False;PARDA
15507;3550308.0;São Paulo;Município de São Paulo;False;BRANCA
15508;3518800.0;Guarulhos;Grande SP Leste;False;PARDA
15509;3550308.0;São Paulo;Município de São Paulo;True;BRANCA
15510;3549904.0;São José dos Campos;Taubaté;False;IGNORADO
15511;3534401.0;Osasco;Grande SP Oeste;False;NONE
15512;3513801.0;Diadema;Grande SP Sudeste;False;PARDA
15513;3525904.0;Jundiaí;Campinas;False;IGNORADO
15514;3547809.0;Santo André;Grande SP Sudeste;False;AMARELA
15515;3536505.0;Paulínia;Campinas;False;BRANCA
15516;3502804.0;Araçatuba;Araçatuba;False;BRANCA
15517;3544202.0;Riolândia;São José do Rio Preto;False;PARDA
15518;3549805.0;São José do Rio Preto;São José do Rio Preto;False;IGNORADO
15519;3550308.0;São Paulo;Município de São Paulo;False;BRANCA
15520;3506102.0;Bebedouro;Barretos;False;BRANCA
15521;3548500.0;Santos;Baixada Santista;False;BRANCA
15522;3538709.0;Piracicaba;Piracicaba;False;BRANCA
15523;3538709.0;Piracicaba;Piracicaba;False;BRANCA
15524;3550308.0;São Paulo;Município de São Paulo;False;BRANCA
15525;3509502.0;Campinas;Campinas;False;PARDA
15526;3549805.0;São José do Rio Preto;São José do Rio Preto;False;BRANCA
15527;3509502.0;Campinas;Campinas;False;BRANCA
15528;3536505.0;Paulínia;Campinas;False;BRANCA
15529;3534401.0;Osasco;Grande SP Oeste;False;BRANCA
15530;3557006.0;Votorantim;Sorocaba;False;IGNORADO
15531;3509502.0;Campinas;Campinas;False;BRANCA
15532;3547809.0;Santo André;Grande SP Sudeste;False;BRANCA
15533;3549805.0;São José do Rio Preto;São José do Rio Preto;False;IGNORADO
15534;3550407.0;São Pedro;Piracicaba;False;PRETA
15535;3539806.0;Poá;Grande SP Leste;False;BRANCA
15536;3507506.0;Botucatu;Bauru;False;BRANCA
15537;3549805.0;São José do Rio Preto;São José do Rio Preto;False;BRANCA
15538;3526902.0;Limeira;Piracicaba;False;BRANCA
15539;3549805.0;São José do Rio Preto;São José do Rio Preto;False;BRANCA
15540;3522604.0;Itapira;São João da Boa Vista;False;BRANCA
15541;3533908.0;Olímpia;Barretos;False;PARDA
15542;3524709.0;Jaguariúna;Campinas;False;IGNORADO
15543;3529807.0;Mineiros do Tietê;Bauru;False;BRANCA
15544;3534401.0;Osasco;Grande SP Oeste;False;BRANCA
15545;3549904.0;São José dos Campos;Taubaté;False;BRANCA
15546;3518602.0;Guariba;Ribeirão Preto;False;PRETA
15547;3510500.0;Caraguatatuba;Taubaté;False;PARDA
15548;3504107.0;Atibaia;Campinas;False;BRANCA
15549;3506359.0;Bertioga;Baixada Santista;False;BRANCA
15550;3549805.0;São José do Rio Preto;São José do Rio Preto;False;BRANCA
15551;3550308.0;São Paulo;Município de São Paulo;False;BRANCA
15552;3550308.0;São Paulo;Município de São Paulo;False;BRANCA
15553;3518404.0;Guaratinguetá;Taubaté;False;BRANCA
15554;3550308.0;São Paulo;Município de São Paulo;False;BRANCA
15555;3550308.0;São Paulo;Município de São Paulo;False;PARDA
15556;3515004.0;Embu das Artes;Grande SP Sudoeste;False;BRANCA
15557;3548708.0;São Bernardo do Campo;Grande SP Sudeste;False;NONE
15558;3552403.0;Sumaré;Campinas;False;AMARELA
15559;3543402.0;Ribeirão Preto;Ribeirão Preto;False;IGNORADO
15560;3523909.0;Itu;Sorocaba;False;BRANCA
15561;3505500.0;Barretos;Barretos;False;PARDA
15562;3516200.0;Franca;Franca;False;IGNORADO
15563;3525300.0;Jaú;Bauru;False;BRANCA
15564;3543907.0;Rio Claro;Piracicaba;False;BRANCA
15565;3522703.0;Itápolis;Araraquara;False;BRANCA
15566;3550308.0;São Paulo;Município de São Paulo;False;PARDA
15567;3529401.0;Mauá;Grande SP Sudeste;False;AMARELA
15568;3519600.0;Ibitinga;Araraquara;False;BRANCA
15569;3509205.0;Cajamar;Grande SP Norte;False;BRANCA
15570;3550308.0;São Paulo;Município de São Paulo;False;BRANCA
15571;3534708.0;Ourinhos;Marília;False;BRANCA
15572;3505500.0;Barretos;Barretos;False;
15573;3547304.0;Santana de Parnaíba;Grande SP Oeste;False;BRANCA
15574;3550308.0;São Paulo;Município de São Paulo;False;PARDA
15575;3552205.0;Sorocaba;Sorocaba;False;PARDA
15576;3548500.0;Santos;Baixada Santista;False;BRANCA
15577;3549904.0;São José dos Campos;Taubaté;False;IGNORADO
15578;3547809.0;Santo André;Grande SP Sudeste;False;BRANCA
15579;3547809.0;Santo André;Grande SP Sudeste;False;BRANCA
15580;3550308.0;São Paulo;Município de São Paulo;False;IGNORADO
15581;3510500.0;Caraguatatuba;Taubaté;False;BRANCA
15582;3550308.0;São Paulo;Município de São Paulo;False;PARDA
15583;3550308.0;São Paulo;Município de São Paulo;False;AMARELA
15584;3510609.0;Carapicuíba;Grande SP Oeste;False;BRANCA
15585;3522604.0;Itapira;São João da Boa Vista;False;IGNORADO
15586;3510609.0;Carapicuíba;Grande SP Oeste;False;IGNORADO
15587;3530607.0;Mogi das Cruzes;Grande SP Leste;False;BRANCA
15588;3550308.0;São Paulo;Município de São Paulo;False;BRANCA
15589;3550308.0;São Paulo;Município de São Paulo;False;BRANCA
15590;3523404.0;Itatiba;Campinas;False;BRANCA
15591;3550308.0;São Paulo;Município de São Paulo;False;BRANCA
15592;3543402.0;Ribeirão Preto;Ribeirão Preto;False;PARDA
15593;3543402.0;Ribeirão Preto;Ribeirão Preto;False;NONE
15594;3548500.0;Santos;Baixada Santista;False;
15595;3524006.0;Itupeva;Campinas;False;BRANCA
15596;3528502.0;Mairiporã;Grande SP Norte;False;BRANCA
15597;3550308.0;São Paulo;Município de São Paulo;False;IGNORADO
15598;3549904.0;São José dos Campos;Taubaté;False;BRANCA
15599;3548708.0;São Bernardo do Campo;Grande SP Sudeste;False;BRANCA
15600;3549904.0;São José dos Campos;Taubaté;False;BRANCA
15601;3548708.0;São Bernardo do Campo;Grande SP Sudeste;False;BRANCA
15602;3550308.0;São Paulo;Município de São Paulo;False;PARDA
15603;3548708.0;São Bernardo do Campo;Grande SP Sudeste;False;BRANCA
15604;3548708.0;São Bernardo do Campo;Grande SP Sudeste;False;BRANCA
15605;3552205.0;Sorocaba;Sorocaba;False;
15606;3506003.0;Bauru;Bauru;False;BRANCA
15607;3546405.0;Santa Cruz do Rio Pardo;Marília;False;BRANCA
15608;3530706.0;Mogi Guaçu;São João da Boa Vista;False;BRANCA
15609;3527207.0;Lorena;Taubaté;False;BRANCA
15610;3506003.0;Bauru;Bauru;False;BRANCA
15611;3504602.0;Bady Bassitt;São José do Rio Preto;False;BRANCA
15612;3522703.0;Itápolis;Araraquara;False;IGNORADO
15613;3547106.0;Santa Mercedes;Presidente Prudente;False;BRANCA
15614;3526803.0;Lençóis Paulista;Bauru;False;AMARELA
15615;3550308.0;São Paulo;Município de São Paulo;False;IGNORADO
15616;3541604.0;Promissão;Bauru;False;PARDA
15617;3527108.0;Lins;Bauru;False;IGNORADO
15618;3550308.0;São Paulo;Município de São Paulo;True;BRANCA
15619;3505500.0;Barretos;Barretos;False;IGNORADO
15620;3549904.0;São José dos Campos;Taubaté;False;BRANCA
