23365;3541406.0;Presidente Prudente;Presidente Prudente;False;BRANCA
23366;3526902.0;Limeira;Piracicaba;False;BRANCA
23367;3549904.0;São José dos Campos;Taubaté;False;BRANCA
23368;3547809.0;Santo André;Grande SP Sudeste;False;IGNORADO
23369;3550308.0;São Paulo;Município de São Paulo;False;BRANCA
23370;3538808.0;Piraju;Bauru;False;BRANCA
23371;3550308.0;São Paulo;Município de São Paulo;False;BRANCA
23372;3548807.0;São Caetano do Sul;Grande SP Sudeste;False;AMARELA
23373;3524600.0;Jacupiranga;Registro;False;BRANCA
23374;3515186.0;Espírito Santo do Pinhal;São João da Boa Vista;False;PARDA
23375;3549805.0;São José do Rio Preto;São José do Rio Preto;False;BRANCA
23376;3543402.0;Ribeirão Preto;Ribeirão Preto;False;BRANCA
23377;3550308.0;São Paulo;Município de São Paulo;False;
23378;3550308.0;São Paulo;Município de São Paulo;False;BRANCA
23379;3550308.0;São Paulo;Município de São Paulo;False;BRANCA
23380;3550308.0;São Paulo;Município de São Paulo;False;BRANCA
23381;3550308.0;São Paulo;Município de São Paulo;True;BRANCA
23382;3550308.0;São Paulo;Município de São Paulo;False;BRANCA
23383;3547809.0;Santo André;Grande SP Sudeste;False;BRANCA
23384;3550308.0;São Paulo;Município de São Paulo;False;BRANCA
23385;3547809.0;Santo André;Grande SP Sudeste;False;BRANCA
23386;3529401.0;Mauá;Grande SP Sudeste;False;BRANCA
23387;3548708.0;São Bernardo do Campo;Grande SP Sudeste;False;BRANCA
23388;3550308.0;São Paulo;Município de São Paulo;False;IGNORADO
23389;3548500.0;Santos;Baixada Santista;False;BRANCA
23390;3507506.0;Botucatu;Bauru;False;PARDA
23391;3538709.0;Piracicaba;Piracicaba;False;IGNORADO
23392;3513504.0;Cubatão;Baixada Santista;False;BRANCA
23393;3547809.0;Santo André;Grande SP Sudeste;False;BRANCA
23394;3548500.0;Santos;Baixada Santista;False;BRANCA
23395;3539806.0;Poá;Grande SP Leste;True;BRANCA
23396;3510609.0;Carapicuíba;Grande SP Oeste;False;AMARELA
23397;3511409.0;Cerqueira César;Bauru;False;BRANCA
23398;3550308.0;São Paulo;Município de São Paulo;False;PRETA
23399;3507605.0;Bragança Paulista;Campinas;False;BRANCA
23400;3552403.0;Sumaré;Campinas;False;BRANCA
23401;3509502.0;Campinas;Campinas;False;BRANCA
23402;3518800.0;Guarulhos;Grande SP Leste;False;AMARELA
23403;3550308.0;São Paulo;Município de São Paulo;False;BRANCA
23404;3516309.0;Francisco Morato;Grande SP Norte;True;PRETA
23405;3550308.0;São Paulo;Município de São Paulo;False;BRANCA
23406;3550308.0;São Paulo;Município de São Paulo;False;BRANCA
23407;3518503.0;Guareí;Sorocaba;False;BRANCA
23408;3523909.0;Itu;Sorocaba;False;BRANCA
23409;3534401.0;Osasco;Grande SP Oeste;False;PARDA
23410;3523909.0;Itu;Sorocaba;False;BRANCA
23411;3548708.0;São Bernardo do Campo;Grande SP Sudeste;False;
23412;3547809.0;Santo André;Grande SP Sudeste;False;AMARELA
23413;3507506.0;Botucatu;Bauru;False;BRANCA
23414;3550308.0;São Paulo;Município de São Paulo;False;NONE
23415;3547809.0;Santo André;Grande SP Sudeste;False;BRANCA
23416;3527207.0;Lorena;Taubaté;False;AMARELA
23417;3500402.0;Águas da Prata;São João da Boa Vista;False;BRANCA
23418;3549904.0;São José dos Campos;Taubaté;False;BRANCA
23419;3550308.0;São Paulo;Município de São Paulo;False;BRANCA
23420;3550308.0;São Paulo;Município de São Paulo;False;BRANCA
23421;3550308.0;São Paulo;Município de São Paulo;False;BRANCA
23422;3523107.0;Itaquaquecetuba;Grande SP Leste;False;IGNORADO
23423;3501608.0;Americana;Campinas;False;BRANCA
23424;3556305.0;Valparaíso;Araçatuba;False;PARDA
23425;3550308.0;São Paulo;Município de São Paulo;False;BRANCA
23426;3542602.0;Registro;Registro;False;BRANCA
23427;3526902.0;Limeira;Piracicaba;False;PARDA
23428;3509502.0;Campinas;Campinas;False;BRANCA
23429;3550308.0;São Paulo;Município de São Paulo;False;
23430;3524402.0;Jacareí;Taubaté;False;BRANCA
23431;3515004.0;Embu das Artes;Grande SP Sudoeste;False;
23432;3550308.0;São Paulo;Município de São Paulo;False;BRANCA
23433;3538600.0;Piracaia;Campinas;False;BRANCA
23434;3518800.0;Guarulhos;Grande SP Leste;False;BRANCA
23435;3550308.0;São Paulo;Município de São Paulo;True;PARDA
23436;3550308.0;São Paulo;Município de São Paulo;False;PRETA
23437;3538006.0;Pindamonhangaba;Taubaté;False;IGNORADO
23438;3541406.0;Presidente Prudente;Presidente Prudente;False;BRANCA
23439;3550308.0;São Paulo;Município de São Paulo;False;PARDA
23440;3541000.0;Praia Grande;Baixada Santista;False;PARDA
23441;3545209.0;Salto;Sorocaba;False;BRANCA
23442;3520509.0;Indaiatuba;Campinas;False;IGNORADO
23443;3552502.0;Suzano;Grande SP Leste;False;BRANCA
23444;3547809.0;Santo André;Grande SP Sudeste;False;
23445;3538709.0;Piracicaba;Piracicaba;False;BRANCA
23446;3513801.0;Diadema;Grande SP Sudeste;False;BRANCA
23447;3550308.0;São Paulo;Município de São Paulo;False;BRANCA
23448;3505708.0;Barueri;Grande SP Oeste;False;IGNORADO
23449;3518800.0;Guarulhos;Grande SP Leste;False;PARDA
23450;3541000.0;Praia Grande;Baixada Santista;False;PARDA
23451;3513801.0;Diadema;Grande SP Sudeste;False;PARDA
23452;3550308.0;São Paulo;Município de São Paulo;False;PARDA
23453;3504800.0;Bálsamo;São José do Rio Preto;False;AMARELA
23454;3551009.0;São Vicente;Baixada Santista;False;NONE
23455;3504503.0;Avaré;Bauru;False;AMARELA
23456;3523107.0;Itaquaquecetuba;Grande SP Leste;False;BRANCA
23457;3505500.0;Barretos;Barretos;False;BRANCA
23458;3505708.0;Barueri;Grande SP Oeste;False;BRANCA
23459;3524808.0;Jales;São José do Rio Preto;False;BRANCA
23460;3550308.0;São Paulo;Município de São Paulo;False;PARDA
23461;3538709.0;Piracicaba;Piracicaba;False;IGNORADO
23462;3542800.0;Ribeira;Sorocaba;False;PARDA
23463;3534401.0;Osasco;Grande SP Oeste;False;PARDA
23464;3541604.0;Promissão;Bauru;False;BRANCA
23465;3526902.0;Limeira;Piracicaba;False;PRETA
23466;3549904.0;São José dos Campos;Taubaté;False;BRANCA
23467;3552205.0;Sorocaba;Sorocaba;False;BRANCA
23468;3503208.0;Araraquara;Araraquara;False;BRANCA
23469;3553005.0;Taguaí;Bauru;False;BRANCA
23470;3549805.0;São José do Rio Preto;São José do Rio Preto;False;AMARELA
23471;3550308.0;São Paulo;Município de São Paulo;True;NONE
23472;3518503.0;Guareí;Sorocaba;False;
23473;3546405.0;Santa Cruz do Rio Pardo;Marília;False;PRETA
23474;3518701.0;Guarujá;Baixada Santista;False;BRANCA
23475;3550308.0;São Paulo;Município de São Paulo;False;IGNORADO
23476;3544202.0;Riolândia;São José do Rio Preto;False;BRANCA
23477;3518701.0;Guarujá;Baixada Santista;False;BRANCA
23478;3550308.0;São Paulo;Município de São Paulo;False;IGNORADO
23479;3502903.0;Araçoiaba da Serra;Sorocaba;False;BRANCA
23480;3517802.0;Guaraçaí;Araçatuba;False;BRANCA
23481;3542602.0;Registro;Registro;False;BRANCA
23482;3552502.0;Suzano;Grande SP Leste;False;IGNORADO
23483;3548708.0;São Bernardo do Campo;Grande SP Sudeste;False;PARDA
23484;3557105.0;Votuporanga;São José do Rio Preto;False;BRANCA
23485;3550308.0;São Paulo;Município de São Paulo;False;
23486;3550308.0;São Paulo;Município de São Paulo;False;BRANCA
23487;3551009.0;São Vicente;Baixada Santista;False;PARDA
23488;3548500.0;Santos;Baixada Santista;True;IGNORADO
23489;3550308.0;São Paulo;Município de São Paulo;False;IGNORADO
23490;3526001.0;Junqueirópolis;Presidente Prudente;False;PARDA
23491;3550308.0;São Paulo;Município de São Paulo;False;BRANCA
23492;3553500.0;Tapiraí;Sorocaba;False;BRANCA
23493;3507506.0;Botucatu;Bauru;False;BRANCA
23494;3550308.0;São Paulo;Município de São Paulo;False;PARDA
23495;3530607.0;Mogi das Cruzes;Grande SP Leste;True;BRANCA
23496;3549904.0;São José dos Campos;Taubaté;False;BRANCA
23497;3549904.0;São José dos Campos;Taubaté;False;IGNORADO
23498;3549904.0;São José dos Campos;Taubaté;False;BRANCA
23499;3545308.0;Salto de Pirapora;Sorocaba;False;AMARELA
23500;3529401.0;Mauá;Grande SP Sudeste;False;PARDA
23501;3504008.0;Assis;Marília;False;BRANCA
23502;3529401.0;Mauá;Grande SP Sudeste;True;PARDA
23503;3550308.0;São Paulo;Município de São Paulo;False;PARDA
23504;3519303.0;Ibaté;Araraquara;False;BRANCA
23505;3513801.0;Diadema;Grande SP Sudeste;False;BRANCA
23506;3548708.0;São Bernardo do Campo;Grande SP Sudeste;False;
23507;3525904.0;Jundiaí;Campinas;False;BRANCA
23508;3523107.0;Itaquaquecetuba;Grande SP Leste;False;PARDA
