26715;3520509.0;Indaiatuba;Campinas;False;PARDA
26716;3554003.0;Tatuí;Sorocaba;False;BRANCA
26717;3515707.0;Ferraz de Vasconcelos;Grande SP Leste;False;PARDA
26718;3523206.0;Itararé;Sorocaba;False;BRANCA
26719;3547700.0;Santo Anastácio;Presidente Prudente;False;
26720;3518800.0;Guarulhos;Grande SP Leste;False;BRANCA
26721;3553500.0;Tapiraí;Sorocaba;False;BRANCA
26722;3552205.0;Sorocaba;Sorocaba;False;BRANCA
26723;3523404.0;Itatiba;Campinas;False;PRETA
26724;3552403.0;Sumaré;Campinas;False;PARDA
26725;3552205.0;Sorocaba;Sorocaba;False;IGNORADO
26726;3550308.0;São Paulo;Município de São Paulo;False;PARDA
26727;3551702.0;Sertãozinho;Ribeirão Preto;False;BRANCA
26728;3508405.0;Cabreúva;Campinas;False;AMARELA
26729;3550308.0;São Paulo;Município de São Paulo;False;IGNORADO
26730;3548708.0;São Bernardo do Campo;Grande SP Sudeste;False;
26731;3550308.0;São Paulo;Município de São Paulo;False;PARDA
26732;3543402.0;Ribeirão Preto;Ribeirão Preto;False;PARDA
26733;3541802.0;Queiroz;Marília;False;PARDA
26734;3550308.0;São Paulo;Município de São Paulo;False;PRETA
26735;3550308.0;São Paulo;Município de São Paulo;False;IGNORADO
26736;3512308.0;Conchas;Bauru;False;PARDA
26737;3548708.0;São Bernardo do Campo;Grande SP Sudeste;False;IGNORADO
26738;3550308.0;São Paulo;Município de São Paulo;False;BRANCA
26739;3545803.0;Santa Bárbara d'Oeste;Campinas;False;BRANCA
26740;3550308.0;São Paulo;Município de São Paulo;False;PARDA
26741;3520400.0;Ilhabela;Taubaté;False;AMARELA
26742;3548708.0;São Bernardo do Campo;Grande SP Sudeste;False;BRANCA
26743;3550308.0;São Paulo;Município de São Paulo;False;PARDA
26744;3528007.0;Macatuba;Bauru;False;AMARELA
26745;3518800.0;Guarulhos;Grande SP Leste;True;IGNORADO
26746;3550308.0;São Paulo;Município de São Paulo;False;PARDA
26747;3550308.0;São Paulo;Município de São Paulo;False;BRANCA
26748;3550308.0;São Paulo;Município de São Paulo;False;PARDA
26749;3550308.0;São Paulo;Município de São Paulo;True;PARDA
26750;3550308.0;São Paulo;Município de São Paulo;False;AMARELA
26751;3550308.0;São Paulo;Município de São Paulo;False;PARDA
26752;3515707.0;Ferraz de Vasconcelos;Grande SP Leste;False;PARDA
26753;3501608.0;Americana;Campinas;False;PARDA
26754;3537305.0;Penápolis;Araçatuba;False;
26755;3516309.0;Francisco Morato;Grande SP Norte;False;BRANCA
26756;3552809.0;Taboão da Serra;Grande SP Sudoeste;False;PARDA
26757;3533502.0;Novo Horizonte;São José do Rio Preto;False;
26758;3550308.0;São Paulo;Município de São Paulo;False;PARDA
26759;3550308.0;São Paulo;Município de São Paulo;False;PARDA
26760;3548708.0;São Bernardo do Campo;Grande SP Sudeste;False;NONE
26761;3513504.0;Cubatão;Baixada Santista;False;BRANCA
26762;3516309.0;Francisco Morato;Grande SP Norte;False;BRANCA
26763;3522505.0;Itapevi;Grande SP Oeste;False;AMARELA
26764;3526704.0;Leme;Piracicaba;False;PARDA
26765;3550308.0;São Paulo;Município de São Paulo;True;PARDA
26766;3550308.0;São Paulo;Município de São Paulo;False;PARDA
26767;3529302.0;Matão;Araraquara;False;BRANCA
26768;3557105.0;Votuporanga;São José do Rio Preto;False;PARDA
26769;3525904.0;Jundiaí;Campinas;False;PARDA
26770;3518800.0;Guarulhos;Grande SP Leste;False;IGNORADO
26771;3509502.0;Campinas;Campinas;False;BRANCA
26772;3509502.0;Campinas;Campinas;False;BRANCA
26773;3543402.0;Ribeirão Preto;Ribeirão Preto;False;PARDA
26774;3550308.0;São Paulo;Município de São Paulo;False;BRANCA
26775;3550308.0;São Paulo;Município de São Paulo;False;PARDA
26776;3548906.0;São Carlos;Araraquara;False;IGNORADO
26777;3515509.0;Fernandópolis;São José do Rio Preto;False;PARDA
26778;3541307.0;Presidente Epitácio;Presidente Prudente;False;BRANCA
26779;3502804.0;Araçatuba;Araçatuba;False;AMARELA
26780;3550308.0;São Paulo;Município de São Paulo;False;PARDA
26781;3548708.0;São Bernardo do Campo;Grande SP Sudeste;False;BRANCA
26782;3548708.0;São Bernardo do Campo;Grande SP Sudeste;False;BRANCA
26783;3520509.0;Indaiatuba;Campinas;False;BRANCA
26784;3550308.0;São Paulo;Município de São Paulo;False;PARDA
26785;3509700.0;Campos do Jordão;Taubaté;False;BRANCA
26786;3529005.0;Marília;Marília;False;BRANCA
26787;3502804.0;Araçatuba;Araçatuba;False;BRANCA
26788;3550308.0;São Paulo;Município de São Paulo;False;BRANCA
26789;3507506.0;Botucatu;Bauru;False;BRANCA
26790;3510807.0;Casa Branca;São João da Boa Vista;False;PARDA
26791;3523305.0;Itariri;Registro;False;IGNORADO
26792;3548500.0;Santos;Baixada Santista;False;NONE
26793;3503208.0;Araraquara;Araraquara;False;PARDA
26794;3509007.0;Caieiras;Grande SP Norte;False;IGNORADO
26795;3550308.0;São Paulo;Município de São Paulo;False;PRETA
26796;3518800.0;Guarulhos;Grande SP Leste;False;AMARELA
26797;3550308.0;São Paulo;Município de São Paulo;False;
26798;3550308.0;São Paulo;Município de São Paulo;False;BRANCA
26799;3530805.0;Mogi Mirim;São João da Boa Vista;False;BRANCA
26800;3550308.0;São Paulo;Município de São Paulo;False;PARDA
26801;3548708.0;São Bernardo do Campo;Grande SP Sudeste;False;PARDA
26802;3536505.0;Paulínia;Campinas;False;
26803;3523206.0;Itararé;Sorocaba;False;BRANCA
26804;3550308.0;São Paulo;Município de São Paulo;False;IGNORADO
26805;3549805.0;São José do Rio Preto;São José do Rio Preto;False;BRANCA
26806;3516200.0;Franca;Franca;False;IGNORADO
26807;3521408.0;Iracemápolis;Piracicaba;False;PRETA
26808;3509502.0;Campinas;Campinas;False;IGNORADO
26809;3518404.0;Guaratinguetá;Taubaté;False;BRANCA
26810;3546702.0;Santa Gertrudes;Piracicaba;False;BRANCA
26811;3549904.0;São José dos Campos;Taubaté;False;BRANCA
26812;3503208.0;Araraquara;Araraquara;False;BRANCA
26813;3513801.0;Diadema;Grande SP Sudeste;False;BRANCA
26814;3549409.0;São Joaquim da Barra;Franca;False;BRANCA
26815;3536703.0;Pederneiras;Bauru;False;BRANCA
26816;3550308.0;São Paulo;Município de São Paulo;False;BRANCA
26817;3515509.0;Fernandópolis;São José do Rio Preto;False;BRANCA
26818;3550308.0;São Paulo;Município de São Paulo;False;BRANCA
26819;3550308.0;São Paulo;Município de São Paulo;False;NONE
26820;3550308.0;São Paulo;Município de São Paulo;False;BRANCA
26821;3525904.0;Jundiaí;Campinas;False;BRANCA
26822;3550308.0;São Paulo;Município de São Paulo;False;IGNORADO
26823;3505708.0;Barueri;Grande SP Oeste;False;IGNORADO
26824;3520509.0;Indaiatuba;Campinas;False;IGNORADO
26825;3550308.0;São Paulo;Município de São Paulo;False;BRANCA
26826;3548005.0;Santo Antônio de Posse;Campinas;False;BRANCA
26827;3514908.0;Elias Fausto;Piracicaba;False;IGNORADO
26828;3517703.0;Guará;Franca;False;BRANCA
26829;3550308.0;São Paulo;Município de São Paulo;False;BRANCA
26830;3548500.0;Santos;Baixada Santista;False;AMARELA
26831;3539806.0;Poá;Grande SP Leste;False;AMARELA
26832;3518800.0;Guarulhos;Grande SP Leste;False;IGNORADO
26833;3523107.0;Itaquaquecetuba;Grande SP Leste;False;
26834;3534302.0;Orlândia;Franca;True;NONE
26835;3551108.0;Sarapuí;Sorocaba;False;PARDA
26836;3505500.0;Barretos;Barretos;False;BRANCA
26837;3550308.0;São Paulo;Município de São Paulo;False;PARDA
26838;3550308.0;São Paulo;Município de São Paulo;False;BRANCA
26839;3532900.0;Nova Europa;Araraquara;False;AMARELA
26840;3550308.0;São Paulo;Município de São Paulo;False;BRANCA
26841;3550308.0;São Paulo;Município de São Paulo;False;BRANCA
26842;3550308.0;São Paulo;Município de São Paulo;False;BRANCA
26843;3550308.0;São Paulo;Município de São Paulo;False;IGNORADO
26844;3534708.0;Ourinhos;Marília;False;BRANCA
26845;3550902.0;São Simão;Ribeirão Preto;False;AMARELA
26846;3516200.0;Franca;Franca;False;PARDA
26847;3526803.0;Lençóis Paulista;Bauru;True;PARDA
26848;3525003.0;Jandira;Grande SP Oeste;False;IGNORADO
26849;3543402.0;Ribeirão Preto;Ribeirão Preto;False;BRANCA
26850;3513801.0;Diadema;Grande SP Sudeste;False;BRANCA
26851;3550308.0;São Paulo;Município de São Paulo;False;PRETA
26852;3522208.0;Itapecerica da Serra;Grande SP Sudoeste;False;PRETA
26853;3530607.0;Mogi das Cruzes;Grande SP Leste;False;BRANCA
26854;3509502.0;Campinas;Campinas;False;BRANCA
26855;3550308.0;São Paulo;Município de São Paulo;False;BRANCA
26856;3543907.0;Rio Claro;Piracicaba;False;BRANCA
26857;3543402.0;Ribeirão Preto;Ribeirão Preto;False;IGNORADO
