27777;3518305.0;Guararema;Grande SP Leste;False;BRANCA
27778;3508405.0;Cabreúva;Campinas;False;BRANCA
27779;3550308.0;São Paulo;Município de São Paulo;False;PARDA
27780;3550308.0;São Paulo;Município de São Paulo;False;BRANCA
27781;3549805.0;São José do Rio Preto;São José do Rio Preto;False;BRANCA
27782;3550308.0;São Paulo;Município de São Paulo;False;IGNORADO
27783;3515152.0;Engenheiro Coelho;Piracicaba;False;BRANCA
27784;3520509.0;Indaiatuba;Campinas;False;NONE
27785;3540200.0;Pontal;Ribeirão Preto;False;BRANCA
27786;3519303.0;Ibaté;Araraquara;False;PARDA
27787;3526209.0;Juquitiba;Grande SP Sudoeste;False;BRANCA
27788;3545605.0;Santa Adélia;São José do Rio Preto;False;BRANCA
27789;3506359.0;Bertioga;Baixada Santista;False;BRANCA
27790;3547809.0;Santo André;Grande SP Sudeste;False;IGNORADO
27791;3533403.0;Nova Odessa;Campinas;False;BRANCA
27792;3552809.0;Taboão da Serra;Grande SP Sudoeste;False;PARDA
27793;3513504.0;Cubatão;Baixada Santista;False;PARDA
27794;3552502.0;Suzano;Grande SP Leste;False;BRANCA
27795;3550308.0;São Paulo;Município de São Paulo;False;NONE
27796;3550308.0;São Paulo;Município de São Paulo;False;IGNORADO
27797;3529401.0;Mauá;Grande SP Sudeste;False;BRANCA
27798;3550308.0;São Paulo;Município de São Paulo;False;PARDA
27799;3518701.0;Guarujá;Baixada Santista;False;AMARELA
27800;3550308.0;São Paulo;Município de São Paulo;False;BRANCA
27801;3554102.0;Taubaté;Taubaté;False;BRANCA
27802;3550308.0;São Paulo;Município de São Paulo;False;PRETA
27803;3509502.0;Campinas;Campinas;False;BRANCA
27804;3535507.0;Paraguaçu Paulista;Marília;False;PARDA
27805;3507001.0;Boituva;Sorocaba;False;BRANCA
27806;3550308.0;São Paulo;Município de São Paulo;False;PARDA
27807;3509502.0;Campinas;Campinas;False;PRETA
27808;3531902.0;Morro Agudo;Franca;False;BRANCA
27809;3550308.0;São Paulo;Município de São Paulo;False;IGNORADO
27810;3514957.0;Embaúba;São José do Rio Preto;False;IGNORADO
27811;3503901.0;Arujá;Grande SP Leste;False;BRANCA
27812;3556107.0;Valentim Gentil;São José do Rio Preto;False;PRETA
27813;3547809.0;Santo André;Grande SP Sudeste;False;BRANCA
27814;3548708.0;São Bernardo do Campo;Grande SP Sudeste;False;PRETA
27815;3503901.0;Arujá;Grande SP Leste;False;PARDA
27816;3550308.0;São Paulo;Município de São Paulo;False;PARDA
27817;3550308.0;São Paulo;Município de São Paulo;False;INDIGENA
27818;3516408.0;Franco da Rocha;Grande SP Norte;False;PARDA
27819;3550308.0;São Paulo;Município de São Paulo;False;BRANCA
27820;3550308.0;São Paulo;Município de São Paulo;True;PRETA
27821;3538709.0;Piracicaba;Piracicaba;False;BRANCA
27822;3550308.0;São Paulo;Município de São Paulo;False;IGNORADO
27823;3507506.0;Botucatu;Bauru;False;BRANCA
27824;3519071.0;Hortolândia;Campinas;False;PARDA
27825;3524600.0;Jacupiranga;Registro;False;AMARELA
27826;3548708.0;São Bernardo do Campo;Grande SP Sudeste;False;PRETA
27827;3534401.0;Osasco;Grande SP Oeste;False;BRANCA
27828;3541000.0;Praia Grande;Baixada Santista;False;BRANCA
27829;3547304.0;Santana de Parnaíba;Grande SP Oeste;False;PARDA
27830;3509700.0;Campos do Jordão;Taubaté;False;PARDA
27831;3517703.0;Guará;Franca;False;BRANCA
27832;3536703.0;Pederneiras;Bauru;False;BRANCA
27833;3550308.0;São Paulo;Município de São Paulo;False;PARDA
27834;3527108.0;Lins;Bauru;False;BRANCA
27835;3550308.0;São Paulo;Município de São Paulo;False;BRANCA
27836;3512209.0;Conchal;Piracicaba;False;IGNORADO
27837;3550308.0;São Paulo;Município de São Paulo;False;AMARELA
27838;3549904.0;São José dos Campos;Taubaté;False;BRANCA
27839;3539301.0;Pirassununga;Piracicaba;False;BRANCA
27840;3541406.0;Presidente Prudente;Presidente Prudente;False;PARDA
27841;3547304.0;Santana de Parnaíba;Grande SP Oeste;False;BRANCA
27842;3536505.0;Paulínia;Campinas;False;IGNORADO
27843;3529005.0;Marília;Marília;False;IGNORADO
27844;3550308.0;São Paulo;Município de São Paulo;False;BRANCA
27845;3550308.0;São Paulo;Município de São Paulo;False;NONE
27846;3549904.0;São José dos Campos;Taubaté;False;BRANCA
27847;3543402.0;Ribeirão Preto;Ribeirão Preto;False;BRANCA
27848;3541604.0;Promissão;Bauru;False;PARDA
27849;3550308.0;São Paulo;Município de São Paulo;False;BRANCA
27850;3548708.0;São Bernardo do Campo;Grande SP Sudeste;False;BRANCA
27851;3509502.0;Campinas;Campinas;False;BRANCA
27852;3517208.0;Guaiçara;Bauru;False;BRANCA
27853;3550308.0;São Paulo;Município de São Paulo;False;BRANCA
27854;3524402.0;Jacareí;Taubaté;False;BRANCA
27855;3548500.0;Santos;Baixada Santista;False;IGNORADO
27856;3509502.0;Campinas;Campinas;False;BRANCA
27857;3518800.0;Guarulhos;Grande SP Leste;False;IGNORADO
27858;3522208.0;Itapecerica da Serra;Grande SP Sudoeste;False;BRANCA
27859;3515707.0;Ferraz de Vasconcelos;Grande SP Leste;False;BRANCA
27860;3520442.0;Ilha Solteira;Araçatuba;False;BRANCA
27861;3552809.0;Taboão da Serra;Grande SP Sudoeste;False;PARDA
27862;3534401.0;Osasco;Grande SP Oeste;False;BRANCA
27863;3515509.0;Fernandópolis;São José do Rio Preto;False;BRANCA
27864;3554102.0;Taubaté;Taubaté;False;BRANCA
27865;3547809.0;Santo André;Grande SP Sudeste;False;IGNORADO
27866;3550308.0;São Paulo;Município de São Paulo;False;PARDA
27867;3545209.0;Salto;Sorocaba;False;BRANCA
27868;3528502.0;Mairiporã;Grande SP Norte;False;BRANCA
27869;3550308.0;São Paulo;Município de São Paulo;False;PRETA
27870;3548807.0;São Caetano do Sul;Grande SP Sudeste;False;BRANCA
27871;3529005.0;Marília;Marília;False;PARDA
27872;3550308.0;São Paulo;Município de São Paulo;False;IGNORADO
27873;3529005.0;Marília;Marília;False;BRANCA
27874;3510609.0;Carapicuíba;Grande SP Oeste;False;BRANCA
27875;3550308.0;São Paulo;Município de São Paulo;False;IGNORADO
27876;3550308.0;São Paulo;Município de São Paulo;False;NONE
27877;3550308.0;São Paulo;Município de São Paulo;False;PARDA
27878;3521408.0;Iracemápolis;Piracicaba;False;BRANCA
27879;3540903.0;Pradópolis;Ribeirão Preto;False;BRANCA
27880;3519071.0;Hortolândia;Campinas;False;PARDA
27881;3543402.0;Ribeirão Preto;Ribeirão Preto;False;IGNORADO
27882;3552809.0;Taboão da Serra;Grande SP Sudoeste;False;PARDA
27883;3547809.0;Santo André;Grande SP Sudeste;False;BRANCA
27884;3522505.0;Itapevi;Grande SP Oeste;False;PRETA
27885;3550308.0;São Paulo;Município de São Paulo;False;BRANCA
27886;3539004.0;Pirangi;São José do Rio Preto;False;BRANCA
27887;3548708.0;São Bernardo do Campo;Grande SP Sudeste;False;PARDA
27888;3550407.0;São Pedro;Piracicaba;False;BRANCA
27889;3550308.0;São Paulo;Município de São Paulo;False;BRANCA
27890;3550308.0;São Paulo;Município de São Paulo;False;PARDA
27891;3534401.0;Osasco;Grande SP Oeste;False;BRANCA
27892;3506508.0;Birigui;Araçatuba;False;IGNORADO
27893;3550308.0;São Paulo;Município de São Paulo;False;PARDA
27894;3550308.0;São Paulo;Município de São Paulo;False;PRETA
27895;3557105.0;Votuporanga;São José do Rio Preto;False;BRANCA
27896;3504701.0;Balbinos;Bauru;False;PARDA
27897;3513504.0;Cubatão;Baixada Santista;False;NONE
27898;3550308.0;São Paulo;Município de São Paulo;False;PARDA
27899;3513504.0;Cubatão;Baixada Santista;False;BRANCA
27900;3550308.0;São Paulo;Município de São Paulo;False;PARDA
27901;3550308.0;São Paulo;Município de São Paulo;False;PARDA
27902;3538709.0;Piracicaba;Piracicaba;False;BRANCA
27903;3525904.0;Jundiaí;Campinas;False;BRANCA
27904;3550308.0;São Paulo;Município de São Paulo;False;BRANCA
27905;3549805.0;São José do Rio Preto;São José do Rio Preto;False;BRANCA
27906;3543402.0;Ribeirão Preto;Ribeirão Preto;False;PARDA
27907;3513504.0;Cubatão;Baixada Santista;False;IGNORADO
27908;3529401.0;Mauá;Grande SP Sudeste;False;PRETA
27909;3556206.0;Valinhos;Campinas;False;PARDA
27910;3550308.0;São Paulo;Município de São Paulo;False;NONE
27911;3550308.0;São Paulo;Município de São Paulo;False;IGNORADO
27912;3550308.0;São Paulo;Município de São Paulo;False;PARDA
27913;3541406.0;Presidente Prudente;Presidente Prudente;False;
27914;3550308.0;São Paulo;Município de São Paulo;False;PARDA
27915;3552304.0;Sud Mennucci;Araçatuba;False;BRANCA
27916;3524006.0;Itupeva;Campinas;False;BRANCA
27917;3522208.0;Itapecerica da Serra;Grande SP Sudoeste;False;BRANCA
