49688;3520103.0;Igarapava;Franca;False;IGNORADO
49689;3530607.0;Mogi das Cruzes;Grande SP Leste;False;
49690;3510203.0;Capão Bonito;Sorocaba;False;IGNORADO
49691;3529401.0;Mauá;Grande SP Sudeste;False;IGNORADO
49692;3550308.0;São Paulo;Município de São Paulo;False;IGNORADO
49693;3509502.0;Campinas;Campinas;False;PARDA
49694;3550308.0;São Paulo;Município de São Paulo;False;PRETA
49695;3518701.0;Guarujá;Baixada Santista;False;PARDA
49696;3507704.0;Braúna;Araçatuba;False;BRANCA
49697;3549904.0;São José dos Campos;Taubaté;False;BRANCA
49698;3534401.0;Osasco;Grande SP Oeste;True;IGNORADO
49699;3550308.0;São Paulo;Município de São Paulo;False;BRANCA
49700;3550308.0;São Paulo;Município de São Paulo;True;PARDA
49701;3550308.0;São Paulo;Município de São Paulo;False;PARDA
49702;3550308.0;São Paulo;Município de São Paulo;True;BRANCA
49703;3552205.0;Sorocaba;Sorocaba;False;PARDA
49704;3510609.0;Carapicuíba;Grande SP Oeste;False;IGNORADO
49705;3550308.0;São Paulo;Município de São Paulo;False;IGNORADO
49706;3549904.0;São José dos Campos;Taubaté;False;IGNORADO
49707;3554102.0;Taubaté;Taubaté;False;PRETA
49708;3552809.0;Taboão da Serra;Grande SP Sudoeste;False;BRANCA
49709;3509502.0;Campinas;Campinas;False;BRANCA
49710;3550308.0;São Paulo;Município de São Paulo;False;NONE
49711;3549904.0;São José dos Campos;Taubaté;False;BRANCA
49712;3550308.0;São Paulo;Município de São Paulo;True;PARDA
49713;3550308.0;São Paulo;Município de São Paulo;False;BRANCA
49714;3526100.0;Juquiá;Registro;False;BRANCA
49715;3550308.0;São Paulo;Município de São Paulo;False;BRANCA
49716;3545209.0;Salto;Sorocaba;False;BRANCA
49717;3548708.0;São Bernardo do Campo;Grande SP Sudeste;False;PARDA
49718;3550308.0;São Paulo;Município de São Paulo;False;NONE
49719;3550704.0;São Sebastião;Taubaté;False;BRANCA
49720;3528403.0;Mairinque;Sorocaba;True;PARDA
49721;3513801.0;Diadema;Grande SP Sudeste;False;
49722;3550308.0;São Paulo;Município de São Paulo;False;BRANCA
49723;3529401.0;Mauá;Grande SP Sudeste;True;NONE
49724;3554102.0;Taubaté;Taubaté;False;BRANCA
49725;3526704.0;Leme;Piracicaba;False;BRANCA
49726;3543402.0;Ribeirão Preto;Ribeirão Preto;False;IGNORADO
49727;3522307.0;Itapetininga;Sorocaba;False;BRANCA
49728;3552502.0;Suzano;Grande SP Leste;True;BRANCA
49729;3530300.0;Mirassol;São José do Rio Preto;False;BRANCA
49730;3530102.0;Mirandópolis;Araçatuba;False;PARDA
49731;3552502.0;Suzano;Grande SP Leste;True;PARDA
49732;3552502.0;Suzano;Grande SP Leste;False;NONE
49733;3513801.0;Diadema;Grande SP Sudeste;False;
49734;3526902.0;Limeira;Piracicaba;False;BRANCA
49735;3518800.0;Guarulhos;Grande SP Leste;False;BRANCA
49736;3550308.0;São Paulo;Município de São Paulo;False;PARDA
49737;3501608.0;Americana;Campinas;False;AMARELA
49738;3550308.0;São Paulo;Município de São Paulo;False;BRANCA
49739;3515004.0;Embu das Artes;Grande SP Sudoeste;False;BRANCA
49740;3537800.0;Piedade;Sorocaba;False;BRANCA
49741;3550308.0;São Paulo;Município de São Paulo;False;BRANCA
49742;3550308.0;São Paulo;Município de São Paulo;False;BRANCA
49743;3550308.0;São Paulo;Município de São Paulo;False;PARDA
49744;3550308.0;São Paulo;Município de São Paulo;False;BRANCA
49745;3505708.0;Barueri;Grande SP Oeste;False;AMARELA
49746;3534401.0;Osasco;Grande SP Oeste;False;PARDA
49747;3550308.0;São Paulo;Município de São Paulo;False;BRANCA
49748;3550308.0;São Paulo;Município de São Paulo;False;BRANCA
49749;3534401.0;Osasco;Grande SP Oeste;False;BRANCA
49750;3550308.0;São Paulo;Município de São Paulo;False;IGNORADO
49751;3509502.0;Campinas;Campinas;False;PARDA
49752;3546306.0;Santa Cruz das Palmeiras;São João da Boa Vista;False;PRETA
49753;3550308.0;São Paulo;Município de São Paulo;False;BRANCA
49754;3550308.0;São Paulo;Município de São Paulo;False;IGNORADO
49755;3550308.0;São Paulo;Município de São Paulo;False;PARDA
49756;3551009.0;São Vicente;Baixada Santista;False;PARDA
49757;3548708.0;São Bernardo do Campo;Grande SP Sudeste;False;
49758;3509502.0;Campinas;Campinas;False;PARDA
49759;3550308.0;São Paulo;Município de São Paulo;False;BRANCA
49760;3550308.0;São Paulo;Município de São Paulo;False;BRANCA
49761;3550308.0;São Paulo;Município de São Paulo;False;BRANCA
49762;3541000.0;Praia Grande;Baixada Santista;False;PARDA
49763;3550308.0;São Paulo;Município de São Paulo;False;PARDA
49764;3550308.0;São Paulo;Município de São Paulo;False;BRANCA
49765;3525904.0;Jundiaí;Campinas;False;PARDA
49766;3550308.0;São Paulo;Município de São Paulo;False;BRANCA
49767;3548708.0;São Bernardo do Campo;Grande SP Sudeste;False;BRANCA
49768;3530607.0;Mogi das Cruzes;Grande SP Leste;False;IGNORADO
49769;3549904.0;São José dos Campos;Taubaté;False;BRANCA
49770;3550308.0;São Paulo;Município de São Paulo;False;BRANCA
49771;3550308.0;São Paulo;Município de São Paulo;False;IGNORADO
49772;3522109.0;Itanhaém;Baixada Santista;False;IGNORADO
49773;3550308.0;São Paulo;Município de São Paulo;False;PARDA
49774;3549904.0;São José dos Campos;Taubaté;False;BRANCA
49775;3550308.0;São Paulo;Município de São Paulo;False;BRANCA
49776;3550308.0;São Paulo;Município de São Paulo;False;BRANCA
49777;3526704.0;Leme;Piracicaba;False;AMARELA
49778;3550308.0;São Paulo;Município de São Paulo;False;
49779;3523107.0;Itaquaquecetuba;Grande SP Leste;False;PARDA
49780;3509007.0;Caieiras;Grande SP Norte;False;PARDA
49781;3550308.0;São Paulo;Município de São Paulo;False;NONE
49782;3549904.0;São José dos Campos;Taubaté;False;BRANCA
49783;3549904.0;São José dos Campos;Taubaté;False;PARDA
49784;3535606.0;Paraibuna;Taubaté;False;BRANCA
49785;3552205.0;Sorocaba;Sorocaba;False;BRANCA
49786;3527108.0;Lins;Bauru;False;IGNORADO
49787;3534906.0;Pacaembu;Marília;False;BRANCA
49788;3550308.0;São Paulo;Município de São Paulo;False;BRANCA
49789;3515004.0;Embu das Artes;Grande SP Sudoeste;False;
49790;3550308.0;São Paulo;Município de São Paulo;False;AMARELA
49791;3554805.0;Tremembé;Taubaté;False;BRANCA
49792;3525300.0;Jaú;Bauru;False;BRANCA
49793;3504107.0;Atibaia;Campinas;False;BRANCA
49794;3510609.0;Carapicuíba;Grande SP Oeste;False;BRANCA
49795;3516309.0;Francisco Morato;Grande SP Norte;False;BRANCA
49796;3501608.0;Americana;Campinas;False;BRANCA
49797;3518701.0;Guarujá;Baixada Santista;False;BRANCA
49798;3550308.0;São Paulo;Município de São Paulo;False;PARDA
49799;3523107.0;Itaquaquecetuba;Grande SP Leste;False;AMARELA
49800;3550308.0;São Paulo;Município de São Paulo;False;PARDA
49801;3543402.0;Ribeirão Preto;Ribeirão Preto;False;IGNORADO
49802;3519071.0;Hortolândia;Campinas;False;PARDA
49803;3550308.0;São Paulo;Município de São Paulo;False;PRETA
49804;3550308.0;São Paulo;Município de São Paulo;False;PRETA
49805;3552502.0;Suzano;Grande SP Leste;False;BRANCA
49806;3552502.0;Suzano;Grande SP Leste;False;BRANCA
49807;3528502.0;Mairiporã;Grande SP Norte;False;IGNORADO
49808;3552809.0;Taboão da Serra;Grande SP Sudoeste;False;
49809;3549805.0;São José do Rio Preto;São José do Rio Preto;False;IGNORADO
49810;3513009.0;Cotia;Grande SP Sudoeste;False;PARDA
49811;3550308.0;São Paulo;Município de São Paulo;False;PARDA
49812;3550308.0;São Paulo;Município de São Paulo;False;BRANCA
49813;3511607.0;Cesário Lange;Sorocaba;True;BRANCA
49814;3552809.0;Taboão da Serra;Grande SP Sudoeste;False;PARDA
49815;3506003.0;Bauru;Bauru;False;PARDA
49816;3547601.0;Santa Rosa de Viterbo;Ribeirão Preto;False;BRANCA
49817;3550308.0;São Paulo;Município de São Paulo;False;
49818;3554003.0;Tatuí;Sorocaba;False;BRANCA
49819;3545209.0;Salto;Sorocaba;False;BRANCA
49820;3513504.0;Cubatão;Baixada Santista;False;NONE
49821;3539202.0;Pirapozinho;Presidente Prudente;False;PARDA
49822;3542206.0;Rancharia;Presidente Prudente;False;BRANCA
49823;3551702.0;Sertãozinho;Ribeirão Preto;False;BRANCA
49824;3550308.0;São Paulo;Município de São Paulo;True;PARDA
49825;3549904.0;São José dos Campos;Taubaté;False;BRANCA
49826;3550308.0;São Paulo;Município de São Paulo;False;BRANCA
49827;3556701.0;Vinhedo;Campinas;False;BRANCA
49828;3550308.0;São Paulo;Município de São Paulo;False;PARDA
49829;3550308.0;São Paulo;Município de São Paulo;False;PARDA
