14503;3550308.0;São Paulo;Município de São Paulo;False;BRANCA
14504;3503208.0;Araraquara;Araraquara;False;BRANCA
14505;3550308.0;São Paulo;Município de São Paulo;False;BRANCA
14506;3506508.0;Birigui;Araçatuba;False;IGNORADO
14507;3539202.0;Pirapozinho;Presidente Prudente;False;BRANCA
14508;3530706.0;Mogi Guaçu;São João da Boa Vista;False;BRANCA
14509;3524709.0;Jaguariúna;Campinas;False;BRANCA
14510;3550308.0;São Paulo;Município de São Paulo;False;BRANCA
14511;3519071.0;Hortolândia;Campinas;False;AMARELA
14512;3556206.0;Valinhos;Campinas;False;PARDA
14513;3509502.0;Campinas;Campinas;False;BRANCA
14514;3524709.0;Jaguariúna;Campinas;False;BRANCA
14515;3516309.0;Francisco Morato;Grande SP Norte;False;BRANCA
14516;3550308.0;São Paulo;Município de São Paulo;False;PARDA
14517;3506003.0;Bauru;Bauru;False;PRETA
14518;3509502.0;Campinas;Campinas;False;BRANCA
14519;3509502.0;Campinas;Campinas;False;BRANCA
14520;3550308.0;São Paulo;Município de São Paulo;False;PARDA
14521;3549805.0;São José do Rio Preto;São José do Rio Preto;False;BRANCA
14522;3526902.0;Limeira;Piracicaba;False;BRANCA
14523;3548708.0;São Bernardo do Campo;Grande SP Sudeste;False;BRANCA
14524;3525904.0;Jundiaí;Campinas;False;NONE
14525;3550308.0;São Paulo;Município de São Paulo;False;IGNORADO
14526;3552403.0;Sumaré;Campinas;False;BRANCA
14527;3507605.0;Bragança Paulista;Campinas;False;BRANCA
14528;3550308.0;São Paulo;Município de São Paulo;False;PARDA
14529;3550308.0;São Paulo;Município de São Paulo;False;IGNORADO
14530;3530607.0;Mogi das Cruzes;Grande SP Leste;False;BRANCA
14531;3550308.0;São Paulo;Município de São Paulo;False;BRANCA
14532;3500709.0;Agudos;Bauru;False;BRANCA
14533;3506508.0;Birigui;Araçatuba;False;IGNORADO
14534;3550308.0;São Paulo;Município de São Paulo;False;BRANCA
14535;3550308.0;São Paulo;Município de São Paulo;False;BRANCA
14536;3550308.0;São Paulo;Município de São Paulo;False;IGNORADO
14537;3529401.0;Mauá;Grande SP Sudeste;False;BRANCA
14538;3505609.0;Barrinha;Ribeirão Preto;False;BRANCA
14539;3515509.0;Fernandópolis;São José do Rio Preto;False;BRANCA
14540;3552502.0;Suzano;Grande SP Leste;False;BRANCA
14541;3550308.0;São Paulo;Município de São Paulo;False;BRANCA
14542;3526902.0;Limeira;Piracicaba;False;AMARELA
14543;3550308.0;São Paulo;Município de São Paulo;False;BRANCA
14544;3550308.0;São Paulo;Município de São Paulo;False;BRANCA
14545;3526902.0;Limeira;Piracicaba;False;PARDA
14546;3500550.0;Águas de Santa Bárbara;Bauru;False;BRANCA
14547;3541000.0;Praia Grande;Baixada Santista;False;PARDA
14548;3550308.0;São Paulo;Município de São Paulo;False;BRANCA
14549;3557105.0;Votuporanga;São José do Rio Preto;False;BRANCA
14550;3550308.0;São Paulo;Município de São Paulo;False;PARDA
14551;3510005.0;Cândido Mota;Marília;False;BRANCA
14552;3550308.0;São Paulo;Município de São Paulo;False;IGNORADO
14553;3506508.0;Birigui;Araçatuba;False;BRANCA
14554;3552502.0;Suzano;Grande SP Leste;False;BRANCA
14555;3530805.0;Mogi Mirim;São João da Boa Vista;False;BRANCA
14556;3549904.0;São José dos Campos;Taubaté;False;BRANCA
14557;3550308.0;São Paulo;Município de São Paulo;False;PARDA
14558;3545803.0;Santa Bárbara d'Oeste;Campinas;False;BRANCA
14559;3509502.0;Campinas;Campinas;False;BRANCA
14560;3502804.0;Araçatuba;Araçatuba;False;BRANCA
14561;3538709.0;Piracicaba;Piracicaba;False;BRANCA
14562;3550308.0;São Paulo;Município de São Paulo;False;
14563;3509502.0;Campinas;Campinas;False;BRANCA
14564;3550308.0;São Paulo;Município de São Paulo;False;BRANCA
14565;3513504.0;Cubatão;Baixada Santista;False;PARDA
14566;3548500.0;Santos;Baixada Santista;False;IGNORADO
14567;3550308.0;São Paulo;Município de São Paulo;False;BRANCA
14568;3548500.0;Santos;Baixada Santista;False;BRANCA
14569;3545308.0;Salto de Pirapora;Sorocaba;False;BRANCA
14570;3545308.0;Salto de Pirapora;Sorocaba;False;
14571;3523404.0;Itatiba;Campinas;False;BRANCA
14572;3547809.0;Santo André;Grande SP Sudeste;False;PARDA
14573;3550100.0;São Manuel;Bauru;False;BRANCA
14574;3541406.0;Presidente Prudente;Presidente Prudente;False;
14575;3550704.0;São Sebastião;Taubaté;False;IGNORADO
14576;3518701.0;Guarujá;Baixada Santista;False;BRANCA
14577;3504404.0;Avanhandava;Araçatuba;False;BRANCA
14578;3509502.0;Campinas;Campinas;False;IGNORADO
14579;3510609.0;Carapicuíba;Grande SP Oeste;False;IGNORADO
14580;3545209.0;Salto;Sorocaba;False;BRANCA
14581;3549805.0;São José do Rio Preto;São José do Rio Preto;False;IGNORADO
14582;3502408.0;Anhumas;Presidente Prudente;False;PARDA
14583;3539608.0;Planalto;São José do Rio Preto;False;BRANCA
14584;3505708.0;Barueri;Grande SP Oeste;False;BRANCA
14585;3524501.0;Jaci;São José do Rio Preto;False;NONE
14586;3527207.0;Lorena;Taubaté;False;AMARELA
14587;3548500.0;Santos;Baixada Santista;False;PARDA
14588;3550308.0;São Paulo;Município de São Paulo;False;PARDA
14589;3506508.0;Birigui;Araçatuba;False;BRANCA
14590;3503208.0;Araraquara;Araraquara;False;BRANCA
14591;3550308.0;São Paulo;Município de São Paulo;False;PARDA
14592;3534401.0;Osasco;Grande SP Oeste;False;PARDA
14593;3538709.0;Piracicaba;Piracicaba;False;
14594;3550308.0;São Paulo;Município de São Paulo;False;BRANCA
14595;3550308.0;São Paulo;Município de São Paulo;False;BRANCA
14596;3548807.0;São Caetano do Sul;Grande SP Sudeste;False;BRANCA
14597;3550308.0;São Paulo;Município de São Paulo;False;BRANCA
14598;3530508.0;Mococa;São João da Boa Vista;True;BRANCA
14599;3550308.0;São Paulo;Município de São Paulo;True;PARDA
14600;3538709.0;Piracicaba;Piracicaba;False;BRANCA
14601;3530805.0;Mogi Mirim;São João da Boa Vista;False;IGNORADO
14602;3504602.0;Bady Bassitt;São José do Rio Preto;False;BRANCA
14603;3545506.0;Sandovalina;Presidente Prudente;False;PARDA
14604;3557105.0;Votuporanga;São José do Rio Preto;False;BRANCA
14605;3548708.0;São Bernardo do Campo;Grande SP Sudeste;False;BRANCA
14606;3554102.0;Taubaté;Taubaté;False;BRANCA
14607;3548500.0;Santos;Baixada Santista;False;BRANCA
14608;3550308.0;São Paulo;Município de São Paulo;False;BRANCA
14609;3550308.0;São Paulo;Município de São Paulo;False;IGNORADO
14610;3550308.0;São Paulo;Município de São Paulo;False;BRANCA
14611;3526803.0;Lençóis Paulista;Bauru;False;BRANCA
14612;3552106.0;Socorro;Campinas;False;BRANCA
14613;3548500.0;Santos;Baixada Santista;False;PARDA
14614;3550308.0;São Paulo;Município de São Paulo;False;PARDA
14615;3530607.0;Mogi das Cruzes;Grande SP Leste;False;BRANCA
14616;3550308.0;São Paulo;Município de São Paulo;False;PARDA
14617;3550308.0;São Paulo;Município de São Paulo;False;BRANCA
14618;3507605.0;Bragança Paulista;Campinas;False;BRANCA
14619;3550308.0;São Paulo;Município de São Paulo;False;IGNORADO
14620;3550308.0;São Paulo;Município de São Paulo;False;PARDA
14621;3550308.0;São Paulo;Município de São Paulo;False;BRANCA
14622;3506003.0;Bauru;Bauru;False;BRANCA
14623;3525003.0;Jandira;Grande SP Oeste;False;BRANCA
14624;3538709.0;Piracicaba;Piracicaba;False;BRANCA
14625;3549805.0;São José do Rio Preto;São José do Rio Preto;False;BRANCA
14626;3526902.0;Limeira;Piracicaba;False;IGNORADO
14627;3541000.0;Praia Grande;Baixada Santista;False;PRETA
14628;3550308.0;São Paulo;Município de São Paulo;False;IGNORADO
14629;3548500.0;Santos;Baixada Santista;False;BRANCA
14630;3529401.0;Mauá;Grande SP Sudeste;False;PRETA
14631;3504107.0;Atibaia;Campinas;True;BRANCA
14632;3550308.0;São Paulo;Município de São Paulo;False;PRETA
14633;3538709.0;Piracicaba;Piracicaba;False;BRANCA
14634;3509007.0;Caieiras;Grande SP Norte;False;BRANCA
14635;3524402.0;Jacareí;Taubaté;False;BRANCA
14636;3529005.0;Marília;Marília;False;BRANCA
14637;3556206.0;Valinhos;Campinas;False;BRANCA
14638;3541208.0;Presidente Bernardes;Presidente Prudente;True;BRANCA
14639;3541208.0;Presidente Bernardes;Presidente Prudente;False;BRANCA
14640;3505500.0;Barretos;Barretos;False;BRANCA
14641;3541406.0;Presidente Prudente;Presidente Prudente;False;BRANCA
14642;3542602.0;Registro;Registro;True;IGNORADO
14643;3550308.0;São Paulo;Município de São Paulo;False;BRANCA
14644;3528502.0;Mairiporã;Grande SP Norte;False;BRANCA
14645;3547809.0;Santo André;Grande SP Sudeste;False;IGNORADO
