9743;3529005.0;Marília;Marília;False;BRANCA
9744;3534401.0;Osasco;Grande SP Oeste;False;IGNORADO
9745;3550308.0;São Paulo;Município de São Paulo;False;BRANCA
9746;3550308.0;São Paulo;Município de São Paulo;False;PARDA
9747;3550308.0;São Paulo;Município de São Paulo;False;AMARELA
9748;3550308.0;São Paulo;Município de São Paulo;False;BRANCA
9749;3502804.0;Araçatuba;Araçatuba;False;BRANCA
9750;3518800.0;Guarulhos;Grande SP Leste;False;PARDA
9751;3550308.0;São Paulo;Município de São Paulo;False;BRANCA
9752;3550308.0;São Paulo;Município de São Paulo;False;
9753;3518800.0;Guarulhos;Grande SP Leste;False;BRANCA
9754;3550308.0;São Paulo;Município de São Paulo;False;BRANCA
9755;3542602.0;Registro;Registro;False;BRANCA
9756;3505906.0;Batatais;Ribeirão Preto;False;BRANCA
9757;3508504.0;Caçapava;Taubaté;False;BRANCA
9758;3506003.0;Bauru;Bauru;False;BRANCA
9759;3520202.0;Igaratá;Taubaté;False;BRANCA
9760;3522505.0;Itapevi;Grande SP Oeste;False;BRANCA
9761;3522109.0;Itanhaém;Baixada Santista;False;BRANCA
9762;3550308.0;São Paulo;Município de São Paulo;False;
9763;3550308.0;São Paulo;Município de São Paulo;False;PARDA
9764;3543303.0;Ribeirão Pires;Grande SP Sudeste;False;BRANCA
9765;3513801.0;Diadema;Grande SP Sudeste;False;PARDA
9766;3552205.0;Sorocaba;Sorocaba;False;IGNORADO
9767;3520509.0;Indaiatuba;Campinas;False;IGNORADO
9768;3505708.0;Barueri;Grande SP Oeste;False;AMARELA
9769;3522109.0;Itanhaém;Baixada Santista;False;PARDA
9770;3550308.0;São Paulo;Município de São Paulo;False;PARDA
9771;3550308.0;São Paulo;Município de São Paulo;False;BRANCA
9772;3539202.0;Pirapozinho;Presidente Prudente;False;BRANCA
9773;3548708.0;São Bernardo do Campo;Grande SP Sudeste;False;IGNORADO
9774;3550308.0;São Paulo;Município de São Paulo;False;BRANCA
9775;3547809.0;Santo André;Grande SP Sudeste;False;BRANCA
9776;3548708.0;São Bernardo do Campo;Grande SP Sudeste;False;IGNORADO
9777;3550308.0;São Paulo;Município de São Paulo;False;BRANCA
9778;3546405.0;Santa Cruz do Rio Pardo;Marília;False;BRANCA
9779;3551009.0;São Vicente;Baixada Santista;False;PARDA
9780;3518701.0;Guarujá;Baixada Santista;False;PARDA
9781;3518404.0;Guaratinguetá;Taubaté;False;IGNORADO
9782;3549805.0;São José do Rio Preto;São José do Rio Preto;False;BRANCA
9783;3531803.0;Monte Mor;Campinas;False;IGNORADO
9784;3509502.0;Campinas;Campinas;False;BRANCA
9785;3548708.0;São Bernardo do Campo;Grande SP Sudeste;False;BRANCA
9786;3526704.0;Leme;Piracicaba;False;BRANCA
9787;3548807.0;São Caetano do Sul;Grande SP Sudeste;False;PARDA
9788;3555406.0;Ubatuba;Taubaté;False;IGNORADO
9789;3519808.0;Icém;São José do Rio Preto;False;BRANCA
9790;3556305.0;Valparaíso;Araçatuba;False;AMARELA
9791;3547304.0;Santana de Parnaíba;Grande SP Oeste;False;NONE
9792;3534401.0;Osasco;Grande SP Oeste;False;BRANCA
9793;3549805.0;São José do Rio Preto;São José do Rio Preto;True;BRANCA
9794;3549805.0;São José do Rio Preto;São José do Rio Preto;False;AMARELA
9795;3552205.0;Sorocaba;Sorocaba;False;BRANCA
9796;3550308.0;São Paulo;Município de São Paulo;False;PARDA
9797;3525904.0;Jundiaí;Campinas;False;BRANCA
9798;3515707.0;Ferraz de Vasconcelos;Grande SP Leste;False;BRANCA
9799;3550308.0;São Paulo;Município de São Paulo;False;AMARELA
9800;3530300.0;Mirassol;São José do Rio Preto;False;BRANCA
9801;3548500.0;Santos;Baixada Santista;False;IGNORADO
9802;3537800.0;Piedade;Sorocaba;False;BRANCA
9803;3525003.0;Jandira;Grande SP Oeste;False;BRANCA
9804;3550308.0;São Paulo;Município de São Paulo;False;BRANCA
9805;3550308.0;São Paulo;Município de São Paulo;False;
9806;3550308.0;São Paulo;Município de São Paulo;False;NONE
9807;3552502.0;Suzano;Grande SP Leste;False;IGNORADO
9808;3550308.0;São Paulo;Município de São Paulo;False;BRANCA
9809;3551900.0;Severínia;Barretos;False;IGNORADO
9810;3550308.0;São Paulo;Município de São Paulo;False;BRANCA
9811;3519709.0;Ibiúna;Sorocaba;False;BRANCA
9812;3546405.0;Santa Cruz do Rio Pardo;Marília;False;BRANCA
9813;3550308.0;São Paulo;Município de São Paulo;False;BRANCA
9814;3549805.0;São José do Rio Preto;São José do Rio Preto;False;BRANCA
9815;3511300.0;Cedral;São José do Rio Preto;True;BRANCA
9816;3509502.0;Campinas;Campinas;False;BRANCA
9817;3528502.0;Mairiporã;Grande SP Norte;False;BRANCA
9818;3538709.0;Piracicaba;Piracicaba;False;BRANCA
9819;3548500.0;Santos;Baixada Santista;False;PARDA
9820;3550308.0;São Paulo;Município de São Paulo;False;IGNORADO
9821;3509007.0;Caieiras;Grande SP Norte;False;PARDA
9822;3550308.0;São Paulo;Município de São Paulo;False;BRANCA
9823;3550308.0;São Paulo;Município de São Paulo;False;BRANCA
9824;3502804.0;Araçatuba;Araçatuba;False;BRANCA
9825;3509205.0;Cajamar;Grande SP Norte;False;BRANCA
9826;3512803.0;Cosmópolis;Campinas;False;PRETA
9827;3550308.0;São Paulo;Município de São Paulo;False;BRANCA
9828;3538709.0;Piracicaba;Piracicaba;False;BRANCA
9829;3550308.0;São Paulo;Município de São Paulo;False;
9830;3550308.0;São Paulo;Município de São Paulo;False;BRANCA
9831;3525706.0;José Bonifácio;São José do Rio Preto;False;BRANCA
9832;3547809.0;Santo André;Grande SP Sudeste;False;BRANCA
9833;3503307.0;Araras;Piracicaba;False;IGNORADO
9834;3502804.0;Araçatuba;Araçatuba;False;PARDA
9835;3549904.0;São José dos Campos;Taubaté;False;BRANCA
9836;3550308.0;São Paulo;Município de São Paulo;False;PARDA
9837;3549805.0;São José do Rio Preto;São José do Rio Preto;False;PARDA
9838;3523404.0;Itatiba;Campinas;False;BRANCA
9839;3550308.0;São Paulo;Município de São Paulo;False;BRANCA
9840;3554300.0;Teodoro Sampaio;Presidente Prudente;False;PARDA
9841;3549805.0;São José do Rio Preto;São José do Rio Preto;False;IGNORADO
9842;3505708.0;Barueri;Grande SP Oeste;False;PARDA
9843;3550308.0;São Paulo;Município de São Paulo;False;IGNORADO
9844;3550308.0;São Paulo;Município de São Paulo;False;BRANCA
9845;3550308.0;São Paulo;Município de São Paulo;False;BRANCA
9846;3555356.0;Ubarana;São José do Rio Preto;False;PRETA
9847;3504602.0;Bady Bassitt;São José do Rio Preto;False;BRANCA
9848;3538709.0;Piracicaba;Piracicaba;False;BRANCA
9849;3550308.0;São Paulo;Município de São Paulo;False;PARDA
9850;3541406.0;Presidente Prudente;Presidente Prudente;False;BRANCA
9851;3515509.0;Fernandópolis;São José do Rio Preto;True;BRANCA
9852;3537305.0;Penápolis;Araçatuba;False;BRANCA
9853;3550308.0;São Paulo;Município de São Paulo;False;BRANCA
9854;3550308.0;São Paulo;Município de São Paulo;True;BRANCA
9855;3549805.0;São José do Rio Preto;São José do Rio Preto;False;BRANCA
9856;3550308.0;São Paulo;Município de São Paulo;False;BRANCA
9857;3550308.0;São Paulo;Município de São Paulo;False;PARDA
9858;3545803.0;Santa Bárbara d'Oeste;Campinas;False;PARDA
9859;3555703.0;União Paulista;São José do Rio Preto;False;PARDA
9860;3555703.0;União Paulista;São José do Rio Preto;False;BRANCA
9861;3506003.0;Bauru;Bauru;True;BRANCA
9862;3549805.0;São José do Rio Preto;São José do Rio Preto;False;IGNORADO
9863;3509502.0;Campinas;Campinas;False;BRANCA
9864;3549805.0;São José do Rio Preto;São José do Rio Preto;False;PARDA
9865;3541000.0;Praia Grande;Baixada Santista;False;BRANCA
9866;3510005.0;Cândido Mota;Marília;False;BRANCA
9867;3557105.0;Votuporanga;São José do Rio Preto;False;BRANCA
9868;3550308.0;São Paulo;Município de São Paulo;False;IGNORADO
9869;3516200.0;Franca;Franca;False;BRANCA
9870;3543402.0;Ribeirão Preto;Ribeirão Preto;False;IGNORADO
9871;3534401.0;Osasco;Grande SP Oeste;False;AMARELA
9872;3525904.0;Jundiaí;Campinas;False;BRANCA
9873;3552205.0;Sorocaba;Sorocaba;True;IGNORADO
9874;3548500.0;Santos;Baixada Santista;False;NONE
9875;3500105.0;Adamantina;Marília;False;BRANCA
9876;3540200.0;Pontal;Ribeirão Preto;False;BRANCA
9877;3550308.0;São Paulo;Município de São Paulo;False;BRANCA
9878;3547809.0;Santo André;Grande SP Sudeste;False;BRANCA
9879;3550308.0;São Paulo;Município de São Paulo;False;BRANCA
9880;3550308.0;São Paulo;Município de São Paulo;False;INDIGENA
9881;3520400.0;Ilhabela;Taubaté;False;PARDA
9882;3549904.0;São José dos Campos;Taubaté;False;BRANCA
9883;3543402.0;Ribeirão Preto;Ribeirão Preto;False;BRANCA
