37155;3518701.0;Guarujá;Baixada Santista;False;IGNORADO
37156;3541307.0;Presidente Epitácio;Presidente Prudente;False;BRANCA
37157;3554102.0;Taubaté;Taubaté;False;BRANCA
37158;3502804.0;Araçatuba;Araçatuba;True;BRANCA
37159;3536257.0;Parisi;São José do Rio Preto;True;BRANCA
37160;3536257.0;Parisi;São José do Rio Preto;False;BRANCA
37161;3550308.0;São Paulo;Município de São Paulo;False;PARDA
37162;3523107.0;Itaquaquecetuba;Grande SP Leste;True;BRANCA
37163;3550308.0;São Paulo;Município de São Paulo;False;BRANCA
37164;3550308.0;São Paulo;Município de São Paulo;True;BRANCA
37165;3550704.0;São Sebastião;Taubaté;False;PARDA
37166;3548500.0;Santos;Baixada Santista;False;PARDA
37167;3524402.0;Jacareí;Taubaté;False;BRANCA
37168;3550308.0;São Paulo;Município de São Paulo;False;BRANCA
37169;3550308.0;São Paulo;Município de São Paulo;False;IGNORADO
37170;3502101.0;Andradina;Araçatuba;False;PARDA
37171;3554508.0;Tietê;Sorocaba;False;BRANCA
37172;3550308.0;São Paulo;Município de São Paulo;False;PRETA
37173;3526803.0;Lençóis Paulista;Bauru;False;PARDA
37174;3506003.0;Bauru;Bauru;False;BRANCA
37175;3527306.0;Louveira;Campinas;False;BRANCA
37176;3550308.0;São Paulo;Município de São Paulo;False;BRANCA
37177;3502804.0;Araçatuba;Araçatuba;False;PARDA
37178;3550308.0;São Paulo;Município de São Paulo;False;IGNORADO
37179;3541406.0;Presidente Prudente;Presidente Prudente;False;PARDA
37180;3550308.0;São Paulo;Município de São Paulo;False;IGNORADO
37181;3547809.0;Santo André;Grande SP Sudeste;True;PARDA
37182;3517000.0;Getulina;Bauru;False;BRANCA
37183;3541208.0;Presidente Bernardes;Presidente Prudente;False;PRETA
37184;3550308.0;São Paulo;Município de São Paulo;False;BRANCA
37185;3539004.0;Pirangi;São José do Rio Preto;False;BRANCA
37186;3552502.0;Suzano;Grande SP Leste;False;AMARELA
37187;3502804.0;Araçatuba;Araçatuba;True;BRANCA
37188;3509007.0;Caieiras;Grande SP Norte;False;BRANCA
37189;3534401.0;Osasco;Grande SP Oeste;False;IGNORADO
37190;3550308.0;São Paulo;Município de São Paulo;False;PARDA
37191;3538709.0;Piracicaba;Piracicaba;False;BRANCA
37192;3525003.0;Jandira;Grande SP Oeste;False;PRETA
37193;3509502.0;Campinas;Campinas;False;IGNORADO
37194;3505708.0;Barueri;Grande SP Oeste;False;AMARELA
37195;3523107.0;Itaquaquecetuba;Grande SP Leste;False;BRANCA
37196;3513801.0;Diadema;Grande SP Sudeste;False;NONE
37197;3540903.0;Pradópolis;Ribeirão Preto;False;AMARELA
37198;3554003.0;Tatuí;Sorocaba;False;BRANCA
37199;3508306.0;Cabrália Paulista;Bauru;False;BRANCA
37200;3550308.0;São Paulo;Município de São Paulo;False;BRANCA
37201;3550308.0;São Paulo;Município de São Paulo;False;BRANCA
37202;3542602.0;Registro;Registro;False;PRETA
37203;3522307.0;Itapetininga;Sorocaba;False;BRANCA
37204;3550308.0;São Paulo;Município de São Paulo;False;BRANCA
37205;3507506.0;Botucatu;Bauru;False;BRANCA
37206;3550308.0;São Paulo;Município de São Paulo;False;IGNORADO
37207;3506003.0;Bauru;Bauru;False;BRANCA
37208;3550308.0;São Paulo;Município de São Paulo;False;
37209;3550308.0;São Paulo;Município de São Paulo;False;BRANCA
37210;3509502.0;Campinas;Campinas;False;BRANCA
37211;3550308.0;São Paulo;Município de São Paulo;False;PRETA
37212;3547809.0;Santo André;Grande SP Sudeste;False;PARDA
37213;3510203.0;Capão Bonito;Sorocaba;False;BRANCA
37214;3541307.0;Presidente Epitácio;Presidente Prudente;False;BRANCA
37215;3507605.0;Bragança Paulista;Campinas;False;BRANCA
37216;3543303.0;Ribeirão Pires;Grande SP Sudeste;False;BRANCA
37217;3504404.0;Avanhandava;Araçatuba;False;BRANCA
37218;3551009.0;São Vicente;Baixada Santista;False;BRANCA
37219;3550308.0;São Paulo;Município de São Paulo;False;BRANCA
37220;3509007.0;Caieiras;Grande SP Norte;False;IGNORADO
37221;3550308.0;São Paulo;Município de São Paulo;False;PARDA
37222;3550308.0;São Paulo;Município de São Paulo;False;BRANCA
37223;3550308.0;São Paulo;Município de São Paulo;False;PARDA
37224;3550308.0;São Paulo;Município de São Paulo;False;
37225;3550308.0;São Paulo;Município de São Paulo;False;AMARELA
37226;3510609.0;Carapicuíba;Grande SP Oeste;False;AMARELA
37227;3523305.0;Itariri;Registro;False;BRANCA
37228;3543402.0;Ribeirão Preto;Ribeirão Preto;False;NONE
37229;3524808.0;Jales;São José do Rio Preto;False;BRANCA
37230;3550308.0;São Paulo;Município de São Paulo;False;PARDA
37231;3550308.0;São Paulo;Município de São Paulo;False;NONE
37232;3538808.0;Piraju;Bauru;False;PARDA
37233;3545803.0;Santa Bárbara d'Oeste;Campinas;False;PARDA
37234;3548500.0;Santos;Baixada Santista;True;BRANCA
37235;3548708.0;São Bernardo do Campo;Grande SP Sudeste;False;BRANCA
37236;3550308.0;São Paulo;Município de São Paulo;False;PARDA
37237;3554102.0;Taubaté;Taubaté;False;BRANCA
37238;3549904.0;São José dos Campos;Taubaté;False;PRETA
37239;3508603.0;Cachoeira Paulista;Taubaté;False;BRANCA
37240;3516309.0;Francisco Morato;Grande SP Norte;False;BRANCA
37241;3550308.0;São Paulo;Município de São Paulo;False;NONE
37242;3500709.0;Agudos;Bauru;False;BRANCA
37243;3541307.0;Presidente Epitácio;Presidente Prudente;False;BRANCA
37244;3547304.0;Santana de Parnaíba;Grande SP Oeste;False;PARDA
37245;3550308.0;São Paulo;Município de São Paulo;False;BRANCA
37246;3552809.0;Taboão da Serra;Grande SP Sudoeste;False;
37247;3543402.0;Ribeirão Preto;Ribeirão Preto;False;PARDA
37248;3502507.0;Aparecida;Taubaté;False;BRANCA
37249;3550308.0;São Paulo;Município de São Paulo;False;NONE
37250;3550308.0;São Paulo;Município de São Paulo;False;PARDA
37251;3541000.0;Praia Grande;Baixada Santista;False;BRANCA
37252;3550308.0;São Paulo;Município de São Paulo;False;AMARELA
37253;3518800.0;Guarulhos;Grande SP Leste;False;NONE
37254;3548708.0;São Bernardo do Campo;Grande SP Sudeste;False;IGNORADO
37255;3548500.0;Santos;Baixada Santista;False;NONE
37256;3522505.0;Itapevi;Grande SP Oeste;False;PARDA
37257;3549805.0;São José do Rio Preto;São José do Rio Preto;False;BRANCA
37258;3538709.0;Piracicaba;Piracicaba;False;BRANCA
37259;3550308.0;São Paulo;Município de São Paulo;False;IGNORADO
37260;3552809.0;Taboão da Serra;Grande SP Sudoeste;False;
37261;3550308.0;São Paulo;Município de São Paulo;False;BRANCA
37262;3546504.0;Santa Ernestina;Araraquara;False;BRANCA
37263;3550308.0;São Paulo;Município de São Paulo;False;BRANCA
37264;3550308.0;São Paulo;Município de São Paulo;False;BRANCA
37265;3550308.0;São Paulo;Município de São Paulo;False;IGNORADO
37266;3510609.0;Carapicuíba;Grande SP Oeste;False;PARDA
37267;3550308.0;São Paulo;Município de São Paulo;False;PRETA
37268;3550308.0;São Paulo;Município de São Paulo;False;PARDA
37269;3518800.0;Guarulhos;Grande SP Leste;False;PARDA
37270;3550308.0;São Paulo;Município de São Paulo;False;PRETA
37271;3550308.0;São Paulo;Município de São Paulo;True;IGNORADO
37272;3505708.0;Barueri;Grande SP Oeste;False;BRANCA
37273;3550308.0;São Paulo;Município de São Paulo;False;IGNORADO
37274;3549904.0;São José dos Campos;Taubaté;False;IGNORADO
37275;3524402.0;Jacareí;Taubaté;False;IGNORADO
37276;3540200.0;Pontal;Ribeirão Preto;False;PARDA
37277;3543600.0;Rifaina;Franca;False;BRANCA
37278;3509502.0;Campinas;Campinas;False;BRANCA
37279;3541208.0;Presidente Bernardes;Presidente Prudente;False;BRANCA
37280;3519600.0;Ibitinga;Araraquara;False;PARDA
37281;3550308.0;São Paulo;Município de São Paulo;False;NONE
37282;3502804.0;Araçatuba;Araçatuba;False;BRANCA
37283;3552403.0;Sumaré;Campinas;False;NONE
37284;3525854.0;Jumirim;Sorocaba;False;IGNORADO
37285;3550308.0;São Paulo;Município de São Paulo;False;PARDA
37286;3550308.0;São Paulo;Município de São Paulo;False;PRETA
37287;3556107.0;Valentim Gentil;São José do Rio Preto;False;PRETA
37288;3554300.0;Teodoro Sampaio;Presidente Prudente;False;BRANCA
37289;3550308.0;São Paulo;Município de São Paulo;False;AMARELA
37290;3546405.0;Santa Cruz do Rio Pardo;Marília;False;BRANCA
37291;3550308.0;São Paulo;Município de São Paulo;False;PARDA
37292;3547809.0;Santo André;Grande SP Sudeste;False;BRANCA
37293;3550308.0;São Paulo;Município de São Paulo;False;PARDA
37294;3550308.0;São Paulo;Município de São Paulo;False;BRANCA
37295;3500709.0;Agudos;Bauru;False;BRANCA
