31629;3550308.0;São Paulo;Município de São Paulo;False;PARDA
31630;3518800.0;Guarulhos;Grande SP Leste;False;BRANCA
31631;3549409.0;São Joaquim da Barra;Franca;False;BRANCA
31632;3522604.0;Itapira;São João da Boa Vista;False;BRANCA
31633;3550209.0;São Miguel Arcanjo;Sorocaba;False;BRANCA
31634;3510609.0;Carapicuíba;Grande SP Oeste;False;BRANCA
31635;3513504.0;Cubatão;Baixada Santista;False;IGNORADO
31636;3549904.0;São José dos Campos;Taubaté;False;BRANCA
31637;3550308.0;São Paulo;Município de São Paulo;False;AMARELA
31638;3548500.0;Santos;Baixada Santista;False;IGNORADO
31639;3506003.0;Bauru;Bauru;False;BRANCA
31640;3534401.0;Osasco;Grande SP Oeste;False;BRANCA
31641;3550308.0;São Paulo;Município de São Paulo;False;PARDA
31642;3507605.0;Bragança Paulista;Campinas;False;IGNORADO
31643;3547809.0;Santo André;Grande SP Sudeste;False;BRANCA
31644;3550308.0;São Paulo;Município de São Paulo;False;PARDA
31645;3539400.0;Piratininga;Bauru;False;BRANCA
31646;3550308.0;São Paulo;Município de São Paulo;False;BRANCA
31647;3510609.0;Carapicuíba;Grande SP Oeste;False;BRANCA
31648;3550308.0;São Paulo;Município de São Paulo;False;BRANCA
31649;3520301.0;Iguape;Registro;False;BRANCA
31650;3513801.0;Diadema;Grande SP Sudeste;False;AMARELA
31651;3557105.0;Votuporanga;São José do Rio Preto;False;BRANCA
31652;3515004.0;Embu das Artes;Grande SP Sudoeste;False;IGNORADO
31653;3501707.0;Américo Brasiliense;Araraquara;False;BRANCA
31654;3508504.0;Caçapava;Taubaté;False;IGNORADO
31655;3525904.0;Jundiaí;Campinas;False;PARDA
31656;3550308.0;São Paulo;Município de São Paulo;False;PARDA
31657;3550308.0;São Paulo;Município de São Paulo;False;PARDA
31658;3550308.0;São Paulo;Município de São Paulo;True;BRANCA
31659;3529401.0;Mauá;Grande SP Sudeste;False;PRETA
31660;3550308.0;São Paulo;Município de São Paulo;False;PARDA
31661;3519071.0;Hortolândia;Campinas;False;AMARELA
31662;3550308.0;São Paulo;Município de São Paulo;False;PARDA
31663;3550308.0;São Paulo;Município de São Paulo;False;BRANCA
31664;3556701.0;Vinhedo;Campinas;False;BRANCA
31665;3515103.0;Embu-Guaçu;Grande SP Sudoeste;False;BRANCA
31666;3518800.0;Guarulhos;Grande SP Leste;False;PARDA
31667;3552403.0;Sumaré;Campinas;False;PRETA
31668;3520400.0;Ilhabela;Taubaté;False;AMARELA
31669;3549904.0;São José dos Campos;Taubaté;False;PARDA
31670;3556354.0;Vargem;Campinas;False;BRANCA
31671;3552700.0;Tabatinga;Araraquara;False;BRANCA
31672;3515152.0;Engenheiro Coelho;Piracicaba;False;AMARELA
31673;3516408.0;Franco da Rocha;Grande SP Norte;False;PRETA
31674;3548500.0;Santos;Baixada Santista;False;IGNORADO
31675;3510609.0;Carapicuíba;Grande SP Oeste;False;BRANCA
31676;3538709.0;Piracicaba;Piracicaba;False;IGNORADO
31677;3533007.0;Nova Granada;São José do Rio Preto;False;PARDA
31678;3510609.0;Carapicuíba;Grande SP Oeste;False;PRETA
31679;3550308.0;São Paulo;Município de São Paulo;False;BRANCA
31680;3518800.0;Guarulhos;Grande SP Leste;True;BRANCA
31681;3549805.0;São José do Rio Preto;São José do Rio Preto;False;NONE
31682;3538709.0;Piracicaba;Piracicaba;True;BRANCA
31683;3513504.0;Cubatão;Baixada Santista;False;PARDA
31684;3550308.0;São Paulo;Município de São Paulo;False;IGNORADO
31685;3548500.0;Santos;Baixada Santista;False;PARDA
31686;3506409.0;Bilac;Araçatuba;False;PARDA
31687;3521903.0;Itajobi;São José do Rio Preto;False;BRANCA
31688;3550308.0;São Paulo;Município de São Paulo;False;IGNORADO
31689;3548708.0;São Bernardo do Campo;Grande SP Sudeste;False;PARDA
31690;3536208.0;Pariquera-Açu;Registro;False;PARDA
31691;3513801.0;Diadema;Grande SP Sudeste;False;BRANCA
31692;3550308.0;São Paulo;Município de São Paulo;False;AMARELA
31693;3509502.0;Campinas;Campinas;False;IGNORADO
31694;3550308.0;São Paulo;Município de São Paulo;False;BRANCA
31695;3530201.0;Mirante do Paranapanema;Presidente Prudente;False;BRANCA
31696;3541406.0;Presidente Prudente;Presidente Prudente;False;BRANCA
31697;3548500.0;Santos;Baixada Santista;False;PRETA
31698;3523909.0;Itu;Sorocaba;False;BRANCA
31699;3550308.0;São Paulo;Município de São Paulo;False;IGNORADO
31700;3541307.0;Presidente Epitácio;Presidente Prudente;False;PARDA
31701;3518800.0;Guarulhos;Grande SP Leste;False;
31702;3504107.0;Atibaia;Campinas;False;IGNORADO
31703;3550308.0;São Paulo;Município de São Paulo;False;BRANCA
31704;3550308.0;São Paulo;Município de São Paulo;True;PARDA
31705;3541505.0;Presidente Venceslau;Presidente Prudente;False;BRANCA
31706;3554102.0;Taubaté;Taubaté;False;BRANCA
31707;3548500.0;Santos;Baixada Santista;False;IGNORADO
31708;3520509.0;Indaiatuba;Campinas;True;BRANCA
31709;3553708.0;Taquaritinga;Araraquara;False;BRANCA
31710;3508504.0;Caçapava;Taubaté;False;BRANCA
31711;3545803.0;Santa Bárbara d'Oeste;Campinas;False;BRANCA
31712;3552403.0;Sumaré;Campinas;False;AMARELA
31713;3557006.0;Votorantim;Sorocaba;False;BRANCA
31714;3547304.0;Santana de Parnaíba;Grande SP Oeste;False;IGNORADO
31715;3543303.0;Ribeirão Pires;Grande SP Sudeste;False;PARDA
31716;3525201.0;Jarinu;Campinas;False;BRANCA
31717;3547809.0;Santo André;Grande SP Sudeste;False;PARDA
31718;3509254.0;Cajati;Registro;False;PARDA
31719;3547809.0;Santo André;Grande SP Sudeste;True;BRANCA
31720;3536703.0;Pederneiras;Bauru;False;PRETA
31721;3514106.0;Dois Córregos;Bauru;False;IGNORADO
31722;3549904.0;São José dos Campos;Taubaté;False;PARDA
31723;3547809.0;Santo André;Grande SP Sudeste;False;PARDA
31724;3554003.0;Tatuí;Sorocaba;False;BRANCA
31725;3508801.0;Cafelândia;Bauru;False;BRANCA
31726;3550308.0;São Paulo;Município de São Paulo;False;PRETA
31727;3526506.0;Lavínia;Araçatuba;True;BRANCA
31728;3522505.0;Itapevi;Grande SP Oeste;True;PARDA
31729;3555406.0;Ubatuba;Taubaté;False;BRANCA
31730;3550308.0;São Paulo;Município de São Paulo;False;IGNORADO
31731;3549904.0;São José dos Campos;Taubaté;False;BRANCA
31732;3511508.0;Cerquilho;Sorocaba;False;PARDA
31733;3503901.0;Arujá;Grande SP Leste;False;IGNORADO
31734;3550308.0;São Paulo;Município de São Paulo;False;PARDA
31735;3539301.0;Pirassununga;Piracicaba;False;PRETA
31736;3548708.0;São Bernardo do Campo;Grande SP Sudeste;False;IGNORADO
31737;3550308.0;São Paulo;Município de São Paulo;False;PARDA
31738;3529401.0;Mauá;Grande SP Sudeste;False;AMARELA
31739;3538709.0;Piracicaba;Piracicaba;False;BRANCA
31740;3550308.0;São Paulo;Município de São Paulo;False;
31741;3533908.0;Olímpia;Barretos;False;BRANCA
31742;3538709.0;Piracicaba;Piracicaba;False;PARDA
31743;3533007.0;Nova Granada;São José do Rio Preto;False;BRANCA
31744;3531605.0;Monte Castelo;Presidente Prudente;False;BRANCA
31745;3504107.0;Atibaia;Campinas;False;BRANCA
31746;3548708.0;São Bernardo do Campo;Grande SP Sudeste;False;
31747;3550308.0;São Paulo;Município de São Paulo;False;BRANCA
31748;3550308.0;São Paulo;Município de São Paulo;False;AMARELA
31749;3509502.0;Campinas;Campinas;False;BRANCA
31750;3550308.0;São Paulo;Município de São Paulo;False;AMARELA
31751;3556701.0;Vinhedo;Campinas;False;BRANCA
31752;3549805.0;São José do Rio Preto;São José do Rio Preto;False;BRANCA
31753;3550308.0;São Paulo;Município de São Paulo;False;BRANCA
31754;3549904.0;São José dos Campos;Taubaté;False;IGNORADO
31755;3539301.0;Pirassununga;Piracicaba;False;BRANCA
31756;3518404.0;Guaratinguetá;Taubaté;False;BRANCA
31757;3510005.0;Cândido Mota;Marília;False;BRANCA
31758;3531100.0;Mongaguá;Baixada Santista;False;PARDA
31759;3550308.0;São Paulo;Município de São Paulo;False;BRANCA
31760;3519071.0;Hortolândia;Campinas;False;BRANCA
31761;3547304.0;Santana de Parnaíba;Grande SP Oeste;False;BRANCA
31762;3515202.0;Estrela d'Oeste;São José do Rio Preto;False;BRANCA
31763;3550308.0;São Paulo;Município de São Paulo;False;PARDA
31764;3518206.0;Guararapes;Araçatuba;False;BRANCA
31765;3516408.0;Franco da Rocha;Grande SP Norte;False;PARDA
31766;3548708.0;São Bernardo do Campo;Grande SP Sudeste;False;
31767;3550308.0;São Paulo;Município de São Paulo;False;BRANCA
31768;3550308.0;São Paulo;Município de São Paulo;False;IGNORADO
31769;3522208.0;Itapecerica da Serra;Grande SP Sudoeste;False;BRANCA
31770;3550308.0;São Paulo;Município de São Paulo;False;BRANCA
31771;3548401.0;Santópolis do Aguapeí;Araçatuba;False;BRANCA
