60858;3548500.0;Santos;Baixada Santista;False;BRANCA
60859;3509502.0;Campinas;Campinas;False;PARDA
60860;3550308.0;São Paulo;Município de São Paulo;True;NONE
60861;3550308.0;São Paulo;Município de São Paulo;False;IGNORADO
60862;3525300.0;Jaú;Bauru;False;PARDA
60863;3550308.0;São Paulo;Município de São Paulo;False;PARDA
60864;3525904.0;Jundiaí;Campinas;False;BRANCA
60865;3510500.0;Caraguatatuba;Taubaté;False;BRANCA
60866;3550308.0;São Paulo;Município de São Paulo;False;IGNORADO
60867;3522505.0;Itapevi;Grande SP Oeste;False;PARDA
60868;3550308.0;São Paulo;Município de São Paulo;False;PARDA
60869;3551009.0;São Vicente;Baixada Santista;False;BRANCA
60870;3547304.0;Santana de Parnaíba;Grande SP Oeste;False;PARDA
60871;3506003.0;Bauru;Bauru;False;BRANCA
60872;3550308.0;São Paulo;Município de São Paulo;False;NONE
60873;3550308.0;São Paulo;Município de São Paulo;False;PARDA
60874;3550308.0;São Paulo;Município de São Paulo;False;
60875;3550308.0;São Paulo;Município de São Paulo;False;BRANCA
60876;3516309.0;Francisco Morato;Grande SP Norte;False;BRANCA
60877;3550308.0;São Paulo;Município de São Paulo;False;BRANCA
60878;3550308.0;São Paulo;Município de São Paulo;False;AMARELA
60879;3546405.0;Santa Cruz do Rio Pardo;Marília;False;BRANCA
60880;3534401.0;Osasco;Grande SP Oeste;False;PARDA
60881;3543402.0;Ribeirão Preto;Ribeirão Preto;False;AMARELA
60882;3550308.0;São Paulo;Município de São Paulo;False;BRANCA
60883;3550308.0;São Paulo;Município de São Paulo;False;PRETA
60884;3518800.0;Guarulhos;Grande SP Leste;False;BRANCA
60885;3550308.0;São Paulo;Município de São Paulo;False;BRANCA
60886;3548500.0;Santos;Baixada Santista;False;PARDA
60887;3509502.0;Campinas;Campinas;False;IGNORADO
60888;3549805.0;São José do Rio Preto;São José do Rio Preto;False;PARDA
60889;3550308.0;São Paulo;Município de São Paulo;False;BRANCA
60890;3550308.0;São Paulo;Município de São Paulo;False;BRANCA
60891;3550308.0;São Paulo;Município de São Paulo;False;IGNORADO
60892;3530607.0;Mogi das Cruzes;Grande SP Leste;False;IGNORADO
60893;3550308.0;São Paulo;Município de São Paulo;False;PARDA
60894;3550308.0;São Paulo;Município de São Paulo;False;
60895;3550308.0;São Paulo;Município de São Paulo;False;PARDA
60896;3543402.0;Ribeirão Preto;Ribeirão Preto;False;PARDA
60897;3534401.0;Osasco;Grande SP Oeste;False;BRANCA
60898;3541406.0;Presidente Prudente;Presidente Prudente;False;BRANCA
60899;3550308.0;São Paulo;Município de São Paulo;False;PARDA
60900;3550308.0;São Paulo;Município de São Paulo;False;NONE
60901;3541406.0;Presidente Prudente;Presidente Prudente;False;BRANCA
60902;3550308.0;São Paulo;Município de São Paulo;False;PARDA
60903;3550308.0;São Paulo;Município de São Paulo;False;BRANCA
60904;3549805.0;São José do Rio Preto;São José do Rio Preto;False;NONE
60905;3518701.0;Guarujá;Baixada Santista;False;PARDA
60906;3516309.0;Francisco Morato;Grande SP Norte;False;AMARELA
60907;3541000.0;Praia Grande;Baixada Santista;False;PARDA
60908;3520400.0;Ilhabela;Taubaté;False;IGNORADO
60909;3518800.0;Guarulhos;Grande SP Leste;False;BRANCA
60910;3550308.0;São Paulo;Município de São Paulo;False;BRANCA
60911;3536703.0;Pederneiras;Bauru;False;BRANCA
60912;3515509.0;Fernandópolis;São José do Rio Preto;False;BRANCA
60913;3540705.0;Porto Ferreira;Araraquara;False;BRANCA
60914;3537800.0;Piedade;Sorocaba;False;AMARELA
60915;3512001.0;Colina;Barretos;False;IGNORADO
60916;3512001.0;Colina;Barretos;False;BRANCA
60917;3550308.0;São Paulo;Município de São Paulo;False;PARDA
60918;3529005.0;Marília;Marília;False;PARDA
60919;3550308.0;São Paulo;Município de São Paulo;False;BRANCA
60920;3504107.0;Atibaia;Campinas;False;
60921;3550308.0;São Paulo;Município de São Paulo;False;BRANCA
60922;3521903.0;Itajobi;São José do Rio Preto;False;IGNORADO
60923;3534401.0;Osasco;Grande SP Oeste;False;PARDA
60924;3549805.0;São José do Rio Preto;São José do Rio Preto;False;BRANCA
60925;3510609.0;Carapicuíba;Grande SP Oeste;False;BRANCA
60926;3550308.0;São Paulo;Município de São Paulo;False;PARDA
60927;3545803.0;Santa Bárbara d'Oeste;Campinas;False;PARDA
60928;3509502.0;Campinas;Campinas;False;PARDA
60929;3550308.0;São Paulo;Município de São Paulo;False;PARDA
60930;3513504.0;Cubatão;Baixada Santista;False;AMARELA
60931;3550308.0;São Paulo;Município de São Paulo;False;BRANCA
60932;3557105.0;Votuporanga;São José do Rio Preto;False;BRANCA
60933;3530706.0;Mogi Guaçu;São João da Boa Vista;True;BRANCA
60934;3526902.0;Limeira;Piracicaba;False;BRANCA
60935;3520509.0;Indaiatuba;Campinas;False;BRANCA
60936;3536505.0;Paulínia;Campinas;False;BRANCA
60937;3550308.0;São Paulo;Município de São Paulo;False;
60938;3550308.0;São Paulo;Município de São Paulo;False;BRANCA
60939;3529005.0;Marília;Marília;False;PARDA
60940;3536208.0;Pariquera-Açu;Registro;False;BRANCA
60941;3502804.0;Araçatuba;Araçatuba;False;BRANCA
60942;3515186.0;Espírito Santo do Pinhal;São João da Boa Vista;False;BRANCA
60943;3547809.0;Santo André;Grande SP Sudeste;False;BRANCA
60944;3539301.0;Pirassununga;Piracicaba;False;BRANCA
60945;3549805.0;São José do Rio Preto;São José do Rio Preto;True;PARDA
60946;3548807.0;São Caetano do Sul;Grande SP Sudeste;False;BRANCA
60947;3502804.0;Araçatuba;Araçatuba;False;IGNORADO
60948;3508603.0;Cachoeira Paulista;Taubaté;False;BRANCA
60949;3510609.0;Carapicuíba;Grande SP Oeste;False;BRANCA
60950;3506003.0;Bauru;Bauru;False;PARDA
60951;3550308.0;São Paulo;Município de São Paulo;False;BRANCA
60952;3550308.0;São Paulo;Município de São Paulo;False;PRETA
60953;3518800.0;Guarulhos;Grande SP Leste;True;PARDA
60954;3552205.0;Sorocaba;Sorocaba;False;BRANCA
60955;3512803.0;Cosmópolis;Campinas;False;BRANCA
60956;3550308.0;São Paulo;Município de São Paulo;False;PARDA
60957;3514809.0;Eldorado;Registro;False;PARDA
60958;3550308.0;São Paulo;Município de São Paulo;False;BRANCA
60959;3503208.0;Araraquara;Araraquara;False;PRETA
60960;3530508.0;Mococa;São João da Boa Vista;False;IGNORADO
60961;3547809.0;Santo André;Grande SP Sudeste;False;PRETA
60962;3534401.0;Osasco;Grande SP Oeste;False;BRANCA
60963;3530607.0;Mogi das Cruzes;Grande SP Leste;False;BRANCA
60964;3520509.0;Indaiatuba;Campinas;False;BRANCA
60965;3549805.0;São José do Rio Preto;São José do Rio Preto;False;BRANCA
60966;3550308.0;São Paulo;Município de São Paulo;False;BRANCA
60967;3550308.0;São Paulo;Município de São Paulo;False;IGNORADO
60968;3543402.0;Ribeirão Preto;Ribeirão Preto;False;BRANCA
60969;3552205.0;Sorocaba;Sorocaba;False;BRANCA
60970;3547809.0;Santo André;Grande SP Sudeste;False;PARDA
60971;3550308.0;São Paulo;Município de São Paulo;False;BRANCA
60972;3507605.0;Bragança Paulista;Campinas;False;BRANCA
60973;3537503.0;Pereiras;Bauru;False;BRANCA
60974;3509502.0;Campinas;Campinas;False;IGNORADO
60975;3549904.0;São José dos Campos;Taubaté;False;BRANCA
60976;3525904.0;Jundiaí;Campinas;False;NONE
60977;3549805.0;São José do Rio Preto;São José do Rio Preto;False;BRANCA
60978;3533908.0;Olímpia;Barretos;False;IGNORADO
60979;3505708.0;Barueri;Grande SP Oeste;False;BRANCA
60980;3550308.0;São Paulo;Município de São Paulo;False;BRANCA
60981;3550308.0;São Paulo;Município de São Paulo;False;BRANCA
60982;3550308.0;São Paulo;Município de São Paulo;False;BRANCA
60983;3530607.0;Mogi das Cruzes;Grande SP Leste;False;BRANCA
60984;3524402.0;Jacareí;Taubaté;False;BRANCA
60985;3550308.0;São Paulo;Município de São Paulo;False;BRANCA
60986;3550308.0;São Paulo;Município de São Paulo;False;BRANCA
60987;3524402.0;Jacareí;Taubaté;False;BRANCA
60988;3521002.0;Iperó;Sorocaba;False;IGNORADO
60989;3556453.0;Vargem Grande Paulista;Grande SP Sudoeste;False;IGNORADO
60990;3525904.0;Jundiaí;Campinas;False;BRANCA
60991;3538709.0;Piracicaba;Piracicaba;False;BRANCA
60992;3538709.0;Piracicaba;Piracicaba;False;BRANCA
60993;3550308.0;São Paulo;Município de São Paulo;False;BRANCA
60994;3550308.0;São Paulo;Município de São Paulo;False;BRANCA
60995;3509502.0;Campinas;Campinas;False;BRANCA
60996;3551900.0;Severínia;Barretos;False;BRANCA
60997;3518206.0;Guararapes;Araçatuba;False;PRETA
60998;3543402.0;Ribeirão Preto;Ribeirão Preto;False;BRANCA
