70419;3553401.0;Tanabi;São José do Rio Preto;False;BRANCA
70420;3518800.0;Guarulhos;Grande SP Leste;False;
70421;3550308.0;São Paulo;Município de São Paulo;False;BRANCA
70422;3550308.0;São Paulo;Município de São Paulo;False;PARDA
70423;3529005.0;Marília;Marília;False;BRANCA
70424;3549805.0;São José do Rio Preto;São José do Rio Preto;False;BRANCA
70425;3551009.0;São Vicente;Baixada Santista;False;PARDA
70426;3541000.0;Praia Grande;Baixada Santista;False;PARDA
70427;3520905.0;Ipaussu;Marília;False;BRANCA
70428;3512803.0;Cosmópolis;Campinas;False;BRANCA
70429;3550308.0;São Paulo;Município de São Paulo;False;IGNORADO
70430;3525904.0;Jundiaí;Campinas;False;BRANCA
70431;3550308.0;São Paulo;Município de São Paulo;False;BRANCA
70432;3509007.0;Caieiras;Grande SP Norte;False;BRANCA
70433;3530003.0;Mira Estrela;São José do Rio Preto;False;BRANCA
70434;3552205.0;Sorocaba;Sorocaba;False;BRANCA
70435;3509502.0;Campinas;Campinas;False;BRANCA
70436;3550308.0;São Paulo;Município de São Paulo;False;PRETA
70437;3550308.0;São Paulo;Município de São Paulo;False;PRETA
70438;3547809.0;Santo André;Grande SP Sudeste;False;IGNORADO
70439;3507506.0;Botucatu;Bauru;False;BRANCA
70440;3551702.0;Sertãozinho;Ribeirão Preto;False;BRANCA
70441;3550308.0;São Paulo;Município de São Paulo;False;PRETA
70442;3518800.0;Guarulhos;Grande SP Leste;False;
70443;3550308.0;São Paulo;Município de São Paulo;False;BRANCA
70444;3537305.0;Penápolis;Araçatuba;False;BRANCA
70445;3519071.0;Hortolândia;Campinas;False;BRANCA
70446;3550704.0;São Sebastião;Taubaté;False;BRANCA
70447;3552403.0;Sumaré;Campinas;False;BRANCA
70448;3510500.0;Caraguatatuba;Taubaté;False;PARDA
70449;3550308.0;São Paulo;Município de São Paulo;False;BRANCA
70450;3529401.0;Mauá;Grande SP Sudeste;False;BRANCA
70451;3547809.0;Santo André;Grande SP Sudeste;False;BRANCA
70452;3552205.0;Sorocaba;Sorocaba;False;BRANCA
70453;3509205.0;Cajamar;Grande SP Norte;False;BRANCA
70454;3550308.0;São Paulo;Município de São Paulo;False;BRANCA
70455;3525904.0;Jundiaí;Campinas;False;BRANCA
70456;3530706.0;Mogi Guaçu;São João da Boa Vista;False;BRANCA
70457;3549904.0;São José dos Campos;Taubaté;False;BRANCA
70458;3549904.0;São José dos Campos;Taubaté;False;PARDA
70459;3550308.0;São Paulo;Município de São Paulo;False;PARDA
70460;3526902.0;Limeira;Piracicaba;False;NONE
70461;3526902.0;Limeira;Piracicaba;False;PRETA
70462;3547809.0;Santo André;Grande SP Sudeste;False;BRANCA
70463;3550308.0;São Paulo;Município de São Paulo;False;IGNORADO
70464;3550308.0;São Paulo;Município de São Paulo;False;NONE
70465;3550308.0;São Paulo;Município de São Paulo;False;PARDA
70466;3512407.0;Cordeirópolis;Piracicaba;False;IGNORADO
70467;3549904.0;São José dos Campos;Taubaté;False;BRANCA
70468;3536505.0;Paulínia;Campinas;False;BRANCA
70469;3548500.0;Santos;Baixada Santista;False;IGNORADO
70470;3534401.0;Osasco;Grande SP Oeste;False;NONE
70471;3527108.0;Lins;Bauru;False;NONE
70472;3502804.0;Araçatuba;Araçatuba;False;PARDA
70473;3550308.0;São Paulo;Município de São Paulo;False;BRANCA
70474;3506003.0;Bauru;Bauru;False;IGNORADO
70475;3548500.0;Santos;Baixada Santista;False;BRANCA
70476;3548500.0;Santos;Baixada Santista;False;IGNORADO
70477;3506359.0;Bertioga;Baixada Santista;False;PARDA
70478;3550308.0;São Paulo;Município de São Paulo;False;PRETA
70479;3510609.0;Carapicuíba;Grande SP Oeste;False;PARDA
70480;3550308.0;São Paulo;Município de São Paulo;False;PARDA
70481;3517505.0;Guapiaçu;São José do Rio Preto;False;PARDA
70482;3503901.0;Arujá;Grande SP Leste;False;BRANCA
70483;3543402.0;Ribeirão Preto;Ribeirão Preto;False;PARDA
70484;3550308.0;São Paulo;Município de São Paulo;False;PARDA
70485;3550308.0;São Paulo;Município de São Paulo;False;PARDA
70486;3550308.0;São Paulo;Município de São Paulo;False;PARDA
70487;3552403.0;Sumaré;Campinas;False;PRETA
70488;3520509.0;Indaiatuba;Campinas;False;AMARELA
70489;3541000.0;Praia Grande;Baixada Santista;False;PARDA
70490;3550704.0;São Sebastião;Taubaté;False;PARDA
70491;3550308.0;São Paulo;Município de São Paulo;False;IGNORADO
70492;3550308.0;São Paulo;Município de São Paulo;False;BRANCA
70493;3519600.0;Ibitinga;Araraquara;False;PRETA
70494;3532108.0;Murutinga do Sul;Araçatuba;False;BRANCA
70495;3550308.0;São Paulo;Município de São Paulo;False;BRANCA
70496;3543907.0;Rio Claro;Piracicaba;False;PARDA
70497;3516309.0;Francisco Morato;Grande SP Norte;False;PRETA
70498;3554102.0;Taubaté;Taubaté;False;BRANCA
70499;3549904.0;São José dos Campos;Taubaté;True;BRANCA
70500;3531100.0;Mongaguá;Baixada Santista;False;PARDA
70501;3520509.0;Indaiatuba;Campinas;False;PARDA
70502;3533403.0;Nova Odessa;Campinas;False;BRANCA
70503;3518800.0;Guarulhos;Grande SP Leste;False;PARDA
70504;3556958.0;Vitória Brasil;São José do Rio Preto;False;BRANCA
70505;3551009.0;São Vicente;Baixada Santista;False;PARDA
70506;3551504.0;Serrana;Ribeirão Preto;False;PARDA
70507;3531803.0;Monte Mor;Campinas;False;BRANCA
70508;3509502.0;Campinas;Campinas;False;BRANCA
70509;3530508.0;Mococa;São João da Boa Vista;False;BRANCA
70510;3534708.0;Ourinhos;Marília;False;BRANCA
70511;3550308.0;São Paulo;Município de São Paulo;False;BRANCA
70512;3550308.0;São Paulo;Município de São Paulo;True;IGNORADO
70513;3543402.0;Ribeirão Preto;Ribeirão Preto;False;BRANCA
70514;3506003.0;Bauru;Bauru;False;BRANCA
70515;3543402.0;Ribeirão Preto;Ribeirão Preto;False;BRANCA
70516;3522604.0;Itapira;São João da Boa Vista;False;BRANCA
70517;3542602.0;Registro;Registro;False;BRANCA
70518;3530102.0;Mirandópolis;Araçatuba;False;BRANCA
70519;3534401.0;Osasco;Grande SP Oeste;False;PARDA
70520;3529401.0;Mauá;Grande SP Sudeste;False;AMARELA
70521;3516200.0;Franca;Franca;False;BRANCA
70522;3534401.0;Osasco;Grande SP Oeste;False;PARDA
70523;3550308.0;São Paulo;Município de São Paulo;False;IGNORADO
70524;3552601.0;Tabapuã;São José do Rio Preto;False;BRANCA
70525;3519600.0;Ibitinga;Araraquara;False;BRANCA
70526;3508009.0;Buri;Sorocaba;False;BRANCA
70527;3534609.0;Osvaldo Cruz;Marília;False;BRANCA
70528;3524402.0;Jacareí;Taubaté;False;PRETA
70529;3541000.0;Praia Grande;Baixada Santista;False;PARDA
70530;3547601.0;Santa Rosa de Viterbo;Ribeirão Preto;False;IGNORADO
70531;3552205.0;Sorocaba;Sorocaba;False;
70532;3549805.0;São José do Rio Preto;São José do Rio Preto;False;BRANCA
70533;3503208.0;Araraquara;Araraquara;False;BRANCA
70534;3513009.0;Cotia;Grande SP Sudoeste;False;NONE
70535;3552205.0;Sorocaba;Sorocaba;False;BRANCA
70536;3549805.0;São José do Rio Preto;São José do Rio Preto;False;BRANCA
70537;3528700.0;Marabá Paulista;Presidente Prudente;False;PRETA
70538;3549904.0;São José dos Campos;Taubaté;False;PRETA
70539;3543402.0;Ribeirão Preto;Ribeirão Preto;False;BRANCA
70540;3552502.0;Suzano;Grande SP Leste;False;
70541;3550308.0;São Paulo;Município de São Paulo;False;
70542;3506003.0;Bauru;Bauru;False;BRANCA
70543;3510807.0;Casa Branca;São João da Boa Vista;False;BRANCA
70544;3552205.0;Sorocaba;Sorocaba;False;
70545;3556909.0;Vista Alegre do Alto;Barretos;False;BRANCA
70546;3550308.0;São Paulo;Município de São Paulo;False;NONE
70547;3550308.0;São Paulo;Município de São Paulo;False;PRETA
70548;3547304.0;Santana de Parnaíba;Grande SP Oeste;False;BRANCA
70549;3516200.0;Franca;Franca;False;IGNORADO
70550;3550100.0;São Manuel;Bauru;False;IGNORADO
70551;3503208.0;Araraquara;Araraquara;False;BRANCA
70552;3526506.0;Lavínia;Araçatuba;False;
70553;3549805.0;São José do Rio Preto;São José do Rio Preto;False;BRANCA
70554;3556909.0;Vista Alegre do Alto;Barretos;False;BRANCA
70555;3541000.0;Praia Grande;Baixada Santista;False;PARDA
70556;3552205.0;Sorocaba;Sorocaba;False;BRANCA
70557;3526506.0;Lavínia;Araçatuba;False;
70558;3509601.0;Campo Limpo Paulista;Campinas;False;BRANCA
70559;3552809.0;Taboão da Serra;Grande SP Sudoeste;False;NONE
70560;3548807.0;São Caetano do Sul;Grande SP Sudeste;False;BRANCA
70561;3546306.0;Santa Cruz das Palmeiras;São João da Boa Vista;False;BRANCA
70562;3550308.0;São Paulo;Município de São Paulo;False;BRANCA
70563;3550308.0;São Paulo;Município de São Paulo;False;IGNORADO
70564;3550308.0;São Paulo;Município de São Paulo;False;PARDA
