52050;3550308.0;São Paulo;Município de São Paulo;True;BRANCA
52051;3550308.0;São Paulo;Município de São Paulo;False;NONE
52052;3518800.0;Guarulhos;Grande SP Leste;False;BRANCA
52053;3525003.0;Jandira;Grande SP Oeste;False;PARDA
52054;3551009.0;São Vicente;Baixada Santista;True;PARDA
52055;3505500.0;Barretos;Barretos;True;BRANCA
52056;3551009.0;São Vicente;Baixada Santista;False;BRANCA
52057;3515707.0;Ferraz de Vasconcelos;Grande SP Leste;False;BRANCA
52058;3543402.0;Ribeirão Preto;Ribeirão Preto;False;BRANCA
52059;3526803.0;Lençóis Paulista;Bauru;False;BRANCA
52060;3525904.0;Jundiaí;Campinas;False;IGNORADO
52061;3551009.0;São Vicente;Baixada Santista;False;PARDA
52062;3529500.0;Mendonça;São José do Rio Preto;False;BRANCA
52063;3538808.0;Piraju;Bauru;False;BRANCA
52064;3531209.0;Monte Alegre do Sul;Campinas;False;BRANCA
52065;3509502.0;Campinas;Campinas;False;PARDA
52066;3514809.0;Eldorado;Registro;False;PRETA
52067;3509254.0;Cajati;Registro;False;PARDA
52068;3522109.0;Itanhaém;Baixada Santista;False;BRANCA
52069;3547809.0;Santo André;Grande SP Sudeste;True;PARDA
52070;3549805.0;São José do Rio Preto;São José do Rio Preto;False;BRANCA
52071;3549805.0;São José do Rio Preto;São José do Rio Preto;False;BRANCA
52072;3541000.0;Praia Grande;Baixada Santista;True;PRETA
52073;3550308.0;São Paulo;Município de São Paulo;False;NONE
52074;3549805.0;São José do Rio Preto;São José do Rio Preto;False;BRANCA
52075;3549805.0;São José do Rio Preto;São José do Rio Preto;False;BRANCA
52076;3509502.0;Campinas;Campinas;False;BRANCA
52077;3524402.0;Jacareí;Taubaté;False;BRANCA
52078;3531407.0;Monte Aprazível;São José do Rio Preto;False;AMARELA
52079;3507100.0;Bom Jesus dos Perdões;Campinas;False;BRANCA
52080;3550308.0;São Paulo;Município de São Paulo;True;PARDA
52081;3550308.0;São Paulo;Município de São Paulo;True;PARDA
52082;3516408.0;Franco da Rocha;Grande SP Norte;False;PARDA
52083;3513801.0;Diadema;Grande SP Sudeste;False;AMARELA
52084;3550308.0;São Paulo;Município de São Paulo;False;NONE
52085;3512803.0;Cosmópolis;Campinas;False;PARDA
52086;3502804.0;Araçatuba;Araçatuba;False;BRANCA
52087;3550308.0;São Paulo;Município de São Paulo;False;BRANCA
52088;3503307.0;Araras;Piracicaba;False;IGNORADO
52089;3534401.0;Osasco;Grande SP Oeste;False;BRANCA
52090;3515509.0;Fernandópolis;São José do Rio Preto;False;PARDA
52091;3550308.0;São Paulo;Município de São Paulo;False;BRANCA
52092;3550308.0;São Paulo;Município de São Paulo;True;BRANCA
52093;3548500.0;Santos;Baixada Santista;False;NONE
52094;3518602.0;Guariba;Ribeirão Preto;False;AMARELA
52095;3554805.0;Tremembé;Taubaté;False;BRANCA
52096;3556701.0;Vinhedo;Campinas;False;PARDA
52097;3551702.0;Sertãozinho;Ribeirão Preto;False;PARDA
52098;3547809.0;Santo André;Grande SP Sudeste;False;BRANCA
52099;3550308.0;São Paulo;Município de São Paulo;False;IGNORADO
52100;3519105.0;Iacanga;Bauru;False;BRANCA
52101;3550308.0;São Paulo;Município de São Paulo;False;BRANCA
52102;3518701.0;Guarujá;Baixada Santista;False;PARDA
52103;3513801.0;Diadema;Grande SP Sudeste;False;PARDA
52104;3550308.0;São Paulo;Município de São Paulo;False;PARDA
52105;3550308.0;São Paulo;Município de São Paulo;False;BRANCA
52106;3550308.0;São Paulo;Município de São Paulo;False;BRANCA
52107;3547304.0;Santana de Parnaíba;Grande SP Oeste;False;IGNORADO
52108;3526902.0;Limeira;Piracicaba;False;PRETA
52109;3550308.0;São Paulo;Município de São Paulo;False;PARDA
52110;3509007.0;Caieiras;Grande SP Norte;False;PARDA
52111;3549904.0;São José dos Campos;Taubaté;False;BRANCA
52112;3552502.0;Suzano;Grande SP Leste;False;PARDA
52113;3550308.0;São Paulo;Município de São Paulo;False;BRANCA
52114;3536505.0;Paulínia;Campinas;False;BRANCA
52115;3550308.0;São Paulo;Município de São Paulo;False;BRANCA
52116;3505906.0;Batatais;Ribeirão Preto;False;IGNORADO
52117;3551702.0;Sertãozinho;Ribeirão Preto;False;PARDA
52118;3509502.0;Campinas;Campinas;False;PRETA
52119;3549409.0;São Joaquim da Barra;Franca;False;BRANCA
52120;3538709.0;Piracicaba;Piracicaba;False;
52121;3548906.0;São Carlos;Araraquara;False;IGNORADO
52122;3504800.0;Bálsamo;São José do Rio Preto;False;BRANCA
52123;3548500.0;Santos;Baixada Santista;False;BRANCA
52124;3550308.0;São Paulo;Município de São Paulo;False;BRANCA
52125;3504107.0;Atibaia;Campinas;False;BRANCA
52126;3518404.0;Guaratinguetá;Taubaté;False;BRANCA
52127;3548500.0;Santos;Baixada Santista;False;IGNORADO
52128;3550308.0;São Paulo;Município de São Paulo;False;IGNORADO
52129;3552809.0;Taboão da Serra;Grande SP Sudoeste;False;BRANCA
52130;3555406.0;Ubatuba;Taubaté;False;PARDA
52131;3548807.0;São Caetano do Sul;Grande SP Sudeste;False;BRANCA
52132;3520400.0;Ilhabela;Taubaté;False;BRANCA
52133;3536505.0;Paulínia;Campinas;False;BRANCA
52134;3550308.0;São Paulo;Município de São Paulo;False;PARDA
52135;3551009.0;São Vicente;Baixada Santista;False;PARDA
52136;3550308.0;São Paulo;Município de São Paulo;False;BRANCA
52137;3534401.0;Osasco;Grande SP Oeste;False;
52138;3518503.0;Guareí;Sorocaba;False;
52139;3508009.0;Buri;Sorocaba;False;BRANCA
52140;3549805.0;São José do Rio Preto;São José do Rio Preto;False;BRANCA
52141;3539806.0;Poá;Grande SP Leste;False;BRANCA
52142;3542206.0;Rancharia;Presidente Prudente;False;BRANCA
52143;3530805.0;Mogi Mirim;São João da Boa Vista;False;BRANCA
52144;3509502.0;Campinas;Campinas;False;BRANCA
52145;3550308.0;São Paulo;Município de São Paulo;False;IGNORADO
52146;3550308.0;São Paulo;Município de São Paulo;False;BRANCA
52147;3542602.0;Registro;Registro;False;BRANCA
52148;3550308.0;São Paulo;Município de São Paulo;False;BRANCA
52149;3544509.0;Rubinéia;São José do Rio Preto;False;AMARELA
52150;3524907.0;Jambeiro;Taubaté;False;IGNORADO
52151;3527108.0;Lins;Bauru;False;BRANCA
52152;3526902.0;Limeira;Piracicaba;False;BRANCA
52153;3547502.0;Santa Rita do Passa Quatro;Ribeirão Preto;False;BRANCA
52154;3540200.0;Pontal;Ribeirão Preto;False;PARDA
52155;3545803.0;Santa Bárbara d'Oeste;Campinas;False;IGNORADO
52156;3550308.0;São Paulo;Município de São Paulo;False;NONE
52157;3525904.0;Jundiaí;Campinas;False;IGNORADO
52158;3550308.0;São Paulo;Município de São Paulo;False;BRANCA
52159;3552205.0;Sorocaba;Sorocaba;False;IGNORADO
52160;3529005.0;Marília;Marília;False;BRANCA
52161;3510302.0;Capela do Alto;Sorocaba;False;BRANCA
52162;3507753.0;Brejo Alegre;Araçatuba;False;BRANCA
52163;3520509.0;Indaiatuba;Campinas;False;BRANCA
52164;3541406.0;Presidente Prudente;Presidente Prudente;False;BRANCA
52165;3513405.0;Cruzeiro;Taubaté;False;PARDA
52166;3519071.0;Hortolândia;Campinas;False;
52167;3503307.0;Araras;Piracicaba;False;PARDA
52168;3541901.0;Queluz;Taubaté;False;BRANCA
52169;3556206.0;Valinhos;Campinas;False;PARDA
52170;3515186.0;Espírito Santo do Pinhal;São João da Boa Vista;False;BRANCA
52171;3525102.0;Jardinópolis;Ribeirão Preto;False;PRETA
52172;3518800.0;Guarulhos;Grande SP Leste;False;
52173;3541406.0;Presidente Prudente;Presidente Prudente;False;PARDA
52174;3545803.0;Santa Bárbara d'Oeste;Campinas;False;BRANCA
52175;3525904.0;Jundiaí;Campinas;False;IGNORADO
52176;3550308.0;São Paulo;Município de São Paulo;False;BRANCA
52177;3509502.0;Campinas;Campinas;False;AMARELA
52178;3550308.0;São Paulo;Município de São Paulo;False;IGNORADO
52179;3548500.0;Santos;Baixada Santista;False;BRANCA
52180;3518800.0;Guarulhos;Grande SP Leste;False;
52181;3557006.0;Votorantim;Sorocaba;False;PRETA
52182;3509502.0;Campinas;Campinas;False;IGNORADO
52183;3541406.0;Presidente Prudente;Presidente Prudente;False;BRANCA
52184;3550308.0;São Paulo;Município de São Paulo;False;AMARELA
52185;3538709.0;Piracicaba;Piracicaba;False;BRANCA
52186;3550308.0;São Paulo;Município de São Paulo;False;BRANCA
52187;3510302.0;Capela do Alto;Sorocaba;False;BRANCA
52188;3506003.0;Bauru;Bauru;False;BRANCA
52189;3526902.0;Limeira;Piracicaba;False;BRANCA
52190;3556503.0;Várzea Paulista;Campinas;False;BRANCA
52191;3550308.0;São Paulo;Município de São Paulo;False;PARDA
52192;3550308.0;São Paulo;Município de São Paulo;False;AMARELA
52193;3552205.0;Sorocaba;Sorocaba;False;IGNORADO
52194;3509502.0;Campinas;Campinas;False;BRANCA
