43650;3554300.0;Teodoro Sampaio;Presidente Prudente;False;PARDA
43651;3516200.0;Franca;Franca;False;BRANCA
43652;3502804.0;Araçatuba;Araçatuba;False;BRANCA
43653;3538006.0;Pindamonhangaba;Taubaté;False;BRANCA
43654;3513306.0;Cruzália;Marília;False;BRANCA
43655;3520509.0;Indaiatuba;Campinas;False;BRANCA
43656;3550308.0;São Paulo;Município de São Paulo;False;
43657;3518800.0;Guarulhos;Grande SP Leste;False;PRETA
43658;3549805.0;São José do Rio Preto;São José do Rio Preto;False;BRANCA
43659;3550308.0;São Paulo;Município de São Paulo;False;IGNORADO
43660;3549904.0;São José dos Campos;Taubaté;False;BRANCA
43661;3550308.0;São Paulo;Município de São Paulo;True;PRETA
43662;3515707.0;Ferraz de Vasconcelos;Grande SP Leste;False;BRANCA
43663;3541000.0;Praia Grande;Baixada Santista;False;PARDA
43664;3502200.0;Angatuba;Sorocaba;False;BRANCA
43665;3553401.0;Tanabi;São José do Rio Preto;False;BRANCA
43666;3541000.0;Praia Grande;Baixada Santista;False;BRANCA
43667;3513801.0;Diadema;Grande SP Sudeste;False;PARDA
43668;3553401.0;Tanabi;São José do Rio Preto;False;BRANCA
43669;3550308.0;São Paulo;Município de São Paulo;False;PRETA
43670;3528403.0;Mairinque;Sorocaba;False;BRANCA
43671;3548708.0;São Bernardo do Campo;Grande SP Sudeste;False;BRANCA
43672;3530706.0;Mogi Guaçu;São João da Boa Vista;False;BRANCA
43673;3502804.0;Araçatuba;Araçatuba;False;IGNORADO
43674;3550308.0;São Paulo;Município de São Paulo;False;INDIGENA
43675;3552502.0;Suzano;Grande SP Leste;False;BRANCA
43676;3550308.0;São Paulo;Município de São Paulo;False;
43677;3548500.0;Santos;Baixada Santista;False;NONE
43678;3552205.0;Sorocaba;Sorocaba;False;BRANCA
43679;3505906.0;Batatais;Ribeirão Preto;False;BRANCA
43680;3550308.0;São Paulo;Município de São Paulo;False;PARDA
43681;3552809.0;Taboão da Serra;Grande SP Sudoeste;False;PARDA
43682;3513009.0;Cotia;Grande SP Sudoeste;False;BRANCA
43683;3550308.0;São Paulo;Município de São Paulo;False;BRANCA
43684;3513801.0;Diadema;Grande SP Sudeste;False;
43685;3550308.0;São Paulo;Município de São Paulo;False;IGNORADO
43686;3550308.0;São Paulo;Município de São Paulo;False;BRANCA
43687;3550308.0;São Paulo;Município de São Paulo;False;BRANCA
43688;3550308.0;São Paulo;Município de São Paulo;False;BRANCA
43689;3546306.0;Santa Cruz das Palmeiras;São João da Boa Vista;False;BRANCA
43690;3529005.0;Marília;Marília;False;IGNORADO
43691;3550308.0;São Paulo;Município de São Paulo;False;BRANCA
43692;3550308.0;São Paulo;Município de São Paulo;False;AMARELA
43693;3527306.0;Louveira;Campinas;False;BRANCA
43694;3549904.0;São José dos Campos;Taubaté;False;IGNORADO
43695;3547809.0;Santo André;Grande SP Sudeste;False;IGNORADO
43696;3550308.0;São Paulo;Município de São Paulo;False;PRETA
43697;3546702.0;Santa Gertrudes;Piracicaba;False;BRANCA
43698;3550308.0;São Paulo;Município de São Paulo;False;IGNORADO
43699;3541000.0;Praia Grande;Baixada Santista;False;BRANCA
43700;3529302.0;Matão;Araraquara;False;BRANCA
43701;3549805.0;São José do Rio Preto;São José do Rio Preto;False;BRANCA
43702;3550308.0;São Paulo;Município de São Paulo;False;
43703;3527108.0;Lins;Bauru;False;BRANCA
43704;3550308.0;São Paulo;Município de São Paulo;False;IGNORADO
43705;3526209.0;Juquitiba;Grande SP Sudoeste;False;BRANCA
43706;3550308.0;São Paulo;Município de São Paulo;False;PARDA
43707;3526407.0;Laranjal Paulista;Bauru;False;BRANCA
43708;3548708.0;São Bernardo do Campo;Grande SP Sudeste;False;BRANCA
43709;3512803.0;Cosmópolis;Campinas;False;PARDA
43710;3550308.0;São Paulo;Município de São Paulo;False;BRANCA
43711;3547809.0;Santo André;Grande SP Sudeste;False;PARDA
43712;3550308.0;São Paulo;Município de São Paulo;False;PARDA
43713;3539806.0;Poá;Grande SP Leste;False;BRANCA
43714;3550308.0;São Paulo;Município de São Paulo;False;PARDA
43715;3509502.0;Campinas;Campinas;False;PARDA
43716;3509502.0;Campinas;Campinas;False;IGNORADO
43717;3545803.0;Santa Bárbara d'Oeste;Campinas;False;BRANCA
43718;3550308.0;São Paulo;Município de São Paulo;False;PARDA
43719;3529005.0;Marília;Marília;False;BRANCA
43720;3550308.0;São Paulo;Município de São Paulo;False;PARDA
43721;3550308.0;São Paulo;Município de São Paulo;False;NONE
43722;3548500.0;Santos;Baixada Santista;False;PARDA
43723;3550308.0;São Paulo;Município de São Paulo;False;BRANCA
43724;3552205.0;Sorocaba;Sorocaba;False;BRANCA
43725;3505500.0;Barretos;Barretos;False;BRANCA
43726;3547809.0;Santo André;Grande SP Sudeste;False;BRANCA
43727;3541000.0;Praia Grande;Baixada Santista;False;PARDA
43728;3505906.0;Batatais;Ribeirão Preto;False;BRANCA
43729;3550308.0;São Paulo;Município de São Paulo;False;IGNORADO
43730;3503208.0;Araraquara;Araraquara;False;BRANCA
43731;3549904.0;São José dos Campos;Taubaté;False;IGNORADO
43732;3548500.0;Santos;Baixada Santista;False;BRANCA
43733;3531308.0;Monte Alto;Ribeirão Preto;False;BRANCA
43734;3513801.0;Diadema;Grande SP Sudeste;False;AMARELA
43735;3535507.0;Paraguaçu Paulista;Marília;False;BRANCA
43736;3543402.0;Ribeirão Preto;Ribeirão Preto;False;BRANCA
43737;3509502.0;Campinas;Campinas;False;BRANCA
43738;3510807.0;Casa Branca;São João da Boa Vista;False;BRANCA
43739;3550308.0;São Paulo;Município de São Paulo;False;IGNORADO
43740;3550308.0;São Paulo;Município de São Paulo;False;BRANCA
43741;3505500.0;Barretos;Barretos;False;IGNORADO
43742;3538709.0;Piracicaba;Piracicaba;False;BRANCA
43743;3527108.0;Lins;Bauru;False;IGNORADO
43744;3550308.0;São Paulo;Município de São Paulo;False;BRANCA
43745;3549805.0;São José do Rio Preto;São José do Rio Preto;False;PARDA
43746;3511102.0;Catanduva;São José do Rio Preto;False;BRANCA
43747;3550308.0;São Paulo;Município de São Paulo;False;BRANCA
43748;3550308.0;São Paulo;Município de São Paulo;False;BRANCA
43749;3519055.0;Holambra;Campinas;False;IGNORADO
43750;3526902.0;Limeira;Piracicaba;False;BRANCA
43751;3550308.0;São Paulo;Município de São Paulo;False;BRANCA
43752;3522604.0;Itapira;São João da Boa Vista;False;BRANCA
43753;3523107.0;Itaquaquecetuba;Grande SP Leste;False;BRANCA
43754;3501608.0;Americana;Campinas;False;BRANCA
43755;3550308.0;São Paulo;Município de São Paulo;False;PARDA
43756;3550308.0;São Paulo;Município de São Paulo;False;BRANCA
43757;3556404.0;Vargem Grande do Sul;São João da Boa Vista;False;BRANCA
43758;3550308.0;São Paulo;Município de São Paulo;False;IGNORADO
43759;3529005.0;Marília;Marília;False;BRANCA
43760;3538709.0;Piracicaba;Piracicaba;False;PARDA
43761;3552205.0;Sorocaba;Sorocaba;False;BRANCA
43762;3507605.0;Bragança Paulista;Campinas;False;BRANCA
43763;3543402.0;Ribeirão Preto;Ribeirão Preto;False;BRANCA
43764;3505203.0;Bariri;Bauru;False;BRANCA
43765;3520509.0;Indaiatuba;Campinas;False;BRANCA
43766;3539301.0;Pirassununga;Piracicaba;False;BRANCA
43767;3529401.0;Mauá;Grande SP Sudeste;False;BRANCA
43768;3510401.0;Capivari;Piracicaba;False;NONE
43769;3538709.0;Piracicaba;Piracicaba;False;BRANCA
43770;3522703.0;Itápolis;Araraquara;False;BRANCA
43771;3550308.0;São Paulo;Município de São Paulo;False;BRANCA
43772;3506003.0;Bauru;Bauru;False;BRANCA
43773;3549904.0;São José dos Campos;Taubaté;False;IGNORADO
43774;3520509.0;Indaiatuba;Campinas;False;BRANCA
43775;3509502.0;Campinas;Campinas;False;BRANCA
43776;3556701.0;Vinhedo;Campinas;False;PRETA
43777;3532603.0;Nhandeara;São José do Rio Preto;False;BRANCA
43778;3517000.0;Getulina;Bauru;False;PARDA
43779;3550308.0;São Paulo;Município de São Paulo;False;PRETA
43780;3506359.0;Bertioga;Baixada Santista;False;BRANCA
43781;3524600.0;Jacupiranga;Registro;False;BRANCA
43782;3555000.0;Tupã;Marília;False;IGNORADO
43783;3521507.0;Irapuã;São José do Rio Preto;False;BRANCA
43784;3520509.0;Indaiatuba;Campinas;False;IGNORADO
43785;3522802.0;Itaporanga;Bauru;False;BRANCA
43786;3552205.0;Sorocaba;Sorocaba;False;BRANCA
43787;3550308.0;São Paulo;Município de São Paulo;False;PARDA
43788;3552205.0;Sorocaba;Sorocaba;False;BRANCA
43789;3543402.0;Ribeirão Preto;Ribeirão Preto;False;PRETA
43790;3545803.0;Santa Bárbara d'Oeste;Campinas;False;BRANCA
43791;3550308.0;São Paulo;Município de São Paulo;False;AMARELA
43792;3535507.0;Paraguaçu Paulista;Marília;False;BRANCA
