52426;3503307.0;Araras;Piracicaba;False;IGNORADO
52427;3550308.0;São Paulo;Município de São Paulo;True;BRANCA
52428;3525904.0;Jundiaí;Campinas;False;BRANCA
52429;3548708.0;São Bernardo do Campo;Grande SP Sudeste;False;BRANCA
52430;3538709.0;Piracicaba;Piracicaba;False;BRANCA
52431;3517604.0;Guapiara;Sorocaba;False;PARDA
52432;3553609.0;Tapiratiba;São João da Boa Vista;False;AMARELA
52433;3503901.0;Arujá;Grande SP Leste;False;BRANCA
52434;3525904.0;Jundiaí;Campinas;False;BRANCA
52435;3518800.0;Guarulhos;Grande SP Leste;False;BRANCA
52436;3509502.0;Campinas;Campinas;False;BRANCA
52437;3553609.0;Tapiratiba;São João da Boa Vista;False;BRANCA
52438;3550308.0;São Paulo;Município de São Paulo;False;BRANCA
52439;3519709.0;Ibiúna;Sorocaba;False;BRANCA
52440;3510609.0;Carapicuíba;Grande SP Oeste;False;IGNORADO
52441;3521309.0;Ipuã;Franca;False;BRANCA
52442;3536505.0;Paulínia;Campinas;False;AMARELA
52443;3518800.0;Guarulhos;Grande SP Leste;False;IGNORADO
52444;3547304.0;Santana de Parnaíba;Grande SP Oeste;False;PARDA
52445;3550308.0;São Paulo;Município de São Paulo;False;PARDA
52446;3530607.0;Mogi das Cruzes;Grande SP Leste;True;PARDA
52447;3550308.0;São Paulo;Município de São Paulo;False;PARDA
52448;3550308.0;São Paulo;Município de São Paulo;False;PARDA
52449;3547809.0;Santo André;Grande SP Sudeste;False;BRANCA
52450;3550308.0;São Paulo;Município de São Paulo;False;BRANCA
52451;3513009.0;Cotia;Grande SP Sudoeste;False;PARDA
52452;3549904.0;São José dos Campos;Taubaté;False;BRANCA
52453;3525904.0;Jundiaí;Campinas;False;BRANCA
52454;3550407.0;São Pedro;Piracicaba;False;NONE
52455;3525904.0;Jundiaí;Campinas;False;BRANCA
52456;3509502.0;Campinas;Campinas;False;AMARELA
52457;3503307.0;Araras;Piracicaba;False;BRANCA
52458;3518701.0;Guarujá;Baixada Santista;False;PARDA
52459;3533007.0;Nova Granada;São José do Rio Preto;False;BRANCA
52460;3525904.0;Jundiaí;Campinas;False;BRANCA
52461;3550308.0;São Paulo;Município de São Paulo;False;BRANCA
52462;3506003.0;Bauru;Bauru;False;BRANCA
52463;3548500.0;Santos;Baixada Santista;False;BRANCA
52464;3534401.0;Osasco;Grande SP Oeste;False;
52465;3541000.0;Praia Grande;Baixada Santista;False;PRETA
52466;3530607.0;Mogi das Cruzes;Grande SP Leste;False;BRANCA
52467;3522505.0;Itapevi;Grande SP Oeste;False;PARDA
52468;3528502.0;Mairiporã;Grande SP Norte;False;BRANCA
52469;3554102.0;Taubaté;Taubaté;False;
52470;3509502.0;Campinas;Campinas;False;PARDA
52471;3550308.0;São Paulo;Município de São Paulo;False;BRANCA
52472;3550308.0;São Paulo;Município de São Paulo;False;
52473;3534401.0;Osasco;Grande SP Oeste;False;BRANCA
52474;3525904.0;Jundiaí;Campinas;False;BRANCA
52475;3515509.0;Fernandópolis;São José do Rio Preto;False;BRANCA
52476;3550308.0;São Paulo;Município de São Paulo;False;PRETA
52477;3507605.0;Bragança Paulista;Campinas;False;BRANCA
52478;3520004.0;Igaraçu do Tietê;Bauru;False;BRANCA
52479;3505203.0;Bariri;Bauru;False;BRANCA
52480;3543402.0;Ribeirão Preto;Ribeirão Preto;False;BRANCA
52481;3507605.0;Bragança Paulista;Campinas;False;PARDA
52482;3538709.0;Piracicaba;Piracicaba;False;BRANCA
52483;3509502.0;Campinas;Campinas;False;IGNORADO
52484;3548708.0;São Bernardo do Campo;Grande SP Sudeste;False;BRANCA
52485;3519402.0;Ibirá;São José do Rio Preto;False;BRANCA
52486;3518701.0;Guarujá;Baixada Santista;False;IGNORADO
52487;3516200.0;Franca;Franca;False;BRANCA
52488;3553609.0;Tapiratiba;São João da Boa Vista;False;BRANCA
52489;3554805.0;Tremembé;Taubaté;False;BRANCA
52490;3504503.0;Avaré;Bauru;False;BRANCA
52491;3543303.0;Ribeirão Pires;Grande SP Sudeste;False;AMARELA
52492;3549805.0;São José do Rio Preto;São José do Rio Preto;False;BRANCA
52493;3511102.0;Catanduva;São José do Rio Preto;False;BRANCA
52494;3552205.0;Sorocaba;Sorocaba;False;BRANCA
52495;3556503.0;Várzea Paulista;Campinas;False;PARDA
52496;3527108.0;Lins;Bauru;False;IGNORADO
52497;3549706.0;São José do Rio Pardo;São João da Boa Vista;False;BRANCA
52498;3550308.0;São Paulo;Município de São Paulo;False;BRANCA
52499;3509502.0;Campinas;Campinas;False;BRANCA
52500;3510302.0;Capela do Alto;Sorocaba;False;NONE
52501;3503307.0;Araras;Piracicaba;False;BRANCA
52502;3539202.0;Pirapozinho;Presidente Prudente;False;PARDA
52503;3550308.0;São Paulo;Município de São Paulo;False;BRANCA
52504;3507605.0;Bragança Paulista;Campinas;False;
52505;3513504.0;Cubatão;Baixada Santista;False;PARDA
52506;3550308.0;São Paulo;Município de São Paulo;False;PARDA
52507;3550308.0;São Paulo;Município de São Paulo;False;IGNORADO
52508;3550308.0;São Paulo;Município de São Paulo;False;BRANCA
52509;3525300.0;Jaú;Bauru;False;BRANCA
52510;3506003.0;Bauru;Bauru;False;BRANCA
52511;3550308.0;São Paulo;Município de São Paulo;False;BRANCA
52512;3550308.0;São Paulo;Município de São Paulo;False;BRANCA
52513;3511102.0;Catanduva;São José do Rio Preto;False;PARDA
52514;3550308.0;São Paulo;Município de São Paulo;False;BRANCA
52515;3509254.0;Cajati;Registro;False;PRETA
52516;3549805.0;São José do Rio Preto;São José do Rio Preto;False;BRANCA
52517;3520004.0;Igaraçu do Tietê;Bauru;False;BRANCA
52518;3550308.0;São Paulo;Município de São Paulo;False;BRANCA
52519;3551009.0;São Vicente;Baixada Santista;False;BRANCA
52520;3550308.0;São Paulo;Município de São Paulo;False;BRANCA
52521;3543907.0;Rio Claro;Piracicaba;False;BRANCA
52522;3516705.0;Garça;Marília;False;BRANCA
52523;3520509.0;Indaiatuba;Campinas;False;IGNORADO
52524;3545308.0;Salto de Pirapora;Sorocaba;False;IGNORADO
52525;3536505.0;Paulínia;Campinas;False;BRANCA
52526;3546504.0;Santa Ernestina;Araraquara;False;BRANCA
52527;3522604.0;Itapira;São João da Boa Vista;False;BRANCA
52528;3550308.0;São Paulo;Município de São Paulo;False;BRANCA
52529;3515004.0;Embu das Artes;Grande SP Sudoeste;False;PARDA
52530;3525904.0;Jundiaí;Campinas;False;BRANCA
52531;3534708.0;Ourinhos;Marília;False;BRANCA
52532;3515103.0;Embu-Guaçu;Grande SP Sudoeste;False;PRETA
52533;3509502.0;Campinas;Campinas;False;BRANCA
52534;3548708.0;São Bernardo do Campo;Grande SP Sudeste;False;BRANCA
52535;3516200.0;Franca;Franca;False;IGNORADO
52536;3550308.0;São Paulo;Município de São Paulo;False;PARDA
52537;3550308.0;São Paulo;Município de São Paulo;False;BRANCA
52538;3506003.0;Bauru;Bauru;False;PRETA
52539;3554805.0;Tremembé;Taubaté;False;BRANCA
52540;3550308.0;São Paulo;Município de São Paulo;False;IGNORADO
52541;3544004.0;Rio das Pedras;Piracicaba;False;BRANCA
52542;3548500.0;Santos;Baixada Santista;False;PARDA
52543;3549805.0;São José do Rio Preto;São José do Rio Preto;False;BRANCA
52544;3534708.0;Ourinhos;Marília;False;BRANCA
52545;3519907.0;Iepê;Presidente Prudente;False;BRANCA
52546;3530300.0;Mirassol;São José do Rio Preto;False;BRANCA
52547;3505708.0;Barueri;Grande SP Oeste;False;BRANCA
52548;3550308.0;São Paulo;Município de São Paulo;False;BRANCA
52549;3547809.0;Santo André;Grande SP Sudeste;False;PARDA
52550;3520400.0;Ilhabela;Taubaté;False;BRANCA
52551;3550308.0;São Paulo;Município de São Paulo;False;BRANCA
52552;3536109.0;Pardinho;Bauru;False;BRANCA
52553;3529401.0;Mauá;Grande SP Sudeste;False;AMARELA
52554;3550308.0;São Paulo;Município de São Paulo;False;NONE
52555;3550308.0;São Paulo;Município de São Paulo;False;IGNORADO
52556;3550308.0;São Paulo;Município de São Paulo;False;BRANCA
52557;3525904.0;Jundiaí;Campinas;False;PARDA
52558;3541505.0;Presidente Venceslau;Presidente Prudente;False;BRANCA
52559;3536505.0;Paulínia;Campinas;False;BRANCA
52560;3513801.0;Diadema;Grande SP Sudeste;False;PARDA
52561;3550308.0;São Paulo;Município de São Paulo;False;BRANCA
52562;3515004.0;Embu das Artes;Grande SP Sudoeste;False;BRANCA
52563;3550308.0;São Paulo;Município de São Paulo;False;NONE
52564;3550308.0;São Paulo;Município de São Paulo;False;BRANCA
52565;3550308.0;São Paulo;Município de São Paulo;False;BRANCA
52566;3550308.0;São Paulo;Município de São Paulo;False;PARDA
52567;3538709.0;Piracicaba;Piracicaba;False;BRANCA
52568;3522208.0;Itapecerica da Serra;Grande SP Sudoeste;False;BRANCA
52569;3552403.0;Sumaré;Campinas;False;AMARELA
52570;3517406.0;Guaíra;Barretos;False;BRANCA
52571;3548708.0;São Bernardo do Campo;Grande SP Sudeste;False;BRANCA
