67538;3520509.0;Indaiatuba;Campinas;False;BRANCA
67539;3544202.0;Riolândia;São José do Rio Preto;False;BRANCA
67540;3550308.0;São Paulo;Município de São Paulo;False;PARDA
67541;3552502.0;Suzano;Grande SP Leste;False;BRANCA
67542;3552809.0;Taboão da Serra;Grande SP Sudoeste;False;BRANCA
67543;3549904.0;São José dos Campos;Taubaté;False;BRANCA
67544;3550308.0;São Paulo;Município de São Paulo;False;PARDA
67545;3550308.0;São Paulo;Município de São Paulo;False;BRANCA
67546;3549805.0;São José do Rio Preto;São José do Rio Preto;False;PARDA
67547;3526902.0;Limeira;Piracicaba;False;IGNORADO
67548;3516200.0;Franca;Franca;False;IGNORADO
67549;3550308.0;São Paulo;Município de São Paulo;False;BRANCA
67550;3541000.0;Praia Grande;Baixada Santista;False;BRANCA
67551;3541059.0;Pratânia;Bauru;False;BRANCA
67552;3540606.0;Porto Feliz;Sorocaba;False;BRANCA
67553;3506003.0;Bauru;Bauru;False;BRANCA
67554;3502804.0;Araçatuba;Araçatuba;False;AMARELA
67555;3550308.0;São Paulo;Município de São Paulo;False;BRANCA
67556;3550308.0;São Paulo;Município de São Paulo;False;PARDA
67557;3550308.0;São Paulo;Município de São Paulo;False;
67558;3550308.0;São Paulo;Município de São Paulo;False;IGNORADO
67559;3550308.0;São Paulo;Município de São Paulo;False;BRANCA
67560;3501707.0;Américo Brasiliense;Araraquara;False;AMARELA
67561;3524303.0;Jaboticabal;Ribeirão Preto;False;IGNORADO
67562;3509502.0;Campinas;Campinas;False;BRANCA
67563;3557105.0;Votuporanga;São José do Rio Preto;False;BRANCA
67564;3529005.0;Marília;Marília;True;BRANCA
67565;3547809.0;Santo André;Grande SP Sudeste;False;PARDA
67566;3504008.0;Assis;Marília;False;
67567;3523909.0;Itu;Sorocaba;False;BRANCA
67568;3509502.0;Campinas;Campinas;False;PRETA
67569;3506102.0;Bebedouro;Barretos;False;BRANCA
67570;3530805.0;Mogi Mirim;São João da Boa Vista;False;BRANCA
67571;3541059.0;Pratânia;Bauru;False;BRANCA
67572;3550308.0;São Paulo;Município de São Paulo;False;BRANCA
67573;3541406.0;Presidente Prudente;Presidente Prudente;False;PARDA
67574;3548054.0;Santo Antônio do Aracanguá;Araçatuba;False;AMARELA
67575;3507506.0;Botucatu;Bauru;False;PARDA
67576;3550308.0;São Paulo;Município de São Paulo;False;BRANCA
67577;3510609.0;Carapicuíba;Grande SP Oeste;False;BRANCA
67578;3550308.0;São Paulo;Município de São Paulo;False;PRETA
67579;3506003.0;Bauru;Bauru;False;PARDA
67580;3551702.0;Sertãozinho;Ribeirão Preto;True;IGNORADO
67581;3501004.0;Altinópolis;Ribeirão Preto;False;BRANCA
67582;3507605.0;Bragança Paulista;Campinas;False;BRANCA
67583;3550308.0;São Paulo;Município de São Paulo;False;BRANCA
67584;3510609.0;Carapicuíba;Grande SP Oeste;False;AMARELA
67585;3513801.0;Diadema;Grande SP Sudeste;False;BRANCA
67586;3525904.0;Jundiaí;Campinas;False;IGNORADO
67587;3513801.0;Diadema;Grande SP Sudeste;False;BRANCA
67588;3550308.0;São Paulo;Município de São Paulo;False;PARDA
67589;3550308.0;São Paulo;Município de São Paulo;False;BRANCA
67590;3524402.0;Jacareí;Taubaté;False;BRANCA
67591;3526902.0;Limeira;Piracicaba;False;BRANCA
67592;3522307.0;Itapetininga;Sorocaba;False;BRANCA
67593;3550308.0;São Paulo;Município de São Paulo;False;BRANCA
67594;3550308.0;São Paulo;Município de São Paulo;False;PARDA
67595;3548807.0;São Caetano do Sul;Grande SP Sudeste;False;BRANCA
67596;3504107.0;Atibaia;Campinas;False;AMARELA
67597;3521903.0;Itajobi;São José do Rio Preto;False;BRANCA
67598;3552502.0;Suzano;Grande SP Leste;False;BRANCA
67599;3526902.0;Limeira;Piracicaba;False;BRANCA
67600;3526902.0;Limeira;Piracicaba;False;BRANCA
67601;3509502.0;Campinas;Campinas;False;PARDA
67602;3532405.0;Nazaré Paulista;Campinas;False;BRANCA
67603;3504602.0;Bady Bassitt;São José do Rio Preto;False;PARDA
67604;3556354.0;Vargem;Campinas;False;BRANCA
67605;3550308.0;São Paulo;Município de São Paulo;False;BRANCA
67606;3522109.0;Itanhaém;Baixada Santista;False;IGNORADO
67607;3548906.0;São Carlos;Araraquara;False;BRANCA
67608;3540705.0;Porto Ferreira;Araraquara;False;BRANCA
67609;3503307.0;Araras;Piracicaba;False;IGNORADO
67610;3522307.0;Itapetininga;Sorocaba;False;BRANCA
67611;3508603.0;Cachoeira Paulista;Taubaté;False;AMARELA
67612;3506003.0;Bauru;Bauru;False;BRANCA
67613;3539509.0;Pitangueiras;Ribeirão Preto;False;BRANCA
67614;3525904.0;Jundiaí;Campinas;False;BRANCA
67615;3548708.0;São Bernardo do Campo;Grande SP Sudeste;False;IGNORADO
67616;3526803.0;Lençóis Paulista;Bauru;False;PARDA
67617;3543402.0;Ribeirão Preto;Ribeirão Preto;False;AMARELA
67618;3548500.0;Santos;Baixada Santista;False;BRANCA
67619;3550308.0;São Paulo;Município de São Paulo;False;BRANCA
67620;3550308.0;São Paulo;Município de São Paulo;False;BRANCA
67621;3550308.0;São Paulo;Município de São Paulo;False;BRANCA
67622;3513801.0;Diadema;Grande SP Sudeste;False;PARDA
67623;3510609.0;Carapicuíba;Grande SP Oeste;False;PARDA
67624;3509007.0;Caieiras;Grande SP Norte;False;IGNORADO
67625;3553906.0;Tarabai;Presidente Prudente;False;PARDA
67626;3505708.0;Barueri;Grande SP Oeste;False;BRANCA
67627;3551009.0;São Vicente;Baixada Santista;False;PARDA
67628;3550308.0;São Paulo;Município de São Paulo;False;PARDA
67629;3541000.0;Praia Grande;Baixada Santista;False;BRANCA
67630;3507605.0;Bragança Paulista;Campinas;False;BRANCA
67631;3550308.0;São Paulo;Município de São Paulo;False;BRANCA
67632;3550308.0;São Paulo;Município de São Paulo;False;NONE
67633;3548500.0;Santos;Baixada Santista;False;IGNORADO
67634;3549805.0;São José do Rio Preto;São José do Rio Preto;False;IGNORADO
67635;3531308.0;Monte Alto;Ribeirão Preto;False;BRANCA
67636;3552205.0;Sorocaba;Sorocaba;False;BRANCA
67637;3550308.0;São Paulo;Município de São Paulo;False;PARDA
67638;3530607.0;Mogi das Cruzes;Grande SP Leste;False;BRANCA
67639;3515608.0;Fernando Prestes;São José do Rio Preto;False;BRANCA
67640;3550308.0;São Paulo;Município de São Paulo;False;PRETA
67641;3550308.0;São Paulo;Município de São Paulo;False;PARDA
67642;3518800.0;Guarulhos;Grande SP Leste;False;AMARELA
67643;3530607.0;Mogi das Cruzes;Grande SP Leste;False;BRANCA
67644;3550308.0;São Paulo;Município de São Paulo;False;BRANCA
67645;3549904.0;São José dos Campos;Taubaté;False;PARDA
67646;3549805.0;São José do Rio Preto;São José do Rio Preto;False;BRANCA
67647;3503307.0;Araras;Piracicaba;False;BRANCA
67648;3538709.0;Piracicaba;Piracicaba;False;PARDA
67649;3506003.0;Bauru;Bauru;False;IGNORADO
67650;3503208.0;Araraquara;Araraquara;False;PARDA
67651;3505708.0;Barueri;Grande SP Oeste;False;BRANCA
67652;3550308.0;São Paulo;Município de São Paulo;False;PARDA
67653;3518404.0;Guaratinguetá;Taubaté;False;AMARELA
67654;3550308.0;São Paulo;Município de São Paulo;False;
67655;3543402.0;Ribeirão Preto;Ribeirão Preto;False;PARDA
67656;3505500.0;Barretos;Barretos;False;BRANCA
67657;3550308.0;São Paulo;Município de São Paulo;False;PARDA
67658;3531100.0;Mongaguá;Baixada Santista;False;IGNORADO
67659;3538709.0;Piracicaba;Piracicaba;False;BRANCA
67660;3550308.0;São Paulo;Município de São Paulo;False;BRANCA
67661;3534401.0;Osasco;Grande SP Oeste;False;
67662;3509502.0;Campinas;Campinas;False;BRANCA
67663;3554508.0;Tietê;Sorocaba;False;BRANCA
67664;3506003.0;Bauru;Bauru;False;BRANCA
67665;3534401.0;Osasco;Grande SP Oeste;False;BRANCA
67666;3548807.0;São Caetano do Sul;Grande SP Sudeste;False;BRANCA
67667;3550308.0;São Paulo;Município de São Paulo;False;BRANCA
67668;3548708.0;São Bernardo do Campo;Grande SP Sudeste;False;AMARELA
67669;3543402.0;Ribeirão Preto;Ribeirão Preto;False;PARDA
67670;3534401.0;Osasco;Grande SP Oeste;False;AMARELA
67671;3527108.0;Lins;Bauru;False;PARDA
67672;3552205.0;Sorocaba;Sorocaba;False;BRANCA
67673;3538709.0;Piracicaba;Piracicaba;False;BRANCA
67674;3549102.0;São João da Boa Vista;São João da Boa Vista;False;BRANCA
67675;3526704.0;Leme;Piracicaba;False;BRANCA
67676;3523909.0;Itu;Sorocaba;False;BRANCA
67677;3517901.0;Guaraci;Barretos;False;BRANCA
67678;3550308.0;São Paulo;Município de São Paulo;False;PARDA
67679;3548807.0;São Caetano do Sul;Grande SP Sudeste;False;BRANCA
67680;3550308.0;São Paulo;Município de São Paulo;False;PARDA
67681;3550308.0;São Paulo;Município de São Paulo;False;PRETA
67682;3543402.0;Ribeirão Preto;Ribeirão Preto;False;IGNORADO
