50414;3539509.0;Pitangueiras;Ribeirão Preto;False;BRANCA
50415;3551702.0;Sertãozinho;Ribeirão Preto;False;BRANCA
50416;3550308.0;São Paulo;Município de São Paulo;False;PRETA
50417;3509502.0;Campinas;Campinas;False;PARDA
50418;3526902.0;Limeira;Piracicaba;False;BRANCA
50419;3547809.0;Santo André;Grande SP Sudeste;False;IGNORADO
50420;3502804.0;Araçatuba;Araçatuba;False;BRANCA
50421;3511102.0;Catanduva;São José do Rio Preto;False;BRANCA
50422;3548708.0;São Bernardo do Campo;Grande SP Sudeste;False;BRANCA
50423;3520509.0;Indaiatuba;Campinas;False;BRANCA
50424;3525854.0;Jumirim;Sorocaba;False;BRANCA
50425;3501608.0;Americana;Campinas;False;BRANCA
50426;3550803.0;São Sebastião da Grama;São João da Boa Vista;False;BRANCA
50427;3542602.0;Registro;Registro;False;BRANCA
50428;3520400.0;Ilhabela;Taubaté;False;BRANCA
50429;3517208.0;Guaiçara;Bauru;False;BRANCA
50430;3550308.0;São Paulo;Município de São Paulo;False;BRANCA
50431;3547304.0;Santana de Parnaíba;Grande SP Oeste;False;BRANCA
50432;3503802.0;Artur Nogueira;Campinas;False;BRANCA
50433;3523909.0;Itu;Sorocaba;False;BRANCA
50434;3543402.0;Ribeirão Preto;Ribeirão Preto;False;IGNORADO
50435;3548500.0;Santos;Baixada Santista;False;BRANCA
50436;3530607.0;Mogi das Cruzes;Grande SP Leste;False;
50437;3530607.0;Mogi das Cruzes;Grande SP Leste;False;NONE
50438;3504602.0;Bady Bassitt;São José do Rio Preto;False;BRANCA
50439;3550308.0;São Paulo;Município de São Paulo;False;BRANCA
50440;3522604.0;Itapira;São João da Boa Vista;False;BRANCA
50441;3520400.0;Ilhabela;Taubaté;False;PARDA
50442;3550308.0;São Paulo;Município de São Paulo;False;BRANCA
50443;3501301.0;Álvares Machado;Presidente Prudente;False;BRANCA
50444;3550308.0;São Paulo;Município de São Paulo;False;BRANCA
50445;3550308.0;São Paulo;Município de São Paulo;False;BRANCA
50446;3550308.0;São Paulo;Município de São Paulo;False;IGNORADO
50447;3522505.0;Itapevi;Grande SP Oeste;True;BRANCA
50448;3538709.0;Piracicaba;Piracicaba;False;BRANCA
50449;3525300.0;Jaú;Bauru;False;BRANCA
50450;3548708.0;São Bernardo do Campo;Grande SP Sudeste;False;BRANCA
50451;3538709.0;Piracicaba;Piracicaba;False;PARDA
50452;3550308.0;São Paulo;Município de São Paulo;False;IGNORADO
50453;3549805.0;São José do Rio Preto;São José do Rio Preto;False;BRANCA
50454;3550308.0;São Paulo;Município de São Paulo;False;AMARELA
50455;3510609.0;Carapicuíba;Grande SP Oeste;False;BRANCA
50456;3524808.0;Jales;São José do Rio Preto;False;BRANCA
50457;3552403.0;Sumaré;Campinas;False;PARDA
50458;3550308.0;São Paulo;Município de São Paulo;True;BRANCA
50459;3518800.0;Guarulhos;Grande SP Leste;False;BRANCA
50460;3546504.0;Santa Ernestina;Araraquara;False;PARDA
50461;3529203.0;Martinópolis;Presidente Prudente;False;BRANCA
50462;3550308.0;São Paulo;Município de São Paulo;False;PARDA
50463;3501301.0;Álvares Machado;Presidente Prudente;False;BRANCA
50464;3550308.0;São Paulo;Município de São Paulo;False;PARDA
50465;3518701.0;Guarujá;Baixada Santista;False;BRANCA
50466;3550308.0;São Paulo;Município de São Paulo;False;PARDA
50467;3541000.0;Praia Grande;Baixada Santista;False;BRANCA
50468;3554102.0;Taubaté;Taubaté;False;BRANCA
50469;3552502.0;Suzano;Grande SP Leste;False;IGNORADO
50470;3509502.0;Campinas;Campinas;False;PARDA
50471;3550308.0;São Paulo;Município de São Paulo;False;PARDA
50472;3550308.0;São Paulo;Município de São Paulo;False;NONE
50473;3550308.0;São Paulo;Município de São Paulo;False;PARDA
50474;3548500.0;Santos;Baixada Santista;False;PARDA
50475;3554003.0;Tatuí;Sorocaba;False;BRANCA
50476;3552205.0;Sorocaba;Sorocaba;False;PARDA
50477;3556701.0;Vinhedo;Campinas;False;BRANCA
50478;3552205.0;Sorocaba;Sorocaba;False;BRANCA
50479;3550308.0;São Paulo;Município de São Paulo;False;BRANCA
50480;3526902.0;Limeira;Piracicaba;False;BRANCA
50481;3511102.0;Catanduva;São José do Rio Preto;False;BRANCA
50482;3550308.0;São Paulo;Município de São Paulo;False;IGNORADO
50483;3510203.0;Capão Bonito;Sorocaba;False;BRANCA
50484;3552106.0;Socorro;Campinas;False;BRANCA
50485;3510609.0;Carapicuíba;Grande SP Oeste;False;IGNORADO
50486;3555406.0;Ubatuba;Taubaté;False;PRETA
50487;3536703.0;Pederneiras;Bauru;False;PARDA
50488;3543907.0;Rio Claro;Piracicaba;False;BRANCA
50489;3519071.0;Hortolândia;Campinas;False;BRANCA
50490;3503307.0;Araras;Piracicaba;False;BRANCA
50491;3550308.0;São Paulo;Município de São Paulo;False;BRANCA
50492;3534401.0;Osasco;Grande SP Oeste;False;PARDA
50493;3550308.0;São Paulo;Município de São Paulo;False;PARDA
50494;3515707.0;Ferraz de Vasconcelos;Grande SP Leste;False;NONE
50495;3534401.0;Osasco;Grande SP Oeste;False;BRANCA
50496;3548708.0;São Bernardo do Campo;Grande SP Sudeste;False;BRANCA
50497;3550308.0;São Paulo;Município de São Paulo;False;
50498;3515004.0;Embu das Artes;Grande SP Sudoeste;False;BRANCA
50499;3546702.0;Santa Gertrudes;Piracicaba;False;BRANCA
50500;3524600.0;Jacupiranga;Registro;False;PARDA
50501;3548708.0;São Bernardo do Campo;Grande SP Sudeste;False;PARDA
50502;3524600.0;Jacupiranga;Registro;False;BRANCA
50503;3554805.0;Tremembé;Taubaté;False;BRANCA
50504;3531803.0;Monte Mor;Campinas;False;PRETA
50505;3546801.0;Santa Isabel;Grande SP Leste;False;BRANCA
50506;3549805.0;São José do Rio Preto;São José do Rio Preto;False;BRANCA
50507;3548807.0;São Caetano do Sul;Grande SP Sudeste;False;BRANCA
50508;3506003.0;Bauru;Bauru;False;PARDA
50509;3518800.0;Guarulhos;Grande SP Leste;False;BRANCA
50510;3523107.0;Itaquaquecetuba;Grande SP Leste;False;PRETA
50511;3550308.0;São Paulo;Município de São Paulo;False;IGNORADO
50512;3550308.0;São Paulo;Município de São Paulo;False;PARDA
50513;3548708.0;São Bernardo do Campo;Grande SP Sudeste;False;PARDA
50514;3550308.0;São Paulo;Município de São Paulo;False;IGNORADO
50515;3550308.0;São Paulo;Município de São Paulo;False;BRANCA
50516;3549805.0;São José do Rio Preto;São José do Rio Preto;False;BRANCA
50517;3509502.0;Campinas;Campinas;False;PARDA
50518;3518800.0;Guarulhos;Grande SP Leste;False;AMARELA
50519;3553708.0;Taquaritinga;Araraquara;False;BRANCA
50520;3550308.0;São Paulo;Município de São Paulo;False;BRANCA
50521;3541406.0;Presidente Prudente;Presidente Prudente;False;PRETA
50522;3550308.0;São Paulo;Município de São Paulo;False;IGNORADO
50523;3502804.0;Araçatuba;Araçatuba;False;BRANCA
50524;3550308.0;São Paulo;Município de São Paulo;False;BRANCA
50525;3526704.0;Leme;Piracicaba;False;BRANCA
50526;3528809.0;Maracaí;Marília;False;BRANCA
50527;3542701.0;Restinga;Franca;False;PRETA
50528;3529401.0;Mauá;Grande SP Sudeste;False;IGNORADO
50529;3550308.0;São Paulo;Município de São Paulo;False;IGNORADO
50530;3549904.0;São José dos Campos;Taubaté;False;BRANCA
50531;3550308.0;São Paulo;Município de São Paulo;False;PARDA
50532;3550308.0;São Paulo;Município de São Paulo;False;BRANCA
50533;3550308.0;São Paulo;Município de São Paulo;False;PARDA
50534;3503901.0;Arujá;Grande SP Leste;False;PRETA
50535;3554102.0;Taubaté;Taubaté;False;PARDA
50536;3506003.0;Bauru;Bauru;False;BRANCA
50537;3548708.0;São Bernardo do Campo;Grande SP Sudeste;False;BRANCA
50538;3535804.0;Paranapanema;Bauru;False;BRANCA
50539;3523107.0;Itaquaquecetuba;Grande SP Leste;False;IGNORADO
50540;3524402.0;Jacareí;Taubaté;False;BRANCA
50541;3517604.0;Guapiara;Sorocaba;False;PARDA
50542;3550308.0;São Paulo;Município de São Paulo;False;
50543;3550308.0;São Paulo;Município de São Paulo;False;BRANCA
50544;3550308.0;São Paulo;Município de São Paulo;False;PRETA
50545;3549805.0;São José do Rio Preto;São José do Rio Preto;False;IGNORADO
50546;3536208.0;Pariquera-Açu;Registro;False;BRANCA
50547;3548708.0;São Bernardo do Campo;Grande SP Sudeste;False;PARDA
50548;3548708.0;São Bernardo do Campo;Grande SP Sudeste;False;BRANCA
50549;3548807.0;São Caetano do Sul;Grande SP Sudeste;False;BRANCA
50550;3541604.0;Promissão;Bauru;False;BRANCA
50551;3550308.0;São Paulo;Município de São Paulo;False;BRANCA
50552;3541406.0;Presidente Prudente;Presidente Prudente;False;BRANCA
50553;3509502.0;Campinas;Campinas;False;PRETA
50554;3552205.0;Sorocaba;Sorocaba;False;BRANCA
50555;3552205.0;Sorocaba;Sorocaba;False;BRANCA
50556;3552502.0;Suzano;Grande SP Leste;False;PARDA
