24552;3513009.0;Cotia;Grande SP Sudoeste;False;BRANCA
24553;3550308.0;São Paulo;Município de São Paulo;False;PARDA
24554;3550308.0;São Paulo;Município de São Paulo;False;AMARELA
24555;3549805.0;São José do Rio Preto;São José do Rio Preto;False;BRANCA
24556;3518800.0;Guarulhos;Grande SP Leste;False;BRANCA
24557;3509502.0;Campinas;Campinas;False;BRANCA
24558;3552403.0;Sumaré;Campinas;False;BRANCA
24559;3541406.0;Presidente Prudente;Presidente Prudente;False;BRANCA
24560;3506508.0;Birigui;Araçatuba;False;BRANCA
24561;3522307.0;Itapetininga;Sorocaba;False;IGNORADO
24562;3556206.0;Valinhos;Campinas;False;BRANCA
24563;3530607.0;Mogi das Cruzes;Grande SP Leste;False;PARDA
24564;3504107.0;Atibaia;Campinas;False;BRANCA
24565;3550308.0;São Paulo;Município de São Paulo;False;PRETA
24566;3550308.0;São Paulo;Município de São Paulo;False;NONE
24567;3513009.0;Cotia;Grande SP Sudoeste;False;BRANCA
24568;3534401.0;Osasco;Grande SP Oeste;False;IGNORADO
24569;3526803.0;Lençóis Paulista;Bauru;False;IGNORADO
24570;3550308.0;São Paulo;Município de São Paulo;False;PARDA
24571;3505500.0;Barretos;Barretos;False;BRANCA
24572;3530201.0;Mirante do Paranapanema;Presidente Prudente;False;PARDA
24573;3505708.0;Barueri;Grande SP Oeste;False;BRANCA
24574;3530300.0;Mirassol;São José do Rio Preto;False;PRETA
24575;3506003.0;Bauru;Bauru;False;AMARELA
24576;3550308.0;São Paulo;Município de São Paulo;False;BRANCA
24577;3509502.0;Campinas;Campinas;False;BRANCA
24578;3541406.0;Presidente Prudente;Presidente Prudente;False;BRANCA
24579;3550308.0;São Paulo;Município de São Paulo;False;BRANCA
24580;3534401.0;Osasco;Grande SP Oeste;False;BRANCA
24581;3511409.0;Cerqueira César;Bauru;False;BRANCA
24582;3550308.0;São Paulo;Município de São Paulo;False;
24583;3524006.0;Itupeva;Campinas;False;BRANCA
24584;3550308.0;São Paulo;Município de São Paulo;False;PARDA
24585;3550308.0;São Paulo;Município de São Paulo;False;BRANCA
24586;3550308.0;São Paulo;Município de São Paulo;False;IGNORADO
24587;3550308.0;São Paulo;Município de São Paulo;False;BRANCA
24588;3550308.0;São Paulo;Município de São Paulo;False;BRANCA
24589;3550308.0;São Paulo;Município de São Paulo;False;PARDA
24590;3548500.0;Santos;Baixada Santista;False;BRANCA
24591;3503307.0;Araras;Piracicaba;False;PARDA
24592;3550308.0;São Paulo;Município de São Paulo;False;BRANCA
24593;3550308.0;São Paulo;Município de São Paulo;False;BRANCA
24594;3538709.0;Piracicaba;Piracicaba;False;BRANCA
24595;3548906.0;São Carlos;Araraquara;False;PARDA
24596;3518701.0;Guarujá;Baixada Santista;False;IGNORADO
24597;3554003.0;Tatuí;Sorocaba;False;BRANCA
24598;3550308.0;São Paulo;Município de São Paulo;False;PARDA
24599;3551009.0;São Vicente;Baixada Santista;False;IGNORADO
24600;3505708.0;Barueri;Grande SP Oeste;False;BRANCA
24601;3543907.0;Rio Claro;Piracicaba;False;BRANCA
24602;3501608.0;Americana;Campinas;False;BRANCA
24603;3552205.0;Sorocaba;Sorocaba;False;BRANCA
24604;3519071.0;Hortolândia;Campinas;False;PARDA
24605;3523909.0;Itu;Sorocaba;False;BRANCA
24606;3550308.0;São Paulo;Município de São Paulo;False;IGNORADO
24607;3550308.0;São Paulo;Município de São Paulo;False;NONE
24608;3546801.0;Santa Isabel;Grande SP Leste;False;BRANCA
24609;3550308.0;São Paulo;Município de São Paulo;False;PARDA
24610;3505708.0;Barueri;Grande SP Oeste;False;AMARELA
24611;3550308.0;São Paulo;Município de São Paulo;False;PRETA
24612;3539608.0;Planalto;São José do Rio Preto;False;BRANCA
24613;3548708.0;São Bernardo do Campo;Grande SP Sudeste;False;BRANCA
24614;3548708.0;São Bernardo do Campo;Grande SP Sudeste;False;BRANCA
24615;3550308.0;São Paulo;Município de São Paulo;False;BRANCA
24616;3501608.0;Americana;Campinas;False;IGNORADO
24617;3530607.0;Mogi das Cruzes;Grande SP Leste;False;PRETA
24618;3534401.0;Osasco;Grande SP Oeste;False;BRANCA
24619;3550308.0;São Paulo;Município de São Paulo;False;BRANCA
24620;3547809.0;Santo André;Grande SP Sudeste;False;PRETA
24621;3526100.0;Juquiá;Registro;False;BRANCA
24622;3550308.0;São Paulo;Município de São Paulo;False;BRANCA
24623;3534401.0;Osasco;Grande SP Oeste;False;PRETA
24624;3528502.0;Mairiporã;Grande SP Norte;False;BRANCA
24625;3550308.0;São Paulo;Município de São Paulo;False;PARDA
24626;3555406.0;Ubatuba;Taubaté;False;IGNORADO
24627;3511607.0;Cesário Lange;Sorocaba;False;BRANCA
24628;3524204.0;Jaborandi;Barretos;False;BRANCA
24629;3524204.0;Jaborandi;Barretos;False;IGNORADO
24630;3550308.0;São Paulo;Município de São Paulo;False;BRANCA
24631;3501608.0;Americana;Campinas;False;BRANCA
24632;3550308.0;São Paulo;Município de São Paulo;False;PRETA
24633;3550605.0;São Roque;Sorocaba;False;BRANCA
24634;3534401.0;Osasco;Grande SP Oeste;False;PARDA
24635;3550308.0;São Paulo;Município de São Paulo;False;PRETA
24636;3548500.0;Santos;Baixada Santista;False;BRANCA
24637;3504008.0;Assis;Marília;False;BRANCA
24638;3548708.0;São Bernardo do Campo;Grande SP Sudeste;False;
24639;3549805.0;São José do Rio Preto;São José do Rio Preto;False;BRANCA
24640;3550308.0;São Paulo;Município de São Paulo;False;BRANCA
24641;3518800.0;Guarulhos;Grande SP Leste;False;PRETA
24642;3548708.0;São Bernardo do Campo;Grande SP Sudeste;False;BRANCA
24643;3549805.0;São José do Rio Preto;São José do Rio Preto;False;BRANCA
24644;3525904.0;Jundiaí;Campinas;False;BRANCA
24645;3525904.0;Jundiaí;Campinas;False;IGNORADO
24646;3524303.0;Jaboticabal;Ribeirão Preto;False;IGNORADO
24647;3550308.0;São Paulo;Município de São Paulo;False;BRANCA
24648;3550308.0;São Paulo;Município de São Paulo;False;BRANCA
24649;3538006.0;Pindamonhangaba;Taubaté;False;BRANCA
24650;3538907.0;Pirajuí;Bauru;False;BRANCA
24651;3552403.0;Sumaré;Campinas;False;NONE
24652;3550308.0;São Paulo;Município de São Paulo;False;PARDA
24653;3550308.0;São Paulo;Município de São Paulo;False;BRANCA
24654;3509502.0;Campinas;Campinas;False;BRANCA
24655;3503208.0;Araraquara;Araraquara;False;BRANCA
24656;3550308.0;São Paulo;Município de São Paulo;False;BRANCA
24657;3518800.0;Guarulhos;Grande SP Leste;False;IGNORADO
24658;3547809.0;Santo André;Grande SP Sudeste;False;BRANCA
24659;3550308.0;São Paulo;Município de São Paulo;False;BRANCA
24660;3542602.0;Registro;Registro;False;AMARELA
24661;3501608.0;Americana;Campinas;False;BRANCA
24662;3515509.0;Fernandópolis;São José do Rio Preto;False;BRANCA
24663;3550308.0;São Paulo;Município de São Paulo;False;BRANCA
24664;3503208.0;Araraquara;Araraquara;False;PARDA
24665;3550308.0;São Paulo;Município de São Paulo;False;PRETA
24666;3548807.0;São Caetano do Sul;Grande SP Sudeste;False;BRANCA
24667;3550308.0;São Paulo;Município de São Paulo;False;
24668;3550308.0;São Paulo;Município de São Paulo;False;
24669;3522604.0;Itapira;São João da Boa Vista;False;BRANCA
24670;3549102.0;São João da Boa Vista;São João da Boa Vista;False;BRANCA
24671;3509502.0;Campinas;Campinas;False;BRANCA
24672;3525904.0;Jundiaí;Campinas;False;BRANCA
24673;3544004.0;Rio das Pedras;Piracicaba;False;PRETA
24674;3513801.0;Diadema;Grande SP Sudeste;False;PARDA
24675;3540705.0;Porto Ferreira;Araraquara;False;BRANCA
24676;3550308.0;São Paulo;Município de São Paulo;False;BRANCA
24677;3549102.0;São João da Boa Vista;São João da Boa Vista;False;BRANCA
24678;3501608.0;Americana;Campinas;False;BRANCA
24679;3550308.0;São Paulo;Município de São Paulo;False;BRANCA
24680;3516101.0;Florínea;Marília;False;BRANCA
24681;3547809.0;Santo André;Grande SP Sudeste;False;BRANCA
24682;3555000.0;Tupã;Marília;False;IGNORADO
24683;3518800.0;Guarulhos;Grande SP Leste;False;NONE
24684;3530706.0;Mogi Guaçu;São João da Boa Vista;False;BRANCA
24685;3518503.0;Guareí;Sorocaba;False;BRANCA
24686;3543402.0;Ribeirão Preto;Ribeirão Preto;False;BRANCA
24687;3549805.0;São José do Rio Preto;São José do Rio Preto;False;IGNORADO
24688;3543402.0;Ribeirão Preto;Ribeirão Preto;False;IGNORADO
24689;3549805.0;São José do Rio Preto;São José do Rio Preto;False;BRANCA
24690;3506003.0;Bauru;Bauru;False;BRANCA
24691;3550308.0;São Paulo;Município de São Paulo;False;BRANCA
24692;3552205.0;Sorocaba;Sorocaba;True;AMARELA
24693;3550308.0;São Paulo;Município de São Paulo;False;PARDA
