54780;3544004.0;Rio das Pedras;Piracicaba;False;BRANCA
54781;3509502.0;Campinas;Campinas;False;BRANCA
54782;3554102.0;Taubaté;Taubaté;False;PARDA
54783;3504107.0;Atibaia;Campinas;False;BRANCA
54784;3548807.0;São Caetano do Sul;Grande SP Sudeste;False;IGNORADO
54785;3543402.0;Ribeirão Preto;Ribeirão Preto;False;BRANCA
54786;3544905.0;Sales Oliveira;Franca;False;IGNORADO
54787;3509502.0;Campinas;Campinas;False;BRANCA
54788;3552502.0;Suzano;Grande SP Leste;False;BRANCA
54789;3547809.0;Santo André;Grande SP Sudeste;False;BRANCA
54790;3548500.0;Santos;Baixada Santista;False;BRANCA
54791;3543402.0;Ribeirão Preto;Ribeirão Preto;False;BRANCA
54792;3547809.0;Santo André;Grande SP Sudeste;False;BRANCA
54793;3550308.0;São Paulo;Município de São Paulo;False;PRETA
54794;3550308.0;São Paulo;Município de São Paulo;False;PRETA
54795;3523909.0;Itu;Sorocaba;False;AMARELA
54796;3520400.0;Ilhabela;Taubaté;False;BRANCA
54797;3524402.0;Jacareí;Taubaté;False;IGNORADO
54798;3502754.0;Araçariguama;Sorocaba;True;PRETA
54799;3513801.0;Diadema;Grande SP Sudeste;False;BRANCA
54800;3520004.0;Igaraçu do Tietê;Bauru;False;BRANCA
54801;3502101.0;Andradina;Araçatuba;False;IGNORADO
54802;3552403.0;Sumaré;Campinas;False;BRANCA
54803;3549805.0;São José do Rio Preto;São José do Rio Preto;False;BRANCA
54804;3547809.0;Santo André;Grande SP Sudeste;False;BRANCA
54805;3540606.0;Porto Feliz;Sorocaba;False;BRANCA
54806;3520509.0;Indaiatuba;Campinas;False;BRANCA
54807;3520509.0;Indaiatuba;Campinas;False;BRANCA
54808;3552809.0;Taboão da Serra;Grande SP Sudoeste;False;BRANCA
54809;3550308.0;São Paulo;Município de São Paulo;False;PARDA
54810;3550605.0;São Roque;Sorocaba;False;BRANCA
54811;3550308.0;São Paulo;Município de São Paulo;False;NONE
54812;3548708.0;São Bernardo do Campo;Grande SP Sudeste;False;PARDA
54813;3550308.0;São Paulo;Município de São Paulo;False;PARDA
54814;3550308.0;São Paulo;Município de São Paulo;False;BRANCA
54815;3513801.0;Diadema;Grande SP Sudeste;False;BRANCA
54816;3541406.0;Presidente Prudente;Presidente Prudente;False;BRANCA
54817;3504107.0;Atibaia;Campinas;False;BRANCA
54818;3548906.0;São Carlos;Araraquara;True;PARDA
54819;3524402.0;Jacareí;Taubaté;False;BRANCA
54820;3540903.0;Pradópolis;Ribeirão Preto;False;PRETA
54821;3534401.0;Osasco;Grande SP Oeste;False;BRANCA
54822;3547700.0;Santo Anastácio;Presidente Prudente;True;BRANCA
54823;3528502.0;Mairiporã;Grande SP Norte;False;PRETA
54824;3501608.0;Americana;Campinas;False;BRANCA
54825;3517505.0;Guapiaçu;São José do Rio Preto;False;PARDA
54826;3550308.0;São Paulo;Município de São Paulo;False;IGNORADO
54827;3550308.0;São Paulo;Município de São Paulo;False;BRANCA
54828;3515707.0;Ferraz de Vasconcelos;Grande SP Leste;False;BRANCA
54829;3509502.0;Campinas;Campinas;False;BRANCA
54830;3550308.0;São Paulo;Município de São Paulo;False;NONE
54831;3557006.0;Votorantim;Sorocaba;False;BRANCA
54832;3513504.0;Cubatão;Baixada Santista;False;PARDA
54833;3516309.0;Francisco Morato;Grande SP Norte;False;BRANCA
54834;3552403.0;Sumaré;Campinas;False;AMARELA
54835;3518800.0;Guarulhos;Grande SP Leste;False;IGNORADO
54836;3509502.0;Campinas;Campinas;False;BRANCA
54837;3513504.0;Cubatão;Baixada Santista;True;BRANCA
54838;3530607.0;Mogi das Cruzes;Grande SP Leste;True;BRANCA
54839;3550308.0;São Paulo;Município de São Paulo;False;NONE
54840;3550803.0;São Sebastião da Grama;São João da Boa Vista;False;BRANCA
54841;3550308.0;São Paulo;Município de São Paulo;False;
54842;3509502.0;Campinas;Campinas;False;PARDA
54843;3506003.0;Bauru;Bauru;False;BRANCA
54844;3506003.0;Bauru;Bauru;False;BRANCA
54845;3527108.0;Lins;Bauru;True;BRANCA
54846;3550308.0;São Paulo;Município de São Paulo;False;
54847;3534401.0;Osasco;Grande SP Oeste;True;BRANCA
54848;3539004.0;Pirangi;São José do Rio Preto;False;BRANCA
54849;3546702.0;Santa Gertrudes;Piracicaba;False;BRANCA
54850;3537602.0;Peruíbe;Baixada Santista;False;PARDA
54851;3553500.0;Tapiraí;Sorocaba;False;BRANCA
54852;3505708.0;Barueri;Grande SP Oeste;False;NONE
54853;3508405.0;Cabreúva;Campinas;False;BRANCA
54854;3517208.0;Guaiçara;Bauru;False;BRANCA
54855;3550308.0;São Paulo;Município de São Paulo;False;PARDA
54856;3552809.0;Taboão da Serra;Grande SP Sudoeste;False;PARDA
54857;3519907.0;Iepê;Presidente Prudente;True;BRANCA
54858;3505302.0;Barra Bonita;Bauru;False;BRANCA
54859;3550308.0;São Paulo;Município de São Paulo;False;IGNORADO
54860;3550308.0;São Paulo;Município de São Paulo;False;PARDA
54861;3520509.0;Indaiatuba;Campinas;False;BRANCA
54862;3547809.0;Santo André;Grande SP Sudeste;False;BRANCA
54863;3526209.0;Juquitiba;Grande SP Sudoeste;False;BRANCA
54864;3549102.0;São João da Boa Vista;São João da Boa Vista;False;BRANCA
54865;3552205.0;Sorocaba;Sorocaba;False;BRANCA
54866;3557006.0;Votorantim;Sorocaba;False;BRANCA
54867;3547809.0;Santo André;Grande SP Sudeste;False;BRANCA
54868;3541406.0;Presidente Prudente;Presidente Prudente;True;BRANCA
54869;3547809.0;Santo André;Grande SP Sudeste;True;BRANCA
54870;3523909.0;Itu;Sorocaba;True;BRANCA
54871;3541406.0;Presidente Prudente;Presidente Prudente;False;BRANCA
54872;3534401.0;Osasco;Grande SP Oeste;True;BRANCA
54873;3515509.0;Fernandópolis;São José do Rio Preto;False;BRANCA
54874;3550308.0;São Paulo;Município de São Paulo;False;PARDA
54875;3529401.0;Mauá;Grande SP Sudeste;False;BRANCA
54876;3539400.0;Piratininga;Bauru;True;IGNORADO
54877;3543402.0;Ribeirão Preto;Ribeirão Preto;False;BRANCA
54878;3538709.0;Piracicaba;Piracicaba;False;PARDA
54879;3522307.0;Itapetininga;Sorocaba;False;BRANCA
54880;3522505.0;Itapevi;Grande SP Oeste;False;PARDA
54881;3550308.0;São Paulo;Município de São Paulo;False;BRANCA
54882;3550308.0;São Paulo;Município de São Paulo;False;BRANCA
54883;3505500.0;Barretos;Barretos;False;IGNORADO
54884;3538105.0;Pindorama;São José do Rio Preto;False;BRANCA
54885;3532843.0;Nova Canaã Paulista;São José do Rio Preto;False;BRANCA
54886;3515707.0;Ferraz de Vasconcelos;Grande SP Leste;True;IGNORADO
54887;3548807.0;São Caetano do Sul;Grande SP Sudeste;False;PARDA
54888;3545803.0;Santa Bárbara d'Oeste;Campinas;False;BRANCA
54889;3506003.0;Bauru;Bauru;False;
54890;3550308.0;São Paulo;Município de São Paulo;False;PARDA
54891;3552205.0;Sorocaba;Sorocaba;True;BRANCA
54892;3550308.0;São Paulo;Município de São Paulo;False;IGNORADO
54893;3550308.0;São Paulo;Município de São Paulo;True;BRANCA
54894;3525300.0;Jaú;Bauru;False;BRANCA
54895;3547809.0;Santo André;Grande SP Sudeste;False;BRANCA
54896;3550308.0;São Paulo;Município de São Paulo;False;BRANCA
54897;3550308.0;São Paulo;Município de São Paulo;True;IGNORADO
54898;3550308.0;São Paulo;Município de São Paulo;False;BRANCA
54899;3520509.0;Indaiatuba;Campinas;False;IGNORADO
54900;3543402.0;Ribeirão Preto;Ribeirão Preto;False;BRANCA
54901;3518800.0;Guarulhos;Grande SP Leste;False;IGNORADO
54902;3509502.0;Campinas;Campinas;False;BRANCA
54903;3510609.0;Carapicuíba;Grande SP Oeste;False;IGNORADO
54904;3549805.0;São José do Rio Preto;São José do Rio Preto;False;BRANCA
54905;3506607.0;Biritiba Mirim;Grande SP Leste;False;BRANCA
54906;3550308.0;São Paulo;Município de São Paulo;False;BRANCA
54907;3550308.0;São Paulo;Município de São Paulo;False;BRANCA
54908;3550308.0;São Paulo;Município de São Paulo;False;IGNORADO
54909;3524303.0;Jaboticabal;Ribeirão Preto;False;BRANCA
54910;3523107.0;Itaquaquecetuba;Grande SP Leste;True;BRANCA
54911;3505708.0;Barueri;Grande SP Oeste;False;BRANCA
54912;3552502.0;Suzano;Grande SP Leste;False;
54913;3550308.0;São Paulo;Município de São Paulo;False;BRANCA
54914;3550308.0;São Paulo;Município de São Paulo;True;PARDA
54915;3505708.0;Barueri;Grande SP Oeste;False;PARDA
54916;3549904.0;São José dos Campos;Taubaté;False;BRANCA
54917;3550308.0;São Paulo;Município de São Paulo;False;BRANCA
54918;3548500.0;Santos;Baixada Santista;False;IGNORADO
54919;3529005.0;Marília;Marília;False;BRANCA
54920;3550308.0;São Paulo;Município de São Paulo;False;BRANCA
54921;3550308.0;São Paulo;Município de São Paulo;False;PARDA
54922;3550308.0;São Paulo;Município de São Paulo;False;PRETA
54923;3551603.0;Serra Negra;Campinas;False;BRANCA
