3085;3515103.0;Embu-Guaçu;Grande SP Sudoeste;False;PARDA
3086;3518800.0;Guarulhos;Grande SP Leste;False;AMARELA
3087;3550605.0;São Roque;Sorocaba;False;NONE
3088;3543402.0;Ribeirão Preto;Ribeirão Preto;False;PARDA
3089;3551009.0;São Vicente;Baixada Santista;False;IGNORADO
3090;3503307.0;Araras;Piracicaba;False;BRANCA
3091;3542602.0;Registro;Registro;False;BRANCA
3092;3528502.0;Mairiporã;Grande SP Norte;False;
3093;3524006.0;Itupeva;Campinas;False;BRANCA
3094;3550308.0;São Paulo;Município de São Paulo;False;IGNORADO
3095;3533908.0;Olímpia;Barretos;False;BRANCA
3096;3548500.0;Santos;Baixada Santista;False;IGNORADO
3097;3509502.0;Campinas;Campinas;False;BRANCA
3098;3529005.0;Marília;Marília;False;BRANCA
3099;3545209.0;Salto;Sorocaba;False;BRANCA
3100;3536604.0;Paulo de Faria;São José do Rio Preto;False;BRANCA
3101;3548906.0;São Carlos;Araraquara;False;BRANCA
3102;3552700.0;Tabatinga;Araraquara;False;BRANCA
3103;3528502.0;Mairiporã;Grande SP Norte;False;
3104;3528502.0;Mairiporã;Grande SP Norte;False;NONE
3105;3523909.0;Itu;Sorocaba;False;BRANCA
3106;3554102.0;Taubaté;Taubaté;False;BRANCA
3107;3549904.0;São José dos Campos;Taubaté;False;PARDA
3108;3548906.0;São Carlos;Araraquara;False;IGNORADO
3109;3550308.0;São Paulo;Município de São Paulo;False;PARDA
3110;3548708.0;São Bernardo do Campo;Grande SP Sudeste;False;BRANCA
3111;3550308.0;São Paulo;Município de São Paulo;False;BRANCA
3112;3509502.0;Campinas;Campinas;False;BRANCA
3113;3545209.0;Salto;Sorocaba;False;BRANCA
3114;3519808.0;Icém;São José do Rio Preto;False;PARDA
3115;3526902.0;Limeira;Piracicaba;False;BRANCA
3116;3548906.0;São Carlos;Araraquara;False;AMARELA
3117;3517208.0;Guaiçara;Bauru;False;BRANCA
3118;3525102.0;Jardinópolis;Ribeirão Preto;False;PARDA
3119;3547809.0;Santo André;Grande SP Sudeste;False;BRANCA
3120;3549904.0;São José dos Campos;Taubaté;False;BRANCA
3121;3553401.0;Tanabi;São José do Rio Preto;False;BRANCA
3122;3550308.0;São Paulo;Município de São Paulo;False;PARDA
3123;3552809.0;Taboão da Serra;Grande SP Sudoeste;False;PARDA
3124;3550308.0;São Paulo;Município de São Paulo;False;
3125;3513009.0;Cotia;Grande SP Sudoeste;False;PARDA
3126;3551009.0;São Vicente;Baixada Santista;False;IGNORADO
3127;3526704.0;Leme;Piracicaba;False;BRANCA
3128;3510153.0;Canitar;Marília;False;PARDA
3129;3550308.0;São Paulo;Município de São Paulo;False;
3130;3549805.0;São José do Rio Preto;São José do Rio Preto;False;BRANCA
3131;3556701.0;Vinhedo;Campinas;False;BRANCA
3132;3548708.0;São Bernardo do Campo;Grande SP Sudeste;False;NONE
3133;3550308.0;São Paulo;Município de São Paulo;False;BRANCA
3134;3519808.0;Icém;São José do Rio Preto;False;IGNORADO
3135;3548500.0;Santos;Baixada Santista;False;NONE
3136;3529005.0;Marília;Marília;False;
3137;3550308.0;São Paulo;Município de São Paulo;False;PARDA
3138;3509502.0;Campinas;Campinas;False;BRANCA
3139;3511409.0;Cerqueira César;Bauru;False;BRANCA
3140;3525904.0;Jundiaí;Campinas;False;PARDA
3141;3504008.0;Assis;Marília;False;BRANCA
3142;3530607.0;Mogi das Cruzes;Grande SP Leste;False;NONE
3143;3538709.0;Piracicaba;Piracicaba;False;PRETA
3144;3550308.0;São Paulo;Município de São Paulo;False;NONE
3145;3551504.0;Serrana;Ribeirão Preto;False;PARDA
3146;3518800.0;Guarulhos;Grande SP Leste;False;BRANCA
3147;3529401.0;Mauá;Grande SP Sudeste;False;PRETA
3148;3538709.0;Piracicaba;Piracicaba;False;BRANCA
3149;3515509.0;Fernandópolis;São José do Rio Preto;False;BRANCA
3150;3523107.0;Itaquaquecetuba;Grande SP Leste;False;BRANCA
3151;3509502.0;Campinas;Campinas;False;BRANCA
3152;3509502.0;Campinas;Campinas;False;BRANCA
3153;3547502.0;Santa Rita do Passa Quatro;Ribeirão Preto;False;BRANCA
3154;3550308.0;São Paulo;Município de São Paulo;False;BRANCA
3155;3503208.0;Araraquara;Araraquara;False;PARDA
3156;3509502.0;Campinas;Campinas;False;BRANCA
3157;3523107.0;Itaquaquecetuba;Grande SP Leste;False;BRANCA
3158;3551009.0;São Vicente;Baixada Santista;False;BRANCA
3159;3550308.0;São Paulo;Município de São Paulo;False;BRANCA
3160;3543907.0;Rio Claro;Piracicaba;False;BRANCA
3161;3522307.0;Itapetininga;Sorocaba;False;BRANCA
3162;3511102.0;Catanduva;São José do Rio Preto;False;PARDA
3163;3550308.0;São Paulo;Município de São Paulo;False;PARDA
3164;3541000.0;Praia Grande;Baixada Santista;False;IGNORADO
3165;3518800.0;Guarulhos;Grande SP Leste;False;PRETA
3166;3550308.0;São Paulo;Município de São Paulo;False;NONE
3167;3507506.0;Botucatu;Bauru;False;PARDA
3168;3507605.0;Bragança Paulista;Campinas;False;BRANCA
3169;3510609.0;Carapicuíba;Grande SP Oeste;False;PARDA
3170;3531803.0;Monte Mor;Campinas;False;PARDA
3171;3503208.0;Araraquara;Araraquara;False;IGNORADO
3172;3550308.0;São Paulo;Município de São Paulo;False;AMARELA
3173;3550308.0;São Paulo;Município de São Paulo;False;BRANCA
3174;3516309.0;Francisco Morato;Grande SP Norte;False;BRANCA
3175;3550308.0;São Paulo;Município de São Paulo;False;PARDA
3176;3550308.0;São Paulo;Município de São Paulo;False;BRANCA
3177;3550308.0;São Paulo;Município de São Paulo;False;BRANCA
3178;3548500.0;Santos;Baixada Santista;False;PARDA
3179;3556404.0;Vargem Grande do Sul;São João da Boa Vista;False;PRETA
3180;3518701.0;Guarujá;Baixada Santista;False;BRANCA
3181;3509502.0;Campinas;Campinas;False;PARDA
3182;3550308.0;São Paulo;Município de São Paulo;False;PARDA
3183;3550308.0;São Paulo;Município de São Paulo;False;BRANCA
3184;3542206.0;Rancharia;Presidente Prudente;False;BRANCA
3185;3529401.0;Mauá;Grande SP Sudeste;False;NONE
3186;3550308.0;São Paulo;Município de São Paulo;False;PRETA
3187;3509205.0;Cajamar;Grande SP Norte;False;BRANCA
3188;3549904.0;São José dos Campos;Taubaté;False;BRANCA
3189;3550308.0;São Paulo;Município de São Paulo;False;BRANCA
3190;3540606.0;Porto Feliz;Sorocaba;False;BRANCA
3191;3550308.0;São Paulo;Município de São Paulo;False;PARDA
3192;3513504.0;Cubatão;Baixada Santista;False;PARDA
3193;3529401.0;Mauá;Grande SP Sudeste;False;PRETA
3194;3549805.0;São José do Rio Preto;São José do Rio Preto;False;IGNORADO
3195;3548500.0;Santos;Baixada Santista;False;BRANCA
3196;3550308.0;São Paulo;Município de São Paulo;False;BRANCA
3197;3550308.0;São Paulo;Município de São Paulo;False;IGNORADO
3198;3550308.0;São Paulo;Município de São Paulo;False;PARDA
3199;3550308.0;São Paulo;Município de São Paulo;False;
3200;3530607.0;Mogi das Cruzes;Grande SP Leste;False;BRANCA
3201;3550308.0;São Paulo;Município de São Paulo;False;BRANCA
3202;3550308.0;São Paulo;Município de São Paulo;True;IGNORADO
3203;3537503.0;Pereiras;Bauru;False;BRANCA
3204;3552403.0;Sumaré;Campinas;False;BRANCA
3205;3515509.0;Fernandópolis;São José do Rio Preto;False;
3206;3548807.0;São Caetano do Sul;Grande SP Sudeste;False;BRANCA
3207;3506409.0;Bilac;Araçatuba;False;BRANCA
3208;3509502.0;Campinas;Campinas;False;IGNORADO
3209;3530706.0;Mogi Guaçu;São João da Boa Vista;False;BRANCA
3210;3515202.0;Estrela d'Oeste;São José do Rio Preto;False;BRANCA
3211;3549904.0;São José dos Campos;Taubaté;False;IGNORADO
3212;3551702.0;Sertãozinho;Ribeirão Preto;False;PARDA
3213;3538709.0;Piracicaba;Piracicaba;False;NONE
3214;3550308.0;São Paulo;Município de São Paulo;True;NONE
3215;3548500.0;Santos;Baixada Santista;True;PRETA
3216;3549904.0;São José dos Campos;Taubaté;False;IGNORADO
3217;3521101.0;Ipeúna;Piracicaba;False;IGNORADO
3218;3549805.0;São José do Rio Preto;São José do Rio Preto;False;BRANCA
3219;3518503.0;Guareí;Sorocaba;False;BRANCA
3220;3550308.0;São Paulo;Município de São Paulo;True;BRANCA
3221;3522109.0;Itanhaém;Baixada Santista;False;BRANCA
3222;3550308.0;São Paulo;Município de São Paulo;False;BRANCA
3223;3550308.0;São Paulo;Município de São Paulo;False;BRANCA
3224;3506003.0;Bauru;Bauru;False;BRANCA
3225;3550308.0;São Paulo;Município de São Paulo;False;PARDA
3226;3547809.0;Santo André;Grande SP Sudeste;False;BRANCA
3227;3550308.0;São Paulo;Município de São Paulo;False;AMARELA
3228;3550308.0;São Paulo;Município de São Paulo;False;AMARELA
3229;3523305.0;Itariri;Registro;False;PARDA
3230;3520442.0;Ilha Solteira;Araçatuba;False;BRANCA
3231;3549953.0;São Lourenço da Serra;Grande SP Sudoeste;False;BRANCA
