2308;3550308.0;São Paulo;Município de São Paulo;False;PARDA
2309;3550308.0;São Paulo;Município de São Paulo;False;PARDA
2310;3515202.0;Estrela d'Oeste;São José do Rio Preto;False;BRANCA
2311;3518800.0;Guarulhos;Grande SP Leste;False;PARDA
2312;3548807.0;São Caetano do Sul;Grande SP Sudeste;False;BRANCA
2313;3516408.0;Franco da Rocha;Grande SP Norte;False;PRETA
2314;3553708.0;Taquaritinga;Araraquara;False;BRANCA
2315;3532827.0;Nova Campina;Sorocaba;True;BRANCA
2316;3518800.0;Guarulhos;Grande SP Leste;False;PARDA
2317;3543006.0;Ribeirão Branco;Sorocaba;False;PARDA
2318;3550308.0;São Paulo;Município de São Paulo;False;PARDA
2319;3556800.0;Viradouro;Barretos;False;BRANCA
2320;3509502.0;Campinas;Campinas;False;BRANCA
2321;3525904.0;Jundiaí;Campinas;False;BRANCA
2322;3550308.0;São Paulo;Município de São Paulo;False;BRANCA
2323;3552908.0;Taciba;Presidente Prudente;False;BRANCA
2324;3526902.0;Limeira;Piracicaba;False;BRANCA
2325;3557105.0;Votuporanga;São José do Rio Preto;False;BRANCA
2326;3518800.0;Guarulhos;Grande SP Leste;False;PARDA
2327;3516200.0;Franca;Franca;False;BRANCA
2328;3549805.0;São José do Rio Preto;São José do Rio Preto;False;BRANCA
2329;3519303.0;Ibaté;Araraquara;False;PARDA
2330;3533908.0;Olímpia;Barretos;False;BRANCA
2331;3522802.0;Itaporanga;Bauru;False;BRANCA
2332;3543402.0;Ribeirão Preto;Ribeirão Preto;False;PARDA
2333;3547809.0;Santo André;Grande SP Sudeste;False;BRANCA
2334;3548500.0;Santos;Baixada Santista;False;BRANCA
2335;3554102.0;Taubaté;Taubaté;False;BRANCA
2336;3550308.0;São Paulo;Município de São Paulo;False;PARDA
2337;3552809.0;Taboão da Serra;Grande SP Sudoeste;True;IGNORADO
2338;3533007.0;Nova Granada;São José do Rio Preto;False;BRANCA
2339;3504107.0;Atibaia;Campinas;False;BRANCA
2340;3520509.0;Indaiatuba;Campinas;False;BRANCA
2341;3550308.0;São Paulo;Município de São Paulo;False;BRANCA
2342;3534401.0;Osasco;Grande SP Oeste;False;PARDA
2343;3548708.0;São Bernardo do Campo;Grande SP Sudeste;False;PARDA
2344;3510609.0;Carapicuíba;Grande SP Oeste;False;PRETA
2345;3550308.0;São Paulo;Município de São Paulo;False;PARDA
2346;3541000.0;Praia Grande;Baixada Santista;False;BRANCA
2347;3549904.0;São José dos Campos;Taubaté;False;BRANCA
2348;3535903.0;Paranapuã;São José do Rio Preto;False;AMARELA
2349;3549904.0;São José dos Campos;Taubaté;False;NONE
2350;3538600.0;Piracaia;Campinas;False;BRANCA
2351;3507001.0;Boituva;Sorocaba;False;BRANCA
2352;3509254.0;Cajati;Registro;False;BRANCA
2353;3501905.0;Amparo;Campinas;False;BRANCA
2354;3550308.0;São Paulo;Município de São Paulo;False;PARDA
2355;3509502.0;Campinas;Campinas;False;PARDA
2356;3550308.0;São Paulo;Município de São Paulo;False;PARDA
2357;3548500.0;Santos;Baixada Santista;False;PARDA
2358;3505203.0;Bariri;Bauru;False;BRANCA
2359;3509502.0;Campinas;Campinas;False;PRETA
2360;3550308.0;São Paulo;Município de São Paulo;False;BRANCA
2361;3508504.0;Caçapava;Taubaté;False;BRANCA
2362;3518800.0;Guarulhos;Grande SP Leste;False;IGNORADO
2363;3550308.0;São Paulo;Município de São Paulo;False;BRANCA
2364;3506003.0;Bauru;Bauru;False;IGNORADO
2365;3526902.0;Limeira;Piracicaba;False;BRANCA
2366;3545803.0;Santa Bárbara d'Oeste;Campinas;False;BRANCA
2367;3530003.0;Mira Estrela;São José do Rio Preto;False;BRANCA
2368;3550308.0;São Paulo;Município de São Paulo;False;NONE
2369;3513801.0;Diadema;Grande SP Sudeste;False;BRANCA
2370;3509502.0;Campinas;Campinas;False;AMARELA
2371;3502754.0;Araçariguama;Sorocaba;False;IGNORADO
2372;3549904.0;São José dos Campos;Taubaté;False;IGNORADO
2373;3550308.0;São Paulo;Município de São Paulo;False;BRANCA
2374;3554003.0;Tatuí;Sorocaba;False;IGNORADO
2375;3550308.0;São Paulo;Município de São Paulo;False;PARDA
2376;3550308.0;São Paulo;Município de São Paulo;False;PRETA
2377;3507605.0;Bragança Paulista;Campinas;False;BRANCA
2378;3536505.0;Paulínia;Campinas;False;AMARELA
2379;3550308.0;São Paulo;Município de São Paulo;False;BRANCA
2380;3509502.0;Campinas;Campinas;False;IGNORADO
2381;3526704.0;Leme;Piracicaba;False;BRANCA
2382;3551702.0;Sertãozinho;Ribeirão Preto;False;IGNORADO
2383;3518800.0;Guarulhos;Grande SP Leste;False;
2384;3536505.0;Paulínia;Campinas;False;BRANCA
2385;3548708.0;São Bernardo do Campo;Grande SP Sudeste;False;AMARELA
2386;3541000.0;Praia Grande;Baixada Santista;False;BRANCA
2387;3539400.0;Piratininga;Bauru;False;PARDA
2388;3520400.0;Ilhabela;Taubaté;False;BRANCA
2389;3550308.0;São Paulo;Município de São Paulo;False;NONE
2390;3502804.0;Araçatuba;Araçatuba;False;BRANCA
2391;3547809.0;Santo André;Grande SP Sudeste;False;
2392;3550308.0;São Paulo;Município de São Paulo;False;BRANCA
2393;3513504.0;Cubatão;Baixada Santista;False;PARDA
2394;3550308.0;São Paulo;Município de São Paulo;False;PARDA
2395;3550308.0;São Paulo;Município de São Paulo;False;PRETA
2396;3550308.0;São Paulo;Município de São Paulo;False;BRANCA
2397;3525904.0;Jundiaí;Campinas;False;AMARELA
2398;3550308.0;São Paulo;Município de São Paulo;False;BRANCA
2399;3511102.0;Catanduva;São José do Rio Preto;False;BRANCA
2400;3550308.0;São Paulo;Município de São Paulo;False;PARDA
2401;3551009.0;São Vicente;Baixada Santista;False;BRANCA
2402;3513603.0;Cunha;Taubaté;False;BRANCA
2403;3550308.0;São Paulo;Município de São Paulo;True;BRANCA
2404;3549904.0;São José dos Campos;Taubaté;False;PARDA
2405;3550308.0;São Paulo;Município de São Paulo;False;PARDA
2406;3550308.0;São Paulo;Município de São Paulo;True;BRANCA
2407;3550308.0;São Paulo;Município de São Paulo;False;PARDA
2408;3550308.0;São Paulo;Município de São Paulo;False;PARDA
2409;3550308.0;São Paulo;Município de São Paulo;False;BRANCA
2410;3525904.0;Jundiaí;Campinas;False;BRANCA
2411;3550308.0;São Paulo;Município de São Paulo;False;BRANCA
2412;3550308.0;São Paulo;Município de São Paulo;False;IGNORADO
2413;3536703.0;Pederneiras;Bauru;False;BRANCA
2414;3530607.0;Mogi das Cruzes;Grande SP Leste;False;BRANCA
2415;3550308.0;São Paulo;Município de São Paulo;False;
2416;3550308.0;São Paulo;Município de São Paulo;False;BRANCA
2417;3550308.0;São Paulo;Município de São Paulo;False;PARDA
2418;3550308.0;São Paulo;Município de São Paulo;False;BRANCA
2419;3550308.0;São Paulo;Município de São Paulo;False;PARDA
2420;3550308.0;São Paulo;Município de São Paulo;False;PRETA
2421;3503208.0;Araraquara;Araraquara;False;BRANCA
2422;3505500.0;Barretos;Barretos;False;BRANCA
2423;3512407.0;Cordeirópolis;Piracicaba;False;AMARELA
2424;3549102.0;São João da Boa Vista;São João da Boa Vista;False;BRANCA
2425;3506003.0;Bauru;Bauru;False;PARDA
2426;3504503.0;Avaré;Bauru;False;BRANCA
2427;3550308.0;São Paulo;Município de São Paulo;False;IGNORADO
2428;3548708.0;São Bernardo do Campo;Grande SP Sudeste;False;BRANCA
2429;3529401.0;Mauá;Grande SP Sudeste;False;BRANCA
2430;3548500.0;Santos;Baixada Santista;False;BRANCA
2431;3537305.0;Penápolis;Araçatuba;False;AMARELA
2432;3553955.0;Tarumã;Marília;False;BRANCA
2433;3515509.0;Fernandópolis;São José do Rio Preto;False;BRANCA
2434;3529401.0;Mauá;Grande SP Sudeste;False;PARDA
2435;3549805.0;São José do Rio Preto;São José do Rio Preto;True;BRANCA
2436;3525003.0;Jandira;Grande SP Oeste;False;PARDA
2437;3515004.0;Embu das Artes;Grande SP Sudoeste;False;PARDA
2438;3538709.0;Piracicaba;Piracicaba;False;BRANCA
2439;3550308.0;São Paulo;Município de São Paulo;False;NONE
2440;3509601.0;Campo Limpo Paulista;Campinas;False;BRANCA
2441;3549003.0;São Francisco;São José do Rio Preto;False;BRANCA
2442;3507605.0;Bragança Paulista;Campinas;True;BRANCA
2443;3523107.0;Itaquaquecetuba;Grande SP Leste;False;PARDA
2444;3524006.0;Itupeva;Campinas;False;BRANCA
2445;3550308.0;São Paulo;Município de São Paulo;False;PARDA
2446;3513504.0;Cubatão;Baixada Santista;False;PARDA
2447;3550308.0;São Paulo;Município de São Paulo;False;IGNORADO
2448;3550308.0;São Paulo;Município de São Paulo;False;IGNORADO
2449;3516309.0;Francisco Morato;Grande SP Norte;False;PARDA
2450;3550308.0;São Paulo;Município de São Paulo;True;IGNORADO
2451;3549805.0;São José do Rio Preto;São José do Rio Preto;False;AMARELA
2452;3539509.0;Pitangueiras;Ribeirão Preto;False;BRANCA
2453;3550308.0;São Paulo;Município de São Paulo;False;PARDA
