25570;3550308.0;São Paulo;Município de São Paulo;False;BRANCA
25571;3550308.0;São Paulo;Município de São Paulo;False;BRANCA
25572;3552205.0;Sorocaba;Sorocaba;False;BRANCA
25573;3549805.0;São José do Rio Preto;São José do Rio Preto;False;BRANCA
25574;3513702.0;Descalvado;Araraquara;False;BRANCA
25575;3550308.0;São Paulo;Município de São Paulo;False;PARDA
25576;3523107.0;Itaquaquecetuba;Grande SP Leste;False;IGNORADO
25577;3550308.0;São Paulo;Município de São Paulo;False;PARDA
25578;3550308.0;São Paulo;Município de São Paulo;False;BRANCA
25579;3534401.0;Osasco;Grande SP Oeste;False;PARDA
25580;3550308.0;São Paulo;Município de São Paulo;False;PARDA
25581;3550308.0;São Paulo;Município de São Paulo;False;AMARELA
25582;3523404.0;Itatiba;Campinas;False;IGNORADO
25583;3539806.0;Poá;Grande SP Leste;False;BRANCA
25584;3501608.0;Americana;Campinas;False;PARDA
25585;3548708.0;São Bernardo do Campo;Grande SP Sudeste;False;BRANCA
25586;3550308.0;São Paulo;Município de São Paulo;False;PRETA
25587;3530607.0;Mogi das Cruzes;Grande SP Leste;False;BRANCA
25588;3550308.0;São Paulo;Município de São Paulo;False;PARDA
25589;3522307.0;Itapetininga;Sorocaba;False;BRANCA
25590;3550308.0;São Paulo;Município de São Paulo;False;AMARELA
25591;3550308.0;São Paulo;Município de São Paulo;False;PARDA
25592;3553401.0;Tanabi;São José do Rio Preto;False;BRANCA
25593;3538709.0;Piracicaba;Piracicaba;False;BRANCA
25594;3552809.0;Taboão da Serra;Grande SP Sudoeste;False;AMARELA
25595;3550308.0;São Paulo;Município de São Paulo;False;PARDA
25596;3549102.0;São João da Boa Vista;São João da Boa Vista;False;BRANCA
25597;3550308.0;São Paulo;Município de São Paulo;False;BRANCA
25598;3550308.0;São Paulo;Município de São Paulo;False;AMARELA
25599;3522604.0;Itapira;São João da Boa Vista;False;BRANCA
25600;3549805.0;São José do Rio Preto;São José do Rio Preto;False;BRANCA
25601;3548500.0;Santos;Baixada Santista;False;IGNORADO
25602;3543402.0;Ribeirão Preto;Ribeirão Preto;False;BRANCA
25603;3550308.0;São Paulo;Município de São Paulo;False;PARDA
25604;3538709.0;Piracicaba;Piracicaba;False;BRANCA
25605;3534401.0;Osasco;Grande SP Oeste;False;IGNORADO
25606;3534401.0;Osasco;Grande SP Oeste;False;BRANCA
25607;3550308.0;São Paulo;Município de São Paulo;False;BRANCA
25608;3530607.0;Mogi das Cruzes;Grande SP Leste;False;PARDA
25609;3548807.0;São Caetano do Sul;Grande SP Sudeste;False;BRANCA
25610;3527207.0;Lorena;Taubaté;False;BRANCA
25611;3550308.0;São Paulo;Município de São Paulo;False;
25612;3519071.0;Hortolândia;Campinas;False;BRANCA
25613;3515004.0;Embu das Artes;Grande SP Sudoeste;False;AMARELA
25614;3525102.0;Jardinópolis;Ribeirão Preto;False;BRANCA
25615;3526902.0;Limeira;Piracicaba;False;BRANCA
25616;3502606.0;Aparecida d'Oeste;São José do Rio Preto;False;BRANCA
25617;3550100.0;São Manuel;Bauru;False;BRANCA
25618;3550308.0;São Paulo;Município de São Paulo;False;BRANCA
25619;3550308.0;São Paulo;Município de São Paulo;False;BRANCA
25620;3509502.0;Campinas;Campinas;False;IGNORADO
25621;3548708.0;São Bernardo do Campo;Grande SP Sudeste;False;BRANCA
25622;3540200.0;Pontal;Ribeirão Preto;False;BRANCA
25623;3550308.0;São Paulo;Município de São Paulo;False;IGNORADO
25624;3531308.0;Monte Alto;Ribeirão Preto;False;IGNORADO
25625;3518800.0;Guarulhos;Grande SP Leste;False;IGNORADO
25626;3546603.0;Santa Fé do Sul;São José do Rio Preto;False;BRANCA
25627;3549805.0;São José do Rio Preto;São José do Rio Preto;False;BRANCA
25628;3549805.0;São José do Rio Preto;São José do Rio Preto;False;BRANCA
25629;3500501.0;Águas de Lindóia;Campinas;False;BRANCA
25630;3516903.0;General Salgado;São José do Rio Preto;False;PARDA
25631;3552106.0;Socorro;Campinas;False;BRANCA
25632;3550308.0;São Paulo;Município de São Paulo;True;NONE
25633;3543402.0;Ribeirão Preto;Ribeirão Preto;False;PARDA
25634;3514403.0;Dracena;Presidente Prudente;False;BRANCA
25635;3550308.0;São Paulo;Município de São Paulo;False;PARDA
25636;3550308.0;São Paulo;Município de São Paulo;False;NONE
25637;3522208.0;Itapecerica da Serra;Grande SP Sudoeste;False;PARDA
25638;3525904.0;Jundiaí;Campinas;False;BRANCA
25639;3538709.0;Piracicaba;Piracicaba;False;BRANCA
25640;3552205.0;Sorocaba;Sorocaba;False;BRANCA
25641;3552502.0;Suzano;Grande SP Leste;False;PARDA
25642;3509809.0;Campos Novos Paulista;Marília;False;PRETA
25643;3522000.0;Itaju;Bauru;False;BRANCA
25644;3525003.0;Jandira;Grande SP Oeste;False;BRANCA
25645;3505500.0;Barretos;Barretos;False;BRANCA
25646;3505500.0;Barretos;Barretos;False;
25647;3547809.0;Santo André;Grande SP Sudeste;False;BRANCA
25648;3525003.0;Jandira;Grande SP Oeste;True;PARDA
25649;3550308.0;São Paulo;Município de São Paulo;False;NONE
25650;3534401.0;Osasco;Grande SP Oeste;False;IGNORADO
25651;3506508.0;Birigui;Araçatuba;False;
25652;3550308.0;São Paulo;Município de São Paulo;False;NONE
25653;3521903.0;Itajobi;São José do Rio Preto;False;BRANCA
25654;3552205.0;Sorocaba;Sorocaba;False;BRANCA
25655;3507605.0;Bragança Paulista;Campinas;False;BRANCA
25656;3550308.0;São Paulo;Município de São Paulo;False;IGNORADO
25657;3550308.0;São Paulo;Município de São Paulo;False;BRANCA
25658;3543402.0;Ribeirão Preto;Ribeirão Preto;False;IGNORADO
25659;3550308.0;São Paulo;Município de São Paulo;False;BRANCA
25660;3543402.0;Ribeirão Preto;Ribeirão Preto;False;BRANCA
25661;3523404.0;Itatiba;Campinas;False;BRANCA
25662;3550308.0;São Paulo;Município de São Paulo;False;IGNORADO
25663;3504206.0;Auriflama;Araçatuba;False;BRANCA
25664;3553708.0;Taquaritinga;Araraquara;False;BRANCA
25665;3519071.0;Hortolândia;Campinas;False;AMARELA
25666;3550308.0;São Paulo;Município de São Paulo;False;
25667;3506003.0;Bauru;Bauru;False;BRANCA
25668;3528809.0;Maracaí;Marília;False;BRANCA
25669;3506003.0;Bauru;Bauru;False;BRANCA
25670;3534708.0;Ourinhos;Marília;False;BRANCA
25671;3531803.0;Monte Mor;Campinas;False;BRANCA
25672;3541000.0;Praia Grande;Baixada Santista;False;PARDA
25673;3506003.0;Bauru;Bauru;False;
25674;3506003.0;Bauru;Bauru;False;BRANCA
25675;3550308.0;São Paulo;Município de São Paulo;False;PARDA
25676;3550308.0;São Paulo;Município de São Paulo;False;PARDA
25677;3550308.0;São Paulo;Município de São Paulo;False;BRANCA
25678;3547304.0;Santana de Parnaíba;Grande SP Oeste;False;BRANCA
25679;3537404.0;Pereira Barreto;Araçatuba;False;PARDA
25680;3529906.0;Miracatu;Registro;False;PARDA
25681;3552205.0;Sorocaba;Sorocaba;False;BRANCA
25682;3530607.0;Mogi das Cruzes;Grande SP Leste;False;BRANCA
25683;3529005.0;Marília;Marília;False;BRANCA
25684;3549805.0;São José do Rio Preto;São José do Rio Preto;False;PARDA
25685;3533502.0;Novo Horizonte;São José do Rio Preto;False;BRANCA
25686;3549805.0;São José do Rio Preto;São José do Rio Preto;False;BRANCA
25687;3550308.0;São Paulo;Município de São Paulo;False;PRETA
25688;3538709.0;Piracicaba;Piracicaba;False;BRANCA
25689;3533908.0;Olímpia;Barretos;False;PARDA
25690;3550308.0;São Paulo;Município de São Paulo;False;PARDA
25691;3549805.0;São José do Rio Preto;São José do Rio Preto;False;IGNORADO
25692;3534708.0;Ourinhos;Marília;False;BRANCA
25693;3550308.0;São Paulo;Município de São Paulo;False;PARDA
25694;3549904.0;São José dos Campos;Taubaté;False;BRANCA
25695;3509502.0;Campinas;Campinas;False;BRANCA
25696;3520509.0;Indaiatuba;Campinas;False;BRANCA
25697;3541406.0;Presidente Prudente;Presidente Prudente;False;BRANCA
25698;3554003.0;Tatuí;Sorocaba;False;BRANCA
25699;3549805.0;São José do Rio Preto;São José do Rio Preto;False;BRANCA
25700;3550308.0;São Paulo;Município de São Paulo;False;IGNORADO
25701;3548906.0;São Carlos;Araraquara;False;PARDA
25702;3509502.0;Campinas;Campinas;False;PARDA
25703;3512407.0;Cordeirópolis;Piracicaba;False;BRANCA
25704;3533403.0;Nova Odessa;Campinas;False;BRANCA
25705;3546009.0;Santa Branca;Taubaté;False;PRETA
25706;3548005.0;Santo Antônio de Posse;Campinas;False;PARDA
25707;3550308.0;São Paulo;Município de São Paulo;False;BRANCA
25708;3555406.0;Ubatuba;Taubaté;False;BRANCA
25709;3529401.0;Mauá;Grande SP Sudeste;False;PARDA
25710;3548906.0;São Carlos;Araraquara;False;BRANCA
25711;3551702.0;Sertãozinho;Ribeirão Preto;False;IGNORADO
