4960;3543402.0;Ribeirão Preto;Ribeirão Preto;False;BRANCA
4961;3550308.0;São Paulo;Município de São Paulo;False;BRANCA
4962;3518701.0;Guarujá;Baixada Santista;False;PARDA
4963;3549904.0;São José dos Campos;Taubaté;False;NONE
4964;3550308.0;São Paulo;Município de São Paulo;True;BRANCA
4965;3523107.0;Itaquaquecetuba;Grande SP Leste;True;PARDA
4966;3550308.0;São Paulo;Município de São Paulo;False;PRETA
4967;3551801.0;Sete Barras;Registro;False;BRANCA
4968;3550308.0;São Paulo;Município de São Paulo;False;IGNORADO
4969;3524105.0;Ituverava;Franca;False;PARDA
4970;3550308.0;São Paulo;Município de São Paulo;False;BRANCA
4971;3549904.0;São José dos Campos;Taubaté;False;PARDA
4972;3526902.0;Limeira;Piracicaba;False;IGNORADO
4973;3539400.0;Piratininga;Bauru;False;BRANCA
4974;3500501.0;Águas de Lindóia;Campinas;False;BRANCA
4975;3504602.0;Bady Bassitt;São José do Rio Preto;False;AMARELA
4976;3531902.0;Morro Agudo;Franca;False;PARDA
4977;3535309.0;Palmital;Marília;False;BRANCA
4978;3550308.0;São Paulo;Município de São Paulo;False;IGNORADO
4979;3509502.0;Campinas;Campinas;False;PARDA
4980;3549904.0;São José dos Campos;Taubaté;False;PRETA
4981;3505302.0;Barra Bonita;Bauru;False;BRANCA
4982;3550308.0;São Paulo;Município de São Paulo;False;PRETA
4983;3550308.0;São Paulo;Município de São Paulo;False;BRANCA
4984;3518701.0;Guarujá;Baixada Santista;False;AMARELA
4985;3506003.0;Bauru;Bauru;False;BRANCA
4986;3517505.0;Guapiaçu;São José do Rio Preto;False;BRANCA
4987;3509502.0;Campinas;Campinas;False;BRANCA
4988;3550308.0;São Paulo;Município de São Paulo;False;PARDA
4989;3548500.0;Santos;Baixada Santista;False;IGNORADO
4990;3521309.0;Ipuã;Franca;True;PARDA
4991;3535101.0;Palmares Paulista;São José do Rio Preto;False;BRANCA
4992;3550308.0;São Paulo;Município de São Paulo;False;BRANCA
4993;3525904.0;Jundiaí;Campinas;False;BRANCA
4994;3550308.0;São Paulo;Município de São Paulo;False;BRANCA
4995;3550308.0;São Paulo;Município de São Paulo;False;IGNORADO
4996;3550308.0;São Paulo;Município de São Paulo;False;BRANCA
4997;3550308.0;São Paulo;Município de São Paulo;False;PRETA
4998;3550308.0;São Paulo;Município de São Paulo;False;PRETA
4999;3515400.0;Fartura;Bauru;False;BRANCA
5000;3554201.0;Tejupá;Bauru;False;BRANCA
5001;3520509.0;Indaiatuba;Campinas;False;PARDA
5002;3550308.0;São Paulo;Município de São Paulo;False;PARDA
5003;3504701.0;Balbinos;Bauru;False;BRANCA
5004;3506003.0;Bauru;Bauru;False;BRANCA
5005;3545803.0;Santa Bárbara d'Oeste;Campinas;False;BRANCA
5006;3523909.0;Itu;Sorocaba;False;BRANCA
5007;3550308.0;São Paulo;Município de São Paulo;False;BRANCA
5008;3531100.0;Mongaguá;Baixada Santista;False;NONE
5009;3518800.0;Guarulhos;Grande SP Leste;False;PARDA
5010;3547809.0;Santo André;Grande SP Sudeste;False;BRANCA
5011;3519071.0;Hortolândia;Campinas;False;PARDA
5012;3531902.0;Morro Agudo;Franca;False;BRANCA
5013;3516408.0;Franco da Rocha;Grande SP Norte;False;PRETA
5014;3515707.0;Ferraz de Vasconcelos;Grande SP Leste;True;PRETA
5015;3543402.0;Ribeirão Preto;Ribeirão Preto;False;BRANCA
5016;3509502.0;Campinas;Campinas;False;PRETA
5017;3550308.0;São Paulo;Município de São Paulo;True;PARDA
5018;3537305.0;Penápolis;Araçatuba;False;BRANCA
5019;3509502.0;Campinas;Campinas;False;BRANCA
5020;3548500.0;Santos;Baixada Santista;False;BRANCA
5021;3511102.0;Catanduva;São José do Rio Preto;False;BRANCA
5022;3505203.0;Bariri;Bauru;False;BRANCA
5023;3522901.0;Itapuí;Bauru;False;BRANCA
5024;3551009.0;São Vicente;Baixada Santista;False;PARDA
5025;3545308.0;Salto de Pirapora;Sorocaba;False;AMARELA
5026;3549904.0;São José dos Campos;Taubaté;False;BRANCA
5027;3550308.0;São Paulo;Município de São Paulo;False;IGNORADO
5028;3515004.0;Embu das Artes;Grande SP Sudoeste;False;BRANCA
5029;3550308.0;São Paulo;Município de São Paulo;False;PARDA
5030;3556602.0;Vera Cruz;Marília;False;BRANCA
5031;3550308.0;São Paulo;Município de São Paulo;False;BRANCA
5032;3548708.0;São Bernardo do Campo;Grande SP Sudeste;False;BRANCA
5033;3551504.0;Serrana;Ribeirão Preto;True;BRANCA
5034;3541000.0;Praia Grande;Baixada Santista;False;PARDA
5035;3549805.0;São José do Rio Preto;São José do Rio Preto;False;IGNORADO
5036;3532900.0;Nova Europa;Araraquara;False;BRANCA
5037;3525706.0;José Bonifácio;São José do Rio Preto;False;BRANCA
5038;3551009.0;São Vicente;Baixada Santista;False;NONE
5039;3534708.0;Ourinhos;Marília;False;BRANCA
5040;3550308.0;São Paulo;Município de São Paulo;True;BRANCA
5041;3518602.0;Guariba;Ribeirão Preto;False;IGNORADO
5042;3511102.0;Catanduva;São José do Rio Preto;False;BRANCA
5043;3550308.0;São Paulo;Município de São Paulo;True;BRANCA
5044;3525904.0;Jundiaí;Campinas;False;BRANCA
5045;3543907.0;Rio Claro;Piracicaba;False;BRANCA
5046;3550308.0;São Paulo;Município de São Paulo;False;IGNORADO
5047;3507001.0;Boituva;Sorocaba;False;BRANCA
5048;3550308.0;São Paulo;Município de São Paulo;False;BRANCA
5049;3532603.0;Nhandeara;São José do Rio Preto;False;BRANCA
5050;3540200.0;Pontal;Ribeirão Preto;False;BRANCA
5051;3509205.0;Cajamar;Grande SP Norte;False;
5052;3550308.0;São Paulo;Município de São Paulo;False;PRETA
5053;3513009.0;Cotia;Grande SP Sudoeste;False;PARDA
5054;3551009.0;São Vicente;Baixada Santista;False;BRANCA
5055;3550308.0;São Paulo;Município de São Paulo;False;PARDA
5056;3550308.0;São Paulo;Município de São Paulo;False;BRANCA
5057;3545209.0;Salto;Sorocaba;False;BRANCA
5058;3545209.0;Salto;Sorocaba;False;IGNORADO
5059;3503307.0;Araras;Piracicaba;False;PARDA
5060;3549805.0;São José do Rio Preto;São José do Rio Preto;False;BRANCA
5061;3550308.0;São Paulo;Município de São Paulo;True;BRANCA
5062;3550308.0;São Paulo;Município de São Paulo;False;BRANCA
5063;3546603.0;Santa Fé do Sul;São José do Rio Preto;False;BRANCA
5064;3518503.0;Guareí;Sorocaba;False;
5065;3549904.0;São José dos Campos;Taubaté;False;BRANCA
5066;3549904.0;São José dos Campos;Taubaté;False;IGNORADO
5067;3549409.0;São Joaquim da Barra;Franca;False;BRANCA
5068;3548708.0;São Bernardo do Campo;Grande SP Sudeste;False;IGNORADO
5069;3509502.0;Campinas;Campinas;False;BRANCA
5070;3550308.0;São Paulo;Município de São Paulo;False;BRANCA
5071;3550308.0;São Paulo;Município de São Paulo;True;BRANCA
5072;3511102.0;Catanduva;São José do Rio Preto;False;BRANCA
5073;3550308.0;São Paulo;Município de São Paulo;False;BRANCA
5074;3549805.0;São José do Rio Preto;São José do Rio Preto;False;BRANCA
5075;3509502.0;Campinas;Campinas;False;BRANCA
5076;3530706.0;Mogi Guaçu;São João da Boa Vista;False;BRANCA
5077;3521408.0;Iracemápolis;Piracicaba;False;BRANCA
5078;3552205.0;Sorocaba;Sorocaba;False;BRANCA
5079;3550308.0;São Paulo;Município de São Paulo;False;AMARELA
5080;3524402.0;Jacareí;Taubaté;False;BRANCA
5081;3524402.0;Jacareí;Taubaté;False;BRANCA
5082;3549805.0;São José do Rio Preto;São José do Rio Preto;False;BRANCA
5083;3545209.0;Salto;Sorocaba;False;BRANCA
5084;3548708.0;São Bernardo do Campo;Grande SP Sudeste;False;BRANCA
5085;3550308.0;São Paulo;Município de São Paulo;False;PARDA
5086;3505302.0;Barra Bonita;Bauru;False;BRANCA
5087;3518800.0;Guarulhos;Grande SP Leste;False;BRANCA
5088;3523909.0;Itu;Sorocaba;False;BRANCA
5089;3550308.0;São Paulo;Município de São Paulo;False;BRANCA
5090;3547809.0;Santo André;Grande SP Sudeste;False;BRANCA
5091;3507506.0;Botucatu;Bauru;False;BRANCA
5092;3550308.0;São Paulo;Município de São Paulo;False;PARDA
5093;3550308.0;São Paulo;Município de São Paulo;False;PARDA
5094;3550308.0;São Paulo;Município de São Paulo;False;IGNORADO
5095;3550308.0;São Paulo;Município de São Paulo;False;BRANCA
5096;3547304.0;Santana de Parnaíba;Grande SP Oeste;False;PARDA
5097;3550308.0;São Paulo;Município de São Paulo;False;PARDA
5098;3550308.0;São Paulo;Município de São Paulo;True;BRANCA
5099;3505708.0;Barueri;Grande SP Oeste;False;BRANCA
5100;3550308.0;São Paulo;Município de São Paulo;False;PARDA
5101;3548708.0;São Bernardo do Campo;Grande SP Sudeste;False;IGNORADO
5102;3548500.0;Santos;Baixada Santista;False;AMARELA
5103;3524808.0;Jales;São José do Rio Preto;False;BRANCA
5104;3515004.0;Embu das Artes;Grande SP Sudoeste;False;PARDA
