38806;3550308.0;São Paulo;Município de São Paulo;False;BRANCA
38807;3550308.0;São Paulo;Município de São Paulo;False;IGNORADO
38808;3548500.0;Santos;Baixada Santista;False;IGNORADO
38809;3548500.0;Santos;Baixada Santista;False;BRANCA
38810;3525201.0;Jarinu;Campinas;False;BRANCA
38811;3537602.0;Peruíbe;Baixada Santista;False;PARDA
38812;3548708.0;São Bernardo do Campo;Grande SP Sudeste;False;BRANCA
38813;3550308.0;São Paulo;Município de São Paulo;False;PARDA
38814;3552809.0;Taboão da Serra;Grande SP Sudoeste;False;IGNORADO
38815;3548708.0;São Bernardo do Campo;Grande SP Sudeste;False;PRETA
38816;3550308.0;São Paulo;Município de São Paulo;False;BRANCA
38817;3531902.0;Morro Agudo;Franca;False;PARDA
38818;3550308.0;São Paulo;Município de São Paulo;False;BRANCA
38819;3513009.0;Cotia;Grande SP Sudoeste;False;PARDA
38820;3550308.0;São Paulo;Município de São Paulo;True;BRANCA
38821;3550308.0;São Paulo;Município de São Paulo;False;BRANCA
38822;3550308.0;São Paulo;Município de São Paulo;True;BRANCA
38823;3518800.0;Guarulhos;Grande SP Leste;False;BRANCA
38824;3552205.0;Sorocaba;Sorocaba;False;BRANCA
38825;3550308.0;São Paulo;Município de São Paulo;False;PARDA
38826;3523909.0;Itu;Sorocaba;False;IGNORADO
38827;3549805.0;São José do Rio Preto;São José do Rio Preto;False;PARDA
38828;3550308.0;São Paulo;Município de São Paulo;False;BRANCA
38829;3550308.0;São Paulo;Município de São Paulo;False;BRANCA
38830;3555000.0;Tupã;Marília;False;BRANCA
38831;3533908.0;Olímpia;Barretos;False;BRANCA
38832;3550308.0;São Paulo;Município de São Paulo;True;BRANCA
38833;3538105.0;Pindorama;São José do Rio Preto;False;BRANCA
38834;3522505.0;Itapevi;Grande SP Oeste;False;BRANCA
38835;3509502.0;Campinas;Campinas;False;BRANCA
38836;3529005.0;Marília;Marília;False;BRANCA
38837;3550308.0;São Paulo;Município de São Paulo;False;PARDA
38838;3550308.0;São Paulo;Município de São Paulo;False;
38839;3525904.0;Jundiaí;Campinas;False;BRANCA
38840;3550308.0;São Paulo;Município de São Paulo;False;AMARELA
38841;3522208.0;Itapecerica da Serra;Grande SP Sudoeste;False;BRANCA
38842;3550308.0;São Paulo;Município de São Paulo;False;PARDA
38843;3550308.0;São Paulo;Município de São Paulo;False;BRANCA
38844;3550308.0;São Paulo;Município de São Paulo;False;
38845;3507506.0;Botucatu;Bauru;False;BRANCA
38846;3550308.0;São Paulo;Município de São Paulo;False;BRANCA
38847;3543402.0;Ribeirão Preto;Ribeirão Preto;False;IGNORADO
38848;3546603.0;Santa Fé do Sul;São José do Rio Preto;False;BRANCA
38849;3550308.0;São Paulo;Município de São Paulo;False;BRANCA
38850;3513801.0;Diadema;Grande SP Sudeste;False;BRANCA
38851;3507506.0;Botucatu;Bauru;False;BRANCA
38852;3550308.0;São Paulo;Município de São Paulo;False;BRANCA
38853;3550308.0;São Paulo;Município de São Paulo;False;PARDA
38854;3518800.0;Guarulhos;Grande SP Leste;False;PARDA
38855;3550308.0;São Paulo;Município de São Paulo;False;BRANCA
38856;3550308.0;São Paulo;Município de São Paulo;False;IGNORADO
38857;3525003.0;Jandira;Grande SP Oeste;False;BRANCA
38858;3550308.0;São Paulo;Município de São Paulo;False;PRETA
38859;3525904.0;Jundiaí;Campinas;False;IGNORADO
38860;3513801.0;Diadema;Grande SP Sudeste;False;BRANCA
38861;3550308.0;São Paulo;Município de São Paulo;False;IGNORADO
38862;3550605.0;São Roque;Sorocaba;False;BRANCA
38863;3550308.0;São Paulo;Município de São Paulo;False;BRANCA
38864;3550308.0;São Paulo;Município de São Paulo;False;IGNORADO
38865;3543402.0;Ribeirão Preto;Ribeirão Preto;False;BRANCA
38866;3550308.0;São Paulo;Município de São Paulo;False;IGNORADO
38867;3550308.0;São Paulo;Município de São Paulo;False;PARDA
38868;3551009.0;São Vicente;Baixada Santista;False;IGNORADO
38869;3543402.0;Ribeirão Preto;Ribeirão Preto;False;PARDA
38870;3525904.0;Jundiaí;Campinas;False;BRANCA
38871;3543402.0;Ribeirão Preto;Ribeirão Preto;False;IGNORADO
38872;3550308.0;São Paulo;Município de São Paulo;False;BRANCA
38873;3507605.0;Bragança Paulista;Campinas;False;BRANCA
38874;3548500.0;Santos;Baixada Santista;False;BRANCA
38875;3511102.0;Catanduva;São José do Rio Preto;False;BRANCA
38876;3550308.0;São Paulo;Município de São Paulo;False;BRANCA
38877;3548500.0;Santos;Baixada Santista;False;BRANCA
38878;3550308.0;São Paulo;Município de São Paulo;False;BRANCA
38879;3550308.0;São Paulo;Município de São Paulo;False;
38880;3543402.0;Ribeirão Preto;Ribeirão Preto;False;BRANCA
38881;3552809.0;Taboão da Serra;Grande SP Sudoeste;False;BRANCA
38882;3513801.0;Diadema;Grande SP Sudeste;False;BRANCA
38883;3531704.0;Monteiro Lobato;Taubaté;False;BRANCA
38884;3513405.0;Cruzeiro;Taubaté;False;BRANCA
38885;3548500.0;Santos;Baixada Santista;False;BRANCA
38886;3543402.0;Ribeirão Preto;Ribeirão Preto;False;BRANCA
38887;3548708.0;São Bernardo do Campo;Grande SP Sudeste;False;BRANCA
38888;3548500.0;Santos;Baixada Santista;False;BRANCA
38889;3538006.0;Pindamonhangaba;Taubaté;False;BRANCA
38890;3552205.0;Sorocaba;Sorocaba;False;AMARELA
38891;3552403.0;Sumaré;Campinas;False;BRANCA
38892;3548500.0;Santos;Baixada Santista;False;IGNORADO
38893;3552205.0;Sorocaba;Sorocaba;False;BRANCA
38894;3527207.0;Lorena;Taubaté;False;BRANCA
38895;3550308.0;São Paulo;Município de São Paulo;False;IGNORADO
38896;3529401.0;Mauá;Grande SP Sudeste;False;BRANCA
38897;3538709.0;Piracicaba;Piracicaba;False;IGNORADO
38898;3550308.0;São Paulo;Município de São Paulo;False;PARDA
38899;3518701.0;Guarujá;Baixada Santista;False;PARDA
38900;3531803.0;Monte Mor;Campinas;False;BRANCA
38901;3509502.0;Campinas;Campinas;False;PARDA
38902;3550308.0;São Paulo;Município de São Paulo;False;PARDA
38903;3550308.0;São Paulo;Município de São Paulo;False;PARDA
38904;3541000.0;Praia Grande;Baixada Santista;False;
38905;3550308.0;São Paulo;Município de São Paulo;False;
38906;3516408.0;Franco da Rocha;Grande SP Norte;False;PARDA
38907;3509502.0;Campinas;Campinas;False;BRANCA
38908;3505708.0;Barueri;Grande SP Oeste;False;BRANCA
38909;3550308.0;São Paulo;Município de São Paulo;False;IGNORADO
38910;3526902.0;Limeira;Piracicaba;False;BRANCA
38911;3525102.0;Jardinópolis;Ribeirão Preto;False;BRANCA
38912;3548500.0;Santos;Baixada Santista;False;PARDA
38913;3549805.0;São José do Rio Preto;São José do Rio Preto;False;BRANCA
38914;3509254.0;Cajati;Registro;False;PARDA
38915;3550308.0;São Paulo;Município de São Paulo;False;AMARELA
38916;3502804.0;Araçatuba;Araçatuba;False;BRANCA
38917;3550308.0;São Paulo;Município de São Paulo;False;BRANCA
38918;3544004.0;Rio das Pedras;Piracicaba;False;BRANCA
38919;3550308.0;São Paulo;Município de São Paulo;False;BRANCA
38920;3530508.0;Mococa;São João da Boa Vista;False;BRANCA
38921;3524006.0;Itupeva;Campinas;False;BRANCA
38922;3550407.0;São Pedro;Piracicaba;False;IGNORADO
38923;3538709.0;Piracicaba;Piracicaba;False;BRANCA
38924;3538709.0;Piracicaba;Piracicaba;False;IGNORADO
38925;3516200.0;Franca;Franca;False;BRANCA
38926;3518701.0;Guarujá;Baixada Santista;False;PARDA
38927;3513009.0;Cotia;Grande SP Sudoeste;False;NONE
38928;3501608.0;Americana;Campinas;False;BRANCA
38929;3513504.0;Cubatão;Baixada Santista;False;PARDA
38930;3547809.0;Santo André;Grande SP Sudeste;False;BRANCA
38931;3518800.0;Guarulhos;Grande SP Leste;False;BRANCA
38932;3503703.0;Ariranha;São José do Rio Preto;False;BRANCA
38933;3550308.0;São Paulo;Município de São Paulo;False;PARDA
38934;3524303.0;Jaboticabal;Ribeirão Preto;False;BRANCA
38935;3550308.0;São Paulo;Município de São Paulo;False;PARDA
38936;3505708.0;Barueri;Grande SP Oeste;False;PARDA
38937;3549904.0;São José dos Campos;Taubaté;False;BRANCA
38938;3550308.0;São Paulo;Município de São Paulo;False;BRANCA
38939;3510609.0;Carapicuíba;Grande SP Oeste;False;PARDA
38940;3515004.0;Embu das Artes;Grande SP Sudoeste;False;AMARELA
38941;3518701.0;Guarujá;Baixada Santista;False;PRETA
38942;3550308.0;São Paulo;Município de São Paulo;False;
38943;3550308.0;São Paulo;Município de São Paulo;False;BRANCA
38944;3550308.0;São Paulo;Município de São Paulo;False;IGNORADO
38945;3530706.0;Mogi Guaçu;São João da Boa Vista;False;BRANCA
38946;3522505.0;Itapevi;Grande SP Oeste;False;AMARELA
38947;3550308.0;São Paulo;Município de São Paulo;False;BRANCA
