30287;3550308.0;São Paulo;Município de São Paulo;False;NONE
30288;3549805.0;São José do Rio Preto;São José do Rio Preto;False;PARDA
30289;3519303.0;Ibaté;Araraquara;False;IGNORADO
30290;3532009.0;Morungaba;Campinas;False;BRANCA
30291;3538709.0;Piracicaba;Piracicaba;False;
30292;3547809.0;Santo André;Grande SP Sudeste;False;BRANCA
30293;3547809.0;Santo André;Grande SP Sudeste;False;IGNORADO
30294;3552205.0;Sorocaba;Sorocaba;False;IGNORADO
30295;3509502.0;Campinas;Campinas;False;BRANCA
30296;3511003.0;Castilho;Araçatuba;False;BRANCA
30297;3519071.0;Hortolândia;Campinas;False;PRETA
30298;3550308.0;São Paulo;Município de São Paulo;False;IGNORADO
30299;3528502.0;Mairiporã;Grande SP Norte;False;BRANCA
30300;3548708.0;São Bernardo do Campo;Grande SP Sudeste;False;BRANCA
30301;3549904.0;São José dos Campos;Taubaté;False;PARDA
30302;3554003.0;Tatuí;Sorocaba;True;BRANCA
30303;3509502.0;Campinas;Campinas;False;BRANCA
30304;3547502.0;Santa Rita do Passa Quatro;Ribeirão Preto;False;BRANCA
30305;3548500.0;Santos;Baixada Santista;False;PARDA
30306;3530607.0;Mogi das Cruzes;Grande SP Leste;False;PARDA
30307;3519071.0;Hortolândia;Campinas;False;BRANCA
30308;3550308.0;São Paulo;Município de São Paulo;False;IGNORADO
30309;3550308.0;São Paulo;Município de São Paulo;False;IGNORADO
30310;3509502.0;Campinas;Campinas;False;PARDA
30311;3543402.0;Ribeirão Preto;Ribeirão Preto;False;PARDA
30312;3550308.0;São Paulo;Município de São Paulo;False;NONE
30313;3518800.0;Guarulhos;Grande SP Leste;False;PARDA
30314;3550308.0;São Paulo;Município de São Paulo;False;BRANCA
30315;3550308.0;São Paulo;Município de São Paulo;False;PARDA
30316;3549904.0;São José dos Campos;Taubaté;False;PARDA
30317;3550308.0;São Paulo;Município de São Paulo;False;PARDA
30318;3550308.0;São Paulo;Município de São Paulo;False;PRETA
30319;3550308.0;São Paulo;Município de São Paulo;False;BRANCA
30320;3550308.0;São Paulo;Município de São Paulo;False;BRANCA
30321;3543402.0;Ribeirão Preto;Ribeirão Preto;False;BRANCA
30322;3550308.0;São Paulo;Município de São Paulo;False;IGNORADO
30323;3550308.0;São Paulo;Município de São Paulo;False;BRANCA
30324;3549805.0;São José do Rio Preto;São José do Rio Preto;False;IGNORADO
30325;3502804.0;Araçatuba;Araçatuba;False;BRANCA
30326;3501608.0;Americana;Campinas;False;BRANCA
30327;3529005.0;Marília;Marília;False;BRANCA
30328;3548906.0;São Carlos;Araraquara;False;IGNORADO
30329;3550308.0;São Paulo;Município de São Paulo;False;BRANCA
30330;3550308.0;São Paulo;Município de São Paulo;False;
30331;3501608.0;Americana;Campinas;False;BRANCA
30332;3527108.0;Lins;Bauru;False;IGNORADO
30333;3552502.0;Suzano;Grande SP Leste;False;PARDA
30334;3550308.0;São Paulo;Município de São Paulo;False;IGNORADO
30335;3549805.0;São José do Rio Preto;São José do Rio Preto;False;AMARELA
30336;3549904.0;São José dos Campos;Taubaté;False;BRANCA
30337;3552809.0;Taboão da Serra;Grande SP Sudoeste;False;PARDA
30338;3506003.0;Bauru;Bauru;False;IGNORADO
30339;3538709.0;Piracicaba;Piracicaba;False;
30340;3550308.0;São Paulo;Município de São Paulo;False;BRANCA
30341;3523107.0;Itaquaquecetuba;Grande SP Leste;False;PARDA
30342;3551009.0;São Vicente;Baixada Santista;False;BRANCA
30343;3524402.0;Jacareí;Taubaté;False;BRANCA
30344;3502804.0;Araçatuba;Araçatuba;False;PARDA
30345;3534401.0;Osasco;Grande SP Oeste;False;BRANCA
30346;3518701.0;Guarujá;Baixada Santista;False;PARDA
30347;3506003.0;Bauru;Bauru;False;BRANCA
30348;3548906.0;São Carlos;Araraquara;False;BRANCA
30349;3552205.0;Sorocaba;Sorocaba;False;BRANCA
30350;3534401.0;Osasco;Grande SP Oeste;False;BRANCA
30351;3550308.0;São Paulo;Município de São Paulo;False;BRANCA
30352;3550308.0;São Paulo;Município de São Paulo;False;
30353;3534401.0;Osasco;Grande SP Oeste;False;BRANCA
30354;3502804.0;Araçatuba;Araçatuba;False;BRANCA
30355;3543402.0;Ribeirão Preto;Ribeirão Preto;False;IGNORADO
30356;3543402.0;Ribeirão Preto;Ribeirão Preto;False;BRANCA
30357;3510500.0;Caraguatatuba;Taubaté;False;NONE
30358;3500709.0;Agudos;Bauru;False;PRETA
30359;3512704.0;Corumbataí;Piracicaba;False;BRANCA
30360;3503307.0;Araras;Piracicaba;False;IGNORADO
30361;3518800.0;Guarulhos;Grande SP Leste;False;BRANCA
30362;3550308.0;São Paulo;Município de São Paulo;False;IGNORADO
30363;3550308.0;São Paulo;Município de São Paulo;False;AMARELA
30364;3513801.0;Diadema;Grande SP Sudeste;False;IGNORADO
30365;3552502.0;Suzano;Grande SP Leste;False;BRANCA
30366;3527108.0;Lins;Bauru;False;BRANCA
30367;3547809.0;Santo André;Grande SP Sudeste;False;IGNORADO
30368;3547809.0;Santo André;Grande SP Sudeste;False;IGNORADO
30369;3548708.0;São Bernardo do Campo;Grande SP Sudeste;False;BRANCA
30370;3541406.0;Presidente Prudente;Presidente Prudente;False;AMARELA
30371;3515509.0;Fernandópolis;São José do Rio Preto;False;BRANCA
30372;3506003.0;Bauru;Bauru;False;
30373;3550308.0;São Paulo;Município de São Paulo;False;PARDA
30374;3550308.0;São Paulo;Município de São Paulo;False;IGNORADO
30375;3547809.0;Santo André;Grande SP Sudeste;True;BRANCA
30376;3506102.0;Bebedouro;Barretos;False;BRANCA
30377;3547809.0;Santo André;Grande SP Sudeste;False;PARDA
30378;3525904.0;Jundiaí;Campinas;False;BRANCA
30379;3533908.0;Olímpia;Barretos;False;PARDA
30380;3505708.0;Barueri;Grande SP Oeste;False;BRANCA
30381;3543402.0;Ribeirão Preto;Ribeirão Preto;False;BRANCA
30382;3550308.0;São Paulo;Município de São Paulo;False;AMARELA
30383;3550308.0;São Paulo;Município de São Paulo;False;PARDA
30384;3549904.0;São José dos Campos;Taubaté;False;BRANCA
30385;3541406.0;Presidente Prudente;Presidente Prudente;False;BRANCA
30386;3500402.0;Águas da Prata;São João da Boa Vista;False;BRANCA
30387;3520004.0;Igaraçu do Tietê;Bauru;False;AMARELA
30388;3538709.0;Piracicaba;Piracicaba;False;IGNORADO
30389;3551009.0;São Vicente;Baixada Santista;False;IGNORADO
30390;3550308.0;São Paulo;Município de São Paulo;False;PARDA
30391;3549805.0;São José do Rio Preto;São José do Rio Preto;False;PARDA
30392;3550308.0;São Paulo;Município de São Paulo;False;PARDA
30393;3525904.0;Jundiaí;Campinas;False;BRANCA
30394;3539806.0;Poá;Grande SP Leste;False;AMARELA
30395;3506003.0;Bauru;Bauru;False;PARDA
30396;3548708.0;São Bernardo do Campo;Grande SP Sudeste;False;BRANCA
30397;3549805.0;São José do Rio Preto;São José do Rio Preto;False;BRANCA
30398;3550704.0;São Sebastião;Taubaté;False;IGNORADO
30399;3550308.0;São Paulo;Município de São Paulo;False;BRANCA
30400;3550308.0;São Paulo;Município de São Paulo;False;BRANCA
30401;3513504.0;Cubatão;Baixada Santista;False;PARDA
30402;3505708.0;Barueri;Grande SP Oeste;False;BRANCA
30403;3543402.0;Ribeirão Preto;Ribeirão Preto;False;BRANCA
30404;3550308.0;São Paulo;Município de São Paulo;False;BRANCA
30405;3550308.0;São Paulo;Município de São Paulo;False;BRANCA
30406;3509502.0;Campinas;Campinas;False;BRANCA
30407;3534401.0;Osasco;Grande SP Oeste;False;BRANCA
30408;3553708.0;Taquaritinga;Araraquara;False;BRANCA
30409;3550308.0;São Paulo;Município de São Paulo;False;BRANCA
30410;3550308.0;São Paulo;Município de São Paulo;False;BRANCA
30411;3548500.0;Santos;Baixada Santista;False;AMARELA
30412;3550308.0;São Paulo;Município de São Paulo;False;PARDA
30413;3550308.0;São Paulo;Município de São Paulo;False;BRANCA
30414;3505500.0;Barretos;Barretos;False;
30415;3548500.0;Santos;Baixada Santista;False;IGNORADO
30416;3550308.0;São Paulo;Município de São Paulo;False;BRANCA
30417;3549904.0;São José dos Campos;Taubaté;False;PARDA
30418;3548708.0;São Bernardo do Campo;Grande SP Sudeste;False;BRANCA
30419;3550308.0;São Paulo;Município de São Paulo;False;BRANCA
30420;3550308.0;São Paulo;Município de São Paulo;False;PARDA
30421;3549904.0;São José dos Campos;Taubaté;False;BRANCA
30422;3550308.0;São Paulo;Município de São Paulo;False;PARDA
30423;3548807.0;São Caetano do Sul;Grande SP Sudeste;False;BRANCA
30424;3519600.0;Ibitinga;Araraquara;False;BRANCA
30425;3550308.0;São Paulo;Município de São Paulo;False;PARDA
30426;3550308.0;São Paulo;Município de São Paulo;False;
30427;3520509.0;Indaiatuba;Campinas;False;IGNORADO
30428;3537800.0;Piedade;Sorocaba;False;AMARELA
