3224;3550308.0;São Paulo;Município de São Paulo;False;NONE
3225;3547809.0;Santo André;Grande SP Sudeste;False;PARDA
3226;3550308.0;São Paulo;Município de São Paulo;False;PARDA
3227;3518800.0;Guarulhos;Grande SP Leste;False;
3228;3518503.0;Guareí;Sorocaba;False;
3229;3512803.0;Cosmópolis;Campinas;False;BRANCA
3230;3550308.0;São Paulo;Município de São Paulo;False;PARDA
3231;3541000.0;Praia Grande;Baixada Santista;False;PARDA
3232;3509502.0;Campinas;Campinas;False;BRANCA
3233;3504107.0;Atibaia;Campinas;False;BRANCA
3234;3513603.0;Cunha;Taubaté;False;BRANCA
3235;3550308.0;São Paulo;Município de São Paulo;False;BRANCA
3236;3550308.0;São Paulo;Município de São Paulo;True;BRANCA
3237;3550308.0;São Paulo;Município de São Paulo;False;BRANCA
3238;3540200.0;Pontal;Ribeirão Preto;False;PARDA
3239;3549904.0;São José dos Campos;Taubaté;False;BRANCA
3240;3549904.0;São José dos Campos;Taubaté;False;NONE
3241;3550308.0;São Paulo;Município de São Paulo;False;BRANCA
3242;3548906.0;São Carlos;Araraquara;False;PRETA
3243;3549904.0;São José dos Campos;Taubaté;False;BRANCA
3244;3550308.0;São Paulo;Município de São Paulo;False;BRANCA
3245;3507506.0;Botucatu;Bauru;False;BRANCA
3246;3555604.0;Uchoa;São José do Rio Preto;False;BRANCA
3247;3534708.0;Ourinhos;Marília;False;BRANCA
3248;3524402.0;Jacareí;Taubaté;True;BRANCA
3249;3503901.0;Arujá;Grande SP Leste;False;BRANCA
3250;3550308.0;São Paulo;Município de São Paulo;False;PARDA
3251;3518800.0;Guarulhos;Grande SP Leste;True;BRANCA
3252;3513801.0;Diadema;Grande SP Sudeste;False;BRANCA
3253;3507605.0;Bragança Paulista;Campinas;False;BRANCA
3254;3513405.0;Cruzeiro;Taubaté;False;BRANCA
3255;3507605.0;Bragança Paulista;Campinas;False;NONE
3256;3551504.0;Serrana;Ribeirão Preto;False;PARDA
3257;3523602.0;Itirapina;Piracicaba;True;BRANCA
3258;3546405.0;Santa Cruz do Rio Pardo;Marília;False;BRANCA
3259;3550308.0;São Paulo;Município de São Paulo;False;
3260;3530102.0;Mirandópolis;Araçatuba;False;BRANCA
3261;3550308.0;São Paulo;Município de São Paulo;False;NONE
3262;3547809.0;Santo André;Grande SP Sudeste;False;BRANCA
3263;3529500.0;Mendonça;São José do Rio Preto;False;PARDA
3264;3550308.0;São Paulo;Município de São Paulo;False;PARDA
3265;3550308.0;São Paulo;Município de São Paulo;False;AMARELA
3266;3509502.0;Campinas;Campinas;False;PARDA
3267;3506508.0;Birigui;Araçatuba;False;IGNORADO
3268;3538709.0;Piracicaba;Piracicaba;True;PRETA
3269;3548708.0;São Bernardo do Campo;Grande SP Sudeste;False;BRANCA
3270;3550308.0;São Paulo;Município de São Paulo;False;BRANCA
3271;3524709.0;Jaguariúna;Campinas;False;BRANCA
3272;3550308.0;São Paulo;Município de São Paulo;False;BRANCA
3273;3550308.0;São Paulo;Município de São Paulo;False;BRANCA
3274;3518800.0;Guarulhos;Grande SP Leste;False;BRANCA
3275;3518800.0;Guarulhos;Grande SP Leste;False;NONE
3276;3525300.0;Jaú;Bauru;False;BRANCA
3277;3550308.0;São Paulo;Município de São Paulo;False;PARDA
3278;3550308.0;São Paulo;Município de São Paulo;False;BRANCA
3279;3501608.0;Americana;Campinas;False;BRANCA
3280;3511102.0;Catanduva;São José do Rio Preto;False;BRANCA
3281;3531100.0;Mongaguá;Baixada Santista;False;PRETA
3282;3513801.0;Diadema;Grande SP Sudeste;False;IGNORADO
3283;3551900.0;Severínia;Barretos;False;BRANCA
3284;3550308.0;São Paulo;Município de São Paulo;False;PARDA
3285;3549805.0;São José do Rio Preto;São José do Rio Preto;False;PARDA
3286;3552403.0;Sumaré;Campinas;False;PARDA
3287;3534401.0;Osasco;Grande SP Oeste;False;IGNORADO
3288;3550308.0;São Paulo;Município de São Paulo;True;IGNORADO
3289;3552502.0;Suzano;Grande SP Leste;True;PRETA
3290;3556206.0;Valinhos;Campinas;False;BRANCA
3291;3550308.0;São Paulo;Município de São Paulo;False;PARDA
3292;3502101.0;Andradina;Araçatuba;True;PARDA
3293;3525904.0;Jundiaí;Campinas;False;IGNORADO
3294;3536505.0;Paulínia;Campinas;False;BRANCA
3295;3549904.0;São José dos Campos;Taubaté;False;BRANCA
3296;3550308.0;São Paulo;Município de São Paulo;False;IGNORADO
3297;3550308.0;São Paulo;Município de São Paulo;False;BRANCA
3298;3549904.0;São José dos Campos;Taubaté;False;BRANCA
3299;3530706.0;Mogi Guaçu;São João da Boa Vista;False;BRANCA
3300;3548906.0;São Carlos;Araraquara;False;BRANCA
3301;3501707.0;Américo Brasiliense;Araraquara;False;BRANCA
3302;3545803.0;Santa Bárbara d'Oeste;Campinas;False;BRANCA
3303;3511508.0;Cerquilho;Sorocaba;False;BRANCA
3304;3512407.0;Cordeirópolis;Piracicaba;False;BRANCA
3305;3506508.0;Birigui;Araçatuba;False;BRANCA
3306;3552205.0;Sorocaba;Sorocaba;False;PRETA
3307;3506359.0;Bertioga;Baixada Santista;False;BRANCA
3308;3547809.0;Santo André;Grande SP Sudeste;False;BRANCA
3309;3515509.0;Fernandópolis;São José do Rio Preto;False;BRANCA
3310;3547809.0;Santo André;Grande SP Sudeste;True;IGNORADO
3311;3548708.0;São Bernardo do Campo;Grande SP Sudeste;False;BRANCA
3312;3550308.0;São Paulo;Município de São Paulo;False;BRANCA
3313;3550308.0;São Paulo;Município de São Paulo;False;BRANCA
3314;3516705.0;Garça;Marília;False;BRANCA
3315;3548708.0;São Bernardo do Campo;Grande SP Sudeste;True;PARDA
3316;3502804.0;Araçatuba;Araçatuba;False;BRANCA
3317;3557105.0;Votuporanga;São José do Rio Preto;False;BRANCA
3318;3538709.0;Piracicaba;Piracicaba;False;BRANCA
3319;3520103.0;Igarapava;Franca;False;AMARELA
3320;3549904.0;São José dos Campos;Taubaté;False;BRANCA
3321;3511706.0;Charqueada;Piracicaba;False;BRANCA
3322;3511102.0;Catanduva;São José do Rio Preto;False;BRANCA
3323;3522109.0;Itanhaém;Baixada Santista;False;AMARELA
3324;3554003.0;Tatuí;Sorocaba;False;BRANCA
3325;3526704.0;Leme;Piracicaba;False;PARDA
3326;3552205.0;Sorocaba;Sorocaba;False;IGNORADO
3327;3511102.0;Catanduva;São José do Rio Preto;False;BRANCA
3328;3546801.0;Santa Isabel;Grande SP Leste;False;BRANCA
3329;3518800.0;Guarulhos;Grande SP Leste;False;BRANCA
3330;3550308.0;São Paulo;Município de São Paulo;False;BRANCA
3331;3535507.0;Paraguaçu Paulista;Marília;False;BRANCA
3332;3530607.0;Mogi das Cruzes;Grande SP Leste;False;PARDA
3333;3520400.0;Ilhabela;Taubaté;False;BRANCA
3334;3550308.0;São Paulo;Município de São Paulo;True;AMARELA
3335;3508405.0;Cabreúva;Campinas;False;IGNORADO
3336;3524006.0;Itupeva;Campinas;False;BRANCA
3337;3548708.0;São Bernardo do Campo;Grande SP Sudeste;False;BRANCA
3338;3509502.0;Campinas;Campinas;False;BRANCA
3339;3557006.0;Votorantim;Sorocaba;False;BRANCA
3340;3530607.0;Mogi das Cruzes;Grande SP Leste;False;BRANCA
3341;3509502.0;Campinas;Campinas;True;BRANCA
3342;3540804.0;Potirendaba;São José do Rio Preto;False;BRANCA
3343;3549904.0;São José dos Campos;Taubaté;False;IGNORADO
3344;3550308.0;São Paulo;Município de São Paulo;False;IGNORADO
3345;3525300.0;Jaú;Bauru;False;BRANCA
3346;3543402.0;Ribeirão Preto;Ribeirão Preto;False;PARDA
3347;3505708.0;Barueri;Grande SP Oeste;False;PARDA
3348;3550308.0;São Paulo;Município de São Paulo;False;AMARELA
3349;3511102.0;Catanduva;São José do Rio Preto;False;AMARELA
3350;3522109.0;Itanhaém;Baixada Santista;False;BRANCA
3351;3511201.0;Catiguá;São José do Rio Preto;False;BRANCA
3352;3557105.0;Votuporanga;São José do Rio Preto;False;BRANCA
3353;3550308.0;São Paulo;Município de São Paulo;False;PARDA
3354;3526209.0;Juquitiba;Grande SP Sudoeste;False;IGNORADO
3355;3554508.0;Tietê;Sorocaba;False;BRANCA
3356;3528502.0;Mairiporã;Grande SP Norte;False;BRANCA
3357;3538709.0;Piracicaba;Piracicaba;False;BRANCA
3358;3550308.0;São Paulo;Município de São Paulo;False;IGNORADO
3359;3509007.0;Caieiras;Grande SP Norte;False;PARDA
3360;3550308.0;São Paulo;Município de São Paulo;False;BRANCA
3361;3550308.0;São Paulo;Município de São Paulo;False;BRANCA
3362;3502804.0;Araçatuba;Araçatuba;False;BRANCA
3363;3509205.0;Cajamar;Grande SP Norte;False;BRANCA
3364;3512803.0;Cosmópolis;Campinas;False;PRETA
3365;3550308.0;São Paulo;Município de São Paulo;False;BRANCA
3366;3522604.0;Itapira;São João da Boa Vista;False;IGNORADO
3367;3524006.0;Itupeva;Campinas;False;BRANCA
3368;3523404.0;Itatiba;Campinas;False;IGNORADO
3369;3523107.0;Itaquaquecetuba;Grande SP Leste;False;BRANCA
3370;3550308.0;São Paulo;Município de São Paulo;False;PARDA
3371;3503307.0;Araras;Piracicaba;False;BRANCA
