16409;3550308.0;São Paulo;Município de São Paulo;False;NONE
16410;3547809.0;Santo André;Grande SP Sudeste;False;BRANCA
16411;3536505.0;Paulínia;Campinas;False;BRANCA
16412;3532827.0;Nova Campina;Sorocaba;False;BRANCA
16413;3501608.0;Americana;Campinas;False;BRANCA
16414;3513504.0;Cubatão;Baixada Santista;False;BRANCA
16415;3507605.0;Bragança Paulista;Campinas;False;
16416;3550308.0;São Paulo;Município de São Paulo;False;BRANCA
16417;3550308.0;São Paulo;Município de São Paulo;False;IGNORADO
16418;3551009.0;São Vicente;Baixada Santista;False;IGNORADO
16419;3533908.0;Olímpia;Barretos;False;AMARELA
16420;3548708.0;São Bernardo do Campo;Grande SP Sudeste;False;IGNORADO
16421;3550308.0;São Paulo;Município de São Paulo;False;BRANCA
16422;3541901.0;Queluz;Taubaté;False;BRANCA
16423;3530607.0;Mogi das Cruzes;Grande SP Leste;False;PRETA
16424;3541307.0;Presidente Epitácio;Presidente Prudente;False;AMARELA
16425;3518800.0;Guarulhos;Grande SP Leste;False;IGNORADO
16426;3550308.0;São Paulo;Município de São Paulo;False;NONE
16427;3548807.0;São Caetano do Sul;Grande SP Sudeste;False;PARDA
16428;3530508.0;Mococa;São João da Boa Vista;False;BRANCA
16429;3526704.0;Leme;Piracicaba;False;BRANCA
16430;3534401.0;Osasco;Grande SP Oeste;False;PARDA
16431;3552205.0;Sorocaba;Sorocaba;False;BRANCA
16432;3550308.0;São Paulo;Município de São Paulo;False;BRANCA
16433;3506003.0;Bauru;Bauru;False;IGNORADO
16434;3522307.0;Itapetininga;Sorocaba;False;BRANCA
16435;3522307.0;Itapetininga;Sorocaba;False;BRANCA
16436;3504800.0;Bálsamo;São José do Rio Preto;False;BRANCA
16437;3529401.0;Mauá;Grande SP Sudeste;False;BRANCA
16438;3534401.0;Osasco;Grande SP Oeste;False;BRANCA
16439;3550308.0;São Paulo;Município de São Paulo;False;BRANCA
16440;3541000.0;Praia Grande;Baixada Santista;False;IGNORADO
16441;3549904.0;São José dos Campos;Taubaté;False;IGNORADO
16442;3550308.0;São Paulo;Município de São Paulo;False;BRANCA
16443;3550308.0;São Paulo;Município de São Paulo;False;PRETA
16444;3550308.0;São Paulo;Município de São Paulo;False;BRANCA
16445;3534401.0;Osasco;Grande SP Oeste;False;PARDA
16446;3550308.0;São Paulo;Município de São Paulo;False;PRETA
16447;3549805.0;São José do Rio Preto;São José do Rio Preto;False;BRANCA
16448;3550308.0;São Paulo;Município de São Paulo;False;BRANCA
16449;3550308.0;São Paulo;Município de São Paulo;False;BRANCA
16450;3549904.0;São José dos Campos;Taubaté;False;BRANCA
16451;3550308.0;São Paulo;Município de São Paulo;False;PARDA
16452;3534401.0;Osasco;Grande SP Oeste;False;BRANCA
16453;3518701.0;Guarujá;Baixada Santista;False;BRANCA
16454;3530607.0;Mogi das Cruzes;Grande SP Leste;False;BRANCA
16455;3550605.0;São Roque;Sorocaba;False;PARDA
16456;3550308.0;São Paulo;Município de São Paulo;False;BRANCA
16457;3530706.0;Mogi Guaçu;São João da Boa Vista;False;BRANCA
16458;3503901.0;Arujá;Grande SP Leste;False;BRANCA
16459;3550308.0;São Paulo;Município de São Paulo;False;BRANCA
16460;3550308.0;São Paulo;Município de São Paulo;False;INDIGENA
16461;3548500.0;Santos;Baixada Santista;False;AMARELA
16462;3550308.0;São Paulo;Município de São Paulo;False;PARDA
16463;3526902.0;Limeira;Piracicaba;False;BRANCA
16464;3550308.0;São Paulo;Município de São Paulo;False;BRANCA
16465;3552809.0;Taboão da Serra;Grande SP Sudoeste;False;BRANCA
16466;3557006.0;Votorantim;Sorocaba;False;BRANCA
16467;3550308.0;São Paulo;Município de São Paulo;False;PARDA
16468;3529401.0;Mauá;Grande SP Sudeste;False;IGNORADO
16469;3509502.0;Campinas;Campinas;False;PRETA
16470;3531506.0;Monte Azul Paulista;Barretos;False;BRANCA
16471;3552403.0;Sumaré;Campinas;False;BRANCA
16472;3526902.0;Limeira;Piracicaba;False;AMARELA
16473;3550308.0;São Paulo;Município de São Paulo;False;BRANCA
16474;3536505.0;Paulínia;Campinas;False;PARDA
16475;3547809.0;Santo André;Grande SP Sudeste;True;PARDA
16476;3550308.0;São Paulo;Município de São Paulo;False;NONE
16477;3529401.0;Mauá;Grande SP Sudeste;False;BRANCA
16478;3548500.0;Santos;Baixada Santista;False;BRANCA
16479;3550308.0;São Paulo;Município de São Paulo;False;NONE
16480;3547809.0;Santo André;Grande SP Sudeste;False;PARDA
16481;3543402.0;Ribeirão Preto;Ribeirão Preto;False;BRANCA
16482;3552809.0;Taboão da Serra;Grande SP Sudoeste;False;IGNORADO
16483;3547809.0;Santo André;Grande SP Sudeste;False;BRANCA
16484;3533908.0;Olímpia;Barretos;False;BRANCA
16485;3550308.0;São Paulo;Município de São Paulo;False;IGNORADO
16486;3531506.0;Monte Azul Paulista;Barretos;False;AMARELA
16487;3550308.0;São Paulo;Município de São Paulo;False;BRANCA
16488;3508801.0;Cafelândia;Bauru;False;BRANCA
16489;3550308.0;São Paulo;Município de São Paulo;False;BRANCA
16490;3550308.0;São Paulo;Município de São Paulo;False;IGNORADO
16491;3529401.0;Mauá;Grande SP Sudeste;False;BRANCA
16492;3557105.0;Votuporanga;São José do Rio Preto;False;BRANCA
16493;3550308.0;São Paulo;Município de São Paulo;False;NONE
16494;3553955.0;Tarumã;Marília;False;BRANCA
16495;3549805.0;São José do Rio Preto;São José do Rio Preto;False;BRANCA
16496;3554003.0;Tatuí;Sorocaba;True;PARDA
16497;3507605.0;Bragança Paulista;Campinas;False;BRANCA
16498;3547809.0;Santo André;Grande SP Sudeste;False;IGNORADO
16499;3556404.0;Vargem Grande do Sul;São João da Boa Vista;False;IGNORADO
16500;3550308.0;São Paulo;Município de São Paulo;False;NONE
16501;3508504.0;Caçapava;Taubaté;False;BRANCA
16502;3534401.0;Osasco;Grande SP Oeste;False;BRANCA
16503;3549904.0;São José dos Campos;Taubaté;False;BRANCA
16504;3548708.0;São Bernardo do Campo;Grande SP Sudeste;False;BRANCA
16505;3550308.0;São Paulo;Município de São Paulo;False;BRANCA
16506;3516200.0;Franca;Franca;False;BRANCA
16507;3534401.0;Osasco;Grande SP Oeste;False;
16508;3550308.0;São Paulo;Município de São Paulo;False;PRETA
16509;3536703.0;Pederneiras;Bauru;False;BRANCA
16510;3550308.0;São Paulo;Município de São Paulo;False;PARDA
16511;3526902.0;Limeira;Piracicaba;False;BRANCA
16512;3507605.0;Bragança Paulista;Campinas;False;BRANCA
16513;3513009.0;Cotia;Grande SP Sudoeste;False;BRANCA
16514;3550308.0;São Paulo;Município de São Paulo;False;AMARELA
16515;3552205.0;Sorocaba;Sorocaba;False;BRANCA
16516;3510609.0;Carapicuíba;Grande SP Oeste;False;PARDA
16517;3550308.0;São Paulo;Município de São Paulo;False;
16518;3548500.0;Santos;Baixada Santista;False;BRANCA
16519;3549904.0;São José dos Campos;Taubaté;False;IGNORADO
16520;3550308.0;São Paulo;Município de São Paulo;False;BRANCA
16521;3550308.0;São Paulo;Município de São Paulo;False;PARDA
16522;3513801.0;Diadema;Grande SP Sudeste;False;BRANCA
16523;3550308.0;São Paulo;Município de São Paulo;False;PRETA
16524;3550308.0;São Paulo;Município de São Paulo;False;PARDA
16525;3509502.0;Campinas;Campinas;False;PARDA
16526;3523107.0;Itaquaquecetuba;Grande SP Leste;False;PARDA
16527;3547809.0;Santo André;Grande SP Sudeste;False;BRANCA
16528;3549805.0;São José do Rio Preto;São José do Rio Preto;False;PRETA
16529;3547304.0;Santana de Parnaíba;Grande SP Oeste;False;AMARELA
16530;3550308.0;São Paulo;Município de São Paulo;False;IGNORADO
16531;3552205.0;Sorocaba;Sorocaba;False;PARDA
16532;3511706.0;Charqueada;Piracicaba;False;PARDA
16533;3550308.0;São Paulo;Município de São Paulo;False;
16534;3549805.0;São José do Rio Preto;São José do Rio Preto;True;NONE
16535;3516408.0;Franco da Rocha;Grande SP Norte;False;BRANCA
16536;3530607.0;Mogi das Cruzes;Grande SP Leste;False;BRANCA
16537;3530607.0;Mogi das Cruzes;Grande SP Leste;False;BRANCA
16538;3550308.0;São Paulo;Município de São Paulo;False;BRANCA
16539;3545803.0;Santa Bárbara d'Oeste;Campinas;False;BRANCA
16540;3551900.0;Severínia;Barretos;False;AMARELA
16541;3525904.0;Jundiaí;Campinas;False;BRANCA
16542;3547809.0;Santo André;Grande SP Sudeste;False;BRANCA
16543;3552205.0;Sorocaba;Sorocaba;False;BRANCA
16544;3538709.0;Piracicaba;Piracicaba;False;PARDA
16545;3547809.0;Santo André;Grande SP Sudeste;False;BRANCA
16546;3552809.0;Taboão da Serra;Grande SP Sudoeste;False;PARDA
16547;3519071.0;Hortolândia;Campinas;False;
16548;3543402.0;Ribeirão Preto;Ribeirão Preto;False;PARDA
16549;3515004.0;Embu das Artes;Grande SP Sudoeste;True;BRANCA
