42490;3550308.0;São Paulo;Município de São Paulo;False;BRANCA
42491;3502804.0;Araçatuba;Araçatuba;False;IGNORADO
42492;3550308.0;São Paulo;Município de São Paulo;False;BRANCA
42493;3551009.0;São Vicente;Baixada Santista;False;AMARELA
42494;3543907.0;Rio Claro;Piracicaba;False;BRANCA
42495;3550308.0;São Paulo;Município de São Paulo;False;BRANCA
42496;3552403.0;Sumaré;Campinas;False;PARDA
42497;3547809.0;Santo André;Grande SP Sudeste;False;BRANCA
42498;3550308.0;São Paulo;Município de São Paulo;False;PARDA
42499;3550308.0;São Paulo;Município de São Paulo;False;PARDA
42500;3550308.0;São Paulo;Município de São Paulo;False;IGNORADO
42501;3543402.0;Ribeirão Preto;Ribeirão Preto;False;BRANCA
42502;3550308.0;São Paulo;Município de São Paulo;False;BRANCA
42503;3550308.0;São Paulo;Município de São Paulo;False;PARDA
42504;3533007.0;Nova Granada;São José do Rio Preto;False;BRANCA
42505;3550308.0;São Paulo;Município de São Paulo;False;BRANCA
42506;3550308.0;São Paulo;Município de São Paulo;False;PARDA
42507;3557105.0;Votuporanga;São José do Rio Preto;False;BRANCA
42508;3529005.0;Marília;Marília;False;BRANCA
42509;3529401.0;Mauá;Grande SP Sudeste;False;BRANCA
42510;3545803.0;Santa Bárbara d'Oeste;Campinas;False;BRANCA
42511;3539806.0;Poá;Grande SP Leste;False;PARDA
42512;3539806.0;Poá;Grande SP Leste;False;PARDA
42513;3513801.0;Diadema;Grande SP Sudeste;False;BRANCA
42514;3550308.0;São Paulo;Município de São Paulo;False;BRANCA
42515;3508504.0;Caçapava;Taubaté;False;BRANCA
42516;3550308.0;São Paulo;Município de São Paulo;False;NONE
42517;3518800.0;Guarulhos;Grande SP Leste;False;PARDA
42518;3548708.0;São Bernardo do Campo;Grande SP Sudeste;False;BRANCA
42519;3525102.0;Jardinópolis;Ribeirão Preto;False;BRANCA
42520;3557006.0;Votorantim;Sorocaba;False;BRANCA
42521;3550308.0;São Paulo;Município de São Paulo;False;BRANCA
42522;3550308.0;São Paulo;Município de São Paulo;False;IGNORADO
42523;3550308.0;São Paulo;Município de São Paulo;False;BRANCA
42524;3500501.0;Águas de Lindóia;Campinas;False;BRANCA
42525;3549805.0;São José do Rio Preto;São José do Rio Preto;False;BRANCA
42526;3510609.0;Carapicuíba;Grande SP Oeste;False;AMARELA
42527;3550308.0;São Paulo;Município de São Paulo;False;PARDA
42528;3552502.0;Suzano;Grande SP Leste;False;BRANCA
42529;3516200.0;Franca;Franca;True;BRANCA
42530;3550308.0;São Paulo;Município de São Paulo;True;BRANCA
42531;3550308.0;São Paulo;Município de São Paulo;False;PRETA
42532;3550308.0;São Paulo;Município de São Paulo;False;PRETA
42533;3509502.0;Campinas;Campinas;False;PRETA
42534;3541406.0;Presidente Prudente;Presidente Prudente;False;PARDA
42535;3550308.0;São Paulo;Município de São Paulo;False;PARDA
42536;3550704.0;São Sebastião;Taubaté;False;PARDA
42537;3550308.0;São Paulo;Município de São Paulo;True;BRANCA
42538;3514106.0;Dois Córregos;Bauru;False;BRANCA
42539;3550308.0;São Paulo;Município de São Paulo;True;BRANCA
42540;3550308.0;São Paulo;Município de São Paulo;False;NONE
42541;3549904.0;São José dos Campos;Taubaté;False;AMARELA
42542;3512803.0;Cosmópolis;Campinas;False;PRETA
42543;3534708.0;Ourinhos;Marília;False;BRANCA
42544;3550308.0;São Paulo;Município de São Paulo;False;IGNORADO
42545;3509007.0;Caieiras;Grande SP Norte;False;IGNORADO
42546;3519709.0;Ibiúna;Sorocaba;False;BRANCA
42547;3519709.0;Ibiúna;Sorocaba;False;PRETA
42548;3550308.0;São Paulo;Município de São Paulo;False;PARDA
42549;3529005.0;Marília;Marília;False;BRANCA
42550;3550308.0;São Paulo;Município de São Paulo;False;PARDA
42551;3508504.0;Caçapava;Taubaté;False;BRANCA
42552;3550308.0;São Paulo;Município de São Paulo;False;BRANCA
42553;3530607.0;Mogi das Cruzes;Grande SP Leste;False;BRANCA
42554;3551603.0;Serra Negra;Campinas;False;IGNORADO
42555;3542602.0;Registro;Registro;False;BRANCA
42556;3549904.0;São José dos Campos;Taubaté;False;IGNORADO
42557;3550308.0;São Paulo;Município de São Paulo;False;BRANCA
42558;3549904.0;São José dos Campos;Taubaté;False;BRANCA
42559;3550308.0;São Paulo;Município de São Paulo;False;PARDA
42560;3518701.0;Guarujá;Baixada Santista;False;PARDA
42561;3550308.0;São Paulo;Município de São Paulo;False;BRANCA
42562;3550308.0;São Paulo;Município de São Paulo;False;BRANCA
42563;3550308.0;São Paulo;Município de São Paulo;False;BRANCA
42564;3549805.0;São José do Rio Preto;São José do Rio Preto;False;BRANCA
42565;3550308.0;São Paulo;Município de São Paulo;False;BRANCA
42566;3550308.0;São Paulo;Município de São Paulo;False;BRANCA
42567;3543402.0;Ribeirão Preto;Ribeirão Preto;False;NONE
42568;3527306.0;Louveira;Campinas;False;BRANCA
42569;3544905.0;Sales Oliveira;Franca;False;BRANCA
42570;3505500.0;Barretos;Barretos;False;BRANCA
42571;3556503.0;Várzea Paulista;Campinas;False;BRANCA
42572;3550308.0;São Paulo;Município de São Paulo;False;BRANCA
42573;3515707.0;Ferraz de Vasconcelos;Grande SP Leste;False;AMARELA
42574;3543402.0;Ribeirão Preto;Ribeirão Preto;False;BRANCA
42575;3550308.0;São Paulo;Município de São Paulo;False;PARDA
42576;3509502.0;Campinas;Campinas;False;BRANCA
42577;3552205.0;Sorocaba;Sorocaba;False;BRANCA
42578;3510609.0;Carapicuíba;Grande SP Oeste;False;BRANCA
42579;3525300.0;Jaú;Bauru;False;BRANCA
42580;3552403.0;Sumaré;Campinas;False;BRANCA
42581;3548906.0;São Carlos;Araraquara;False;BRANCA
42582;3518800.0;Guarulhos;Grande SP Leste;False;BRANCA
42583;3554300.0;Teodoro Sampaio;Presidente Prudente;False;PRETA
42584;3509007.0;Caieiras;Grande SP Norte;False;IGNORADO
42585;3514601.0;Dumont;Ribeirão Preto;False;IGNORADO
42586;3550308.0;São Paulo;Município de São Paulo;False;BRANCA
42587;3550308.0;São Paulo;Município de São Paulo;False;
42588;3542602.0;Registro;Registro;False;BRANCA
42589;3543402.0;Ribeirão Preto;Ribeirão Preto;False;IGNORADO
42590;3550308.0;São Paulo;Município de São Paulo;False;PRETA
42591;3550308.0;São Paulo;Município de São Paulo;False;IGNORADO
42592;3534401.0;Osasco;Grande SP Oeste;False;IGNORADO
42593;3550308.0;São Paulo;Município de São Paulo;False;BRANCA
42594;3550308.0;São Paulo;Município de São Paulo;False;PARDA
42595;3550308.0;São Paulo;Município de São Paulo;False;NONE
42596;3536208.0;Pariquera-Açu;Registro;False;BRANCA
42597;3500709.0;Agudos;Bauru;False;AMARELA
42598;3504008.0;Assis;Marília;False;BRANCA
42599;3504008.0;Assis;Marília;False;BRANCA
42600;3552205.0;Sorocaba;Sorocaba;False;BRANCA
42601;3550308.0;São Paulo;Município de São Paulo;False;BRANCA
42602;3509007.0;Caieiras;Grande SP Norte;False;PARDA
42603;3548708.0;São Bernardo do Campo;Grande SP Sudeste;False;
42604;3547809.0;Santo André;Grande SP Sudeste;False;PARDA
42605;3540606.0;Porto Feliz;Sorocaba;False;BRANCA
42606;3549904.0;São José dos Campos;Taubaté;False;PARDA
42607;3521408.0;Iracemápolis;Piracicaba;False;BRANCA
42608;3538709.0;Piracicaba;Piracicaba;False;PRETA
42609;3550308.0;São Paulo;Município de São Paulo;False;BRANCA
42610;3550308.0;São Paulo;Município de São Paulo;False;BRANCA
42611;3550308.0;São Paulo;Município de São Paulo;False;BRANCA
42612;3555406.0;Ubatuba;Taubaté;False;BRANCA
42613;3554102.0;Taubaté;Taubaté;False;BRANCA
42614;3550308.0;São Paulo;Município de São Paulo;False;BRANCA
42615;3527108.0;Lins;Bauru;False;BRANCA
42616;3550308.0;São Paulo;Município de São Paulo;False;BRANCA
42617;3550308.0;São Paulo;Município de São Paulo;False;IGNORADO
42618;3549805.0;São José do Rio Preto;São José do Rio Preto;False;PARDA
42619;3517307.0;Guaimbê;Marília;False;BRANCA
42620;3550308.0;São Paulo;Município de São Paulo;False;NONE
42621;3501301.0;Álvares Machado;Presidente Prudente;False;BRANCA
42622;3550308.0;São Paulo;Município de São Paulo;False;PARDA
42623;3549805.0;São José do Rio Preto;São José do Rio Preto;False;PARDA
42624;3516309.0;Francisco Morato;Grande SP Norte;False;IGNORADO
42625;3550308.0;São Paulo;Município de São Paulo;False;PARDA
42626;3550308.0;São Paulo;Município de São Paulo;False;NONE
42627;3522505.0;Itapevi;Grande SP Oeste;False;BRANCA
42628;3550308.0;São Paulo;Município de São Paulo;False;BRANCA
42629;3534401.0;Osasco;Grande SP Oeste;False;BRANCA
42630;3547809.0;Santo André;Grande SP Sudeste;False;BRANCA
