29532;3550308.0;São Paulo;Município de São Paulo;False;IGNORADO
29533;3530805.0;Mogi Mirim;São João da Boa Vista;False;BRANCA
29534;3538709.0;Piracicaba;Piracicaba;False;PARDA
29535;3548807.0;São Caetano do Sul;Grande SP Sudeste;False;BRANCA
29536;3544004.0;Rio das Pedras;Piracicaba;False;BRANCA
29537;3503000.0;Aramina;Franca;False;BRANCA
29538;3550308.0;São Paulo;Município de São Paulo;False;PARDA
29539;3508405.0;Cabreúva;Campinas;False;AMARELA
29540;3526902.0;Limeira;Piracicaba;False;BRANCA
29541;3509502.0;Campinas;Campinas;False;BRANCA
29542;3541307.0;Presidente Epitácio;Presidente Prudente;False;BRANCA
29543;3543402.0;Ribeirão Preto;Ribeirão Preto;False;AMARELA
29544;3541406.0;Presidente Prudente;Presidente Prudente;False;IGNORADO
29545;3549904.0;São José dos Campos;Taubaté;False;BRANCA
29546;3525300.0;Jaú;Bauru;False;BRANCA
29547;3538907.0;Pirajuí;Bauru;False;BRANCA
29548;3500709.0;Agudos;Bauru;False;BRANCA
29549;3538709.0;Piracicaba;Piracicaba;False;BRANCA
29550;3556206.0;Valinhos;Campinas;False;BRANCA
29551;3509502.0;Campinas;Campinas;False;BRANCA
29552;3529302.0;Matão;Araraquara;False;BRANCA
29553;3557105.0;Votuporanga;São José do Rio Preto;False;BRANCA
29554;3514502.0;Duartina;Bauru;False;BRANCA
29555;3541000.0;Praia Grande;Baixada Santista;False;PRETA
29556;3518701.0;Guarujá;Baixada Santista;False;PRETA
29557;3545209.0;Salto;Sorocaba;False;BRANCA
29558;3517406.0;Guaíra;Barretos;False;BRANCA
29559;3509502.0;Campinas;Campinas;False;IGNORADO
29560;3549904.0;São José dos Campos;Taubaté;False;IGNORADO
29561;3507605.0;Bragança Paulista;Campinas;False;BRANCA
29562;3548708.0;São Bernardo do Campo;Grande SP Sudeste;False;IGNORADO
29563;3550308.0;São Paulo;Município de São Paulo;False;BRANCA
29564;3548500.0;Santos;Baixada Santista;False;PARDA
29565;3513504.0;Cubatão;Baixada Santista;False;IGNORADO
29566;3548708.0;São Bernardo do Campo;Grande SP Sudeste;False;BRANCA
29567;3504107.0;Atibaia;Campinas;False;BRANCA
29568;3550308.0;São Paulo;Município de São Paulo;False;PARDA
29569;3525904.0;Jundiaí;Campinas;False;PARDA
29570;3502804.0;Araçatuba;Araçatuba;False;BRANCA
29571;3550308.0;São Paulo;Município de São Paulo;False;PARDA
29572;3542602.0;Registro;Registro;False;AMARELA
29573;3550308.0;São Paulo;Município de São Paulo;False;PARDA
29574;3550308.0;São Paulo;Município de São Paulo;False;PARDA
29575;3507605.0;Bragança Paulista;Campinas;False;AMARELA
29576;3552403.0;Sumaré;Campinas;False;AMARELA
29577;3548708.0;São Bernardo do Campo;Grande SP Sudeste;False;
29578;3506003.0;Bauru;Bauru;False;IGNORADO
29579;3549904.0;São José dos Campos;Taubaté;False;PARDA
29580;3550308.0;São Paulo;Município de São Paulo;False;BRANCA
29581;3538600.0;Piracaia;Campinas;False;IGNORADO
29582;3550308.0;São Paulo;Município de São Paulo;False;PARDA
29583;3509601.0;Campo Limpo Paulista;Campinas;False;NONE
29584;3515004.0;Embu das Artes;Grande SP Sudoeste;False;IGNORADO
29585;3509502.0;Campinas;Campinas;False;BRANCA
29586;3550308.0;São Paulo;Município de São Paulo;False;PARDA
29587;3503802.0;Artur Nogueira;Campinas;True;BRANCA
29588;3552205.0;Sorocaba;Sorocaba;False;BRANCA
29589;3550308.0;São Paulo;Município de São Paulo;False;PARDA
29590;3525904.0;Jundiaí;Campinas;False;BRANCA
29591;3520400.0;Ilhabela;Taubaté;False;BRANCA
29592;3550704.0;São Sebastião;Taubaté;False;BRANCA
29593;3526902.0;Limeira;Piracicaba;False;BRANCA
29594;3548500.0;Santos;Baixada Santista;False;IGNORADO
29595;3550308.0;São Paulo;Município de São Paulo;True;NONE
29596;3553708.0;Taquaritinga;Araraquara;False;BRANCA
29597;3500105.0;Adamantina;Marília;False;BRANCA
29598;3518800.0;Guarulhos;Grande SP Leste;False;BRANCA
29599;3518800.0;Guarulhos;Grande SP Leste;False;PARDA
29600;3550308.0;São Paulo;Município de São Paulo;False;BRANCA
29601;3535903.0;Paranapuã;São José do Rio Preto;False;BRANCA
29602;3548708.0;São Bernardo do Campo;Grande SP Sudeste;False;
29603;3505708.0;Barueri;Grande SP Oeste;False;BRANCA
29604;3543402.0;Ribeirão Preto;Ribeirão Preto;False;BRANCA
29605;3542008.0;Quintana;Marília;False;BRANCA
29606;3509502.0;Campinas;Campinas;False;IGNORADO
29607;3514403.0;Dracena;Presidente Prudente;False;BRANCA
29608;3550308.0;São Paulo;Município de São Paulo;False;IGNORADO
29609;3516309.0;Francisco Morato;Grande SP Norte;False;PARDA
29610;3534401.0;Osasco;Grande SP Oeste;False;
29611;3518800.0;Guarulhos;Grande SP Leste;False;IGNORADO
29612;3550308.0;São Paulo;Município de São Paulo;False;
29613;3502804.0;Araçatuba;Araçatuba;False;BRANCA
29614;3550308.0;São Paulo;Município de São Paulo;False;BRANCA
29615;3521903.0;Itajobi;São José do Rio Preto;False;BRANCA
29616;3515707.0;Ferraz de Vasconcelos;Grande SP Leste;False;PRETA
29617;3550308.0;São Paulo;Município de São Paulo;False;PARDA
29618;3513801.0;Diadema;Grande SP Sudeste;False;BRANCA
29619;3550308.0;São Paulo;Município de São Paulo;False;BRANCA
29620;3550308.0;São Paulo;Município de São Paulo;False;BRANCA
29621;3550308.0;São Paulo;Município de São Paulo;False;PARDA
29622;3518701.0;Guarujá;Baixada Santista;False;BRANCA
29623;3548708.0;São Bernardo do Campo;Grande SP Sudeste;False;PARDA
29624;3516705.0;Garça;Marília;False;BRANCA
29625;3548500.0;Santos;Baixada Santista;False;PRETA
29626;3550308.0;São Paulo;Município de São Paulo;False;NONE
29627;3551009.0;São Vicente;Baixada Santista;False;BRANCA
29628;3550308.0;São Paulo;Município de São Paulo;False;PARDA
29629;3550308.0;São Paulo;Município de São Paulo;False;BRANCA
29630;3550308.0;São Paulo;Município de São Paulo;False;BRANCA
29631;3550308.0;São Paulo;Município de São Paulo;False;IGNORADO
29632;3540804.0;Potirendaba;São José do Rio Preto;False;PARDA
29633;3550704.0;São Sebastião;Taubaté;False;PARDA
29634;3548708.0;São Bernardo do Campo;Grande SP Sudeste;False;AMARELA
29635;3548500.0;Santos;Baixada Santista;False;IGNORADO
29636;3513009.0;Cotia;Grande SP Sudoeste;False;
29637;3552502.0;Suzano;Grande SP Leste;False;PARDA
29638;3547809.0;Santo André;Grande SP Sudeste;False;AMARELA
29639;3518503.0;Guareí;Sorocaba;False;
29640;3501905.0;Amparo;Campinas;False;BRANCA
29641;3513108.0;Cravinhos;Ribeirão Preto;False;IGNORADO
29642;3516408.0;Franco da Rocha;Grande SP Norte;False;BRANCA
29643;3504107.0;Atibaia;Campinas;False;BRANCA
29644;3528007.0;Macatuba;Bauru;False;PARDA
29645;3550308.0;São Paulo;Município de São Paulo;False;BRANCA
29646;3549904.0;São José dos Campos;Taubaté;False;BRANCA
29647;3549904.0;São José dos Campos;Taubaté;False;BRANCA
29648;3550308.0;São Paulo;Município de São Paulo;False;BRANCA
29649;3550308.0;São Paulo;Município de São Paulo;False;BRANCA
29650;3550308.0;São Paulo;Município de São Paulo;False;PARDA
29651;3551702.0;Sertãozinho;Ribeirão Preto;False;PARDA
29652;3550308.0;São Paulo;Município de São Paulo;False;BRANCA
29653;3550308.0;São Paulo;Município de São Paulo;False;PARDA
29654;3550308.0;São Paulo;Município de São Paulo;False;PARDA
29655;3543402.0;Ribeirão Preto;Ribeirão Preto;False;BRANCA
29656;3550308.0;São Paulo;Município de São Paulo;False;PARDA
29657;3513801.0;Diadema;Grande SP Sudeste;False;PARDA
29658;3548708.0;São Bernardo do Campo;Grande SP Sudeste;False;PARDA
29659;3505500.0;Barretos;Barretos;False;BRANCA
29660;3550308.0;São Paulo;Município de São Paulo;False;PARDA
29661;3550308.0;São Paulo;Município de São Paulo;False;BRANCA
29662;3550308.0;São Paulo;Município de São Paulo;False;IGNORADO
29663;3548708.0;São Bernardo do Campo;Grande SP Sudeste;False;BRANCA
29664;3529005.0;Marília;Marília;False;BRANCA
29665;3529005.0;Marília;Marília;False;IGNORADO
29666;3550308.0;São Paulo;Município de São Paulo;False;BRANCA
29667;3538907.0;Pirajuí;Bauru;False;BRANCA
29668;3550308.0;São Paulo;Município de São Paulo;False;AMARELA
29669;3513108.0;Cravinhos;Ribeirão Preto;False;BRANCA
29670;3523305.0;Itariri;Registro;False;AMARELA
29671;3510609.0;Carapicuíba;Grande SP Oeste;False;BRANCA
29672;3550308.0;São Paulo;Município de São Paulo;False;PARDA
29673;3543907.0;Rio Claro;Piracicaba;False;BRANCA
29674;3514601.0;Dumont;Ribeirão Preto;False;BRANCA
29675;3543402.0;Ribeirão Preto;Ribeirão Preto;False;BRANCA
