3079;3550308.0;São Paulo;Município de São Paulo;False;BRANCA
3080;3550308.0;São Paulo;Município de São Paulo;False;PARDA
3081;3507407.0;Borborema;Araraquara;False;PRETA
3082;3529401.0;Mauá;Grande SP Sudeste;False;AMARELA
3083;3552403.0;Sumaré;Campinas;False;BRANCA
3084;3550308.0;São Paulo;Município de São Paulo;False;PRETA
3085;3543907.0;Rio Claro;Piracicaba;False;BRANCA
3086;3550308.0;São Paulo;Município de São Paulo;False;BRANCA
3087;3550308.0;São Paulo;Município de São Paulo;True;BRANCA
3088;3550308.0;São Paulo;Município de São Paulo;False;BRANCA
3089;3503307.0;Araras;Piracicaba;False;PARDA
3090;3534401.0;Osasco;Grande SP Oeste;False;BRANCA
3091;3548708.0;São Bernardo do Campo;Grande SP Sudeste;False;BRANCA
3092;3510500.0;Caraguatatuba;Taubaté;False;BRANCA
3093;3515707.0;Ferraz de Vasconcelos;Grande SP Leste;False;BRANCA
3094;3538006.0;Pindamonhangaba;Taubaté;False;BRANCA
3095;3548708.0;São Bernardo do Campo;Grande SP Sudeste;False;IGNORADO
3096;3549805.0;São José do Rio Preto;São José do Rio Preto;False;IGNORADO
3097;3520509.0;Indaiatuba;Campinas;False;BRANCA
3098;3506003.0;Bauru;Bauru;False;NONE
3099;3550308.0;São Paulo;Município de São Paulo;False;BRANCA
3100;3550308.0;São Paulo;Município de São Paulo;False;BRANCA
3101;3550308.0;São Paulo;Município de São Paulo;False;BRANCA
3102;3534401.0;Osasco;Grande SP Oeste;False;PARDA
3103;3548500.0;Santos;Baixada Santista;False;PARDA
3104;3522307.0;Itapetininga;Sorocaba;False;BRANCA
3105;3549904.0;São José dos Campos;Taubaté;False;BRANCA
3106;3538709.0;Piracicaba;Piracicaba;False;BRANCA
3107;3557105.0;Votuporanga;São José do Rio Preto;False;BRANCA
3108;3541604.0;Promissão;Bauru;False;BRANCA
3109;3550308.0;São Paulo;Município de São Paulo;False;NONE
3110;3548708.0;São Bernardo do Campo;Grande SP Sudeste;False;BRANCA
3111;3548807.0;São Caetano do Sul;Grande SP Sudeste;False;BRANCA
3112;3550308.0;São Paulo;Município de São Paulo;False;PARDA
3113;3546801.0;Santa Isabel;Grande SP Leste;False;PRETA
3114;3550308.0;São Paulo;Município de São Paulo;False;PARDA
3115;3548500.0;Santos;Baixada Santista;False;BRANCA
3116;3528007.0;Macatuba;Bauru;False;PARDA
3117;3550308.0;São Paulo;Município de São Paulo;True;PARDA
3118;3536505.0;Paulínia;Campinas;False;AMARELA
3119;3550308.0;São Paulo;Município de São Paulo;False;PARDA
3120;3552205.0;Sorocaba;Sorocaba;False;BRANCA
3121;3518800.0;Guarulhos;Grande SP Leste;False;PARDA
3122;3550308.0;São Paulo;Município de São Paulo;False;BRANCA
3123;3550308.0;São Paulo;Município de São Paulo;False;BRANCA
3124;3515707.0;Ferraz de Vasconcelos;Grande SP Leste;False;PARDA
3125;3520400.0;Ilhabela;Taubaté;False;IGNORADO
3126;3549904.0;São José dos Campos;Taubaté;False;PARDA
3127;3503307.0;Araras;Piracicaba;False;AMARELA
3128;3529401.0;Mauá;Grande SP Sudeste;False;NONE
3129;3512407.0;Cordeirópolis;Piracicaba;False;BRANCA
3130;3550308.0;São Paulo;Município de São Paulo;False;
3131;3538808.0;Piraju;Bauru;False;IGNORADO
3132;3548807.0;São Caetano do Sul;Grande SP Sudeste;False;BRANCA
3133;3550308.0;São Paulo;Município de São Paulo;False;IGNORADO
3134;3552502.0;Suzano;Grande SP Leste;False;BRANCA
3135;3543402.0;Ribeirão Preto;Ribeirão Preto;False;PARDA
3136;3550308.0;São Paulo;Município de São Paulo;False;BRANCA
3137;3520400.0;Ilhabela;Taubaté;False;BRANCA
3138;3550308.0;São Paulo;Município de São Paulo;False;AMARELA
3139;3501608.0;Americana;Campinas;False;BRANCA
3140;3518701.0;Guarujá;Baixada Santista;False;AMARELA
3141;3530805.0;Mogi Mirim;São João da Boa Vista;False;IGNORADO
3142;3550308.0;São Paulo;Município de São Paulo;False;PARDA
3143;3503307.0;Araras;Piracicaba;False;IGNORADO
3144;3550308.0;São Paulo;Município de São Paulo;False;IGNORADO
3145;3550308.0;São Paulo;Município de São Paulo;False;PARDA
3146;3503802.0;Artur Nogueira;Campinas;False;IGNORADO
3147;3529302.0;Matão;Araraquara;False;PARDA
3148;3526902.0;Limeira;Piracicaba;False;BRANCA
3149;3550308.0;São Paulo;Município de São Paulo;False;BRANCA
3150;3548500.0;Santos;Baixada Santista;False;BRANCA
3151;3548708.0;São Bernardo do Campo;Grande SP Sudeste;False;BRANCA
3152;3522109.0;Itanhaém;Baixada Santista;False;BRANCA
3153;3550308.0;São Paulo;Município de São Paulo;False;BRANCA
3154;3548708.0;São Bernardo do Campo;Grande SP Sudeste;False;PRETA
3155;3550308.0;São Paulo;Município de São Paulo;False;BRANCA
3156;3518701.0;Guarujá;Baixada Santista;False;BRANCA
3157;3538709.0;Piracicaba;Piracicaba;False;BRANCA
3158;3542602.0;Registro;Registro;False;BRANCA
3159;3550308.0;São Paulo;Município de São Paulo;False;AMARELA
3160;3554003.0;Tatuí;Sorocaba;False;BRANCA
3161;3526803.0;Lençóis Paulista;Bauru;False;BRANCA
3162;3536505.0;Paulínia;Campinas;False;AMARELA
3163;3518800.0;Guarulhos;Grande SP Leste;False;PARDA
3164;3520400.0;Ilhabela;Taubaté;False;IGNORADO
3165;3522604.0;Itapira;São João da Boa Vista;False;PRETA
3166;3522604.0;Itapira;São João da Boa Vista;False;BRANCA
3167;3548500.0;Santos;Baixada Santista;False;AMARELA
3168;3550308.0;São Paulo;Município de São Paulo;True;PARDA
3169;3549904.0;São José dos Campos;Taubaté;False;BRANCA
3170;3550308.0;São Paulo;Município de São Paulo;False;BRANCA
3171;3513504.0;Cubatão;Baixada Santista;False;IGNORADO
3172;3518800.0;Guarulhos;Grande SP Leste;False;IGNORADO
3173;3537602.0;Peruíbe;Baixada Santista;False;BRANCA
3174;3548807.0;São Caetano do Sul;Grande SP Sudeste;False;IGNORADO
3175;3513801.0;Diadema;Grande SP Sudeste;False;BRANCA
3176;3547304.0;Santana de Parnaíba;Grande SP Oeste;False;BRANCA
3177;3541000.0;Praia Grande;Baixada Santista;False;PARDA
3178;3550308.0;São Paulo;Município de São Paulo;False;PRETA
3179;3513504.0;Cubatão;Baixada Santista;False;PARDA
3180;3509007.0;Caieiras;Grande SP Norte;False;PARDA
3181;3505708.0;Barueri;Grande SP Oeste;False;PARDA
3182;3523107.0;Itaquaquecetuba;Grande SP Leste;False;PARDA
3183;3518800.0;Guarulhos;Grande SP Leste;False;
3184;3544004.0;Rio das Pedras;Piracicaba;False;BRANCA
3185;3550308.0;São Paulo;Município de São Paulo;False;BRANCA
3186;3548500.0;Santos;Baixada Santista;False;IGNORADO
3187;3550308.0;São Paulo;Município de São Paulo;False;IGNORADO
3188;3550308.0;São Paulo;Município de São Paulo;False;PARDA
3189;3505708.0;Barueri;Grande SP Oeste;False;PRETA
3190;3506508.0;Birigui;Araçatuba;False;BRANCA
3191;3513009.0;Cotia;Grande SP Sudoeste;False;BRANCA
3192;3534708.0;Ourinhos;Marília;False;BRANCA
3193;3543402.0;Ribeirão Preto;Ribeirão Preto;False;BRANCA
3194;3550308.0;São Paulo;Município de São Paulo;False;PARDA
3195;3550308.0;São Paulo;Município de São Paulo;False;BRANCA
3196;3550308.0;São Paulo;Município de São Paulo;False;BRANCA
3197;3510609.0;Carapicuíba;Grande SP Oeste;False;PARDA
3198;3550308.0;São Paulo;Município de São Paulo;False;PARDA
3199;3550308.0;São Paulo;Município de São Paulo;False;
3200;3518800.0;Guarulhos;Grande SP Leste;False;
3201;3547304.0;Santana de Parnaíba;Grande SP Oeste;False;
3202;3534401.0;Osasco;Grande SP Oeste;False;BRANCA
3203;3550308.0;São Paulo;Município de São Paulo;False;PARDA
3204;3550308.0;São Paulo;Município de São Paulo;False;PARDA
3205;3550308.0;São Paulo;Município de São Paulo;False;BRANCA
3206;3548500.0;Santos;Baixada Santista;False;BRANCA
3207;3551702.0;Sertãozinho;Ribeirão Preto;False;AMARELA
3208;3548500.0;Santos;Baixada Santista;False;PARDA
3209;3552502.0;Suzano;Grande SP Leste;False;BRANCA
3210;3550308.0;São Paulo;Município de São Paulo;False;BRANCA
3211;3518800.0;Guarulhos;Grande SP Leste;False;PARDA
3212;3524402.0;Jacareí;Taubaté;False;PARDA
3213;3548708.0;São Bernardo do Campo;Grande SP Sudeste;False;BRANCA
3214;3530607.0;Mogi das Cruzes;Grande SP Leste;False;PARDA
3215;3509502.0;Campinas;Campinas;False;AMARELA
3216;3538709.0;Piracicaba;Piracicaba;False;BRANCA
3217;3547809.0;Santo André;Grande SP Sudeste;False;BRANCA
3218;3550308.0;São Paulo;Município de São Paulo;False;AMARELA
3219;3507001.0;Boituva;Sorocaba;False;BRANCA
3220;3548500.0;Santos;Baixada Santista;False;PARDA
3221;3551009.0;São Vicente;Baixada Santista;False;PARDA
3222;3506003.0;Bauru;Bauru;False;IGNORADO
3223;3550308.0;São Paulo;Município de São Paulo;False;IGNORADO
