2199;3547809.0;Santo André;Grande SP Sudeste;False;IGNORADO
2200;3549904.0;São José dos Campos;Taubaté;False;BRANCA
2201;3554102.0;Taubaté;Taubaté;False;BRANCA
2202;3529005.0;Marília;Marília;False;IGNORADO
2203;3550308.0;São Paulo;Município de São Paulo;False;PARDA
2204;3513801.0;Diadema;Grande SP Sudeste;False;BRANCA
2205;3550308.0;São Paulo;Município de São Paulo;False;PARDA
2206;3530607.0;Mogi das Cruzes;Grande SP Leste;False;IGNORADO
2207;3501608.0;Americana;Campinas;False;IGNORADO
2208;3550308.0;São Paulo;Município de São Paulo;False;BRANCA
2209;3548708.0;São Bernardo do Campo;Grande SP Sudeste;False;PARDA
2210;3550308.0;São Paulo;Município de São Paulo;False;BRANCA
2211;3550308.0;São Paulo;Município de São Paulo;False;BRANCA
2212;3505500.0;Barretos;Barretos;False;PRETA
2213;3548708.0;São Bernardo do Campo;Grande SP Sudeste;False;BRANCA
2214;3509502.0;Campinas;Campinas;False;IGNORADO
2215;3550308.0;São Paulo;Município de São Paulo;False;BRANCA
2216;3550308.0;São Paulo;Município de São Paulo;False;BRANCA
2217;3516408.0;Franco da Rocha;Grande SP Norte;False;NONE
2218;3508504.0;Caçapava;Taubaté;False;AMARELA
2219;3548500.0;Santos;Baixada Santista;False;BRANCA
2220;3517406.0;Guaíra;Barretos;False;PARDA
2221;3550308.0;São Paulo;Município de São Paulo;False;
2222;3550308.0;São Paulo;Município de São Paulo;False;BRANCA
2223;3516200.0;Franca;Franca;False;PRETA
2224;3503208.0;Araraquara;Araraquara;False;BRANCA
2225;3533908.0;Olímpia;Barretos;False;BRANCA
2226;3530607.0;Mogi das Cruzes;Grande SP Leste;False;IGNORADO
2227;3516309.0;Francisco Morato;Grande SP Norte;False;PARDA
2228;3522604.0;Itapira;São João da Boa Vista;False;PARDA
2229;3552205.0;Sorocaba;Sorocaba;False;PRETA
2230;3507605.0;Bragança Paulista;Campinas;False;BRANCA
2231;3555604.0;Uchoa;São José do Rio Preto;False;BRANCA
2232;3550308.0;São Paulo;Município de São Paulo;False;IGNORADO
2233;3533908.0;Olímpia;Barretos;False;IGNORADO
2234;3549805.0;São José do Rio Preto;São José do Rio Preto;False;BRANCA
2235;3550308.0;São Paulo;Município de São Paulo;False;BRANCA
2236;3505807.0;Bastos;Marília;False;BRANCA
2237;3557006.0;Votorantim;Sorocaba;False;BRANCA
2238;3543402.0;Ribeirão Preto;Ribeirão Preto;False;IGNORADO
2239;3510609.0;Carapicuíba;Grande SP Oeste;False;PARDA
2240;3550308.0;São Paulo;Município de São Paulo;False;PARDA
2241;3550308.0;São Paulo;Município de São Paulo;False;PRETA
2242;3550308.0;São Paulo;Município de São Paulo;False;IGNORADO
2243;3510609.0;Carapicuíba;Grande SP Oeste;False;BRANCA
2244;3510609.0;Carapicuíba;Grande SP Oeste;False;IGNORADO
2245;3534401.0;Osasco;Grande SP Oeste;False;
2246;3534401.0;Osasco;Grande SP Oeste;False;BRANCA
2247;3503802.0;Artur Nogueira;Campinas;False;BRANCA
2248;3538709.0;Piracicaba;Piracicaba;False;BRANCA
2249;3507605.0;Bragança Paulista;Campinas;False;BRANCA
2250;3533908.0;Olímpia;Barretos;False;BRANCA
2251;3550308.0;São Paulo;Município de São Paulo;False;PRETA
2252;3551702.0;Sertãozinho;Ribeirão Preto;False;AMARELA
2253;3549805.0;São José do Rio Preto;São José do Rio Preto;False;IGNORADO
2254;3513108.0;Cravinhos;Ribeirão Preto;False;BRANCA
2255;3524402.0;Jacareí;Taubaté;False;AMARELA
2256;3556305.0;Valparaíso;Araçatuba;False;AMARELA
2257;3543402.0;Ribeirão Preto;Ribeirão Preto;False;PARDA
2258;3509502.0;Campinas;Campinas;False;PARDA
2259;3549904.0;São José dos Campos;Taubaté;False;PARDA
2260;3541901.0;Queluz;Taubaté;False;BRANCA
2261;3548500.0;Santos;Baixada Santista;False;PARDA
2262;3549805.0;São José do Rio Preto;São José do Rio Preto;False;BRANCA
2263;3550704.0;São Sebastião;Taubaté;False;PARDA
2264;3526803.0;Lençóis Paulista;Bauru;False;BRANCA
2265;3506003.0;Bauru;Bauru;False;BRANCA
2266;3515152.0;Engenheiro Coelho;Piracicaba;False;PARDA
2267;3506003.0;Bauru;Bauru;False;BRANCA
2268;3547908.0;Santo Antônio da Alegria;Ribeirão Preto;False;BRANCA
2269;3531902.0;Morro Agudo;Franca;False;BRANCA
2270;3503307.0;Araras;Piracicaba;False;BRANCA
2271;3533908.0;Olímpia;Barretos;False;BRANCA
2272;3550308.0;São Paulo;Município de São Paulo;False;IGNORADO
2273;3556206.0;Valinhos;Campinas;False;BRANCA
2274;3540705.0;Porto Ferreira;Araraquara;False;BRANCA
2275;3549805.0;São José do Rio Preto;São José do Rio Preto;False;IGNORADO
2276;3540200.0;Pontal;Ribeirão Preto;False;PARDA
2277;3521002.0;Iperó;Sorocaba;False;BRANCA
2278;3550308.0;São Paulo;Município de São Paulo;False;NONE
2279;3550308.0;São Paulo;Município de São Paulo;False;BRANCA
2280;3515707.0;Ferraz de Vasconcelos;Grande SP Leste;False;BRANCA
2281;3534401.0;Osasco;Grande SP Oeste;False;PARDA
2282;3556305.0;Valparaíso;Araçatuba;False;AMARELA
2283;3516002.0;Flórida Paulista;Marília;False;BRANCA
2284;3505500.0;Barretos;Barretos;False;BRANCA
2285;3519071.0;Hortolândia;Campinas;False;AMARELA
2286;3539301.0;Pirassununga;Piracicaba;False;BRANCA
2287;3506003.0;Bauru;Bauru;False;BRANCA
2288;3509502.0;Campinas;Campinas;False;BRANCA
2289;3522307.0;Itapetininga;Sorocaba;False;BRANCA
2290;3534401.0;Osasco;Grande SP Oeste;False;PARDA
2291;3548708.0;São Bernardo do Campo;Grande SP Sudeste;False;IGNORADO
2292;3525904.0;Jundiaí;Campinas;False;BRANCA
2293;3550308.0;São Paulo;Município de São Paulo;False;BRANCA
2294;3548807.0;São Caetano do Sul;Grande SP Sudeste;False;BRANCA
2295;3550308.0;São Paulo;Município de São Paulo;False;INDIGENA
2296;3543402.0;Ribeirão Preto;Ribeirão Preto;True;BRANCA
2297;3516309.0;Francisco Morato;Grande SP Norte;False;PARDA
2298;3526704.0;Leme;Piracicaba;False;BRANCA
2299;3520509.0;Indaiatuba;Campinas;False;BRANCA
2300;3549904.0;São José dos Campos;Taubaté;False;BRANCA
2301;3552502.0;Suzano;Grande SP Leste;False;BRANCA
2302;3553302.0;Tambaú;São João da Boa Vista;False;PARDA
2303;;;;False;
2304;3557105.0;Votuporanga;São José do Rio Preto;False;BRANCA
2305;3550308.0;São Paulo;Município de São Paulo;False;BRANCA
2306;3539509.0;Pitangueiras;Ribeirão Preto;False;BRANCA
2307;3551603.0;Serra Negra;Campinas;False;IGNORADO
2308;3550308.0;São Paulo;Município de São Paulo;False;BRANCA
2309;3550308.0;São Paulo;Município de São Paulo;False;BRANCA
2310;3534708.0;Ourinhos;Marília;False;BRANCA
2311;3529302.0;Matão;Araraquara;False;BRANCA
2312;3547809.0;Santo André;Grande SP Sudeste;False;IGNORADO
2313;3538006.0;Pindamonhangaba;Taubaté;False;
2314;3505104.0;Barbosa;Araçatuba;False;BRANCA
2315;3503802.0;Artur Nogueira;Campinas;False;AMARELA
2316;3518404.0;Guaratinguetá;Taubaté;False;BRANCA
2317;3526902.0;Limeira;Piracicaba;False;BRANCA
2318;3518800.0;Guarulhos;Grande SP Leste;False;BRANCA
2319;3550308.0;São Paulo;Município de São Paulo;False;BRANCA
2320;3550308.0;São Paulo;Município de São Paulo;False;BRANCA
2321;3509502.0;Campinas;Campinas;False;BRANCA
2322;3550308.0;São Paulo;Município de São Paulo;False;IGNORADO
2323;3525904.0;Jundiaí;Campinas;False;PARDA
2324;3541000.0;Praia Grande;Baixada Santista;False;PARDA
2325;3550308.0;São Paulo;Município de São Paulo;False;BRANCA
2326;3516002.0;Flórida Paulista;Marília;False;BRANCA
2327;3509502.0;Campinas;Campinas;False;BRANCA
2328;3506003.0;Bauru;Bauru;False;BRANCA
2329;3525904.0;Jundiaí;Campinas;False;BRANCA
2330;3514809.0;Eldorado;Registro;False;PARDA
2331;3541406.0;Presidente Prudente;Presidente Prudente;False;IGNORADO
2332;3538709.0;Piracicaba;Piracicaba;False;BRANCA
2333;3550308.0;São Paulo;Município de São Paulo;False;NONE
2334;3549805.0;São José do Rio Preto;São José do Rio Preto;False;BRANCA
2335;3554904.0;Três Fronteiras;São José do Rio Preto;False;BRANCA
2336;3501608.0;Americana;Campinas;False;BRANCA
2337;3550308.0;São Paulo;Município de São Paulo;False;NONE
2338;3552205.0;Sorocaba;Sorocaba;False;BRANCA
2339;3518800.0;Guarulhos;Grande SP Leste;False;
2340;3550308.0;São Paulo;Município de São Paulo;False;BRANCA
2341;3550308.0;São Paulo;Município de São Paulo;False;PARDA
2342;3510609.0;Carapicuíba;Grande SP Oeste;False;PARDA
2343;3544103.0;Rio Grande da Serra;Grande SP Sudeste;False;NONE
2344;3501608.0;Americana;Campinas;False;BRANCA
2345;3526902.0;Limeira;Piracicaba;False;
2346;3547809.0;Santo André;Grande SP Sudeste;False;NONE
2347;3550308.0;São Paulo;Município de São Paulo;False;BRANCA
