5239;3511102.0;Catanduva;São José do Rio Preto;False;BRANCA
5240;3550308.0;São Paulo;Município de São Paulo;False;PRETA
5241;3513504.0;Cubatão;Baixada Santista;False;PARDA
5242;3549904.0;São José dos Campos;Taubaté;False;AMARELA
5243;3533304.0;Nova Luzitânia;Araçatuba;False;PARDA
5244;3521408.0;Iracemápolis;Piracicaba;False;AMARELA
5245;3524808.0;Jales;São José do Rio Preto;False;BRANCA
5246;3544004.0;Rio das Pedras;Piracicaba;False;BRANCA
5247;3548708.0;São Bernardo do Campo;Grande SP Sudeste;False;IGNORADO
5248;3545803.0;Santa Bárbara d'Oeste;Campinas;False;BRANCA
5249;3518800.0;Guarulhos;Grande SP Leste;False;PARDA
5250;3551009.0;São Vicente;Baixada Santista;False;BRANCA
5251;3552502.0;Suzano;Grande SP Leste;False;IGNORADO
5252;3556354.0;Vargem;Campinas;False;BRANCA
5253;3543907.0;Rio Claro;Piracicaba;False;BRANCA
5254;3509502.0;Campinas;Campinas;False;BRANCA
5255;3537404.0;Pereira Barreto;Araçatuba;False;PARDA
5256;3522505.0;Itapevi;Grande SP Oeste;False;NONE
5257;3503802.0;Artur Nogueira;Campinas;False;AMARELA
5258;3502804.0;Araçatuba;Araçatuba;False;BRANCA
5259;3550308.0;São Paulo;Município de São Paulo;False;NONE
5260;3550308.0;São Paulo;Município de São Paulo;False;BRANCA
5261;3526902.0;Limeira;Piracicaba;False;PARDA
5262;3550308.0;São Paulo;Município de São Paulo;False;NONE
5263;3552205.0;Sorocaba;Sorocaba;False;PRETA
5264;3518800.0;Guarulhos;Grande SP Leste;False;PARDA
5265;3552403.0;Sumaré;Campinas;True;BRANCA
5266;3518701.0;Guarujá;Baixada Santista;False;PARDA
5267;3506508.0;Birigui;Araçatuba;False;BRANCA
5268;3550308.0;São Paulo;Município de São Paulo;False;IGNORADO
5269;3509502.0;Campinas;Campinas;False;IGNORADO
5270;3550308.0;São Paulo;Município de São Paulo;False;NONE
5271;3515004.0;Embu das Artes;Grande SP Sudoeste;False;PARDA
5272;3550308.0;São Paulo;Município de São Paulo;False;IGNORADO
5273;3502507.0;Aparecida;Taubaté;False;BRANCA
5274;3550308.0;São Paulo;Município de São Paulo;False;NONE
5275;3551009.0;São Vicente;Baixada Santista;False;PARDA
5276;3550308.0;São Paulo;Município de São Paulo;False;BRANCA
5277;3506607.0;Biritiba Mirim;Grande SP Leste;True;PARDA
5278;3556206.0;Valinhos;Campinas;False;NONE
5279;3549805.0;São José do Rio Preto;São José do Rio Preto;False;BRANCA
5280;3509502.0;Campinas;Campinas;True;BRANCA
5281;3551900.0;Severínia;Barretos;False;BRANCA
5282;3543303.0;Ribeirão Pires;Grande SP Sudeste;False;IGNORADO
5283;3550308.0;São Paulo;Município de São Paulo;True;PARDA
5284;3547809.0;Santo André;Grande SP Sudeste;True;BRANCA
5285;3509502.0;Campinas;Campinas;True;BRANCA
5286;3549904.0;São José dos Campos;Taubaté;False;BRANCA
5287;3550308.0;São Paulo;Município de São Paulo;False;BRANCA
5288;3550308.0;São Paulo;Município de São Paulo;False;BRANCA
5289;3550308.0;São Paulo;Município de São Paulo;False;BRANCA
5290;3537305.0;Penápolis;Araçatuba;False;BRANCA
5291;3550308.0;São Paulo;Município de São Paulo;False;BRANCA
5292;3538709.0;Piracicaba;Piracicaba;False;IGNORADO
5293;3506359.0;Bertioga;Baixada Santista;False;IGNORADO
5294;3518503.0;Guareí;Sorocaba;False;BRANCA
5295;3543402.0;Ribeirão Preto;Ribeirão Preto;False;BRANCA
5296;3528502.0;Mairiporã;Grande SP Norte;False;PARDA
5297;3541604.0;Promissão;Bauru;False;BRANCA
5298;3550308.0;São Paulo;Município de São Paulo;False;BRANCA
5299;3550308.0;São Paulo;Município de São Paulo;False;BRANCA
5300;3549805.0;São José do Rio Preto;São José do Rio Preto;False;BRANCA
5301;3549805.0;São José do Rio Preto;São José do Rio Preto;False;PARDA
5302;3550704.0;São Sebastião;Taubaté;False;AMARELA
5303;3537800.0;Piedade;Sorocaba;False;IGNORADO
5304;3550308.0;São Paulo;Município de São Paulo;False;IGNORADO
5305;3549805.0;São José do Rio Preto;São José do Rio Preto;False;BRANCA
5306;3549805.0;São José do Rio Preto;São José do Rio Preto;False;BRANCA
5307;3505104.0;Barbosa;Araçatuba;False;BRANCA
5308;3550308.0;São Paulo;Município de São Paulo;False;NONE
5309;3530300.0;Mirassol;São José do Rio Preto;False;BRANCA
5310;3550308.0;São Paulo;Município de São Paulo;False;BRANCA
5311;3550308.0;São Paulo;Município de São Paulo;False;BRANCA
5312;3550308.0;São Paulo;Município de São Paulo;False;BRANCA
5313;3549805.0;São José do Rio Preto;São José do Rio Preto;False;BRANCA
5314;3550308.0;São Paulo;Município de São Paulo;False;BRANCA
5315;3541406.0;Presidente Prudente;Presidente Prudente;False;BRANCA
5316;3548708.0;São Bernardo do Campo;Grande SP Sudeste;False;NONE
5317;3540200.0;Pontal;Ribeirão Preto;False;BRANCA
5318;3552809.0;Taboão da Serra;Grande SP Sudoeste;False;IGNORADO
5319;3533502.0;Novo Horizonte;São José do Rio Preto;False;BRANCA
5320;3502903.0;Araçoiaba da Serra;Sorocaba;False;BRANCA
5321;3550308.0;São Paulo;Município de São Paulo;False;BRANCA
5322;3513801.0;Diadema;Grande SP Sudeste;True;NONE
5323;3550308.0;São Paulo;Município de São Paulo;False;PARDA
5324;3519071.0;Hortolândia;Campinas;False;IGNORADO
5325;3546702.0;Santa Gertrudes;Piracicaba;False;BRANCA
5326;3506003.0;Bauru;Bauru;False;IGNORADO
5327;3509502.0;Campinas;Campinas;False;PARDA
5328;3550308.0;São Paulo;Município de São Paulo;False;NONE
5329;3554003.0;Tatuí;Sorocaba;False;BRANCA
5330;3550308.0;São Paulo;Município de São Paulo;False;PARDA
5331;3550308.0;São Paulo;Município de São Paulo;False;IGNORADO
5332;3503604.0;Areiópolis;Bauru;False;PARDA
5333;3550308.0;São Paulo;Município de São Paulo;False;BRANCA
5334;3507803.0;Brodowski;Ribeirão Preto;False;BRANCA
5335;3548500.0;Santos;Baixada Santista;False;IGNORADO
5336;3525300.0;Jaú;Bauru;False;NONE
5337;3538709.0;Piracicaba;Piracicaba;False;BRANCA
5338;3550308.0;São Paulo;Município de São Paulo;True;BRANCA
5339;3506508.0;Birigui;Araçatuba;False;BRANCA
5340;3525904.0;Jundiaí;Campinas;False;IGNORADO
5341;3550308.0;São Paulo;Município de São Paulo;False;BRANCA
5342;3552809.0;Taboão da Serra;Grande SP Sudoeste;False;BRANCA
5343;3503307.0;Araras;Piracicaba;False;PARDA
5344;3543907.0;Rio Claro;Piracicaba;False;BRANCA
5345;3510401.0;Capivari;Piracicaba;False;BRANCA
5346;3539301.0;Pirassununga;Piracicaba;False;BRANCA
5347;3548708.0;São Bernardo do Campo;Grande SP Sudeste;False;IGNORADO
5348;3550308.0;São Paulo;Município de São Paulo;False;PARDA
5349;3541406.0;Presidente Prudente;Presidente Prudente;False;BRANCA
5350;3550308.0;São Paulo;Município de São Paulo;False;BRANCA
5351;3540705.0;Porto Ferreira;Araraquara;False;AMARELA
5352;3550308.0;São Paulo;Município de São Paulo;False;NONE
5353;3523909.0;Itu;Sorocaba;False;BRANCA
5354;3502606.0;Aparecida d'Oeste;São José do Rio Preto;False;BRANCA
5355;3549904.0;São José dos Campos;Taubaté;False;IGNORADO
5356;3534757.0;Ouroeste;São José do Rio Preto;False;BRANCA
5357;3524006.0;Itupeva;Campinas;False;PARDA
5358;3550308.0;São Paulo;Município de São Paulo;False;
5359;3550308.0;São Paulo;Município de São Paulo;False;BRANCA
5360;3552205.0;Sorocaba;Sorocaba;False;BRANCA
5361;3538709.0;Piracicaba;Piracicaba;False;PARDA
5362;3515152.0;Engenheiro Coelho;Piracicaba;False;PARDA
5363;3550308.0;São Paulo;Município de São Paulo;False;BRANCA
5364;3509502.0;Campinas;Campinas;False;BRANCA
5365;3527207.0;Lorena;Taubaté;False;BRANCA
5366;3550308.0;São Paulo;Município de São Paulo;False;IGNORADO
5367;3525904.0;Jundiaí;Campinas;False;BRANCA
5368;3550308.0;São Paulo;Município de São Paulo;False;PARDA
5369;3508504.0;Caçapava;Taubaté;False;BRANCA
5370;3518800.0;Guarulhos;Grande SP Leste;False;BRANCA
5371;3550308.0;São Paulo;Município de São Paulo;False;PARDA
5372;3534401.0;Osasco;Grande SP Oeste;False;BRANCA
5373;3550308.0;São Paulo;Município de São Paulo;False;PARDA
5374;3549904.0;São José dos Campos;Taubaté;False;BRANCA
5375;3550308.0;São Paulo;Município de São Paulo;False;NONE
5376;3548708.0;São Bernardo do Campo;Grande SP Sudeste;False;PARDA
5377;3551009.0;São Vicente;Baixada Santista;False;IGNORADO
5378;3550308.0;São Paulo;Município de São Paulo;False;BRANCA
5379;3552502.0;Suzano;Grande SP Leste;False;BRANCA
5380;3550308.0;São Paulo;Município de São Paulo;False;BRANCA
5381;3510609.0;Carapicuíba;Grande SP Oeste;False;IGNORADO
5382;3550308.0;São Paulo;Município de São Paulo;False;BRANCA
