42204;3550308.0;São Paulo;Município de São Paulo;False;IGNORADO
42205;3550308.0;São Paulo;Município de São Paulo;False;BRANCA
42206;3509502.0;Campinas;Campinas;False;PARDA
42207;3507001.0;Boituva;Sorocaba;False;BRANCA
42208;3505500.0;Barretos;Barretos;False;PARDA
42209;3514601.0;Dumont;Ribeirão Preto;False;BRANCA
42210;3551702.0;Sertãozinho;Ribeirão Preto;False;BRANCA
42211;3528205.0;Macedônia;São José do Rio Preto;False;BRANCA
42212;3550308.0;São Paulo;Município de São Paulo;False;IGNORADO
42213;3550308.0;São Paulo;Município de São Paulo;False;PARDA
42214;3515509.0;Fernandópolis;São José do Rio Preto;False;BRANCA
42215;3538600.0;Piracaia;Campinas;False;PARDA
42216;3518800.0;Guarulhos;Grande SP Leste;False;PARDA
42217;3549805.0;São José do Rio Preto;São José do Rio Preto;False;BRANCA
42218;3550308.0;São Paulo;Município de São Paulo;False;BRANCA
42219;3537305.0;Penápolis;Araçatuba;False;BRANCA
42220;3550308.0;São Paulo;Município de São Paulo;False;BRANCA
42221;3534401.0;Osasco;Grande SP Oeste;False;BRANCA
42222;3550308.0;São Paulo;Município de São Paulo;False;PARDA
42223;3505708.0;Barueri;Grande SP Oeste;False;PRETA
42224;3526803.0;Lençóis Paulista;Bauru;False;BRANCA
42225;3552205.0;Sorocaba;Sorocaba;False;BRANCA
42226;3550308.0;São Paulo;Município de São Paulo;False;PARDA
42227;3538709.0;Piracicaba;Piracicaba;False;BRANCA
42228;3504107.0;Atibaia;Campinas;False;BRANCA
42229;3526902.0;Limeira;Piracicaba;False;IGNORADO
42230;3509700.0;Campos do Jordão;Taubaté;False;BRANCA
42231;3550308.0;São Paulo;Município de São Paulo;False;PARDA
42232;3550308.0;São Paulo;Município de São Paulo;False;BRANCA
42233;3549904.0;São José dos Campos;Taubaté;False;IGNORADO
42234;3529500.0;Mendonça;São José do Rio Preto;False;BRANCA
42235;3522703.0;Itápolis;Araraquara;False;IGNORADO
42236;3527108.0;Lins;Bauru;False;PRETA
42237;3515707.0;Ferraz de Vasconcelos;Grande SP Leste;False;PARDA
42238;3507605.0;Bragança Paulista;Campinas;False;BRANCA
42239;3534401.0;Osasco;Grande SP Oeste;False;PARDA
42240;3545803.0;Santa Bárbara d'Oeste;Campinas;False;PARDA
42241;3547809.0;Santo André;Grande SP Sudeste;False;IGNORADO
42242;3528502.0;Mairiporã;Grande SP Norte;False;
42243;3528502.0;Mairiporã;Grande SP Norte;False;AMARELA
42244;3549805.0;São José do Rio Preto;São José do Rio Preto;False;BRANCA
42245;3549904.0;São José dos Campos;Taubaté;False;NONE
42246;3529807.0;Mineiros do Tietê;Bauru;False;BRANCA
42247;3541653.0;Quadra;Sorocaba;False;BRANCA
42248;3550308.0;São Paulo;Município de São Paulo;False;IGNORADO
42249;3550308.0;São Paulo;Município de São Paulo;False;BRANCA
42250;3520509.0;Indaiatuba;Campinas;False;BRANCA
42251;3518800.0;Guarulhos;Grande SP Leste;False;PARDA
42252;3550308.0;São Paulo;Município de São Paulo;False;BRANCA
42253;3509502.0;Campinas;Campinas;False;BRANCA
42254;3550100.0;São Manuel;Bauru;False;BRANCA
42255;3541000.0;Praia Grande;Baixada Santista;False;PARDA
42256;3552403.0;Sumaré;Campinas;False;PARDA
42257;3550308.0;São Paulo;Município de São Paulo;False;IGNORADO
42258;3529005.0;Marília;Marília;False;BRANCA
42259;3548500.0;Santos;Baixada Santista;False;AMARELA
42260;3549904.0;São José dos Campos;Taubaté;False;BRANCA
42261;3551900.0;Severínia;Barretos;False;AMARELA
42262;3548500.0;Santos;Baixada Santista;False;BRANCA
42263;3550308.0;São Paulo;Município de São Paulo;False;
42264;3551702.0;Sertãozinho;Ribeirão Preto;False;IGNORADO
42265;3526902.0;Limeira;Piracicaba;False;BRANCA
42266;3550308.0;São Paulo;Município de São Paulo;False;BRANCA
42267;3546801.0;Santa Isabel;Grande SP Leste;False;BRANCA
42268;3550308.0;São Paulo;Município de São Paulo;False;AMARELA
42269;3545209.0;Salto;Sorocaba;False;BRANCA
42270;3550308.0;São Paulo;Município de São Paulo;False;AMARELA
42271;3510609.0;Carapicuíba;Grande SP Oeste;False;BRANCA
42272;3530805.0;Mogi Mirim;São João da Boa Vista;False;BRANCA
42273;3533007.0;Nova Granada;São José do Rio Preto;True;BRANCA
42274;3525003.0;Jandira;Grande SP Oeste;False;PARDA
42275;3551009.0;São Vicente;Baixada Santista;False;PRETA
42276;3550308.0;São Paulo;Município de São Paulo;False;IGNORADO
42277;3518800.0;Guarulhos;Grande SP Leste;False;BRANCA
42278;3510609.0;Carapicuíba;Grande SP Oeste;False;BRANCA
42279;3550308.0;São Paulo;Município de São Paulo;False;PRETA
42280;3548500.0;Santos;Baixada Santista;False;PARDA
42281;3554102.0;Taubaté;Taubaté;False;PRETA
42282;3547809.0;Santo André;Grande SP Sudeste;False;IGNORADO
42283;3510500.0;Caraguatatuba;Taubaté;False;BRANCA
42284;3550308.0;São Paulo;Município de São Paulo;False;BRANCA
42285;3557105.0;Votuporanga;São José do Rio Preto;False;BRANCA
42286;3550308.0;São Paulo;Município de São Paulo;False;
42287;3530805.0;Mogi Mirim;São João da Boa Vista;False;PARDA
42288;3550308.0;São Paulo;Município de São Paulo;False;PARDA
42289;3551702.0;Sertãozinho;Ribeirão Preto;False;BRANCA
42290;3550308.0;São Paulo;Município de São Paulo;False;PARDA
42291;3552205.0;Sorocaba;Sorocaba;False;BRANCA
42292;3550308.0;São Paulo;Município de São Paulo;False;PARDA
42293;3525904.0;Jundiaí;Campinas;False;BRANCA
42294;3550308.0;São Paulo;Município de São Paulo;False;IGNORADO
42295;3513801.0;Diadema;Grande SP Sudeste;False;BRANCA
42296;3507605.0;Bragança Paulista;Campinas;False;NONE
42297;3550308.0;São Paulo;Município de São Paulo;False;PARDA
42298;3550308.0;São Paulo;Município de São Paulo;False;NONE
42299;3552205.0;Sorocaba;Sorocaba;False;NONE
42300;3534401.0;Osasco;Grande SP Oeste;False;PARDA
42301;3522406.0;Itapeva;Sorocaba;False;BRANCA
42302;3550308.0;São Paulo;Município de São Paulo;False;PRETA
42303;3526704.0;Leme;Piracicaba;False;BRANCA
42304;3550308.0;São Paulo;Município de São Paulo;False;BRANCA
42305;3555802.0;Urânia;São José do Rio Preto;False;BRANCA
42306;3509502.0;Campinas;Campinas;False;IGNORADO
42307;3550308.0;São Paulo;Município de São Paulo;False;
42308;3541000.0;Praia Grande;Baixada Santista;False;PARDA
42309;3518800.0;Guarulhos;Grande SP Leste;False;BRANCA
42310;3509502.0;Campinas;Campinas;False;BRANCA
42311;3552809.0;Taboão da Serra;Grande SP Sudoeste;False;IGNORADO
42312;3548708.0;São Bernardo do Campo;Grande SP Sudeste;False;PARDA
42313;3547304.0;Santana de Parnaíba;Grande SP Oeste;False;BRANCA
42314;3550308.0;São Paulo;Município de São Paulo;False;PARDA
42315;3550308.0;São Paulo;Município de São Paulo;False;BRANCA
42316;3550308.0;São Paulo;Município de São Paulo;False;NONE
42317;3554102.0;Taubaté;Taubaté;False;BRANCA
42318;3547809.0;Santo André;Grande SP Sudeste;False;IGNORADO
42319;3550308.0;São Paulo;Município de São Paulo;False;PARDA
42320;3550308.0;São Paulo;Município de São Paulo;False;IGNORADO
42321;3525904.0;Jundiaí;Campinas;False;PARDA
42322;3554003.0;Tatuí;Sorocaba;False;PARDA
42323;3505500.0;Barretos;Barretos;False;PRETA
42324;3551009.0;São Vicente;Baixada Santista;False;BRANCA
42325;3518800.0;Guarulhos;Grande SP Leste;False;NONE
42326;3536703.0;Pederneiras;Bauru;False;IGNORADO
42327;3549904.0;São José dos Campos;Taubaté;False;IGNORADO
42328;3541000.0;Praia Grande;Baixada Santista;False;PARDA
42329;3547809.0;Santo André;Grande SP Sudeste;False;BRANCA
42330;3509007.0;Caieiras;Grande SP Norte;False;BRANCA
42331;3550308.0;São Paulo;Município de São Paulo;False;NONE
42332;3509007.0;Caieiras;Grande SP Norte;False;IGNORADO
42333;3550308.0;São Paulo;Município de São Paulo;False;PRETA
42334;3545803.0;Santa Bárbara d'Oeste;Campinas;False;PARDA
42335;3550308.0;São Paulo;Município de São Paulo;False;BRANCA
42336;3550308.0;São Paulo;Município de São Paulo;True;BRANCA
42337;3549904.0;São José dos Campos;Taubaté;False;BRANCA
42338;3537800.0;Piedade;Sorocaba;False;BRANCA
42339;3552205.0;Sorocaba;Sorocaba;False;
42340;3550308.0;São Paulo;Município de São Paulo;False;NONE
42341;3551009.0;São Vicente;Baixada Santista;False;PARDA
42342;3524105.0;Ituverava;Franca;False;AMARELA
42343;3519709.0;Ibiúna;Sorocaba;False;IGNORADO
42344;3550308.0;São Paulo;Município de São Paulo;False;PARDA
42345;3550308.0;São Paulo;Município de São Paulo;False;PRETA
42346;3555000.0;Tupã;Marília;False;PRETA
42347;3512407.0;Cordeirópolis;Piracicaba;False;BRANCA
