22985;3550308.0;São Paulo;Município de São Paulo;False;BRANCA
22986;3550308.0;São Paulo;Município de São Paulo;False;IGNORADO
22987;3550308.0;São Paulo;Município de São Paulo;False;
22988;3550308.0;São Paulo;Município de São Paulo;False;IGNORADO
22989;3550308.0;São Paulo;Município de São Paulo;False;PARDA
22990;3550308.0;São Paulo;Município de São Paulo;False;BRANCA
22991;3515103.0;Embu-Guaçu;Grande SP Sudoeste;False;BRANCA
22992;3524402.0;Jacareí;Taubaté;False;BRANCA
22993;3550308.0;São Paulo;Município de São Paulo;False;IGNORADO
22994;3550308.0;São Paulo;Município de São Paulo;False;BRANCA
22995;3519600.0;Ibitinga;Araraquara;False;BRANCA
22996;3507605.0;Bragança Paulista;Campinas;False;BRANCA
22997;3548708.0;São Bernardo do Campo;Grande SP Sudeste;False;PRETA
22998;3554102.0;Taubaté;Taubaté;False;PARDA
22999;3547809.0;Santo André;Grande SP Sudeste;False;BRANCA
23000;3556206.0;Valinhos;Campinas;False;BRANCA
23001;3513801.0;Diadema;Grande SP Sudeste;False;PRETA
23002;3550308.0;São Paulo;Município de São Paulo;False;BRANCA
23003;3525904.0;Jundiaí;Campinas;False;BRANCA
23004;3550308.0;São Paulo;Município de São Paulo;False;BRANCA
23005;3502804.0;Araçatuba;Araçatuba;False;BRANCA
23006;3518800.0;Guarulhos;Grande SP Leste;False;IGNORADO
23007;3503208.0;Araraquara;Araraquara;False;BRANCA
23008;3549805.0;São José do Rio Preto;São José do Rio Preto;False;PARDA
23009;3519071.0;Hortolândia;Campinas;False;BRANCA
23010;3548708.0;São Bernardo do Campo;Grande SP Sudeste;False;IGNORADO
23011;3510500.0;Caraguatatuba;Taubaté;False;BRANCA
23012;3522505.0;Itapevi;Grande SP Oeste;False;BRANCA
23013;3539509.0;Pitangueiras;Ribeirão Preto;False;PARDA
23014;3555000.0;Tupã;Marília;False;BRANCA
23015;3550308.0;São Paulo;Município de São Paulo;False;PARDA
23016;3550308.0;São Paulo;Município de São Paulo;False;PARDA
23017;3549904.0;São José dos Campos;Taubaté;False;IGNORADO
23018;3518800.0;Guarulhos;Grande SP Leste;True;AMARELA
23019;3534401.0;Osasco;Grande SP Oeste;False;PARDA
23020;3536505.0;Paulínia;Campinas;True;BRANCA
23021;3513801.0;Diadema;Grande SP Sudeste;False;PARDA
23022;3512209.0;Conchal;Piracicaba;False;PARDA
23023;3548708.0;São Bernardo do Campo;Grande SP Sudeste;False;
23024;3513504.0;Cubatão;Baixada Santista;True;PARDA
23025;3526902.0;Limeira;Piracicaba;False;BRANCA
23026;3552403.0;Sumaré;Campinas;False;BRANCA
23027;3534401.0;Osasco;Grande SP Oeste;False;BRANCA
23028;3522208.0;Itapecerica da Serra;Grande SP Sudoeste;False;PARDA
23029;3550308.0;São Paulo;Município de São Paulo;False;BRANCA
23030;3552502.0;Suzano;Grande SP Leste;False;IGNORADO
23031;3550308.0;São Paulo;Município de São Paulo;False;PRETA
23032;3552205.0;Sorocaba;Sorocaba;False;NONE
23033;3550308.0;São Paulo;Município de São Paulo;False;BRANCA
23034;3549805.0;São José do Rio Preto;São José do Rio Preto;False;BRANCA
23035;3511102.0;Catanduva;São José do Rio Preto;False;BRANCA
23036;3550308.0;São Paulo;Município de São Paulo;False;NONE
23037;3550605.0;São Roque;Sorocaba;False;BRANCA
23038;3548708.0;São Bernardo do Campo;Grande SP Sudeste;False;PARDA
23039;3504701.0;Balbinos;Bauru;False;PARDA
23040;3550308.0;São Paulo;Município de São Paulo;False;NONE
23041;3545209.0;Salto;Sorocaba;False;BRANCA
23042;3550308.0;São Paulo;Município de São Paulo;False;NONE
23043;3550308.0;São Paulo;Município de São Paulo;False;PRETA
23044;3550308.0;São Paulo;Município de São Paulo;False;BRANCA
23045;3550308.0;São Paulo;Município de São Paulo;False;PARDA
23046;3522604.0;Itapira;São João da Boa Vista;True;BRANCA
23047;3545001.0;Salesópolis;Grande SP Leste;True;BRANCA
23048;3550308.0;São Paulo;Município de São Paulo;False;BRANCA
23049;3550308.0;São Paulo;Município de São Paulo;False;
23050;3548807.0;São Caetano do Sul;Grande SP Sudeste;False;BRANCA
23051;3503307.0;Araras;Piracicaba;False;PARDA
23052;3547809.0;Santo André;Grande SP Sudeste;False;BRANCA
23053;3519071.0;Hortolândia;Campinas;False;PARDA
23054;3550308.0;São Paulo;Município de São Paulo;False;PARDA
23055;3547809.0;Santo André;Grande SP Sudeste;False;NONE
23056;3520004.0;Igaraçu do Tietê;Bauru;False;PRETA
23057;3518800.0;Guarulhos;Grande SP Leste;False;BRANCA
23058;3550308.0;São Paulo;Município de São Paulo;False;BRANCA
23059;3509502.0;Campinas;Campinas;False;BRANCA
23060;3525904.0;Jundiaí;Campinas;False;BRANCA
23061;3550308.0;São Paulo;Município de São Paulo;False;PARDA
23062;3557105.0;Votuporanga;São José do Rio Preto;False;BRANCA
23063;3541406.0;Presidente Prudente;Presidente Prudente;False;BRANCA
23064;3550308.0;São Paulo;Município de São Paulo;False;PARDA
23065;3550308.0;São Paulo;Município de São Paulo;False;PRETA
23066;3550308.0;São Paulo;Município de São Paulo;True;NONE
23067;3550308.0;São Paulo;Município de São Paulo;False;PARDA
23068;3550308.0;São Paulo;Município de São Paulo;False;PARDA
23069;3550704.0;São Sebastião;Taubaté;False;INDIGENA
23070;3538709.0;Piracicaba;Piracicaba;False;BRANCA
23071;3548708.0;São Bernardo do Campo;Grande SP Sudeste;True;BRANCA
23072;3516408.0;Franco da Rocha;Grande SP Norte;False;BRANCA
23073;3555802.0;Urânia;São José do Rio Preto;False;BRANCA
23074;3509502.0;Campinas;Campinas;False;BRANCA
23075;3545803.0;Santa Bárbara d'Oeste;Campinas;True;BRANCA
23076;3505500.0;Barretos;Barretos;False;PARDA
23077;3550308.0;São Paulo;Município de São Paulo;False;BRANCA
23078;3509502.0;Campinas;Campinas;True;PARDA
23079;3547809.0;Santo André;Grande SP Sudeste;False;PARDA
23080;3549904.0;São José dos Campos;Taubaté;False;BRANCA
23081;3513702.0;Descalvado;Araraquara;False;BRANCA
23082;3549805.0;São José do Rio Preto;São José do Rio Preto;False;BRANCA
23083;3539301.0;Pirassununga;Piracicaba;False;BRANCA
23084;3510609.0;Carapicuíba;Grande SP Oeste;False;BRANCA
23085;3522109.0;Itanhaém;Baixada Santista;False;PARDA
23086;3541000.0;Praia Grande;Baixada Santista;False;PARDA
23087;3550308.0;São Paulo;Município de São Paulo;False;NONE
23088;3526100.0;Juquiá;Registro;False;PARDA
23089;3539509.0;Pitangueiras;Ribeirão Preto;False;BRANCA
23090;3550308.0;São Paulo;Município de São Paulo;False;
23091;3504107.0;Atibaia;Campinas;False;
23092;3549102.0;São João da Boa Vista;São João da Boa Vista;False;IGNORADO
23093;3504107.0;Atibaia;Campinas;False;BRANCA
23094;3518701.0;Guarujá;Baixada Santista;False;PARDA
23095;3514304.0;Dourado;Araraquara;False;BRANCA
23096;3550308.0;São Paulo;Município de São Paulo;False;IGNORADO
23097;3550308.0;São Paulo;Município de São Paulo;True;PARDA
23098;3548708.0;São Bernardo do Campo;Grande SP Sudeste;False;PARDA
23099;3550308.0;São Paulo;Município de São Paulo;False;BRANCA
23100;3518800.0;Guarulhos;Grande SP Leste;True;BRANCA
23101;3525904.0;Jundiaí;Campinas;False;BRANCA
23102;3550308.0;São Paulo;Município de São Paulo;False;BRANCA
23103;3549805.0;São José do Rio Preto;São José do Rio Preto;False;BRANCA
23104;3550308.0;São Paulo;Município de São Paulo;False;IGNORADO
23105;3550308.0;São Paulo;Município de São Paulo;False;PARDA
23106;3550308.0;São Paulo;Município de São Paulo;False;PARDA
23107;3543402.0;Ribeirão Preto;Ribeirão Preto;False;PARDA
23108;3550308.0;São Paulo;Município de São Paulo;False;BRANCA
23109;3526803.0;Lençóis Paulista;Bauru;False;PARDA
23110;3543303.0;Ribeirão Pires;Grande SP Sudeste;False;PARDA
23111;3513801.0;Diadema;Grande SP Sudeste;False;BRANCA
23112;3550308.0;São Paulo;Município de São Paulo;False;BRANCA
23113;3550308.0;São Paulo;Município de São Paulo;True;PARDA
23114;3548807.0;São Caetano do Sul;Grande SP Sudeste;True;BRANCA
23115;3520301.0;Iguape;Registro;False;BRANCA
23116;3550308.0;São Paulo;Município de São Paulo;False;IGNORADO
23117;3548708.0;São Bernardo do Campo;Grande SP Sudeste;False;BRANCA
23118;3550308.0;São Paulo;Município de São Paulo;False;IGNORADO
23119;3518800.0;Guarulhos;Grande SP Leste;False;BRANCA
23120;3516408.0;Franco da Rocha;Grande SP Norte;False;PARDA
23121;3550308.0;São Paulo;Município de São Paulo;False;IGNORADO
23122;3550308.0;São Paulo;Município de São Paulo;False;NONE
23123;3530904.0;Mombuca;Piracicaba;False;BRANCA
23124;3527108.0;Lins;Bauru;False;BRANCA
