32087;3548807.0;São Caetano do Sul;Grande SP Sudeste;False;IGNORADO
32088;3556701.0;Vinhedo;Campinas;False;BRANCA
32089;3519071.0;Hortolândia;Campinas;False;
32090;3550308.0;São Paulo;Município de São Paulo;False;PARDA
32091;3550308.0;São Paulo;Município de São Paulo;False;PARDA
32092;3550308.0;São Paulo;Município de São Paulo;False;BRANCA
32093;3536604.0;Paulo de Faria;São José do Rio Preto;False;BRANCA
32094;3549904.0;São José dos Campos;Taubaté;False;BRANCA
32095;3549805.0;São José do Rio Preto;São José do Rio Preto;False;BRANCA
32096;3549805.0;São José do Rio Preto;São José do Rio Preto;False;BRANCA
32097;3516200.0;Franca;Franca;False;IGNORADO
32098;3550308.0;São Paulo;Município de São Paulo;False;PARDA
32099;3548807.0;São Caetano do Sul;Grande SP Sudeste;False;NONE
32100;3548906.0;São Carlos;Araraquara;False;IGNORADO
32101;3509502.0;Campinas;Campinas;False;BRANCA
32102;3550308.0;São Paulo;Município de São Paulo;False;PRETA
32103;3529005.0;Marília;Marília;False;BRANCA
32104;3527306.0;Louveira;Campinas;False;BRANCA
32105;3545209.0;Salto;Sorocaba;False;BRANCA
32106;3550308.0;São Paulo;Município de São Paulo;False;BRANCA
32107;3525904.0;Jundiaí;Campinas;False;IGNORADO
32108;3508405.0;Cabreúva;Campinas;False;AMARELA
32109;3550308.0;São Paulo;Município de São Paulo;False;PARDA
32110;3550308.0;São Paulo;Município de São Paulo;False;BRANCA
32111;3519071.0;Hortolândia;Campinas;False;PARDA
32112;3550308.0;São Paulo;Município de São Paulo;False;NONE
32113;3508504.0;Caçapava;Taubaté;False;BRANCA
32114;3550308.0;São Paulo;Município de São Paulo;False;BRANCA
32115;3518701.0;Guarujá;Baixada Santista;False;PARDA
32116;3509205.0;Cajamar;Grande SP Norte;False;BRANCA
32117;3549904.0;São José dos Campos;Taubaté;False;PARDA
32118;3550308.0;São Paulo;Município de São Paulo;False;BRANCA
32119;3546306.0;Santa Cruz das Palmeiras;São João da Boa Vista;False;BRANCA
32120;3552809.0;Taboão da Serra;Grande SP Sudoeste;False;PARDA
32121;3550308.0;São Paulo;Município de São Paulo;False;BRANCA
32122;3548807.0;São Caetano do Sul;Grande SP Sudeste;False;AMARELA
32123;3550308.0;São Paulo;Município de São Paulo;False;BRANCA
32124;3534401.0;Osasco;Grande SP Oeste;False;BRANCA
32125;3550308.0;São Paulo;Município de São Paulo;False;BRANCA
32126;3547304.0;Santana de Parnaíba;Grande SP Oeste;False;IGNORADO
32127;3550308.0;São Paulo;Município de São Paulo;False;PARDA
32128;3501608.0;Americana;Campinas;False;BRANCA
32129;3550308.0;São Paulo;Município de São Paulo;False;
32130;3550308.0;São Paulo;Município de São Paulo;False;BRANCA
32131;3522505.0;Itapevi;Grande SP Oeste;False;PARDA
32132;3520509.0;Indaiatuba;Campinas;False;BRANCA
32133;3528106.0;Macaubal;São José do Rio Preto;False;PARDA
32134;3557204.0;Chavantes;Marília;False;PRETA
32135;3548500.0;Santos;Baixada Santista;False;IGNORADO
32136;3550308.0;São Paulo;Município de São Paulo;False;BRANCA
32137;3505708.0;Barueri;Grande SP Oeste;False;BRANCA
32138;3505708.0;Barueri;Grande SP Oeste;False;BRANCA
32139;3550308.0;São Paulo;Município de São Paulo;False;BRANCA
32140;3556503.0;Várzea Paulista;Campinas;False;BRANCA
32141;3529005.0;Marília;Marília;False;PARDA
32142;3550308.0;São Paulo;Município de São Paulo;False;AMARELA
32143;3515103.0;Embu-Guaçu;Grande SP Sudoeste;False;BRANCA
32144;3550308.0;São Paulo;Município de São Paulo;False;BRANCA
32145;3547809.0;Santo André;Grande SP Sudeste;False;BRANCA
32146;3551504.0;Serrana;Ribeirão Preto;False;BRANCA
32147;3547304.0;Santana de Parnaíba;Grande SP Oeste;False;BRANCA
32148;3550308.0;São Paulo;Município de São Paulo;False;PRETA
32149;3543402.0;Ribeirão Preto;Ribeirão Preto;False;IGNORADO
32150;3550308.0;São Paulo;Município de São Paulo;False;PARDA
32151;3550308.0;São Paulo;Município de São Paulo;False;AMARELA
32152;3550308.0;São Paulo;Município de São Paulo;False;PARDA
32153;3510609.0;Carapicuíba;Grande SP Oeste;False;IGNORADO
32154;3527108.0;Lins;Bauru;False;BRANCA
32155;3550308.0;São Paulo;Município de São Paulo;False;BRANCA
32156;3539301.0;Pirassununga;Piracicaba;False;
32157;3506508.0;Birigui;Araçatuba;False;IGNORADO
32158;3530805.0;Mogi Mirim;São João da Boa Vista;False;BRANCA
32159;3525706.0;José Bonifácio;São José do Rio Preto;False;BRANCA
32160;3506003.0;Bauru;Bauru;False;BRANCA
32161;3503307.0;Araras;Piracicaba;False;BRANCA
32162;3557105.0;Votuporanga;São José do Rio Preto;False;BRANCA
32163;3550308.0;São Paulo;Município de São Paulo;False;
32164;3504404.0;Avanhandava;Araçatuba;False;BRANCA
32165;3518800.0;Guarulhos;Grande SP Leste;False;BRANCA
32166;3550308.0;São Paulo;Município de São Paulo;False;BRANCA
32167;3543402.0;Ribeirão Preto;Ribeirão Preto;False;BRANCA
32168;3550308.0;São Paulo;Município de São Paulo;False;IGNORADO
32169;3503208.0;Araraquara;Araraquara;False;BRANCA
32170;3501608.0;Americana;Campinas;False;PARDA
32171;3505500.0;Barretos;Barretos;False;BRANCA
32172;3550308.0;São Paulo;Município de São Paulo;False;PARDA
32173;3554102.0;Taubaté;Taubaté;False;BRANCA
32174;3541000.0;Praia Grande;Baixada Santista;False;PARDA
32175;3550308.0;São Paulo;Município de São Paulo;False;IGNORADO
32176;3518800.0;Guarulhos;Grande SP Leste;False;BRANCA
32177;3550308.0;São Paulo;Município de São Paulo;False;BRANCA
32178;3533403.0;Nova Odessa;Campinas;False;BRANCA
32179;3552106.0;Socorro;Campinas;False;BRANCA
32180;3503802.0;Artur Nogueira;Campinas;False;AMARELA
32181;3525003.0;Jandira;Grande SP Oeste;False;BRANCA
32182;3534609.0;Osvaldo Cruz;Marília;False;BRANCA
32183;3550308.0;São Paulo;Município de São Paulo;False;IGNORADO
32184;3526902.0;Limeira;Piracicaba;False;BRANCA
32185;3502408.0;Anhumas;Presidente Prudente;False;PARDA
32186;3543402.0;Ribeirão Preto;Ribeirão Preto;False;BRANCA
32187;3554102.0;Taubaté;Taubaté;False;IGNORADO
32188;3550308.0;São Paulo;Município de São Paulo;False;BRANCA
32189;3550308.0;São Paulo;Município de São Paulo;False;IGNORADO
32190;3545803.0;Santa Bárbara d'Oeste;Campinas;False;BRANCA
32191;3550308.0;São Paulo;Município de São Paulo;False;PARDA
32192;3515004.0;Embu das Artes;Grande SP Sudoeste;False;PARDA
32193;3550308.0;São Paulo;Município de São Paulo;False;AMARELA
32194;3541406.0;Presidente Prudente;Presidente Prudente;False;BRANCA
32195;3537305.0;Penápolis;Araçatuba;False;BRANCA
32196;3555000.0;Tupã;Marília;False;BRANCA
32197;3540903.0;Pradópolis;Ribeirão Preto;False;IGNORADO
32198;3556206.0;Valinhos;Campinas;False;BRANCA
32199;3505302.0;Barra Bonita;Bauru;False;BRANCA
32200;3547809.0;Santo André;Grande SP Sudeste;False;PARDA
32201;3554102.0;Taubaté;Taubaté;False;BRANCA
32202;3549805.0;São José do Rio Preto;São José do Rio Preto;False;BRANCA
32203;3548708.0;São Bernardo do Campo;Grande SP Sudeste;False;AMARELA
32204;3552205.0;Sorocaba;Sorocaba;False;BRANCA
32205;3513009.0;Cotia;Grande SP Sudoeste;False;IGNORADO
32206;3548500.0;Santos;Baixada Santista;False;PARDA
32207;3550308.0;São Paulo;Município de São Paulo;False;AMARELA
32208;3549904.0;São José dos Campos;Taubaté;False;BRANCA
32209;3551702.0;Sertãozinho;Ribeirão Preto;False;BRANCA
32210;3548906.0;São Carlos;Araraquara;False;IGNORADO
32211;3518800.0;Guarulhos;Grande SP Leste;False;BRANCA
32212;3508108.0;Buritama;Araçatuba;False;BRANCA
32213;3549904.0;São José dos Campos;Taubaté;False;BRANCA
32214;3550308.0;São Paulo;Município de São Paulo;False;
32215;3530805.0;Mogi Mirim;São João da Boa Vista;False;BRANCA
32216;3543402.0;Ribeirão Preto;Ribeirão Preto;False;IGNORADO
32217;3541406.0;Presidente Prudente;Presidente Prudente;False;BRANCA
32218;3525508.0;Joanópolis;Campinas;False;BRANCA
32219;3534401.0;Osasco;Grande SP Oeste;False;PRETA
32220;3554102.0;Taubaté;Taubaté;False;BRANCA
32221;3550308.0;São Paulo;Município de São Paulo;False;PRETA
32222;3534708.0;Ourinhos;Marília;False;BRANCA
32223;3524808.0;Jales;São José do Rio Preto;False;BRANCA
32224;3550308.0;São Paulo;Município de São Paulo;False;BRANCA
32225;3548500.0;Santos;Baixada Santista;False;BRANCA
32226;3550308.0;São Paulo;Município de São Paulo;False;BRANCA
32227;3509502.0;Campinas;Campinas;False;NONE
32228;3518800.0;Guarulhos;Grande SP Leste;False;PARDA
