29861;3548500.0;Santos;Baixada Santista;False;PARDA
29862;3510708.0;Cardoso;São José do Rio Preto;False;PRETA
29863;3529401.0;Mauá;Grande SP Sudeste;False;
29864;3550308.0;São Paulo;Município de São Paulo;False;AMARELA
29865;3551009.0;São Vicente;Baixada Santista;False;NONE
29866;3510203.0;Capão Bonito;Sorocaba;True;BRANCA
29867;3550308.0;São Paulo;Município de São Paulo;False;IGNORADO
29868;3515186.0;Espírito Santo do Pinhal;São João da Boa Vista;False;PARDA
29869;3543402.0;Ribeirão Preto;Ribeirão Preto;False;PARDA
29870;3557006.0;Votorantim;Sorocaba;False;BRANCA
29871;3550308.0;São Paulo;Município de São Paulo;False;PARDA
29872;3552403.0;Sumaré;Campinas;False;BRANCA
29873;3503901.0;Arujá;Grande SP Leste;False;BRANCA
29874;3504503.0;Avaré;Bauru;False;IGNORADO
29875;3556404.0;Vargem Grande do Sul;São João da Boa Vista;False;BRANCA
29876;3533403.0;Nova Odessa;Campinas;False;IGNORADO
29877;3550308.0;São Paulo;Município de São Paulo;False;BRANCA
29878;3503307.0;Araras;Piracicaba;False;BRANCA
29879;3503307.0;Araras;Piracicaba;False;BRANCA
29880;3549904.0;São José dos Campos;Taubaté;False;BRANCA
29881;3548708.0;São Bernardo do Campo;Grande SP Sudeste;False;BRANCA
29882;3550308.0;São Paulo;Município de São Paulo;False;BRANCA
29883;3553708.0;Taquaritinga;Araraquara;False;BRANCA
29884;3534401.0;Osasco;Grande SP Oeste;False;BRANCA
29885;3505500.0;Barretos;Barretos;False;PRETA
29886;3548500.0;Santos;Baixada Santista;False;
29887;3509502.0;Campinas;Campinas;False;PARDA
29888;3547809.0;Santo André;Grande SP Sudeste;False;IGNORADO
29889;3516200.0;Franca;Franca;False;IGNORADO
29890;3522604.0;Itapira;São João da Boa Vista;False;BRANCA
29891;3506508.0;Birigui;Araçatuba;False;IGNORADO
29892;3530607.0;Mogi das Cruzes;Grande SP Leste;False;BRANCA
29893;3550308.0;São Paulo;Município de São Paulo;False;NONE
29894;3526902.0;Limeira;Piracicaba;False;PARDA
29895;3550308.0;São Paulo;Município de São Paulo;False;BRANCA
29896;3509502.0;Campinas;Campinas;False;IGNORADO
29897;3548807.0;São Caetano do Sul;Grande SP Sudeste;False;BRANCA
29898;3544608.0;Sabino;Bauru;False;BRANCA
29899;3501608.0;Americana;Campinas;False;BRANCA
29900;3557105.0;Votuporanga;São José do Rio Preto;False;BRANCA
29901;3550308.0;São Paulo;Município de São Paulo;False;
29902;3502804.0;Araçatuba;Araçatuba;False;BRANCA
29903;3504107.0;Atibaia;Campinas;False;PARDA
29904;;;;False;BRANCA
29905;3509502.0;Campinas;Campinas;False;BRANCA
29906;3522307.0;Itapetininga;Sorocaba;False;BRANCA
29907;3550308.0;São Paulo;Município de São Paulo;False;
29908;3550308.0;São Paulo;Município de São Paulo;False;PARDA
29909;3530706.0;Mogi Guaçu;São João da Boa Vista;False;BRANCA
29910;3543303.0;Ribeirão Pires;Grande SP Sudeste;False;PARDA
29911;3545803.0;Santa Bárbara d'Oeste;Campinas;False;PRETA
29912;3552205.0;Sorocaba;Sorocaba;False;PRETA
29913;3550308.0;São Paulo;Município de São Paulo;False;PARDA
29914;3509502.0;Campinas;Campinas;False;BRANCA
29915;3525904.0;Jundiaí;Campinas;False;IGNORADO
29916;3550308.0;São Paulo;Município de São Paulo;False;IGNORADO
29917;3545803.0;Santa Bárbara d'Oeste;Campinas;False;PARDA
29918;3548708.0;São Bernardo do Campo;Grande SP Sudeste;False;BRANCA
29919;3549904.0;São José dos Campos;Taubaté;False;BRANCA
29920;3550308.0;São Paulo;Município de São Paulo;False;BRANCA
29921;3519071.0;Hortolândia;Campinas;False;PARDA
29922;3555406.0;Ubatuba;Taubaté;False;BRANCA
29923;3513801.0;Diadema;Grande SP Sudeste;False;PARDA
29924;3550308.0;São Paulo;Município de São Paulo;False;BRANCA
29925;3549904.0;São José dos Campos;Taubaté;False;IGNORADO
29926;3502903.0;Araçoiaba da Serra;Sorocaba;False;IGNORADO
29927;3550308.0;São Paulo;Município de São Paulo;False;BRANCA
29928;3548500.0;Santos;Baixada Santista;False;BRANCA
29929;3549706.0;São José do Rio Pardo;São João da Boa Vista;False;BRANCA
29930;3550308.0;São Paulo;Município de São Paulo;False;PARDA
29931;3550308.0;São Paulo;Município de São Paulo;False;NONE
29932;3550308.0;São Paulo;Município de São Paulo;False;BRANCA
29933;3550407.0;São Pedro;Piracicaba;False;BRANCA
29934;3508405.0;Cabreúva;Campinas;False;PARDA
29935;3504107.0;Atibaia;Campinas;False;BRANCA
29936;3548708.0;São Bernardo do Campo;Grande SP Sudeste;False;BRANCA
29937;3537800.0;Piedade;Sorocaba;False;IGNORADO
29938;3543402.0;Ribeirão Preto;Ribeirão Preto;False;BRANCA
29939;3550308.0;São Paulo;Município de São Paulo;False;PARDA
29940;3550308.0;São Paulo;Município de São Paulo;False;PARDA
29941;3518800.0;Guarulhos;Grande SP Leste;False;BRANCA
29942;3550308.0;São Paulo;Município de São Paulo;False;PARDA
29943;3550308.0;São Paulo;Município de São Paulo;False;IGNORADO
29944;3549805.0;São José do Rio Preto;São José do Rio Preto;False;BRANCA
29945;3550308.0;São Paulo;Município de São Paulo;False;PARDA
29946;3543402.0;Ribeirão Preto;Ribeirão Preto;False;IGNORADO
29947;3550308.0;São Paulo;Município de São Paulo;False;IGNORADO
29948;3551009.0;São Vicente;Baixada Santista;False;IGNORADO
29949;3543402.0;Ribeirão Preto;Ribeirão Preto;False;IGNORADO
29950;3502804.0;Araçatuba;Araçatuba;False;BRANCA
29951;3549904.0;São José dos Campos;Taubaté;False;IGNORADO
29952;3550308.0;São Paulo;Município de São Paulo;False;BRANCA
29953;3552403.0;Sumaré;Campinas;False;IGNORADO
29954;3550308.0;São Paulo;Município de São Paulo;False;BRANCA
29955;3550308.0;São Paulo;Município de São Paulo;False;BRANCA
29956;3541406.0;Presidente Prudente;Presidente Prudente;False;PRETA
29957;3549805.0;São José do Rio Preto;São José do Rio Preto;True;BRANCA
29958;3507506.0;Botucatu;Bauru;False;BRANCA
29959;3529005.0;Marília;Marília;False;BRANCA
29960;3543402.0;Ribeirão Preto;Ribeirão Preto;False;PARDA
29961;3550308.0;São Paulo;Município de São Paulo;False;BRANCA
29962;3554102.0;Taubaté;Taubaté;False;BRANCA
29963;3554003.0;Tatuí;Sorocaba;False;BRANCA
29964;3548500.0;Santos;Baixada Santista;False;BRANCA
29965;3550308.0;São Paulo;Município de São Paulo;False;PARDA
29966;3554003.0;Tatuí;Sorocaba;False;AMARELA
29967;3518701.0;Guarujá;Baixada Santista;False;PARDA
29968;3548708.0;São Bernardo do Campo;Grande SP Sudeste;False;
29969;3526902.0;Limeira;Piracicaba;False;IGNORADO
29970;3550308.0;São Paulo;Município de São Paulo;False;PRETA
29971;3543907.0;Rio Claro;Piracicaba;False;BRANCA
29972;3530607.0;Mogi das Cruzes;Grande SP Leste;False;BRANCA
29973;3550308.0;São Paulo;Município de São Paulo;False;BRANCA
29974;3551009.0;São Vicente;Baixada Santista;False;AMARELA
29975;3509502.0;Campinas;Campinas;False;BRANCA
29976;3509502.0;Campinas;Campinas;False;BRANCA
29977;3554102.0;Taubaté;Taubaté;False;IGNORADO
29978;3550308.0;São Paulo;Município de São Paulo;False;IGNORADO
29979;3549805.0;São José do Rio Preto;São José do Rio Preto;False;BRANCA
29980;3550308.0;São Paulo;Município de São Paulo;False;BRANCA
29981;3518800.0;Guarulhos;Grande SP Leste;False;IGNORADO
29982;3551009.0;São Vicente;Baixada Santista;False;BRANCA
29983;3509700.0;Campos do Jordão;Taubaté;False;BRANCA
29984;3541406.0;Presidente Prudente;Presidente Prudente;False;BRANCA
29985;3549904.0;São José dos Campos;Taubaté;False;BRANCA
29986;3541406.0;Presidente Prudente;Presidente Prudente;False;BRANCA
29987;3539806.0;Poá;Grande SP Leste;False;IGNORADO
29988;3550308.0;São Paulo;Município de São Paulo;False;BRANCA
29989;3547809.0;Santo André;Grande SP Sudeste;False;BRANCA
29990;3518800.0;Guarulhos;Grande SP Leste;False;BRANCA
29991;3534401.0;Osasco;Grande SP Oeste;False;PARDA
29992;3513504.0;Cubatão;Baixada Santista;False;PARDA
29993;3548708.0;São Bernardo do Campo;Grande SP Sudeste;False;PARDA
29994;3518800.0;Guarulhos;Grande SP Leste;False;BRANCA
29995;3509502.0;Campinas;Campinas;False;BRANCA
29996;3519709.0;Ibiúna;Sorocaba;False;BRANCA
29997;3548500.0;Santos;Baixada Santista;False;BRANCA
29998;3509007.0;Caieiras;Grande SP Norte;False;
29999;3549805.0;São José do Rio Preto;São José do Rio Preto;False;BRANCA
30000;3557006.0;Votorantim;Sorocaba;False;BRANCA
30001;3550308.0;São Paulo;Município de São Paulo;False;BRANCA
30002;3509502.0;Campinas;Campinas;False;BRANCA
30003;3550308.0;São Paulo;Município de São Paulo;False;NONE
