3224;3552205.0;Sorocaba;Sorocaba;False;BRANCA
3225;3538709.0;Piracicaba;Piracicaba;False;IGNORADO
3226;3516200.0;Franca;Franca;False;IGNORADO
3227;3525409.0;Jeriquara;Franca;False;BRANCA
3228;3550308.0;São Paulo;Município de São Paulo;False;BRANCA
3229;3547809.0;Santo André;Grande SP Sudeste;False;BRANCA
3230;3548807.0;São Caetano do Sul;Grande SP Sudeste;False;IGNORADO
3231;3550308.0;São Paulo;Município de São Paulo;False;BRANCA
3232;3550308.0;São Paulo;Município de São Paulo;False;PARDA
3233;3550308.0;São Paulo;Município de São Paulo;False;BRANCA
3234;3549904.0;São José dos Campos;Taubaté;False;IGNORADO
3235;3505500.0;Barretos;Barretos;False;BRANCA
3236;3548807.0;São Caetano do Sul;Grande SP Sudeste;False;PARDA
3237;3551009.0;São Vicente;Baixada Santista;False;BRANCA
3238;3511102.0;Catanduva;São José do Rio Preto;False;BRANCA
3239;3543402.0;Ribeirão Preto;Ribeirão Preto;False;AMARELA
3240;3550308.0;São Paulo;Município de São Paulo;False;BRANCA
3241;3505500.0;Barretos;Barretos;False;
3242;3550308.0;São Paulo;Município de São Paulo;False;PARDA
3243;3550308.0;São Paulo;Município de São Paulo;False;BRANCA
3244;3550308.0;São Paulo;Município de São Paulo;False;PARDA
3245;3550308.0;São Paulo;Município de São Paulo;False;BRANCA
3246;3550308.0;São Paulo;Município de São Paulo;False;NONE
3247;3537305.0;Penápolis;Araçatuba;False;IGNORADO
3248;3550308.0;São Paulo;Município de São Paulo;False;PARDA
3249;3550308.0;São Paulo;Município de São Paulo;False;
3250;3550308.0;São Paulo;Município de São Paulo;False;IGNORADO
3251;3552205.0;Sorocaba;Sorocaba;False;BRANCA
3252;3525904.0;Jundiaí;Campinas;False;BRANCA
3253;3543402.0;Ribeirão Preto;Ribeirão Preto;False;IGNORADO
3254;3501608.0;Americana;Campinas;False;BRANCA
3255;3506003.0;Bauru;Bauru;False;IGNORADO
3256;3556404.0;Vargem Grande do Sul;São João da Boa Vista;False;PARDA
3257;3548708.0;São Bernardo do Campo;Grande SP Sudeste;False;PARDA
3258;3506003.0;Bauru;Bauru;False;IGNORADO
3259;3550308.0;São Paulo;Município de São Paulo;False;PRETA
3260;3543402.0;Ribeirão Preto;Ribeirão Preto;True;PARDA
3261;3503208.0;Araraquara;Araraquara;False;BRANCA
3262;3520509.0;Indaiatuba;Campinas;False;PARDA
3263;3550308.0;São Paulo;Município de São Paulo;False;PARDA
3264;3549904.0;São José dos Campos;Taubaté;False;IGNORADO
3265;3519071.0;Hortolândia;Campinas;False;BRANCA
3266;3550308.0;São Paulo;Município de São Paulo;False;IGNORADO
3267;3543402.0;Ribeirão Preto;Ribeirão Preto;False;IGNORADO
3268;3550308.0;São Paulo;Município de São Paulo;False;BRANCA
3269;3503208.0;Araraquara;Araraquara;False;BRANCA
3270;3549805.0;São José do Rio Preto;São José do Rio Preto;False;BRANCA
3271;3550308.0;São Paulo;Município de São Paulo;False;NONE
3272;3543402.0;Ribeirão Preto;Ribeirão Preto;False;BRANCA
3273;3550308.0;São Paulo;Município de São Paulo;False;IGNORADO
3274;3550308.0;São Paulo;Município de São Paulo;False;PARDA
3275;3550308.0;São Paulo;Município de São Paulo;False;IGNORADO
3276;3513801.0;Diadema;Grande SP Sudeste;False;NONE
3277;3550308.0;São Paulo;Município de São Paulo;False;BRANCA
3278;3547809.0;Santo André;Grande SP Sudeste;False;PARDA
3279;3537602.0;Peruíbe;Baixada Santista;False;BRANCA
3280;3529302.0;Matão;Araraquara;False;PARDA
3281;3550308.0;São Paulo;Município de São Paulo;False;BRANCA
3282;3550308.0;São Paulo;Município de São Paulo;False;PARDA
3283;3550308.0;São Paulo;Município de São Paulo;False;BRANCA
3284;3552403.0;Sumaré;Campinas;False;BRANCA
3285;3534401.0;Osasco;Grande SP Oeste;False;BRANCA
3286;3513504.0;Cubatão;Baixada Santista;False;PARDA
3287;3502804.0;Araçatuba;Araçatuba;False;BRANCA
3288;3550308.0;São Paulo;Município de São Paulo;False;PARDA
3289;3550308.0;São Paulo;Município de São Paulo;False;PARDA
3290;3550308.0;São Paulo;Município de São Paulo;False;NONE
3291;3551009.0;São Vicente;Baixada Santista;False;BRANCA
3292;3526902.0;Limeira;Piracicaba;False;IGNORADO
3293;3518800.0;Guarulhos;Grande SP Leste;False;BRANCA
3294;3543402.0;Ribeirão Preto;Ribeirão Preto;False;BRANCA
3295;3507506.0;Botucatu;Bauru;False;BRANCA
3296;3548500.0;Santos;Baixada Santista;False;PARDA
3297;3550308.0;São Paulo;Município de São Paulo;False;PARDA
3298;3552502.0;Suzano;Grande SP Leste;False;IGNORADO
3299;3542602.0;Registro;Registro;False;PARDA
3300;3548708.0;São Bernardo do Campo;Grande SP Sudeste;False;BRANCA
3301;3525904.0;Jundiaí;Campinas;False;BRANCA
3302;3509502.0;Campinas;Campinas;False;BRANCA
3303;3530706.0;Mogi Guaçu;São João da Boa Vista;False;BRANCA
3304;3535408.0;Panorama;Presidente Prudente;False;BRANCA
3305;3550308.0;São Paulo;Município de São Paulo;False;BRANCA
3306;3554102.0;Taubaté;Taubaté;False;PARDA
3307;3550308.0;São Paulo;Município de São Paulo;False;IGNORADO
3308;3548500.0;Santos;Baixada Santista;False;BRANCA
3309;3550308.0;São Paulo;Município de São Paulo;False;IGNORADO
3310;3550308.0;São Paulo;Município de São Paulo;False;BRANCA
3311;3518800.0;Guarulhos;Grande SP Leste;False;PARDA
3312;3548708.0;São Bernardo do Campo;Grande SP Sudeste;False;BRANCA
3313;3511300.0;Cedral;São José do Rio Preto;False;AMARELA
3314;3550308.0;São Paulo;Município de São Paulo;False;BRANCA
3315;3554102.0;Taubaté;Taubaté;False;IGNORADO
3316;3550308.0;São Paulo;Município de São Paulo;False;BRANCA
3317;3550308.0;São Paulo;Município de São Paulo;False;BRANCA
3318;3548708.0;São Bernardo do Campo;Grande SP Sudeste;False;BRANCA
3319;3550308.0;São Paulo;Município de São Paulo;False;BRANCA
3320;3509502.0;Campinas;Campinas;False;IGNORADO
3321;3554102.0;Taubaté;Taubaté;False;BRANCA
3322;3551009.0;São Vicente;Baixada Santista;False;PARDA
3323;3552809.0;Taboão da Serra;Grande SP Sudoeste;False;PARDA
3324;3550308.0;São Paulo;Município de São Paulo;False;PARDA
3325;3550308.0;São Paulo;Município de São Paulo;False;BRANCA
3326;3550308.0;São Paulo;Município de São Paulo;False;IGNORADO
3327;3547809.0;Santo André;Grande SP Sudeste;False;BRANCA
3328;3548708.0;São Bernardo do Campo;Grande SP Sudeste;False;BRANCA
3329;3515707.0;Ferraz de Vasconcelos;Grande SP Leste;False;
3330;3550308.0;São Paulo;Município de São Paulo;False;PRETA
3331;3533502.0;Novo Horizonte;São José do Rio Preto;False;BRANCA
3332;3557105.0;Votuporanga;São José do Rio Preto;False;BRANCA
3333;3552205.0;Sorocaba;Sorocaba;False;BRANCA
3334;3504206.0;Auriflama;Araçatuba;False;BRANCA
3335;3550308.0;São Paulo;Município de São Paulo;False;NONE
3336;3550605.0;São Roque;Sorocaba;False;BRANCA
3337;3552403.0;Sumaré;Campinas;False;BRANCA
3338;3550308.0;São Paulo;Município de São Paulo;False;PARDA
3339;3557006.0;Votorantim;Sorocaba;False;BRANCA
3340;3550308.0;São Paulo;Município de São Paulo;False;PARDA
3341;3550308.0;São Paulo;Município de São Paulo;False;BRANCA
3342;3550308.0;São Paulo;Município de São Paulo;False;BRANCA
3343;3552205.0;Sorocaba;Sorocaba;False;
3344;3505500.0;Barretos;Barretos;False;IGNORADO
3345;3530607.0;Mogi das Cruzes;Grande SP Leste;False;PARDA
3346;3522109.0;Itanhaém;Baixada Santista;False;IGNORADO
3347;3550308.0;São Paulo;Município de São Paulo;False;BRANCA
3348;3522703.0;Itápolis;Araraquara;False;BRANCA
3349;3508504.0;Caçapava;Taubaté;False;IGNORADO
3350;3550308.0;São Paulo;Município de São Paulo;False;BRANCA
3351;3552403.0;Sumaré;Campinas;False;
3352;3530706.0;Mogi Guaçu;São João da Boa Vista;False;BRANCA
3353;3550308.0;São Paulo;Município de São Paulo;False;NONE
3354;3550308.0;São Paulo;Município de São Paulo;False;PARDA
3355;3550308.0;São Paulo;Município de São Paulo;False;BRANCA
3356;3556206.0;Valinhos;Campinas;False;BRANCA
3357;3550308.0;São Paulo;Município de São Paulo;False;PARDA
3358;3550308.0;São Paulo;Município de São Paulo;False;PARDA
3359;3550308.0;São Paulo;Município de São Paulo;False;PARDA
3360;3557105.0;Votuporanga;São José do Rio Preto;False;IGNORADO
3361;3501905.0;Amparo;Campinas;False;BRANCA
3362;3550308.0;São Paulo;Município de São Paulo;False;BRANCA
3363;3548807.0;São Caetano do Sul;Grande SP Sudeste;False;IGNORADO
3364;3511003.0;Castilho;Araçatuba;False;BRANCA
3365;3550308.0;São Paulo;Município de São Paulo;False;BRANCA
