30004;3547809.0;Santo André;Grande SP Sudeste;False;BRANCA
30005;3509502.0;Campinas;Campinas;False;BRANCA
30006;3543402.0;Ribeirão Preto;Ribeirão Preto;False;PARDA
30007;3541000.0;Praia Grande;Baixada Santista;False;BRANCA
30008;3522208.0;Itapecerica da Serra;Grande SP Sudoeste;False;BRANCA
30009;3530607.0;Mogi das Cruzes;Grande SP Leste;False;BRANCA
30010;3550308.0;São Paulo;Município de São Paulo;False;PARDA
30011;3534708.0;Ourinhos;Marília;False;BRANCA
30012;3504008.0;Assis;Marília;False;BRANCA
30013;3550308.0;São Paulo;Município de São Paulo;False;BRANCA
30014;3550308.0;São Paulo;Município de São Paulo;False;BRANCA
30015;3515103.0;Embu-Guaçu;Grande SP Sudoeste;False;PARDA
30016;3550308.0;São Paulo;Município de São Paulo;False;IGNORADO
30017;3523107.0;Itaquaquecetuba;Grande SP Leste;False;BRANCA
30018;3550308.0;São Paulo;Município de São Paulo;False;BRANCA
30019;3501608.0;Americana;Campinas;False;AMARELA
30020;3550308.0;São Paulo;Município de São Paulo;False;PARDA
30021;3554102.0;Taubaté;Taubaté;False;BRANCA
30022;3507506.0;Botucatu;Bauru;False;BRANCA
30023;3509502.0;Campinas;Campinas;False;PARDA
30024;3548906.0;São Carlos;Araraquara;False;BRANCA
30025;3509007.0;Caieiras;Grande SP Norte;False;PARDA
30026;3550308.0;São Paulo;Município de São Paulo;False;BRANCA
30027;3550308.0;São Paulo;Município de São Paulo;False;AMARELA
30028;3508405.0;Cabreúva;Campinas;False;PARDA
30029;3534708.0;Ourinhos;Marília;False;BRANCA
30030;3543402.0;Ribeirão Preto;Ribeirão Preto;False;IGNORADO
30031;3512407.0;Cordeirópolis;Piracicaba;False;BRANCA
30032;3504305.0;Avaí;Bauru;False;BRANCA
30033;3537602.0;Peruíbe;Baixada Santista;False;BRANCA
30034;3550308.0;São Paulo;Município de São Paulo;False;BRANCA
30035;3522307.0;Itapetininga;Sorocaba;False;BRANCA
30036;3551009.0;São Vicente;Baixada Santista;False;BRANCA
30037;3547809.0;Santo André;Grande SP Sudeste;False;PARDA
30038;3550308.0;São Paulo;Município de São Paulo;False;BRANCA
30039;3543402.0;Ribeirão Preto;Ribeirão Preto;False;BRANCA
30040;3538709.0;Piracicaba;Piracicaba;False;BRANCA
30041;3552403.0;Sumaré;Campinas;False;BRANCA
30042;3552809.0;Taboão da Serra;Grande SP Sudoeste;False;BRANCA
30043;3538907.0;Pirajuí;Bauru;False;BRANCA
30044;3538709.0;Piracicaba;Piracicaba;False;BRANCA
30045;3550308.0;São Paulo;Município de São Paulo;False;IGNORADO
30046;3551009.0;São Vicente;Baixada Santista;False;BRANCA
30047;3550308.0;São Paulo;Município de São Paulo;False;PARDA
30048;3520400.0;Ilhabela;Taubaté;False;BRANCA
30049;3550308.0;São Paulo;Município de São Paulo;False;BRANCA
30050;3554102.0;Taubaté;Taubaté;False;IGNORADO
30051;3550308.0;São Paulo;Município de São Paulo;False;BRANCA
30052;3515509.0;Fernandópolis;São José do Rio Preto;False;BRANCA
30053;3510500.0;Caraguatatuba;Taubaté;False;BRANCA
30054;3550308.0;São Paulo;Município de São Paulo;False;BRANCA
30055;3513504.0;Cubatão;Baixada Santista;False;PARDA
30056;3504503.0;Avaré;Bauru;False;BRANCA
30057;3530409.0;Mirassolândia;São José do Rio Preto;False;BRANCA
30058;3517802.0;Guaraçaí;Araçatuba;False;BRANCA
30059;3525706.0;José Bonifácio;São José do Rio Preto;False;BRANCA
30060;3550308.0;São Paulo;Município de São Paulo;False;PARDA
30061;3505500.0;Barretos;Barretos;False;PARDA
30062;3509502.0;Campinas;Campinas;False;BRANCA
30063;3505708.0;Barueri;Grande SP Oeste;False;BRANCA
30064;3547304.0;Santana de Parnaíba;Grande SP Oeste;False;IGNORADO
30065;3550308.0;São Paulo;Município de São Paulo;False;PARDA
30066;3550308.0;São Paulo;Município de São Paulo;False;BRANCA
30067;3509502.0;Campinas;Campinas;False;IGNORADO
30068;3534401.0;Osasco;Grande SP Oeste;False;PRETA
30069;3550308.0;São Paulo;Município de São Paulo;False;BRANCA
30070;3547809.0;Santo André;Grande SP Sudeste;False;IGNORADO
30071;3547809.0;Santo André;Grande SP Sudeste;False;BRANCA
30072;3513801.0;Diadema;Grande SP Sudeste;False;AMARELA
30073;3550308.0;São Paulo;Município de São Paulo;False;BRANCA
30074;3522109.0;Itanhaém;Baixada Santista;False;IGNORADO
30075;3549805.0;São José do Rio Preto;São José do Rio Preto;False;BRANCA
30076;3524709.0;Jaguariúna;Campinas;False;BRANCA
30077;3509502.0;Campinas;Campinas;False;BRANCA
30078;3543402.0;Ribeirão Preto;Ribeirão Preto;False;BRANCA
30079;3507100.0;Bom Jesus dos Perdões;Campinas;False;BRANCA
30080;3534203.0;Orindiúva;São José do Rio Preto;False;BRANCA
30081;3524402.0;Jacareí;Taubaté;False;PRETA
30082;3506003.0;Bauru;Bauru;False;BRANCA
30083;3534500.0;Oscar Bressane;Marília;False;PARDA
30084;3550308.0;São Paulo;Município de São Paulo;False;BRANCA
30085;3554102.0;Taubaté;Taubaté;False;BRANCA
30086;3509007.0;Caieiras;Grande SP Norte;False;BRANCA
30087;3525201.0;Jarinu;Campinas;False;BRANCA
30088;3550308.0;São Paulo;Município de São Paulo;False;IGNORADO
30089;3550308.0;São Paulo;Município de São Paulo;False;BRANCA
30090;3548708.0;São Bernardo do Campo;Grande SP Sudeste;False;BRANCA
30091;3527108.0;Lins;Bauru;False;IGNORADO
30092;3504107.0;Atibaia;Campinas;False;IGNORADO
30093;3550308.0;São Paulo;Município de São Paulo;False;IGNORADO
30094;3523107.0;Itaquaquecetuba;Grande SP Leste;False;PARDA
30095;3550308.0;São Paulo;Município de São Paulo;False;BRANCA
30096;3524303.0;Jaboticabal;Ribeirão Preto;False;IGNORADO
30097;3547809.0;Santo André;Grande SP Sudeste;False;BRANCA
30098;3505500.0;Barretos;Barretos;False;BRANCA
30099;3551900.0;Severínia;Barretos;False;BRANCA
30100;3515202.0;Estrela d'Oeste;São José do Rio Preto;False;BRANCA
30101;3538709.0;Piracicaba;Piracicaba;False;PARDA
30102;3550308.0;São Paulo;Município de São Paulo;False;IGNORADO
30103;3548708.0;São Bernardo do Campo;Grande SP Sudeste;False;PARDA
30104;3548708.0;São Bernardo do Campo;Grande SP Sudeste;False;BRANCA
30105;3543402.0;Ribeirão Preto;Ribeirão Preto;False;PARDA
30106;3543402.0;Ribeirão Preto;Ribeirão Preto;False;BRANCA
30107;3550308.0;São Paulo;Município de São Paulo;False;PARDA
30108;3534401.0;Osasco;Grande SP Oeste;False;AMARELA
30109;3552205.0;Sorocaba;Sorocaba;False;IGNORADO
30110;3550308.0;São Paulo;Município de São Paulo;False;PARDA
30111;3508108.0;Buritama;Araçatuba;False;IGNORADO
30112;3541307.0;Presidente Epitácio;Presidente Prudente;False;BRANCA
30113;3550308.0;São Paulo;Município de São Paulo;False;BRANCA
30114;3502101.0;Andradina;Araçatuba;False;BRANCA
30115;3551009.0;São Vicente;Baixada Santista;False;PARDA
30116;3551009.0;São Vicente;Baixada Santista;False;PARDA
30117;3519303.0;Ibaté;Araraquara;False;PARDA
30118;3513702.0;Descalvado;Araraquara;False;BRANCA
30119;3503307.0;Araras;Piracicaba;False;PARDA
30120;3541604.0;Promissão;Bauru;False;BRANCA
30121;3511102.0;Catanduva;São José do Rio Preto;False;PARDA
30122;3533908.0;Olímpia;Barretos;False;IGNORADO
30123;3505708.0;Barueri;Grande SP Oeste;False;PARDA
30124;3501608.0;Americana;Campinas;False;IGNORADO
30125;3550308.0;São Paulo;Município de São Paulo;False;PARDA
30126;3509502.0;Campinas;Campinas;False;AMARELA
30127;3513009.0;Cotia;Grande SP Sudoeste;False;BRANCA
30128;3503208.0;Araraquara;Araraquara;False;IGNORADO
30129;3547809.0;Santo André;Grande SP Sudeste;False;BRANCA
30130;3530805.0;Mogi Mirim;São João da Boa Vista;False;BRANCA
30131;3548807.0;São Caetano do Sul;Grande SP Sudeste;False;IGNORADO
30132;3522208.0;Itapecerica da Serra;Grande SP Sudoeste;True;BRANCA
30133;3544905.0;Sales Oliveira;Franca;False;PARDA
30134;3509502.0;Campinas;Campinas;False;BRANCA
30135;3550308.0;São Paulo;Município de São Paulo;False;PARDA
30136;3548708.0;São Bernardo do Campo;Grande SP Sudeste;False;BRANCA
30137;3550308.0;São Paulo;Município de São Paulo;False;BRANCA
30138;3550308.0;São Paulo;Município de São Paulo;False;IGNORADO
30139;3547304.0;Santana de Parnaíba;Grande SP Oeste;False;BRANCA
30140;3504107.0;Atibaia;Campinas;False;BRANCA
30141;3554102.0;Taubaté;Taubaté;False;BRANCA
30142;3550308.0;São Paulo;Município de São Paulo;False;NONE
30143;3527603.0;Luís Antônio;Ribeirão Preto;False;IGNORADO
30144;3549904.0;São José dos Campos;Taubaté;False;BRANCA
30145;3550308.0;São Paulo;Município de São Paulo;False;BRANCA
30146;3550308.0;São Paulo;Município de São Paulo;False;NONE
