7134;3550308.0;São Paulo;Município de São Paulo;False;BRANCA
7135;3557105.0;Votuporanga;São José do Rio Preto;False;BRANCA
7136;3550308.0;São Paulo;Município de São Paulo;False;PARDA
7137;3505708.0;Barueri;Grande SP Oeste;False;BRANCA
7138;3522208.0;Itapecerica da Serra;Grande SP Sudoeste;False;BRANCA
7139;3546603.0;Santa Fé do Sul;São José do Rio Preto;False;IGNORADO
7140;3550308.0;São Paulo;Município de São Paulo;False;PARDA
7141;3539301.0;Pirassununga;Piracicaba;False;PARDA
7142;3543907.0;Rio Claro;Piracicaba;False;BRANCA
7143;3543907.0;Rio Claro;Piracicaba;False;BRANCA
7144;3539202.0;Pirapozinho;Presidente Prudente;False;BRANCA
7145;3550308.0;São Paulo;Município de São Paulo;False;AMARELA
7146;3502804.0;Araçatuba;Araçatuba;False;BRANCA
7147;3505302.0;Barra Bonita;Bauru;False;BRANCA
7148;3552205.0;Sorocaba;Sorocaba;False;BRANCA
7149;3556107.0;Valentim Gentil;São José do Rio Preto;False;BRANCA
7150;3554409.0;Terra Roxa;Barretos;False;PARDA
7151;3539806.0;Poá;Grande SP Leste;False;BRANCA
7152;3502101.0;Andradina;Araçatuba;False;BRANCA
7153;3502804.0;Araçatuba;Araçatuba;False;PARDA
7154;3546702.0;Santa Gertrudes;Piracicaba;False;BRANCA
7155;3529302.0;Matão;Araraquara;False;BRANCA
7156;3555356.0;Ubarana;São José do Rio Preto;False;BRANCA
7157;3507605.0;Bragança Paulista;Campinas;False;PARDA
7158;3539202.0;Pirapozinho;Presidente Prudente;False;BRANCA
7159;3557006.0;Votorantim;Sorocaba;False;PARDA
7160;3511508.0;Cerquilho;Sorocaba;False;BRANCA
7161;3550308.0;São Paulo;Município de São Paulo;False;NONE
7162;3550308.0;São Paulo;Município de São Paulo;False;PARDA
7163;3550308.0;São Paulo;Município de São Paulo;False;NONE
7164;3513009.0;Cotia;Grande SP Sudoeste;False;BRANCA
7165;3527603.0;Luís Antônio;Ribeirão Preto;False;AMARELA
7166;3529005.0;Marília;Marília;False;PARDA
7167;3541307.0;Presidente Epitácio;Presidente Prudente;False;BRANCA
7168;3504909.0;Bananal;Taubaté;False;BRANCA
7169;3553708.0;Taquaritinga;Araraquara;False;BRANCA
7170;3524303.0;Jaboticabal;Ribeirão Preto;False;BRANCA
7171;3526902.0;Limeira;Piracicaba;False;BRANCA
7172;3548906.0;São Carlos;Araraquara;False;IGNORADO
7173;3526704.0;Leme;Piracicaba;False;PARDA
7174;3526704.0;Leme;Piracicaba;False;BRANCA
7175;3502804.0;Araçatuba;Araçatuba;False;BRANCA
7176;3522307.0;Itapetininga;Sorocaba;False;BRANCA
7177;3550308.0;São Paulo;Município de São Paulo;False;BRANCA
7178;3545803.0;Santa Bárbara d'Oeste;Campinas;False;IGNORADO
7179;3550308.0;São Paulo;Município de São Paulo;False;BRANCA
7180;3516309.0;Francisco Morato;Grande SP Norte;False;PARDA
7181;3540705.0;Porto Ferreira;Araraquara;False;BRANCA
7182;3553708.0;Taquaritinga;Araraquara;False;PARDA
7183;3525904.0;Jundiaí;Campinas;False;PARDA
7184;3533403.0;Nova Odessa;Campinas;False;BRANCA
7185;3506003.0;Bauru;Bauru;False;IGNORADO
7186;3509502.0;Campinas;Campinas;False;BRANCA
7187;3550308.0;São Paulo;Município de São Paulo;False;PARDA
7188;3521200.0;Iporanga;Registro;False;PARDA
7189;3543402.0;Ribeirão Preto;Ribeirão Preto;False;IGNORADO
7190;3525300.0;Jaú;Bauru;False;BRANCA
7191;3543402.0;Ribeirão Preto;Ribeirão Preto;False;PARDA
7192;3533908.0;Olímpia;Barretos;False;PARDA
7193;3547809.0;Santo André;Grande SP Sudeste;False;BRANCA
7194;3541307.0;Presidente Epitácio;Presidente Prudente;False;BRANCA
7195;3549904.0;São José dos Campos;Taubaté;False;PARDA
7196;3549805.0;São José do Rio Preto;São José do Rio Preto;False;BRANCA
7197;3538006.0;Pindamonhangaba;Taubaté;False;PARDA
7198;3502804.0;Araçatuba;Araçatuba;False;BRANCA
7199;3550308.0;São Paulo;Município de São Paulo;False;BRANCA
7200;3550308.0;São Paulo;Município de São Paulo;False;PARDA
7201;3518800.0;Guarulhos;Grande SP Leste;False;NONE
7202;3556701.0;Vinhedo;Campinas;False;BRANCA
7203;3522604.0;Itapira;São João da Boa Vista;False;BRANCA
7204;3505500.0;Barretos;Barretos;False;PARDA
7205;3550308.0;São Paulo;Município de São Paulo;False;BRANCA
7206;3516408.0;Franco da Rocha;Grande SP Norte;False;NONE
7207;3548500.0;Santos;Baixada Santista;False;AMARELA
7208;3513801.0;Diadema;Grande SP Sudeste;False;PARDA
7209;3549805.0;São José do Rio Preto;São José do Rio Preto;False;BRANCA
7210;3518800.0;Guarulhos;Grande SP Leste;False;
7211;3552809.0;Taboão da Serra;Grande SP Sudoeste;False;IGNORADO
7212;3550308.0;São Paulo;Município de São Paulo;False;PARDA
7213;3550308.0;São Paulo;Município de São Paulo;False;NONE
7214;3548708.0;São Bernardo do Campo;Grande SP Sudeste;False;IGNORADO
7215;3513009.0;Cotia;Grande SP Sudoeste;False;
7216;3550308.0;São Paulo;Município de São Paulo;False;BRANCA
7217;3550308.0;São Paulo;Município de São Paulo;False;
7218;3552205.0;Sorocaba;Sorocaba;False;BRANCA
7219;3541000.0;Praia Grande;Baixada Santista;False;PARDA
7220;3550308.0;São Paulo;Município de São Paulo;False;BRANCA
7221;3550308.0;São Paulo;Município de São Paulo;False;BRANCA
7222;3548500.0;Santos;Baixada Santista;False;BRANCA
7223;3513801.0;Diadema;Grande SP Sudeste;False;BRANCA
7224;3550308.0;São Paulo;Município de São Paulo;False;PARDA
7225;3547809.0;Santo André;Grande SP Sudeste;False;PARDA
7226;3526209.0;Juquitiba;Grande SP Sudoeste;False;BRANCA
7227;3550308.0;São Paulo;Município de São Paulo;False;PARDA
7228;3549904.0;São José dos Campos;Taubaté;False;BRANCA
7229;3550308.0;São Paulo;Município de São Paulo;False;BRANCA
7230;3550704.0;São Sebastião;Taubaté;False;PARDA
7231;3550308.0;São Paulo;Município de São Paulo;False;AMARELA
7232;3541406.0;Presidente Prudente;Presidente Prudente;False;AMARELA
7233;3518800.0;Guarulhos;Grande SP Leste;False;BRANCA
7234;3555406.0;Ubatuba;Taubaté;False;BRANCA
7235;3557006.0;Votorantim;Sorocaba;False;BRANCA
7236;3552809.0;Taboão da Serra;Grande SP Sudoeste;False;BRANCA
7237;3550308.0;São Paulo;Município de São Paulo;False;BRANCA
7238;3548500.0;Santos;Baixada Santista;False;BRANCA
7239;3551009.0;São Vicente;Baixada Santista;False;BRANCA
7240;3520400.0;Ilhabela;Taubaté;False;PARDA
7241;3510401.0;Capivari;Piracicaba;False;BRANCA
7242;3550308.0;São Paulo;Município de São Paulo;False;PARDA
7243;3541406.0;Presidente Prudente;Presidente Prudente;False;PARDA
7244;3550308.0;São Paulo;Município de São Paulo;False;PARDA
7245;3526803.0;Lençóis Paulista;Bauru;False;BRANCA
7246;3533601.0;Nuporanga;Franca;False;AMARELA
7247;3550308.0;São Paulo;Município de São Paulo;False;IGNORADO
7248;3515707.0;Ferraz de Vasconcelos;Grande SP Leste;False;PARDA
7249;3550308.0;São Paulo;Município de São Paulo;False;PARDA
7250;3550308.0;São Paulo;Município de São Paulo;False;IGNORADO
7251;3526902.0;Limeira;Piracicaba;False;BRANCA
7252;3550308.0;São Paulo;Município de São Paulo;False;PARDA
7253;3547809.0;Santo André;Grande SP Sudeste;False;AMARELA
7254;3539103.0;Pirapora do Bom Jesus;Grande SP Oeste;False;PRETA
7255;3541000.0;Praia Grande;Baixada Santista;False;BRANCA
7256;3511102.0;Catanduva;São José do Rio Preto;False;BRANCA
7257;3513801.0;Diadema;Grande SP Sudeste;False;BRANCA
7258;3550308.0;São Paulo;Município de São Paulo;False;
7259;3543402.0;Ribeirão Preto;Ribeirão Preto;False;BRANCA
7260;3550308.0;São Paulo;Município de São Paulo;False;BRANCA
7261;3509502.0;Campinas;Campinas;False;PARDA
7262;3541307.0;Presidente Epitácio;Presidente Prudente;False;BRANCA
7263;3549904.0;São José dos Campos;Taubaté;False;BRANCA
7264;3548708.0;São Bernardo do Campo;Grande SP Sudeste;False;PARDA
7265;3518701.0;Guarujá;Baixada Santista;False;IGNORADO
7266;3518800.0;Guarulhos;Grande SP Leste;False;NONE
7267;3550308.0;São Paulo;Município de São Paulo;False;PARDA
7268;3541000.0;Praia Grande;Baixada Santista;False;PARDA
7269;3550308.0;São Paulo;Município de São Paulo;False;BRANCA
7270;3550308.0;São Paulo;Município de São Paulo;False;BRANCA
7271;3550308.0;São Paulo;Município de São Paulo;False;AMARELA
7272;3550308.0;São Paulo;Município de São Paulo;False;PARDA
7273;3550308.0;São Paulo;Município de São Paulo;False;BRANCA
7274;3508801.0;Cafelândia;Bauru;False;BRANCA
7275;3526902.0;Limeira;Piracicaba;False;IGNORADO
7276;3520442.0;Ilha Solteira;Araçatuba;False;AMARELA
7277;3549805.0;São José do Rio Preto;São José do Rio Preto;False;BRANCA
