6836;3548708.0;São Bernardo do Campo;Grande SP Sudeste;False;
6837;3529005.0;Marília;Marília;False;PARDA
6838;3523107.0;Itaquaquecetuba;Grande SP Leste;False;BRANCA
6839;3518701.0;Guarujá;Baixada Santista;False;AMARELA
6840;3539202.0;Pirapozinho;Presidente Prudente;False;PARDA
6841;3550308.0;São Paulo;Município de São Paulo;False;BRANCA
6842;3550308.0;São Paulo;Município de São Paulo;False;BRANCA
6843;3550308.0;São Paulo;Município de São Paulo;False;BRANCA
6844;3550308.0;São Paulo;Município de São Paulo;False;BRANCA
6845;3538709.0;Piracicaba;Piracicaba;False;IGNORADO
6846;3530706.0;Mogi Guaçu;São João da Boa Vista;False;BRANCA
6847;3550308.0;São Paulo;Município de São Paulo;False;PARDA
6848;3550308.0;São Paulo;Município de São Paulo;False;PARDA
6849;3550308.0;São Paulo;Município de São Paulo;False;PARDA
6850;3520509.0;Indaiatuba;Campinas;False;BRANCA
6851;3534401.0;Osasco;Grande SP Oeste;False;PRETA
6852;3550308.0;São Paulo;Município de São Paulo;False;BRANCA
6853;3526902.0;Limeira;Piracicaba;False;BRANCA
6854;3541406.0;Presidente Prudente;Presidente Prudente;False;BRANCA
6855;3505708.0;Barueri;Grande SP Oeste;False;IGNORADO
6856;3509007.0;Caieiras;Grande SP Norte;False;IGNORADO
6857;3550308.0;São Paulo;Município de São Paulo;False;BRANCA
6858;3525003.0;Jandira;Grande SP Oeste;False;PARDA
6859;3522505.0;Itapevi;Grande SP Oeste;False;IGNORADO
6860;3547809.0;Santo André;Grande SP Sudeste;False;BRANCA
6861;3550308.0;São Paulo;Município de São Paulo;False;PARDA
6862;3510500.0;Caraguatatuba;Taubaté;False;BRANCA
6863;3534708.0;Ourinhos;Marília;False;BRANCA
6864;3548708.0;São Bernardo do Campo;Grande SP Sudeste;False;BRANCA
6865;3550308.0;São Paulo;Município de São Paulo;False;PARDA
6866;3525706.0;José Bonifácio;São José do Rio Preto;False;BRANCA
6867;3545803.0;Santa Bárbara d'Oeste;Campinas;False;PARDA
6868;3541406.0;Presidente Prudente;Presidente Prudente;False;BRANCA
6869;3525904.0;Jundiaí;Campinas;False;PRETA
6870;3550308.0;São Paulo;Município de São Paulo;False;PARDA
6871;3547809.0;Santo André;Grande SP Sudeste;False;IGNORADO
6872;3550308.0;São Paulo;Município de São Paulo;False;PARDA
6873;3556701.0;Vinhedo;Campinas;False;PRETA
6874;3506003.0;Bauru;Bauru;False;BRANCA
6875;3527108.0;Lins;Bauru;False;BRANCA
6876;3509502.0;Campinas;Campinas;False;BRANCA
6877;3541604.0;Promissão;Bauru;False;BRANCA
6878;3522208.0;Itapecerica da Serra;Grande SP Sudoeste;False;PRETA
6879;3506508.0;Birigui;Araçatuba;False;BRANCA
6880;3516200.0;Franca;Franca;True;BRANCA
6881;3550308.0;São Paulo;Município de São Paulo;False;
6882;3550308.0;São Paulo;Município de São Paulo;False;IGNORADO
6883;3550308.0;São Paulo;Município de São Paulo;False;PARDA
6884;3508702.0;Caconde;São João da Boa Vista;False;BRANCA
6885;3556701.0;Vinhedo;Campinas;False;BRANCA
6886;3549904.0;São José dos Campos;Taubaté;False;BRANCA
6887;3550308.0;São Paulo;Município de São Paulo;False;PARDA
6888;3528601.0;Manduri;Bauru;False;BRANCA
6889;3506003.0;Bauru;Bauru;False;IGNORADO
6890;3515004.0;Embu das Artes;Grande SP Sudoeste;False;PRETA
6891;3550308.0;São Paulo;Município de São Paulo;False;BRANCA
6892;3550308.0;São Paulo;Município de São Paulo;False;BRANCA
6893;3550308.0;São Paulo;Município de São Paulo;False;BRANCA
6894;3550308.0;São Paulo;Município de São Paulo;False;PARDA
6895;3550308.0;São Paulo;Município de São Paulo;False;BRANCA
6896;3550308.0;São Paulo;Município de São Paulo;False;BRANCA
6897;3550308.0;São Paulo;Município de São Paulo;True;BRANCA
6898;3521408.0;Iracemápolis;Piracicaba;False;IGNORADO
6899;3550308.0;São Paulo;Município de São Paulo;False;
6900;3550308.0;São Paulo;Município de São Paulo;False;
6901;3513009.0;Cotia;Grande SP Sudoeste;False;BRANCA
6902;3543303.0;Ribeirão Pires;Grande SP Sudeste;True;BRANCA
6903;3550308.0;São Paulo;Município de São Paulo;False;IGNORADO
6904;3530805.0;Mogi Mirim;São João da Boa Vista;True;BRANCA
6905;3550308.0;São Paulo;Município de São Paulo;False;BRANCA
6906;3548807.0;São Caetano do Sul;Grande SP Sudeste;False;BRANCA
6907;3550308.0;São Paulo;Município de São Paulo;False;BRANCA
6908;3550308.0;São Paulo;Município de São Paulo;False;IGNORADO
6909;3523909.0;Itu;Sorocaba;False;PARDA
6910;3547304.0;Santana de Parnaíba;Grande SP Oeste;False;BRANCA
6911;3550308.0;São Paulo;Município de São Paulo;False;BRANCA
6912;3525300.0;Jaú;Bauru;False;BRANCA
6913;3513405.0;Cruzeiro;Taubaté;False;BRANCA
6914;3548807.0;São Caetano do Sul;Grande SP Sudeste;False;
6915;3543402.0;Ribeirão Preto;Ribeirão Preto;False;IGNORADO
6916;3550308.0;São Paulo;Município de São Paulo;False;NONE
6917;3552205.0;Sorocaba;Sorocaba;False;BRANCA
6918;3548807.0;São Caetano do Sul;Grande SP Sudeste;False;BRANCA
6919;3550308.0;São Paulo;Município de São Paulo;False;BRANCA
6920;3548500.0;Santos;Baixada Santista;False;IGNORADO
6921;3541406.0;Presidente Prudente;Presidente Prudente;False;BRANCA
6922;3550308.0;São Paulo;Município de São Paulo;False;BRANCA
6923;3519071.0;Hortolândia;Campinas;False;BRANCA
6924;3541406.0;Presidente Prudente;Presidente Prudente;False;BRANCA
6925;3519071.0;Hortolândia;Campinas;False;BRANCA
6926;3526803.0;Lençóis Paulista;Bauru;False;BRANCA
6927;3550308.0;São Paulo;Município de São Paulo;False;IGNORADO
6928;3550308.0;São Paulo;Município de São Paulo;False;BRANCA
6929;3512803.0;Cosmópolis;Campinas;True;PARDA
6930;3512803.0;Cosmópolis;Campinas;False;AMARELA
6931;3550308.0;São Paulo;Município de São Paulo;False;BRANCA
6932;3516309.0;Francisco Morato;Grande SP Norte;False;BRANCA
6933;3557006.0;Votorantim;Sorocaba;False;BRANCA
6934;3504107.0;Atibaia;Campinas;False;BRANCA
6935;3543402.0;Ribeirão Preto;Ribeirão Preto;False;PARDA
6936;3528403.0;Mairinque;Sorocaba;False;BRANCA
6937;3509502.0;Campinas;Campinas;False;IGNORADO
6938;3550308.0;São Paulo;Município de São Paulo;False;IGNORADO
6939;3550308.0;São Paulo;Município de São Paulo;False;IGNORADO
6940;3550308.0;São Paulo;Município de São Paulo;False;PARDA
6941;3516200.0;Franca;Franca;False;IGNORADO
6942;3550308.0;São Paulo;Município de São Paulo;False;BRANCA
6943;3524303.0;Jaboticabal;Ribeirão Preto;False;BRANCA
6944;3537602.0;Peruíbe;Baixada Santista;False;BRANCA
6945;3534401.0;Osasco;Grande SP Oeste;False;BRANCA
6946;3548708.0;São Bernardo do Campo;Grande SP Sudeste;False;BRANCA
6947;3552205.0;Sorocaba;Sorocaba;False;BRANCA
6948;3505708.0;Barueri;Grande SP Oeste;False;BRANCA
6949;3550308.0;São Paulo;Município de São Paulo;False;IGNORADO
6950;3550308.0;São Paulo;Município de São Paulo;False;IGNORADO
6951;3509502.0;Campinas;Campinas;False;BRANCA
6952;3550308.0;São Paulo;Município de São Paulo;False;BRANCA
6953;3547304.0;Santana de Parnaíba;Grande SP Oeste;False;PARDA
6954;3552205.0;Sorocaba;Sorocaba;False;BRANCA
6955;3510401.0;Capivari;Piracicaba;False;PARDA
6956;3552205.0;Sorocaba;Sorocaba;False;BRANCA
6957;3550308.0;São Paulo;Município de São Paulo;False;IGNORADO
6958;3550308.0;São Paulo;Município de São Paulo;False;IGNORADO
6959;3550308.0;São Paulo;Município de São Paulo;False;IGNORADO
6960;3556206.0;Valinhos;Campinas;False;BRANCA
6961;3556206.0;Valinhos;Campinas;False;PARDA
6962;3552502.0;Suzano;Grande SP Leste;False;PARDA
6963;3547809.0;Santo André;Grande SP Sudeste;False;PARDA
6964;3552205.0;Sorocaba;Sorocaba;False;BRANCA
6965;3536703.0;Pederneiras;Bauru;False;AMARELA
6966;3513504.0;Cubatão;Baixada Santista;False;PARDA
6967;3543907.0;Rio Claro;Piracicaba;False;BRANCA
6968;3545803.0;Santa Bárbara d'Oeste;Campinas;False;BRANCA
6969;3514502.0;Duartina;Bauru;False;BRANCA
6970;3516705.0;Garça;Marília;False;BRANCA
6971;3529401.0;Mauá;Grande SP Sudeste;False;AMARELA
6972;3556206.0;Valinhos;Campinas;False;PARDA
6973;3551702.0;Sertãozinho;Ribeirão Preto;True;IGNORADO
6974;3550308.0;São Paulo;Município de São Paulo;False;PARDA
6975;3550308.0;São Paulo;Município de São Paulo;False;PARDA
6976;3551009.0;São Vicente;Baixada Santista;False;IGNORADO
6977;3521408.0;Iracemápolis;Piracicaba;False;PARDA
6978;3509502.0;Campinas;Campinas;False;BRANCA
6979;3548708.0;São Bernardo do Campo;Grande SP Sudeste;False;BRANCA
6980;3529401.0;Mauá;Grande SP Sudeste;False;BRANCA
