45903;3548708.0;São Bernardo do Campo;Grande SP Sudeste;False;BRANCA
45904;3522307.0;Itapetininga;Sorocaba;False;BRANCA
45905;3543402.0;Ribeirão Preto;Ribeirão Preto;False;PARDA
45906;3552403.0;Sumaré;Campinas;False;IGNORADO
45907;3552809.0;Taboão da Serra;Grande SP Sudoeste;False;IGNORADO
45908;3529401.0;Mauá;Grande SP Sudeste;False;BRANCA
45909;3502804.0;Araçatuba;Araçatuba;False;BRANCA
45910;3544905.0;Sales Oliveira;Franca;False;BRANCA
45911;3521101.0;Ipeúna;Piracicaba;False;BRANCA
45912;3509007.0;Caieiras;Grande SP Norte;False;BRANCA
45913;3535507.0;Paraguaçu Paulista;Marília;False;AMARELA
45914;3548500.0;Santos;Baixada Santista;False;BRANCA
45915;3523602.0;Itirapina;Piracicaba;False;BRANCA
45916;3553955.0;Tarumã;Marília;False;PARDA
45917;3550308.0;São Paulo;Município de São Paulo;False;BRANCA
45918;3550308.0;São Paulo;Município de São Paulo;True;IGNORADO
45919;3541406.0;Presidente Prudente;Presidente Prudente;False;PARDA
45920;3530607.0;Mogi das Cruzes;Grande SP Leste;False;PRETA
45921;3542602.0;Registro;Registro;False;BRANCA
45922;3547809.0;Santo André;Grande SP Sudeste;False;BRANCA
45923;3516200.0;Franca;Franca;False;PARDA
45924;3537107.0;Pedreira;Campinas;False;BRANCA
45925;3524006.0;Itupeva;Campinas;False;BRANCA
45926;3532207.0;Narandiba;Presidente Prudente;False;PARDA
45927;3508108.0;Buritama;Araçatuba;False;PARDA
45928;3513504.0;Cubatão;Baixada Santista;False;BRANCA
45929;3520509.0;Indaiatuba;Campinas;False;AMARELA
45930;3518701.0;Guarujá;Baixada Santista;False;PARDA
45931;3549805.0;São José do Rio Preto;São José do Rio Preto;False;BRANCA
45932;3549904.0;São José dos Campos;Taubaté;False;BRANCA
45933;3507506.0;Botucatu;Bauru;False;PARDA
45934;3550308.0;São Paulo;Município de São Paulo;False;IGNORADO
45935;3550308.0;São Paulo;Município de São Paulo;False;BRANCA
45936;3516200.0;Franca;Franca;False;PARDA
45937;3504107.0;Atibaia;Campinas;False;BRANCA
45938;3549805.0;São José do Rio Preto;São José do Rio Preto;True;BRANCA
45939;3549805.0;São José do Rio Preto;São José do Rio Preto;False;AMARELA
45940;3550308.0;São Paulo;Município de São Paulo;False;BRANCA
45941;3550308.0;São Paulo;Município de São Paulo;False;IGNORADO
45942;3502804.0;Araçatuba;Araçatuba;False;BRANCA
45943;3509502.0;Campinas;Campinas;True;BRANCA
45944;3550308.0;São Paulo;Município de São Paulo;True;BRANCA
45945;3555604.0;Uchoa;São José do Rio Preto;False;PARDA
45946;3504800.0;Bálsamo;São José do Rio Preto;False;BRANCA
45947;3518800.0;Guarulhos;Grande SP Leste;False;BRANCA
45948;3543402.0;Ribeirão Preto;Ribeirão Preto;False;BRANCA
45949;3550308.0;São Paulo;Município de São Paulo;False;NONE
45950;3506508.0;Birigui;Araçatuba;False;BRANCA
45951;3538709.0;Piracicaba;Piracicaba;False;PARDA
45952;3550308.0;São Paulo;Município de São Paulo;False;BRANCA
45953;3550308.0;São Paulo;Município de São Paulo;False;PARDA
45954;3509502.0;Campinas;Campinas;False;PARDA
45955;3511706.0;Charqueada;Piracicaba;False;BRANCA
45956;3537404.0;Pereira Barreto;Araçatuba;False;AMARELA
45957;3538709.0;Piracicaba;Piracicaba;False;BRANCA
45958;3518800.0;Guarulhos;Grande SP Leste;False;IGNORADO
45959;3550308.0;São Paulo;Município de São Paulo;False;BRANCA
45960;3550308.0;São Paulo;Município de São Paulo;False;BRANCA
45961;3548500.0;Santos;Baixada Santista;False;IGNORADO
45962;3552403.0;Sumaré;Campinas;False;PARDA
45963;3545605.0;Santa Adélia;São José do Rio Preto;False;BRANCA
45964;3534401.0;Osasco;Grande SP Oeste;False;
45965;3524402.0;Jacareí;Taubaté;False;BRANCA
45966;3548807.0;São Caetano do Sul;Grande SP Sudeste;False;PARDA
45967;3550308.0;São Paulo;Município de São Paulo;False;BRANCA
45968;3509007.0;Caieiras;Grande SP Norte;False;PARDA
45969;3512803.0;Cosmópolis;Campinas;True;BRANCA
45970;3552700.0;Tabatinga;Araraquara;False;BRANCA
45971;3537305.0;Penápolis;Araçatuba;False;BRANCA
45972;3540705.0;Porto Ferreira;Araraquara;False;BRANCA
45973;3550308.0;São Paulo;Município de São Paulo;False;BRANCA
45974;3550704.0;São Sebastião;Taubaté;False;BRANCA
45975;3548807.0;São Caetano do Sul;Grande SP Sudeste;False;BRANCA
45976;3504206.0;Auriflama;Araçatuba;False;BRANCA
45977;3557105.0;Votuporanga;São José do Rio Preto;False;PARDA
45978;3513801.0;Diadema;Grande SP Sudeste;False;BRANCA
45979;3515707.0;Ferraz de Vasconcelos;Grande SP Leste;True;BRANCA
45980;3547809.0;Santo André;Grande SP Sudeste;False;BRANCA
45981;3515509.0;Fernandópolis;São José do Rio Preto;False;BRANCA
45982;3506003.0;Bauru;Bauru;False;IGNORADO
45983;3510005.0;Cândido Mota;Marília;False;BRANCA
45984;3550308.0;São Paulo;Município de São Paulo;False;NONE
45985;3548500.0;Santos;Baixada Santista;False;IGNORADO
45986;3550308.0;São Paulo;Município de São Paulo;False;PARDA
45987;3546306.0;Santa Cruz das Palmeiras;São João da Boa Vista;True;PARDA
45988;3543402.0;Ribeirão Preto;Ribeirão Preto;False;IGNORADO
45989;3530003.0;Mira Estrela;São José do Rio Preto;False;BRANCA
45990;3546801.0;Santa Isabel;Grande SP Leste;False;BRANCA
45991;3515103.0;Embu-Guaçu;Grande SP Sudoeste;False;PARDA
45992;3519071.0;Hortolândia;Campinas;False;BRANCA
45993;3548500.0;Santos;Baixada Santista;False;BRANCA
45994;3543402.0;Ribeirão Preto;Ribeirão Preto;False;PARDA
45995;3557154.0;Zacarias;São José do Rio Preto;False;BRANCA
45996;3524402.0;Jacareí;Taubaté;False;PRETA
45997;3512407.0;Cordeirópolis;Piracicaba;False;BRANCA
45998;3532504.0;Neves Paulista;São José do Rio Preto;False;BRANCA
45999;3534302.0;Orlândia;Franca;False;BRANCA
46000;3519071.0;Hortolândia;Campinas;False;BRANCA
46001;3550308.0;São Paulo;Município de São Paulo;True;BRANCA
46002;3550308.0;São Paulo;Município de São Paulo;False;BRANCA
46003;3513702.0;Descalvado;Araraquara;False;IGNORADO
46004;3550308.0;São Paulo;Município de São Paulo;False;PARDA
46005;3525904.0;Jundiaí;Campinas;False;PARDA
46006;3550308.0;São Paulo;Município de São Paulo;False;NONE
46007;3530607.0;Mogi das Cruzes;Grande SP Leste;False;BRANCA
46008;3543402.0;Ribeirão Preto;Ribeirão Preto;False;BRANCA
46009;3549904.0;São José dos Campos;Taubaté;False;BRANCA
46010;3523602.0;Itirapina;Piracicaba;False;
46011;3548708.0;São Bernardo do Campo;Grande SP Sudeste;False;PARDA
46012;3550308.0;São Paulo;Município de São Paulo;False;PRETA
46013;3550308.0;São Paulo;Município de São Paulo;False;BRANCA
46014;3550308.0;São Paulo;Município de São Paulo;False;BRANCA
46015;3506003.0;Bauru;Bauru;False;
46016;3546405.0;Santa Cruz do Rio Pardo;Marília;False;BRANCA
46017;3520509.0;Indaiatuba;Campinas;False;BRANCA
46018;3506003.0;Bauru;Bauru;False;IGNORADO
46019;3519402.0;Ibirá;São José do Rio Preto;False;BRANCA
46020;3543402.0;Ribeirão Preto;Ribeirão Preto;False;IGNORADO
46021;3514502.0;Duartina;Bauru;False;BRANCA
46022;3543402.0;Ribeirão Preto;Ribeirão Preto;False;PARDA
46023;3552205.0;Sorocaba;Sorocaba;False;BRANCA
46024;3530607.0;Mogi das Cruzes;Grande SP Leste;False;PRETA
46025;3513801.0;Diadema;Grande SP Sudeste;False;
46026;3533403.0;Nova Odessa;Campinas;False;BRANCA
46027;3529302.0;Matão;Araraquara;False;PARDA
46028;3522208.0;Itapecerica da Serra;Grande SP Sudoeste;False;BRANCA
46029;3525904.0;Jundiaí;Campinas;False;IGNORADO
46030;3517703.0;Guará;Franca;False;BRANCA
46031;3557105.0;Votuporanga;São José do Rio Preto;False;BRANCA
46032;3512803.0;Cosmópolis;Campinas;False;BRANCA
46033;3506003.0;Bauru;Bauru;False;IGNORADO
46034;3522604.0;Itapira;São João da Boa Vista;False;PRETA
46035;3555356.0;Ubarana;São José do Rio Preto;False;BRANCA
46036;3551900.0;Severínia;Barretos;False;IGNORADO
46037;3524105.0;Ituverava;Franca;False;IGNORADO
46038;3550308.0;São Paulo;Município de São Paulo;False;IGNORADO
46039;3550308.0;São Paulo;Município de São Paulo;False;BRANCA
46040;3529302.0;Matão;Araraquara;False;BRANCA
46041;3543402.0;Ribeirão Preto;Ribeirão Preto;False;PARDA
46042;3552205.0;Sorocaba;Sorocaba;False;NONE
46043;3543907.0;Rio Claro;Piracicaba;False;PRETA
46044;3515004.0;Embu das Artes;Grande SP Sudoeste;False;PRETA
46045;3509403.0;Cajuru;Ribeirão Preto;False;BRANCA
46046;3550308.0;São Paulo;Município de São Paulo;False;IGNORADO
46047;3550704.0;São Sebastião;Taubaté;False;NONE
