63109;3550308.0;São Paulo;Município de São Paulo;False;PARDA
63110;3549409.0;São Joaquim da Barra;Franca;False;PRETA
63111;3548708.0;São Bernardo do Campo;Grande SP Sudeste;False;PARDA
63112;3538709.0;Piracicaba;Piracicaba;False;BRANCA
63113;3509502.0;Campinas;Campinas;False;PARDA
63114;3522406.0;Itapeva;Sorocaba;False;BRANCA
63115;3535705.0;Paraíso;São José do Rio Preto;False;BRANCA
63116;3541406.0;Presidente Prudente;Presidente Prudente;False;BRANCA
63117;3514403.0;Dracena;Presidente Prudente;False;BRANCA
63118;3503901.0;Arujá;Grande SP Leste;False;BRANCA
63119;3552205.0;Sorocaba;Sorocaba;False;PARDA
63120;3550308.0;São Paulo;Município de São Paulo;False;IGNORADO
63121;3547809.0;Santo André;Grande SP Sudeste;False;BRANCA
63122;3516200.0;Franca;Franca;False;BRANCA
63123;3509502.0;Campinas;Campinas;False;BRANCA
63124;3515509.0;Fernandópolis;São José do Rio Preto;False;BRANCA
63125;3550308.0;São Paulo;Município de São Paulo;False;PARDA
63126;3549904.0;São José dos Campos;Taubaté;False;IGNORADO
63127;3509502.0;Campinas;Campinas;False;BRANCA
63128;3552502.0;Suzano;Grande SP Leste;False;BRANCA
63129;3550308.0;São Paulo;Município de São Paulo;False;IGNORADO
63130;3554102.0;Taubaté;Taubaté;False;PRETA
63131;3550308.0;São Paulo;Município de São Paulo;False;BRANCA
63132;3504008.0;Assis;Marília;False;BRANCA
63133;3551801.0;Sete Barras;Registro;False;BRANCA
63134;3529401.0;Mauá;Grande SP Sudeste;False;BRANCA
63135;3529401.0;Mauá;Grande SP Sudeste;False;BRANCA
63136;3550308.0;São Paulo;Município de São Paulo;False;BRANCA
63137;3552502.0;Suzano;Grande SP Leste;False;PARDA
63138;3548708.0;São Bernardo do Campo;Grande SP Sudeste;False;PARDA
63139;3550308.0;São Paulo;Município de São Paulo;False;NONE
63140;3531803.0;Monte Mor;Campinas;False;BRANCA
63141;3511201.0;Catiguá;São José do Rio Preto;False;IGNORADO
63142;3529401.0;Mauá;Grande SP Sudeste;False;PARDA
63143;3554003.0;Tatuí;Sorocaba;False;BRANCA
63144;3530706.0;Mogi Guaçu;São João da Boa Vista;False;BRANCA
63145;3550308.0;São Paulo;Município de São Paulo;False;BRANCA
63146;3509700.0;Campos do Jordão;Taubaté;False;BRANCA
63147;3504008.0;Assis;Marília;False;BRANCA
63148;3529401.0;Mauá;Grande SP Sudeste;False;PRETA
63149;3505807.0;Bastos;Marília;False;PARDA
63150;3548500.0;Santos;Baixada Santista;False;PARDA
63151;3511102.0;Catanduva;São José do Rio Preto;False;BRANCA
63152;3549904.0;São José dos Campos;Taubaté;False;IGNORADO
63153;3525904.0;Jundiaí;Campinas;False;PARDA
63154;3557105.0;Votuporanga;São José do Rio Preto;False;BRANCA
63155;3550308.0;São Paulo;Município de São Paulo;False;PARDA
63156;3549805.0;São José do Rio Preto;São José do Rio Preto;False;BRANCA
63157;3550308.0;São Paulo;Município de São Paulo;False;
63158;3502804.0;Araçatuba;Araçatuba;False;BRANCA
63159;3549904.0;São José dos Campos;Taubaté;False;PARDA
63160;3547809.0;Santo André;Grande SP Sudeste;False;BRANCA
63161;3550308.0;São Paulo;Município de São Paulo;False;IGNORADO
63162;3552205.0;Sorocaba;Sorocaba;False;IGNORADO
63163;3550308.0;São Paulo;Município de São Paulo;False;BRANCA
63164;3504404.0;Avanhandava;Araçatuba;False;BRANCA
63165;3550308.0;São Paulo;Município de São Paulo;False;IGNORADO
63166;3515509.0;Fernandópolis;São José do Rio Preto;False;BRANCA
63167;3534401.0;Osasco;Grande SP Oeste;False;BRANCA
63168;3539509.0;Pitangueiras;Ribeirão Preto;False;BRANCA
63169;3547809.0;Santo André;Grande SP Sudeste;False;BRANCA
63170;3538709.0;Piracicaba;Piracicaba;False;BRANCA
63171;3550308.0;São Paulo;Município de São Paulo;False;BRANCA
63172;3552205.0;Sorocaba;Sorocaba;False;BRANCA
63173;3552205.0;Sorocaba;Sorocaba;False;BRANCA
63174;3550308.0;São Paulo;Município de São Paulo;False;BRANCA
63175;3550308.0;São Paulo;Município de São Paulo;False;BRANCA
63176;3530706.0;Mogi Guaçu;São João da Boa Vista;False;BRANCA
63177;3523107.0;Itaquaquecetuba;Grande SP Leste;False;PARDA
63178;3541406.0;Presidente Prudente;Presidente Prudente;False;BRANCA
63179;3521705.0;Itaberá;Sorocaba;False;BRANCA
63180;3526902.0;Limeira;Piracicaba;False;BRANCA
63181;3509007.0;Caieiras;Grande SP Norte;False;BRANCA
63182;3548500.0;Santos;Baixada Santista;False;BRANCA
63183;3550308.0;São Paulo;Município de São Paulo;False;IGNORADO
63184;3508603.0;Cachoeira Paulista;Taubaté;False;BRANCA
63185;3522307.0;Itapetininga;Sorocaba;False;BRANCA
63186;3548500.0;Santos;Baixada Santista;False;PARDA
63187;3536604.0;Paulo de Faria;São José do Rio Preto;False;BRANCA
63188;3529401.0;Mauá;Grande SP Sudeste;False;BRANCA
63189;3530300.0;Mirassol;São José do Rio Preto;False;BRANCA
63190;3548708.0;São Bernardo do Campo;Grande SP Sudeste;False;
63191;3547809.0;Santo André;Grande SP Sudeste;False;BRANCA
63192;3548500.0;Santos;Baixada Santista;False;PRETA
63193;3552205.0;Sorocaba;Sorocaba;False;
63194;3550308.0;São Paulo;Município de São Paulo;False;BRANCA
63195;3501608.0;Americana;Campinas;False;BRANCA
63196;3550308.0;São Paulo;Município de São Paulo;False;BRANCA
63197;3548708.0;São Bernardo do Campo;Grande SP Sudeste;False;BRANCA
63198;3524303.0;Jaboticabal;Ribeirão Preto;False;IGNORADO
63199;3530706.0;Mogi Guaçu;São João da Boa Vista;False;BRANCA
63200;3516408.0;Franco da Rocha;Grande SP Norte;False;
63201;3518701.0;Guarujá;Baixada Santista;False;PARDA
63202;3550308.0;São Paulo;Município de São Paulo;False;IGNORADO
63203;3502804.0;Araçatuba;Araçatuba;False;BRANCA
63204;3506102.0;Bebedouro;Barretos;False;BRANCA
63205;3515509.0;Fernandópolis;São José do Rio Preto;False;BRANCA
63206;3501608.0;Americana;Campinas;False;BRANCA
63207;3534401.0;Osasco;Grande SP Oeste;False;BRANCA
63208;3548807.0;São Caetano do Sul;Grande SP Sudeste;False;BRANCA
63209;3543402.0;Ribeirão Preto;Ribeirão Preto;False;AMARELA
63210;3529104.0;Marinópolis;São José do Rio Preto;False;PRETA
63211;3550308.0;São Paulo;Município de São Paulo;False;PARDA
63212;3530706.0;Mogi Guaçu;São João da Boa Vista;False;BRANCA
63213;3552205.0;Sorocaba;Sorocaba;False;
63214;3548708.0;São Bernardo do Campo;Grande SP Sudeste;False;BRANCA
63215;3543907.0;Rio Claro;Piracicaba;False;BRANCA
63216;3508405.0;Cabreúva;Campinas;False;BRANCA
63217;3541604.0;Promissão;Bauru;False;BRANCA
63218;3513801.0;Diadema;Grande SP Sudeste;False;BRANCA
63219;3550308.0;São Paulo;Município de São Paulo;False;PARDA
63220;3550308.0;São Paulo;Município de São Paulo;False;BRANCA
63221;3529401.0;Mauá;Grande SP Sudeste;False;PRETA
63222;3515004.0;Embu das Artes;Grande SP Sudoeste;False;PARDA
63223;3541000.0;Praia Grande;Baixada Santista;False;PARDA
63224;3550308.0;São Paulo;Município de São Paulo;False;NONE
63225;3550308.0;São Paulo;Município de São Paulo;False;BRANCA
63226;3511102.0;Catanduva;São José do Rio Preto;False;BRANCA
63227;3505708.0;Barueri;Grande SP Oeste;False;IGNORADO
63228;3549805.0;São José do Rio Preto;São José do Rio Preto;False;BRANCA
63229;3543402.0;Ribeirão Preto;Ribeirão Preto;False;BRANCA
63230;3552502.0;Suzano;Grande SP Leste;False;AMARELA
63231;3510500.0;Caraguatatuba;Taubaté;False;BRANCA
63232;3550308.0;São Paulo;Município de São Paulo;False;BRANCA
63233;3550308.0;São Paulo;Município de São Paulo;False;IGNORADO
63234;3509502.0;Campinas;Campinas;False;BRANCA
63235;3550308.0;São Paulo;Município de São Paulo;False;PARDA
63236;3552205.0;Sorocaba;Sorocaba;False;AMARELA
63237;3550308.0;São Paulo;Município de São Paulo;False;BRANCA
63238;3550308.0;São Paulo;Município de São Paulo;False;NONE
63239;3552205.0;Sorocaba;Sorocaba;False;BRANCA
63240;3520509.0;Indaiatuba;Campinas;False;BRANCA
63241;3523909.0;Itu;Sorocaba;False;BRANCA
63242;3507605.0;Bragança Paulista;Campinas;False;BRANCA
63243;3507605.0;Bragança Paulista;Campinas;False;BRANCA
63244;3548500.0;Santos;Baixada Santista;False;AMARELA
63245;3530300.0;Mirassol;São José do Rio Preto;False;BRANCA
63246;3503901.0;Arujá;Grande SP Leste;False;AMARELA
63247;3525904.0;Jundiaí;Campinas;False;AMARELA
63248;3550308.0;São Paulo;Município de São Paulo;False;AMARELA
63249;3555000.0;Tupã;Marília;False;IGNORADO
63250;3550308.0;São Paulo;Município de São Paulo;False;PARDA
63251;3548708.0;São Bernardo do Campo;Grande SP Sudeste;True;BRANCA
