25410;3550308.0;São Paulo;Município de São Paulo;False;AMARELA
25411;3520004.0;Igaraçu do Tietê;Bauru;False;BRANCA
25412;3510500.0;Caraguatatuba;Taubaté;False;PARDA
25413;3550308.0;São Paulo;Município de São Paulo;False;BRANCA
25414;3541406.0;Presidente Prudente;Presidente Prudente;False;IGNORADO
25415;3538709.0;Piracicaba;Piracicaba;False;BRANCA
25416;3530607.0;Mogi das Cruzes;Grande SP Leste;False;NONE
25417;3529302.0;Matão;Araraquara;False;BRANCA
25418;3506003.0;Bauru;Bauru;False;BRANCA
25419;3503208.0;Araraquara;Araraquara;False;PRETA
25420;3520509.0;Indaiatuba;Campinas;False;BRANCA
25421;3529005.0;Marília;Marília;False;BRANCA
25422;3552205.0;Sorocaba;Sorocaba;False;BRANCA
25423;3550308.0;São Paulo;Município de São Paulo;False;BRANCA
25424;3550308.0;São Paulo;Município de São Paulo;False;PARDA
25425;3516200.0;Franca;Franca;False;PARDA
25426;3549805.0;São José do Rio Preto;São José do Rio Preto;False;BRANCA
25427;3550308.0;São Paulo;Município de São Paulo;False;BRANCA
25428;3555406.0;Ubatuba;Taubaté;False;BRANCA
25429;3518602.0;Guariba;Ribeirão Preto;False;BRANCA
25430;3518701.0;Guarujá;Baixada Santista;False;BRANCA
25431;3550308.0;São Paulo;Município de São Paulo;False;IGNORADO
25432;3548906.0;São Carlos;Araraquara;False;IGNORADO
25433;3522208.0;Itapecerica da Serra;Grande SP Sudoeste;False;PARDA
25434;3549904.0;São José dos Campos;Taubaté;False;IGNORADO
25435;3556206.0;Valinhos;Campinas;False;BRANCA
25436;3547809.0;Santo André;Grande SP Sudeste;False;
25437;3509700.0;Campos do Jordão;Taubaté;False;BRANCA
25438;3530607.0;Mogi das Cruzes;Grande SP Leste;False;BRANCA
25439;3552502.0;Suzano;Grande SP Leste;False;BRANCA
25440;3539608.0;Planalto;São José do Rio Preto;False;PARDA
25441;3526902.0;Limeira;Piracicaba;False;BRANCA
25442;3527306.0;Louveira;Campinas;False;PARDA
25443;3540705.0;Porto Ferreira;Araraquara;False;BRANCA
25444;3548708.0;São Bernardo do Campo;Grande SP Sudeste;False;BRANCA
25445;3550308.0;São Paulo;Município de São Paulo;False;IGNORADO
25446;3516309.0;Francisco Morato;Grande SP Norte;False;BRANCA
25447;3552205.0;Sorocaba;Sorocaba;False;BRANCA
25448;3516309.0;Francisco Morato;Grande SP Norte;False;BRANCA
25449;3538709.0;Piracicaba;Piracicaba;False;BRANCA
25450;3550308.0;São Paulo;Município de São Paulo;False;BRANCA
25451;3549805.0;São José do Rio Preto;São José do Rio Preto;False;BRANCA
25452;3531803.0;Monte Mor;Campinas;False;BRANCA
25453;3550308.0;São Paulo;Município de São Paulo;False;PARDA
25454;3516408.0;Franco da Rocha;Grande SP Norte;False;PARDA
25455;3550308.0;São Paulo;Município de São Paulo;False;BRANCA
25456;3550308.0;São Paulo;Município de São Paulo;False;PARDA
25457;3549904.0;São José dos Campos;Taubaté;False;BRANCA
25458;3550308.0;São Paulo;Município de São Paulo;False;PARDA
25459;3539004.0;Pirangi;São José do Rio Preto;False;BRANCA
25460;3550308.0;São Paulo;Município de São Paulo;False;BRANCA
25461;3507605.0;Bragança Paulista;Campinas;False;BRANCA
25462;3509908.0;Cananéia;Registro;False;PARDA
25463;3543402.0;Ribeirão Preto;Ribeirão Preto;False;PARDA
25464;3530607.0;Mogi das Cruzes;Grande SP Leste;False;
25465;3511102.0;Catanduva;São José do Rio Preto;False;PRETA
25466;3505906.0;Batatais;Ribeirão Preto;False;BRANCA
25467;3557006.0;Votorantim;Sorocaba;False;BRANCA
25468;3549805.0;São José do Rio Preto;São José do Rio Preto;False;BRANCA
25469;3519600.0;Ibitinga;Araraquara;False;BRANCA
25470;3550308.0;São Paulo;Município de São Paulo;False;IGNORADO
25471;3515707.0;Ferraz de Vasconcelos;Grande SP Leste;False;PRETA
25472;3532801.0;Nova Aliança;São José do Rio Preto;False;BRANCA
25473;3554102.0;Taubaté;Taubaté;False;BRANCA
25474;3518602.0;Guariba;Ribeirão Preto;False;BRANCA
25475;3529005.0;Marília;Marília;False;PARDA
25476;3554508.0;Tietê;Sorocaba;False;AMARELA
25477;3550308.0;São Paulo;Município de São Paulo;False;PARDA
25478;3543402.0;Ribeirão Preto;Ribeirão Preto;False;PRETA
25479;3524105.0;Ituverava;Franca;False;BRANCA
25480;3550308.0;São Paulo;Município de São Paulo;False;BRANCA
25481;3522208.0;Itapecerica da Serra;Grande SP Sudoeste;False;PARDA
25482;3510203.0;Capão Bonito;Sorocaba;False;BRANCA
25483;3550308.0;São Paulo;Município de São Paulo;False;BRANCA
25484;3525904.0;Jundiaí;Campinas;False;
25485;3515152.0;Engenheiro Coelho;Piracicaba;False;BRANCA
25486;3549805.0;São José do Rio Preto;São José do Rio Preto;False;BRANCA
25487;3518800.0;Guarulhos;Grande SP Leste;False;BRANCA
25488;3520509.0;Indaiatuba;Campinas;False;BRANCA
25489;3557006.0;Votorantim;Sorocaba;False;PARDA
25490;3532801.0;Nova Aliança;São José do Rio Preto;False;BRANCA
25491;3507506.0;Botucatu;Bauru;False;PRETA
25492;3520202.0;Igaratá;Taubaté;False;AMARELA
25493;3550308.0;São Paulo;Município de São Paulo;False;BRANCA
25494;3524808.0;Jales;São José do Rio Preto;False;BRANCA
25495;3550308.0;São Paulo;Município de São Paulo;False;PRETA
25496;3532603.0;Nhandeara;São José do Rio Preto;False;BRANCA
25497;3506102.0;Bebedouro;Barretos;False;BRANCA
25498;3506003.0;Bauru;Bauru;False;BRANCA
25499;3549904.0;São José dos Campos;Taubaté;False;PARDA
25500;3542909.0;Ribeirão Bonito;Araraquara;False;AMARELA
25501;3523206.0;Itararé;Sorocaba;False;BRANCA
25502;3510609.0;Carapicuíba;Grande SP Oeste;False;IGNORADO
25503;3526902.0;Limeira;Piracicaba;False;BRANCA
25504;3549805.0;São José do Rio Preto;São José do Rio Preto;False;BRANCA
25505;3512803.0;Cosmópolis;Campinas;False;PARDA
25506;3511102.0;Catanduva;São José do Rio Preto;False;BRANCA
25507;3510203.0;Capão Bonito;Sorocaba;False;BRANCA
25508;3516200.0;Franca;Franca;False;BRANCA
25509;3550308.0;São Paulo;Município de São Paulo;False;PARDA
25510;3541208.0;Presidente Bernardes;Presidente Prudente;False;BRANCA
25511;3556800.0;Viradouro;Barretos;False;BRANCA
25512;3534401.0;Osasco;Grande SP Oeste;False;PARDA
25513;3550308.0;São Paulo;Município de São Paulo;False;BRANCA
25514;3509502.0;Campinas;Campinas;False;IGNORADO
25515;3509601.0;Campo Limpo Paulista;Campinas;False;BRANCA
25516;3550308.0;São Paulo;Município de São Paulo;False;BRANCA
25517;3528403.0;Mairinque;Sorocaba;False;BRANCA
25518;3549805.0;São José do Rio Preto;São José do Rio Preto;False;BRANCA
25519;3550308.0;São Paulo;Município de São Paulo;False;
25520;3534401.0;Osasco;Grande SP Oeste;False;BRANCA
25521;3547809.0;Santo André;Grande SP Sudeste;False;BRANCA
25522;3550308.0;São Paulo;Município de São Paulo;False;
25523;3547809.0;Santo André;Grande SP Sudeste;False;IGNORADO
25524;3549904.0;São José dos Campos;Taubaté;False;BRANCA
25525;3538006.0;Pindamonhangaba;Taubaté;False;PARDA
25526;3541406.0;Presidente Prudente;Presidente Prudente;False;BRANCA
25527;3550308.0;São Paulo;Município de São Paulo;False;PARDA
25528;3550308.0;São Paulo;Município de São Paulo;False;AMARELA
25529;3504107.0;Atibaia;Campinas;False;BRANCA
25530;3550308.0;São Paulo;Município de São Paulo;False;NONE
25531;3550308.0;São Paulo;Município de São Paulo;False;PARDA
25532;3512407.0;Cordeirópolis;Piracicaba;False;BRANCA
25533;3524808.0;Jales;São José do Rio Preto;False;BRANCA
25534;3550100.0;São Manuel;Bauru;False;BRANCA
25535;3552205.0;Sorocaba;Sorocaba;False;BRANCA
25536;3535200.0;Palmeira d'Oeste;São José do Rio Preto;False;BRANCA
25537;3515509.0;Fernandópolis;São José do Rio Preto;False;BRANCA
25538;3547809.0;Santo André;Grande SP Sudeste;False;PARDA
25539;3543402.0;Ribeirão Preto;Ribeirão Preto;False;IGNORADO
25540;3505609.0;Barrinha;Ribeirão Preto;False;BRANCA
25541;3526704.0;Leme;Piracicaba;False;PARDA
25542;3524402.0;Jacareí;Taubaté;False;IGNORADO
25543;3521150.0;Ipiguá;São José do Rio Preto;False;BRANCA
25544;3549904.0;São José dos Campos;Taubaté;False;IGNORADO
25545;3504800.0;Bálsamo;São José do Rio Preto;False;BRANCA
25546;3510609.0;Carapicuíba;Grande SP Oeste;False;PARDA
25547;3549805.0;São José do Rio Preto;São José do Rio Preto;False;BRANCA
25548;3518800.0;Guarulhos;Grande SP Leste;False;PARDA
25549;3518503.0;Guareí;Sorocaba;False;
25550;3538709.0;Piracicaba;Piracicaba;False;
25551;3509502.0;Campinas;Campinas;False;BRANCA
25552;3550308.0;São Paulo;Município de São Paulo;False;PRETA
