5258;3503901.0;Arujá;Grande SP Leste;False;PARDA
5259;3501608.0;Americana;Campinas;False;BRANCA
5260;3550308.0;São Paulo;Município de São Paulo;False;IGNORADO
5261;3534401.0;Osasco;Grande SP Oeste;False;PARDA
5262;3549904.0;São José dos Campos;Taubaté;False;IGNORADO
5263;3550308.0;São Paulo;Município de São Paulo;False;PRETA
5264;3515186.0;Espírito Santo do Pinhal;São João da Boa Vista;False;IGNORADO
5265;3550308.0;São Paulo;Município de São Paulo;False;PARDA
5266;3550308.0;São Paulo;Município de São Paulo;False;BRANCA
5267;3550308.0;São Paulo;Município de São Paulo;False;BRANCA
5268;3501608.0;Americana;Campinas;False;BRANCA
5269;3513405.0;Cruzeiro;Taubaté;False;BRANCA
5270;3523107.0;Itaquaquecetuba;Grande SP Leste;False;AMARELA
5271;3554102.0;Taubaté;Taubaté;False;BRANCA
5272;3550308.0;São Paulo;Município de São Paulo;False;IGNORADO
5273;3550308.0;São Paulo;Município de São Paulo;False;BRANCA
5274;3543303.0;Ribeirão Pires;Grande SP Sudeste;False;BRANCA
5275;3509502.0;Campinas;Campinas;False;PARDA
5276;3507456.0;Borebi;Bauru;False;BRANCA
5277;3547809.0;Santo André;Grande SP Sudeste;False;BRANCA
5278;3550308.0;São Paulo;Município de São Paulo;False;BRANCA
5279;3503208.0;Araraquara;Araraquara;False;PARDA
5280;3530300.0;Mirassol;São José do Rio Preto;False;BRANCA
5281;3548708.0;São Bernardo do Campo;Grande SP Sudeste;False;NONE
5282;3515004.0;Embu das Artes;Grande SP Sudoeste;False;PARDA
5283;3522505.0;Itapevi;Grande SP Oeste;False;AMARELA
5284;3550308.0;São Paulo;Município de São Paulo;False;PARDA
5285;3531902.0;Morro Agudo;Franca;False;PARDA
5286;3550308.0;São Paulo;Município de São Paulo;False;NONE
5287;3533908.0;Olímpia;Barretos;False;BRANCA
5288;3504008.0;Assis;Marília;False;
5289;3542503.0;Reginópolis;Bauru;False;BRANCA
5290;3550308.0;São Paulo;Município de São Paulo;False;PARDA
5291;3507100.0;Bom Jesus dos Perdões;Campinas;False;BRANCA
5292;3550308.0;São Paulo;Município de São Paulo;False;PARDA
5293;3535507.0;Paraguaçu Paulista;Marília;False;BRANCA
5294;3552205.0;Sorocaba;Sorocaba;False;
5295;3549904.0;São José dos Campos;Taubaté;False;BRANCA
5296;3549409.0;São Joaquim da Barra;Franca;False;BRANCA
5297;3513009.0;Cotia;Grande SP Sudoeste;False;PARDA
5298;3516309.0;Francisco Morato;Grande SP Norte;False;BRANCA
5299;3510609.0;Carapicuíba;Grande SP Oeste;False;PARDA
5300;3550308.0;São Paulo;Município de São Paulo;False;AMARELA
5301;3550308.0;São Paulo;Município de São Paulo;False;PARDA
5302;3555406.0;Ubatuba;Taubaté;False;PARDA
5303;3547304.0;Santana de Parnaíba;Grande SP Oeste;True;BRANCA
5304;3550308.0;São Paulo;Município de São Paulo;False;PARDA
5305;3549805.0;São José do Rio Preto;São José do Rio Preto;False;BRANCA
5306;3509007.0;Caieiras;Grande SP Norte;False;PARDA
5307;3550308.0;São Paulo;Município de São Paulo;True;PARDA
5308;3548500.0;Santos;Baixada Santista;False;PARDA
5309;3550308.0;São Paulo;Município de São Paulo;False;NONE
5310;3550308.0;São Paulo;Município de São Paulo;False;IGNORADO
5311;3530706.0;Mogi Guaçu;São João da Boa Vista;False;BRANCA
5312;3534401.0;Osasco;Grande SP Oeste;False;BRANCA
5313;3508405.0;Cabreúva;Campinas;False;PARDA
5314;3525300.0;Jaú;Bauru;False;BRANCA
5315;3546603.0;Santa Fé do Sul;São José do Rio Preto;False;BRANCA
5316;3530508.0;Mococa;São João da Boa Vista;False;BRANCA
5317;3520509.0;Indaiatuba;Campinas;False;BRANCA
5318;3538006.0;Pindamonhangaba;Taubaté;False;BRANCA
5319;3550308.0;São Paulo;Município de São Paulo;False;BRANCA
5320;3523404.0;Itatiba;Campinas;False;BRANCA
5321;3526704.0;Leme;Piracicaba;False;BRANCA
5322;3509502.0;Campinas;Campinas;False;BRANCA
5323;3505500.0;Barretos;Barretos;False;PARDA
5324;3524907.0;Jambeiro;Taubaté;False;PARDA
5325;3541307.0;Presidente Epitácio;Presidente Prudente;False;PARDA
5326;3549904.0;São José dos Campos;Taubaté;False;IGNORADO
5327;3520509.0;Indaiatuba;Campinas;False;BRANCA
5328;3509502.0;Campinas;Campinas;False;BRANCA
5329;3542602.0;Registro;Registro;False;BRANCA
5330;3550308.0;São Paulo;Município de São Paulo;False;BRANCA
5331;3541000.0;Praia Grande;Baixada Santista;False;PARDA
5332;3522109.0;Itanhaém;Baixada Santista;False;BRANCA
5333;3504503.0;Avaré;Bauru;False;BRANCA
5334;3548500.0;Santos;Baixada Santista;False;
5335;3552809.0;Taboão da Serra;Grande SP Sudoeste;False;BRANCA
5336;3500709.0;Agudos;Bauru;False;BRANCA
5337;3541000.0;Praia Grande;Baixada Santista;False;BRANCA
5338;3550308.0;São Paulo;Município de São Paulo;True;NONE
5339;3550308.0;São Paulo;Município de São Paulo;False;PARDA
5340;3522307.0;Itapetininga;Sorocaba;False;BRANCA
5341;3552205.0;Sorocaba;Sorocaba;False;BRANCA
5342;3538709.0;Piracicaba;Piracicaba;False;BRANCA
5343;3550308.0;São Paulo;Município de São Paulo;False;PARDA
5344;3512407.0;Cordeirópolis;Piracicaba;False;IGNORADO
5345;3543402.0;Ribeirão Preto;Ribeirão Preto;False;BRANCA
5346;3525003.0;Jandira;Grande SP Oeste;False;BRANCA
5347;3550308.0;São Paulo;Município de São Paulo;False;NONE
5348;3520509.0;Indaiatuba;Campinas;False;PARDA
5349;3522406.0;Itapeva;Sorocaba;False;BRANCA
5350;3548906.0;São Carlos;Araraquara;False;BRANCA
5351;3502804.0;Araçatuba;Araçatuba;False;BRANCA
5352;3551009.0;São Vicente;Baixada Santista;False;IGNORADO
5353;3512803.0;Cosmópolis;Campinas;False;PARDA
5354;3550308.0;São Paulo;Município de São Paulo;False;PARDA
5355;3550308.0;São Paulo;Município de São Paulo;False;
5356;3548500.0;Santos;Baixada Santista;False;NONE
5357;3539103.0;Pirapora do Bom Jesus;Grande SP Oeste;False;BRANCA
5358;3550308.0;São Paulo;Município de São Paulo;False;PARDA
5359;3547304.0;Santana de Parnaíba;Grande SP Oeste;False;BRANCA
5360;3552304.0;Sud Mennucci;Araçatuba;False;BRANCA
5361;3518800.0;Guarulhos;Grande SP Leste;False;PRETA
5362;3500709.0;Agudos;Bauru;False;BRANCA
5363;3510203.0;Capão Bonito;Sorocaba;False;BRANCA
5364;3503208.0;Araraquara;Araraquara;False;BRANCA
5365;3529401.0;Mauá;Grande SP Sudeste;False;BRANCA
5366;3529401.0;Mauá;Grande SP Sudeste;False;
5367;3536703.0;Pederneiras;Bauru;False;BRANCA
5368;3552809.0;Taboão da Serra;Grande SP Sudoeste;False;PARDA
5369;3527108.0;Lins;Bauru;False;PARDA
5370;3550308.0;São Paulo;Município de São Paulo;False;BRANCA
5371;3550308.0;São Paulo;Município de São Paulo;False;BRANCA
5372;3547809.0;Santo André;Grande SP Sudeste;False;BRANCA
5373;3511102.0;Catanduva;São José do Rio Preto;False;BRANCA
5374;3556404.0;Vargem Grande do Sul;São João da Boa Vista;False;BRANCA
5375;3552205.0;Sorocaba;Sorocaba;False;BRANCA
5376;3550308.0;São Paulo;Município de São Paulo;False;PARDA
5377;3550308.0;São Paulo;Município de São Paulo;True;IGNORADO
5378;3550308.0;São Paulo;Município de São Paulo;False;AMARELA
5379;3516200.0;Franca;Franca;False;BRANCA
5380;3516200.0;Franca;Franca;False;BRANCA
5381;3550308.0;São Paulo;Município de São Paulo;False;PARDA
5382;3538709.0;Piracicaba;Piracicaba;False;BRANCA
5383;3509502.0;Campinas;Campinas;False;BRANCA
5384;3550308.0;São Paulo;Município de São Paulo;False;PARDA
5385;3527108.0;Lins;Bauru;False;PRETA
5386;3528007.0;Macatuba;Bauru;False;BRANCA
5387;3523206.0;Itararé;Sorocaba;False;BRANCA
5388;3521002.0;Iperó;Sorocaba;False;BRANCA
5389;3505500.0;Barretos;Barretos;False;NONE
5390;3523404.0;Itatiba;Campinas;False;BRANCA
5391;3520442.0;Ilha Solteira;Araçatuba;False;PARDA
5392;3549805.0;São José do Rio Preto;São José do Rio Preto;False;BRANCA
5393;3507506.0;Botucatu;Bauru;False;BRANCA
5394;3518800.0;Guarulhos;Grande SP Leste;False;BRANCA
5395;3522901.0;Itapuí;Bauru;False;BRANCA
5396;3511102.0;Catanduva;São José do Rio Preto;False;BRANCA
5397;3547502.0;Santa Rita do Passa Quatro;Ribeirão Preto;False;BRANCA
5398;3549805.0;São José do Rio Preto;São José do Rio Preto;False;IGNORADO
5399;3539509.0;Pitangueiras;Ribeirão Preto;False;BRANCA
5400;3525904.0;Jundiaí;Campinas;False;BRANCA
5401;3541703.0;Quatá;Presidente Prudente;False;BRANCA
5402;3511102.0;Catanduva;São José do Rio Preto;False;BRANCA
5403;3538709.0;Piracicaba;Piracicaba;False;NONE
5404;3510500.0;Caraguatatuba;Taubaté;False;PARDA
5405;3530300.0;Mirassol;São José do Rio Preto;False;BRANCA
5406;3536703.0;Pederneiras;Bauru;False;BRANCA
