8445;3554102.0;Taubaté;Taubaté;False;IGNORADO
8446;3550308.0;São Paulo;Município de São Paulo;False;PARDA
8447;3548708.0;São Bernardo do Campo;Grande SP Sudeste;False;BRANCA
8448;3518503.0;Guareí;Sorocaba;False;BRANCA
8449;3550308.0;São Paulo;Município de São Paulo;False;PARDA
8450;3550308.0;São Paulo;Município de São Paulo;False;BRANCA
8451;3550308.0;São Paulo;Município de São Paulo;False;BRANCA
8452;3550308.0;São Paulo;Município de São Paulo;False;NONE
8453;3550308.0;São Paulo;Município de São Paulo;False;BRANCA
8454;3548708.0;São Bernardo do Campo;Grande SP Sudeste;False;BRANCA
8455;3550308.0;São Paulo;Município de São Paulo;False;IGNORADO
8456;3548500.0;Santos;Baixada Santista;False;AMARELA
8457;3543402.0;Ribeirão Preto;Ribeirão Preto;False;BRANCA
8458;3550308.0;São Paulo;Município de São Paulo;False;BRANCA
8459;3543402.0;Ribeirão Preto;Ribeirão Preto;False;BRANCA
8460;3518800.0;Guarulhos;Grande SP Leste;False;PARDA
8461;3509502.0;Campinas;Campinas;False;BRANCA
8462;3550308.0;São Paulo;Município de São Paulo;False;BRANCA
8463;3515152.0;Engenheiro Coelho;Piracicaba;False;BRANCA
8464;3550308.0;São Paulo;Município de São Paulo;False;PARDA
8465;3518800.0;Guarulhos;Grande SP Leste;False;BRANCA
8466;3523909.0;Itu;Sorocaba;False;BRANCA
8467;3550308.0;São Paulo;Município de São Paulo;False;PARDA
8468;3550308.0;São Paulo;Município de São Paulo;False;NONE
8469;3550308.0;São Paulo;Município de São Paulo;False;IGNORADO
8470;3548500.0;Santos;Baixada Santista;False;PARDA
8471;3513801.0;Diadema;Grande SP Sudeste;False;IGNORADO
8472;3549805.0;São José do Rio Preto;São José do Rio Preto;False;PARDA
8473;3524808.0;Jales;São José do Rio Preto;False;BRANCA
8474;3552403.0;Sumaré;Campinas;False;BRANCA
8475;3552809.0;Taboão da Serra;Grande SP Sudoeste;False;BRANCA
8476;3552205.0;Sorocaba;Sorocaba;False;BRANCA
8477;3509502.0;Campinas;Campinas;False;BRANCA
8478;3550100.0;São Manuel;Bauru;False;PARDA
8479;3545803.0;Santa Bárbara d'Oeste;Campinas;False;BRANCA
8480;3506003.0;Bauru;Bauru;False;BRANCA
8481;3554102.0;Taubaté;Taubaté;False;IGNORADO
8482;3550308.0;São Paulo;Município de São Paulo;False;AMARELA
8483;3502804.0;Araçatuba;Araçatuba;False;BRANCA
8484;3537107.0;Pedreira;Campinas;False;PARDA
8485;3525003.0;Jandira;Grande SP Oeste;False;AMARELA
8486;3550308.0;São Paulo;Município de São Paulo;False;BRANCA
8487;3530805.0;Mogi Mirim;São João da Boa Vista;False;PARDA
8488;3549904.0;São José dos Campos;Taubaté;False;BRANCA
8489;3506003.0;Bauru;Bauru;False;IGNORADO
8490;3552403.0;Sumaré;Campinas;False;BRANCA
8491;3516200.0;Franca;Franca;False;PARDA
8492;3548708.0;São Bernardo do Campo;Grande SP Sudeste;False;BRANCA
8493;3550308.0;São Paulo;Município de São Paulo;False;
8494;3552205.0;Sorocaba;Sorocaba;False;PRETA
8495;3527207.0;Lorena;Taubaté;False;BRANCA
8496;3509809.0;Campos Novos Paulista;Marília;False;BRANCA
8497;3547809.0;Santo André;Grande SP Sudeste;False;BRANCA
8498;3502804.0;Araçatuba;Araçatuba;False;BRANCA
8499;3550308.0;São Paulo;Município de São Paulo;False;IGNORADO
8500;3548500.0;Santos;Baixada Santista;False;NONE
8501;3522505.0;Itapevi;Grande SP Oeste;False;BRANCA
8502;3523404.0;Itatiba;Campinas;False;IGNORADO
8503;3520400.0;Ilhabela;Taubaté;False;BRANCA
8504;3513504.0;Cubatão;Baixada Santista;False;PRETA
8505;3503307.0;Araras;Piracicaba;False;BRANCA
8506;3552205.0;Sorocaba;Sorocaba;False;BRANCA
8507;3502903.0;Araçoiaba da Serra;Sorocaba;False;BRANCA
8508;3552403.0;Sumaré;Campinas;False;BRANCA
8509;3534401.0;Osasco;Grande SP Oeste;False;PARDA
8510;3550308.0;São Paulo;Município de São Paulo;False;IGNORADO
8511;3509601.0;Campo Limpo Paulista;Campinas;False;BRANCA
8512;3550308.0;São Paulo;Município de São Paulo;False;PRETA
8513;3522505.0;Itapevi;Grande SP Oeste;False;BRANCA
8514;3550308.0;São Paulo;Município de São Paulo;True;BRANCA
8515;3501608.0;Americana;Campinas;False;BRANCA
8516;3501608.0;Americana;Campinas;False;IGNORADO
8517;3555406.0;Ubatuba;Taubaté;False;IGNORADO
8518;3550308.0;São Paulo;Município de São Paulo;False;PARDA
8519;3550308.0;São Paulo;Município de São Paulo;False;PARDA
8520;3529401.0;Mauá;Grande SP Sudeste;False;BRANCA
8521;3541604.0;Promissão;Bauru;False;PARDA
8522;3510500.0;Caraguatatuba;Taubaté;False;BRANCA
8523;3524402.0;Jacareí;Taubaté;False;PARDA
8524;3550308.0;São Paulo;Município de São Paulo;False;BRANCA
8525;3510500.0;Caraguatatuba;Taubaté;False;PARDA
8526;3550308.0;São Paulo;Município de São Paulo;False;IGNORADO
8527;3550308.0;São Paulo;Município de São Paulo;False;NONE
8528;3552403.0;Sumaré;Campinas;False;BRANCA
8529;3548500.0;Santos;Baixada Santista;False;IGNORADO
8530;3550308.0;São Paulo;Município de São Paulo;False;BRANCA
8531;3550308.0;São Paulo;Município de São Paulo;False;BRANCA
8532;3510500.0;Caraguatatuba;Taubaté;False;NONE
8533;3522604.0;Itapira;São João da Boa Vista;False;IGNORADO
8534;3502002.0;Analândia;Piracicaba;False;BRANCA
8535;3509502.0;Campinas;Campinas;False;BRANCA
8536;3509502.0;Campinas;Campinas;False;BRANCA
8537;3502804.0;Araçatuba;Araçatuba;False;PARDA
8538;3550308.0;São Paulo;Município de São Paulo;False;BRANCA
8539;3525904.0;Jundiaí;Campinas;False;IGNORADO
8540;3509502.0;Campinas;Campinas;False;BRANCA
8541;3506003.0;Bauru;Bauru;False;IGNORADO
8542;3550308.0;São Paulo;Município de São Paulo;False;PRETA
8543;3544004.0;Rio das Pedras;Piracicaba;False;BRANCA
8544;3512803.0;Cosmópolis;Campinas;False;IGNORADO
8545;3543402.0;Ribeirão Preto;Ribeirão Preto;False;BRANCA
8546;3506805.0;Bocaina;Bauru;False;BRANCA
8547;3543402.0;Ribeirão Preto;Ribeirão Preto;False;IGNORADO
8548;3548906.0;São Carlos;Araraquara;False;IGNORADO
8549;3550308.0;São Paulo;Município de São Paulo;False;BRANCA
8550;3522307.0;Itapetininga;Sorocaba;False;BRANCA
8551;3548906.0;São Carlos;Araraquara;False;IGNORADO
8552;3545803.0;Santa Bárbara d'Oeste;Campinas;False;BRANCA
8553;3526803.0;Lençóis Paulista;Bauru;False;PARDA
8554;3530508.0;Mococa;São João da Boa Vista;False;BRANCA
8555;3501608.0;Americana;Campinas;False;BRANCA
8556;3543402.0;Ribeirão Preto;Ribeirão Preto;False;BRANCA
8557;3530805.0;Mogi Mirim;São João da Boa Vista;False;BRANCA
8558;3518404.0;Guaratinguetá;Taubaté;False;PARDA
8559;3552205.0;Sorocaba;Sorocaba;False;BRANCA
8560;3552205.0;Sorocaba;Sorocaba;False;BRANCA
8561;3549805.0;São José do Rio Preto;São José do Rio Preto;False;BRANCA
8562;3513603.0;Cunha;Taubaté;False;PARDA
8563;3536505.0;Paulínia;Campinas;False;PRETA
8564;3550308.0;São Paulo;Município de São Paulo;False;BRANCA
8565;3549904.0;São José dos Campos;Taubaté;False;BRANCA
8566;3509502.0;Campinas;Campinas;False;BRANCA
8567;3509502.0;Campinas;Campinas;False;BRANCA
8568;3534401.0;Osasco;Grande SP Oeste;False;BRANCA
8569;3522000.0;Itaju;Bauru;False;AMARELA
8570;3525904.0;Jundiaí;Campinas;False;PARDA
8571;3555406.0;Ubatuba;Taubaté;False;IGNORADO
8572;3504503.0;Avaré;Bauru;False;BRANCA
8573;3550308.0;São Paulo;Município de São Paulo;False;BRANCA
8574;3503802.0;Artur Nogueira;Campinas;False;IGNORADO
8575;3545803.0;Santa Bárbara d'Oeste;Campinas;False;BRANCA
8576;3557105.0;Votuporanga;São José do Rio Preto;False;BRANCA
8577;3534708.0;Ourinhos;Marília;False;BRANCA
8578;3509502.0;Campinas;Campinas;False;BRANCA
8579;3548708.0;São Bernardo do Campo;Grande SP Sudeste;False;IGNORADO
8580;3538006.0;Pindamonhangaba;Taubaté;False;BRANCA
8581;3549904.0;São José dos Campos;Taubaté;False;BRANCA
8582;3550308.0;São Paulo;Município de São Paulo;False;
8583;3550308.0;São Paulo;Município de São Paulo;False;IGNORADO
8584;3518800.0;Guarulhos;Grande SP Leste;False;BRANCA
8585;3507605.0;Bragança Paulista;Campinas;False;BRANCA
8586;3550308.0;São Paulo;Município de São Paulo;False;NONE
8587;3550308.0;São Paulo;Município de São Paulo;False;PARDA
8588;3550308.0;São Paulo;Município de São Paulo;False;PARDA
8589;3534401.0;Osasco;Grande SP Oeste;False;BRANCA
8590;3524303.0;Jaboticabal;Ribeirão Preto;False;BRANCA
8591;3550308.0;São Paulo;Município de São Paulo;False;PRETA
8592;3509502.0;Campinas;Campinas;False;PRETA
8593;3550308.0;São Paulo;Município de São Paulo;False;PARDA
8594;3522208.0;Itapecerica da Serra;Grande SP Sudoeste;False;BRANCA
