30533;3529203.0;Martinópolis;Presidente Prudente;False;BRANCA
30534;3518800.0;Guarulhos;Grande SP Leste;False;PARDA
30535;3555406.0;Ubatuba;Taubaté;False;BRANCA
30536;3516309.0;Francisco Morato;Grande SP Norte;False;PARDA
30537;3550308.0;São Paulo;Município de São Paulo;False;PARDA
30538;3550308.0;São Paulo;Município de São Paulo;False;BRANCA
30539;3552502.0;Suzano;Grande SP Leste;False;BRANCA
30540;3550308.0;São Paulo;Município de São Paulo;False;IGNORADO
30541;3518701.0;Guarujá;Baixada Santista;False;PARDA
30542;3549904.0;São José dos Campos;Taubaté;False;BRANCA
30543;3534401.0;Osasco;Grande SP Oeste;False;BRANCA
30544;3513801.0;Diadema;Grande SP Sudeste;False;BRANCA
30545;3550308.0;São Paulo;Município de São Paulo;True;PARDA
30546;3507902.0;Brotas;Bauru;False;BRANCA
30547;3550308.0;São Paulo;Município de São Paulo;False;BRANCA
30548;3548708.0;São Bernardo do Campo;Grande SP Sudeste;False;BRANCA
30549;3533007.0;Nova Granada;São José do Rio Preto;False;BRANCA
30550;3548500.0;Santos;Baixada Santista;False;BRANCA
30551;3509502.0;Campinas;Campinas;False;BRANCA
30552;3505708.0;Barueri;Grande SP Oeste;False;IGNORADO
30553;3510401.0;Capivari;Piracicaba;False;BRANCA
30554;3501152.0;Alumínio;Sorocaba;False;IGNORADO
30555;3550308.0;São Paulo;Município de São Paulo;False;PARDA
30556;3550308.0;São Paulo;Município de São Paulo;False;IGNORADO
30557;3550308.0;São Paulo;Município de São Paulo;False;PARDA
30558;3550308.0;São Paulo;Município de São Paulo;False;BRANCA
30559;3550308.0;São Paulo;Município de São Paulo;False;PARDA
30560;3523107.0;Itaquaquecetuba;Grande SP Leste;False;AMARELA
30561;3518800.0;Guarulhos;Grande SP Leste;False;PARDA
30562;3526704.0;Leme;Piracicaba;False;IGNORADO
30563;3509908.0;Cananéia;Registro;False;BRANCA
30564;3503901.0;Arujá;Grande SP Leste;False;IGNORADO
30565;3550308.0;São Paulo;Município de São Paulo;False;PARDA
30566;3543907.0;Rio Claro;Piracicaba;False;BRANCA
30567;3511508.0;Cerquilho;Sorocaba;False;AMARELA
30568;3552205.0;Sorocaba;Sorocaba;False;BRANCA
30569;3550308.0;São Paulo;Município de São Paulo;False;BRANCA
30570;3546306.0;Santa Cruz das Palmeiras;São João da Boa Vista;False;BRANCA
30571;3550308.0;São Paulo;Município de São Paulo;False;NONE
30572;3543402.0;Ribeirão Preto;Ribeirão Preto;False;PRETA
30573;3550308.0;São Paulo;Município de São Paulo;False;BRANCA
30574;3513504.0;Cubatão;Baixada Santista;False;PARDA
30575;3550308.0;São Paulo;Município de São Paulo;False;PARDA
30576;3550308.0;São Paulo;Município de São Paulo;False;BRANCA
30577;3550308.0;São Paulo;Município de São Paulo;False;PARDA
30578;3550308.0;São Paulo;Município de São Paulo;False;NONE
30579;3550308.0;São Paulo;Município de São Paulo;False;BRANCA
30580;3514403.0;Dracena;Presidente Prudente;False;BRANCA
30581;3518800.0;Guarulhos;Grande SP Leste;False;
30582;3550308.0;São Paulo;Município de São Paulo;False;PRETA
30583;3550308.0;São Paulo;Município de São Paulo;False;BRANCA
30584;3550308.0;São Paulo;Município de São Paulo;False;PARDA
30585;3550308.0;São Paulo;Município de São Paulo;False;IGNORADO
30586;3545803.0;Santa Bárbara d'Oeste;Campinas;False;BRANCA
30587;3550308.0;São Paulo;Município de São Paulo;False;PARDA
30588;3550308.0;São Paulo;Município de São Paulo;False;BRANCA
30589;3518701.0;Guarujá;Baixada Santista;False;AMARELA
30590;3504701.0;Balbinos;Bauru;False;BRANCA
30591;3548708.0;São Bernardo do Campo;Grande SP Sudeste;True;BRANCA
30592;3554003.0;Tatuí;Sorocaba;False;
30593;3550308.0;São Paulo;Município de São Paulo;False;PARDA
30594;3552205.0;Sorocaba;Sorocaba;False;BRANCA
30595;3550308.0;São Paulo;Município de São Paulo;False;IGNORADO
30596;3548500.0;Santos;Baixada Santista;False;BRANCA
30597;3550308.0;São Paulo;Município de São Paulo;False;NONE
30598;3522604.0;Itapira;São João da Boa Vista;False;AMARELA
30599;3526209.0;Juquitiba;Grande SP Sudoeste;False;BRANCA
30600;3546306.0;Santa Cruz das Palmeiras;São João da Boa Vista;False;PARDA
30601;3530706.0;Mogi Guaçu;São João da Boa Vista;False;
30602;3548708.0;São Bernardo do Campo;Grande SP Sudeste;False;BRANCA
30603;3548906.0;São Carlos;Araraquara;True;BRANCA
30604;3552809.0;Taboão da Serra;Grande SP Sudoeste;False;PARDA
30605;3550308.0;São Paulo;Município de São Paulo;True;NONE
30606;3550308.0;São Paulo;Município de São Paulo;False;IGNORADO
30607;3550308.0;São Paulo;Município de São Paulo;False;PARDA
30608;3515707.0;Ferraz de Vasconcelos;Grande SP Leste;False;BRANCA
30609;3550308.0;São Paulo;Município de São Paulo;False;IGNORADO
30610;3550308.0;São Paulo;Município de São Paulo;False;PARDA
30611;3550308.0;São Paulo;Município de São Paulo;False;PARDA
30612;3512803.0;Cosmópolis;Campinas;False;AMARELA
30613;3550308.0;São Paulo;Município de São Paulo;False;IGNORADO
30614;3548500.0;Santos;Baixada Santista;False;IGNORADO
30615;3550308.0;São Paulo;Município de São Paulo;False;PARDA
30616;3549904.0;São José dos Campos;Taubaté;False;PARDA
30617;3550308.0;São Paulo;Município de São Paulo;False;PARDA
30618;3523107.0;Itaquaquecetuba;Grande SP Leste;False;AMARELA
30619;3548500.0;Santos;Baixada Santista;False;BRANCA
30620;3550308.0;São Paulo;Município de São Paulo;True;NONE
30621;3550308.0;São Paulo;Município de São Paulo;False;PARDA
30622;3550308.0;São Paulo;Município de São Paulo;False;PARDA
30623;3550308.0;São Paulo;Município de São Paulo;False;IGNORADO
30624;3522505.0;Itapevi;Grande SP Oeste;False;BRANCA
30625;3534401.0;Osasco;Grande SP Oeste;False;BRANCA
30626;3550308.0;São Paulo;Município de São Paulo;False;AMARELA
30627;3550308.0;São Paulo;Município de São Paulo;False;PARDA
30628;3554102.0;Taubaté;Taubaté;False;BRANCA
30629;3550308.0;São Paulo;Município de São Paulo;False;PARDA
30630;3548906.0;São Carlos;Araraquara;False;BRANCA
30631;3551702.0;Sertãozinho;Ribeirão Preto;False;BRANCA
30632;3507605.0;Bragança Paulista;Campinas;False;BRANCA
30633;3538709.0;Piracicaba;Piracicaba;False;BRANCA
30634;3547809.0;Santo André;Grande SP Sudeste;False;BRANCA
30635;3550308.0;São Paulo;Município de São Paulo;True;IGNORADO
30636;3518800.0;Guarulhos;Grande SP Leste;False;BRANCA
30637;3525904.0;Jundiaí;Campinas;False;BRANCA
30638;3550308.0;São Paulo;Município de São Paulo;False;IGNORADO
30639;3523107.0;Itaquaquecetuba;Grande SP Leste;False;BRANCA
30640;3515707.0;Ferraz de Vasconcelos;Grande SP Leste;False;BRANCA
30641;3507803.0;Brodowski;Ribeirão Preto;False;BRANCA
30642;3548708.0;São Bernardo do Campo;Grande SP Sudeste;False;BRANCA
30643;3539806.0;Poá;Grande SP Leste;False;BRANCA
30644;3509502.0;Campinas;Campinas;False;BRANCA
30645;3548500.0;Santos;Baixada Santista;False;PARDA
30646;3536505.0;Paulínia;Campinas;False;PARDA
30647;3542206.0;Rancharia;Presidente Prudente;True;BRANCA
30648;3509502.0;Campinas;Campinas;True;BRANCA
30649;3509502.0;Campinas;Campinas;False;BRANCA
30650;3550308.0;São Paulo;Município de São Paulo;False;NONE
30651;3556701.0;Vinhedo;Campinas;False;IGNORADO
30652;3547809.0;Santo André;Grande SP Sudeste;False;BRANCA
30653;3550308.0;São Paulo;Município de São Paulo;False;IGNORADO
30654;3550308.0;São Paulo;Município de São Paulo;False;BRANCA
30655;3513504.0;Cubatão;Baixada Santista;False;BRANCA
30656;3550308.0;São Paulo;Município de São Paulo;False;NONE
30657;3550308.0;São Paulo;Município de São Paulo;False;PARDA
30658;3513801.0;Diadema;Grande SP Sudeste;True;IGNORADO
30659;3550308.0;São Paulo;Município de São Paulo;True;IGNORADO
30660;3550308.0;São Paulo;Município de São Paulo;False;PARDA
30661;3510609.0;Carapicuíba;Grande SP Oeste;False;BRANCA
30662;3505500.0;Barretos;Barretos;False;BRANCA
30663;3505708.0;Barueri;Grande SP Oeste;False;IGNORADO
30664;3547809.0;Santo André;Grande SP Sudeste;False;BRANCA
30665;3548807.0;São Caetano do Sul;Grande SP Sudeste;False;PARDA
30666;3509502.0;Campinas;Campinas;False;BRANCA
30667;3524600.0;Jacupiranga;Registro;False;BRANCA
30668;3550308.0;São Paulo;Município de São Paulo;False;NONE
30669;3550308.0;São Paulo;Município de São Paulo;False;BRANCA
30670;3550308.0;São Paulo;Município de São Paulo;False;BRANCA
30671;3550308.0;São Paulo;Município de São Paulo;False;IGNORADO
