38514;3509502.0;Campinas;Campinas;False;BRANCA
38515;3513702.0;Descalvado;Araraquara;False;BRANCA
38516;3510609.0;Carapicuíba;Grande SP Oeste;True;PARDA
38517;3522307.0;Itapetininga;Sorocaba;False;BRANCA
38518;3536703.0;Pederneiras;Bauru;False;BRANCA
38519;3502804.0;Araçatuba;Araçatuba;False;BRANCA
38520;3503208.0;Araraquara;Araraquara;False;BRANCA
38521;3528502.0;Mairiporã;Grande SP Norte;False;PARDA
38522;3530300.0;Mirassol;São José do Rio Preto;False;PARDA
38523;3530706.0;Mogi Guaçu;São João da Boa Vista;False;IGNORADO
38524;3544202.0;Riolândia;São José do Rio Preto;False;PARDA
38525;3549805.0;São José do Rio Preto;São José do Rio Preto;False;BRANCA
38526;3550308.0;São Paulo;Município de São Paulo;False;BRANCA
38527;3554003.0;Tatuí;Sorocaba;False;BRANCA
38528;3550209.0;São Miguel Arcanjo;Sorocaba;False;BRANCA
38529;3555406.0;Ubatuba;Taubaté;False;IGNORADO
38530;3540200.0;Pontal;Ribeirão Preto;False;BRANCA
38531;3531902.0;Morro Agudo;Franca;False;BRANCA
38532;3556602.0;Vera Cruz;Marília;False;PARDA
38533;3550308.0;São Paulo;Município de São Paulo;False;IGNORADO
38534;3537107.0;Pedreira;Campinas;False;BRANCA
38535;3509502.0;Campinas;Campinas;False;BRANCA
38536;3538709.0;Piracicaba;Piracicaba;False;BRANCA
38537;3550308.0;São Paulo;Município de São Paulo;False;
38538;3509502.0;Campinas;Campinas;False;BRANCA
38539;3556404.0;Vargem Grande do Sul;São João da Boa Vista;False;BRANCA
38540;3521705.0;Itaberá;Sorocaba;False;BRANCA
38541;3548500.0;Santos;Baixada Santista;False;
38542;3516309.0;Francisco Morato;Grande SP Norte;False;PARDA
38543;3525300.0;Jaú;Bauru;False;BRANCA
38544;3506102.0;Bebedouro;Barretos;False;BRANCA
38545;3550308.0;São Paulo;Município de São Paulo;False;IGNORADO
38546;3550308.0;São Paulo;Município de São Paulo;False;AMARELA
38547;3542206.0;Rancharia;Presidente Prudente;False;BRANCA
38548;3545209.0;Salto;Sorocaba;False;BRANCA
38549;3541406.0;Presidente Prudente;Presidente Prudente;False;IGNORADO
38550;3545803.0;Santa Bárbara d'Oeste;Campinas;False;BRANCA
38551;3550308.0;São Paulo;Município de São Paulo;False;IGNORADO
38552;3556206.0;Valinhos;Campinas;False;BRANCA
38553;3534708.0;Ourinhos;Marília;False;BRANCA
38554;3522703.0;Itápolis;Araraquara;False;IGNORADO
38555;3518701.0;Guarujá;Baixada Santista;False;AMARELA
38556;3552809.0;Taboão da Serra;Grande SP Sudoeste;False;IGNORADO
38557;3550308.0;São Paulo;Município de São Paulo;False;PARDA
38558;3538709.0;Piracicaba;Piracicaba;False;BRANCA
38559;3556305.0;Valparaíso;Araçatuba;False;BRANCA
38560;3550308.0;São Paulo;Município de São Paulo;False;PARDA
38561;3550308.0;São Paulo;Município de São Paulo;False;BRANCA
38562;3523206.0;Itararé;Sorocaba;False;BRANCA
38563;3552403.0;Sumaré;Campinas;False;BRANCA
38564;3506003.0;Bauru;Bauru;False;BRANCA
38565;3550308.0;São Paulo;Município de São Paulo;False;PARDA
38566;3523909.0;Itu;Sorocaba;False;BRANCA
38567;3526407.0;Laranjal Paulista;Bauru;False;IGNORADO
38568;3524808.0;Jales;São José do Rio Preto;False;BRANCA
38569;3503208.0;Araraquara;Araraquara;False;BRANCA
38570;3550308.0;São Paulo;Município de São Paulo;False;BRANCA
38571;3520509.0;Indaiatuba;Campinas;False;IGNORADO
38572;3518701.0;Guarujá;Baixada Santista;False;BRANCA
38573;3518503.0;Guareí;Sorocaba;False;
38574;3515707.0;Ferraz de Vasconcelos;Grande SP Leste;False;PARDA
38575;3518701.0;Guarujá;Baixada Santista;False;
38576;3515707.0;Ferraz de Vasconcelos;Grande SP Leste;False;PARDA
38577;3550308.0;São Paulo;Município de São Paulo;False;BRANCA
38578;3513801.0;Diadema;Grande SP Sudeste;False;PRETA
38579;3525300.0;Jaú;Bauru;False;IGNORADO
38580;3538006.0;Pindamonhangaba;Taubaté;False;PARDA
38581;3518800.0;Guarulhos;Grande SP Leste;False;BRANCA
38582;3550308.0;São Paulo;Município de São Paulo;False;PARDA
38583;3518800.0;Guarulhos;Grande SP Leste;False;PARDA
38584;3538709.0;Piracicaba;Piracicaba;False;IGNORADO
38585;3509502.0;Campinas;Campinas;False;PARDA
38586;3530607.0;Mogi das Cruzes;Grande SP Leste;False;PARDA
38587;3550308.0;São Paulo;Município de São Paulo;False;PARDA
38588;3550308.0;São Paulo;Município de São Paulo;False;PARDA
38589;3550308.0;São Paulo;Município de São Paulo;False;IGNORADO
38590;3550308.0;São Paulo;Município de São Paulo;False;PARDA
38591;3550308.0;São Paulo;Município de São Paulo;True;BRANCA
38592;3548500.0;Santos;Baixada Santista;False;NONE
38593;3518800.0;Guarulhos;Grande SP Leste;False;PRETA
38594;3526902.0;Limeira;Piracicaba;False;BRANCA
38595;3508009.0;Buri;Sorocaba;False;AMARELA
38596;3518800.0;Guarulhos;Grande SP Leste;False;AMARELA
38597;3550308.0;São Paulo;Município de São Paulo;False;NONE
38598;3541000.0;Praia Grande;Baixada Santista;False;PARDA
38599;3534708.0;Ourinhos;Marília;False;PRETA
38600;3509502.0;Campinas;Campinas;False;IGNORADO
38601;3525904.0;Jundiaí;Campinas;False;BRANCA
38602;3550308.0;São Paulo;Município de São Paulo;False;
38603;3527306.0;Louveira;Campinas;True;BRANCA
38604;3501608.0;Americana;Campinas;False;IGNORADO
38605;3550308.0;São Paulo;Município de São Paulo;False;BRANCA
38606;3550308.0;São Paulo;Município de São Paulo;False;BRANCA
38607;3550308.0;São Paulo;Município de São Paulo;False;AMARELA
38608;3538709.0;Piracicaba;Piracicaba;False;BRANCA
38609;3551702.0;Sertãozinho;Ribeirão Preto;False;BRANCA
38610;3530300.0;Mirassol;São José do Rio Preto;False;BRANCA
38611;3548807.0;São Caetano do Sul;Grande SP Sudeste;False;BRANCA
38612;3509700.0;Campos do Jordão;Taubaté;False;BRANCA
38613;3547809.0;Santo André;Grande SP Sudeste;False;
38614;3531506.0;Monte Azul Paulista;Barretos;False;BRANCA
38615;3549805.0;São José do Rio Preto;São José do Rio Preto;False;BRANCA
38616;3550308.0;São Paulo;Município de São Paulo;False;PARDA
38617;3550308.0;São Paulo;Município de São Paulo;False;BRANCA
38618;3550308.0;São Paulo;Município de São Paulo;False;
38619;3552403.0;Sumaré;Campinas;False;PARDA
38620;3525003.0;Jandira;Grande SP Oeste;False;IGNORADO
38621;3509502.0;Campinas;Campinas;False;BRANCA
38622;3515509.0;Fernandópolis;São José do Rio Preto;False;BRANCA
38623;3515509.0;Fernandópolis;São José do Rio Preto;False;BRANCA
38624;3551702.0;Sertãozinho;Ribeirão Preto;False;AMARELA
38625;3531407.0;Monte Aprazível;São José do Rio Preto;False;BRANCA
38626;3550308.0;São Paulo;Município de São Paulo;False;BRANCA
38627;3516200.0;Franca;Franca;False;IGNORADO
38628;3547007.0;Santa Maria da Serra;Piracicaba;False;PARDA
38629;3550308.0;São Paulo;Município de São Paulo;False;PARDA
38630;3550308.0;São Paulo;Município de São Paulo;False;IGNORADO
38631;3511607.0;Cesário Lange;Sorocaba;False;BRANCA
38632;3529708.0;Miguelópolis;Franca;False;BRANCA
38633;3517406.0;Guaíra;Barretos;False;BRANCA
38634;3509502.0;Campinas;Campinas;False;BRANCA
38635;3547809.0;Santo André;Grande SP Sudeste;False;IGNORADO
38636;3550308.0;São Paulo;Município de São Paulo;False;BRANCA
38637;3550308.0;São Paulo;Município de São Paulo;False;IGNORADO
38638;3539806.0;Poá;Grande SP Leste;False;PARDA
38639;3509502.0;Campinas;Campinas;False;PARDA
38640;3505500.0;Barretos;Barretos;False;
38641;3550308.0;São Paulo;Município de São Paulo;False;IGNORADO
38642;3550308.0;São Paulo;Município de São Paulo;False;PARDA
38643;3550308.0;São Paulo;Município de São Paulo;False;BRANCA
38644;3550308.0;São Paulo;Município de São Paulo;False;
38645;3550308.0;São Paulo;Município de São Paulo;False;
38646;3550308.0;São Paulo;Município de São Paulo;False;NONE
38647;3534609.0;Osvaldo Cruz;Marília;False;AMARELA
38648;3554102.0;Taubaté;Taubaté;False;BRANCA
38649;3552205.0;Sorocaba;Sorocaba;False;AMARELA
38650;3538709.0;Piracicaba;Piracicaba;False;
38651;3501905.0;Amparo;Campinas;False;BRANCA
38652;3550308.0;São Paulo;Município de São Paulo;False;BRANCA
38653;3506003.0;Bauru;Bauru;False;BRANCA
38654;3550308.0;São Paulo;Município de São Paulo;False;BRANCA
38655;3550308.0;São Paulo;Município de São Paulo;False;BRANCA
38656;3518503.0;Guareí;Sorocaba;False;
38657;3547809.0;Santo André;Grande SP Sudeste;False;BRANCA
38658;3525904.0;Jundiaí;Campinas;False;IGNORADO
38659;3530706.0;Mogi Guaçu;São João da Boa Vista;False;BRANCA
38660;3548708.0;São Bernardo do Campo;Grande SP Sudeste;False;IGNORADO
