30576;3550308.0;São Paulo;Município de São Paulo;False;PARDA
30577;3520509.0;Indaiatuba;Campinas;False;BRANCA
30578;3548708.0;São Bernardo do Campo;Grande SP Sudeste;False;IGNORADO
30579;3550308.0;São Paulo;Município de São Paulo;False;PARDA
30580;3550308.0;São Paulo;Município de São Paulo;False;
30581;3505500.0;Barretos;Barretos;False;PARDA
30582;3502804.0;Araçatuba;Araçatuba;False;BRANCA
30583;3525300.0;Jaú;Bauru;False;BRANCA
30584;3525904.0;Jundiaí;Campinas;False;BRANCA
30585;3548708.0;São Bernardo do Campo;Grande SP Sudeste;False;BRANCA
30586;3516408.0;Franco da Rocha;Grande SP Norte;False;IGNORADO
30587;3550308.0;São Paulo;Município de São Paulo;False;BRANCA
30588;3549904.0;São José dos Campos;Taubaté;False;BRANCA
30589;3548708.0;São Bernardo do Campo;Grande SP Sudeste;False;BRANCA
30590;3509502.0;Campinas;Campinas;False;BRANCA
30591;3548500.0;Santos;Baixada Santista;False;PARDA
30592;3549805.0;São José do Rio Preto;São José do Rio Preto;False;BRANCA
30593;3550308.0;São Paulo;Município de São Paulo;False;BRANCA
30594;3550308.0;São Paulo;Município de São Paulo;False;BRANCA
30595;3550308.0;São Paulo;Município de São Paulo;False;IGNORADO
30596;3533403.0;Nova Odessa;Campinas;False;IGNORADO
30597;3515004.0;Embu das Artes;Grande SP Sudoeste;False;PARDA
30598;3551702.0;Sertãozinho;Ribeirão Preto;False;BRANCA
30599;3550308.0;São Paulo;Município de São Paulo;False;IGNORADO
30600;3550308.0;São Paulo;Município de São Paulo;False;BRANCA
30601;3509502.0;Campinas;Campinas;False;PARDA
30602;3550308.0;São Paulo;Município de São Paulo;False;BRANCA
30603;3538709.0;Piracicaba;Piracicaba;False;BRANCA
30604;3501608.0;Americana;Campinas;False;BRANCA
30605;3501608.0;Americana;Campinas;False;BRANCA
30606;3527306.0;Louveira;Campinas;False;BRANCA
30607;3545803.0;Santa Bárbara d'Oeste;Campinas;False;BRANCA
30608;3511102.0;Catanduva;São José do Rio Preto;False;BRANCA
30609;3550308.0;São Paulo;Município de São Paulo;False;BRANCA
30610;3524303.0;Jaboticabal;Ribeirão Preto;False;BRANCA
30611;3508405.0;Cabreúva;Campinas;False;PARDA
30612;3515152.0;Engenheiro Coelho;Piracicaba;False;BRANCA
30613;3501608.0;Americana;Campinas;False;BRANCA
30614;3550308.0;São Paulo;Município de São Paulo;False;
30615;3543402.0;Ribeirão Preto;Ribeirão Preto;False;IGNORADO
30616;3534708.0;Ourinhos;Marília;False;BRANCA
30617;3534401.0;Osasco;Grande SP Oeste;False;IGNORADO
30618;3552502.0;Suzano;Grande SP Leste;False;IGNORADO
30619;3535507.0;Paraguaçu Paulista;Marília;False;BRANCA
30620;3509502.0;Campinas;Campinas;False;BRANCA
30621;3528403.0;Mairinque;Sorocaba;False;BRANCA
30622;3501608.0;Americana;Campinas;False;BRANCA
30623;3550308.0;São Paulo;Município de São Paulo;False;BRANCA
30624;3548906.0;São Carlos;Araraquara;False;IGNORADO
30625;3510005.0;Cândido Mota;Marília;False;BRANCA
30626;3550308.0;São Paulo;Município de São Paulo;False;IGNORADO
30627;3509700.0;Campos do Jordão;Taubaté;False;BRANCA
30628;3543303.0;Ribeirão Pires;Grande SP Sudeste;False;NONE
30629;3509502.0;Campinas;Campinas;False;BRANCA
30630;3505708.0;Barueri;Grande SP Oeste;False;BRANCA
30631;3515707.0;Ferraz de Vasconcelos;Grande SP Leste;False;IGNORADO
30632;3550308.0;São Paulo;Município de São Paulo;False;IGNORADO
30633;3502804.0;Araçatuba;Araçatuba;False;IGNORADO
30634;3552403.0;Sumaré;Campinas;False;BRANCA
30635;3552502.0;Suzano;Grande SP Leste;False;IGNORADO
30636;3534401.0;Osasco;Grande SP Oeste;False;BRANCA
30637;3524402.0;Jacareí;Taubaté;False;AMARELA
30638;3513801.0;Diadema;Grande SP Sudeste;False;PARDA
30639;3550308.0;São Paulo;Município de São Paulo;False;BRANCA
30640;3538600.0;Piracaia;Campinas;False;PARDA
30641;3550308.0;São Paulo;Município de São Paulo;False;BRANCA
30642;3503307.0;Araras;Piracicaba;False;BRANCA
30643;3549904.0;São José dos Campos;Taubaté;False;NONE
30644;3505708.0;Barueri;Grande SP Oeste;False;PARDA
30645;3524006.0;Itupeva;Campinas;False;BRANCA
30646;3550308.0;São Paulo;Município de São Paulo;False;PARDA
30647;3529401.0;Mauá;Grande SP Sudeste;False;PRETA
30648;3550308.0;São Paulo;Município de São Paulo;False;IGNORADO
30649;3556008.0;Urupês;São José do Rio Preto;False;BRANCA
30650;3524709.0;Jaguariúna;Campinas;False;AMARELA
30651;3521408.0;Iracemápolis;Piracicaba;False;BRANCA
30652;3519071.0;Hortolândia;Campinas;False;BRANCA
30653;3550308.0;São Paulo;Município de São Paulo;False;PARDA
30654;3518800.0;Guarulhos;Grande SP Leste;False;IGNORADO
30655;3547809.0;Santo André;Grande SP Sudeste;False;BRANCA
30656;3518800.0;Guarulhos;Grande SP Leste;False;BRANCA
30657;3550308.0;São Paulo;Município de São Paulo;False;IGNORADO
30658;3550308.0;São Paulo;Município de São Paulo;False;IGNORADO
30659;3538709.0;Piracicaba;Piracicaba;False;BRANCA
30660;3550308.0;São Paulo;Município de São Paulo;False;BRANCA
30661;3550308.0;São Paulo;Município de São Paulo;False;BRANCA
30662;3503307.0;Araras;Piracicaba;False;BRANCA
30663;3550308.0;São Paulo;Município de São Paulo;False;PARDA
30664;3550308.0;São Paulo;Município de São Paulo;False;AMARELA
30665;3550308.0;São Paulo;Município de São Paulo;False;IGNORADO
30666;3505708.0;Barueri;Grande SP Oeste;False;PARDA
30667;3550308.0;São Paulo;Município de São Paulo;False;PARDA
30668;3505500.0;Barretos;Barretos;False;BRANCA
30669;3529005.0;Marília;Marília;False;BRANCA
30670;3526902.0;Limeira;Piracicaba;False;BRANCA
30671;3509502.0;Campinas;Campinas;False;AMARELA
30672;3550308.0;São Paulo;Município de São Paulo;False;NONE
30673;3529401.0;Mauá;Grande SP Sudeste;False;BRANCA
30674;3552205.0;Sorocaba;Sorocaba;False;PARDA
30675;3549904.0;São José dos Campos;Taubaté;False;BRANCA
30676;3519071.0;Hortolândia;Campinas;False;BRANCA
30677;3529005.0;Marília;Marília;False;IGNORADO
30678;3518800.0;Guarulhos;Grande SP Leste;False;PRETA
30679;3531308.0;Monte Alto;Ribeirão Preto;False;BRANCA
30680;3543303.0;Ribeirão Pires;Grande SP Sudeste;False;PARDA
30681;3508108.0;Buritama;Araçatuba;False;BRANCA
30682;3525904.0;Jundiaí;Campinas;False;BRANCA
30683;3545803.0;Santa Bárbara d'Oeste;Campinas;False;IGNORADO
30684;3530706.0;Mogi Guaçu;São João da Boa Vista;False;BRANCA
30685;3526902.0;Limeira;Piracicaba;False;PRETA
30686;3550308.0;São Paulo;Município de São Paulo;False;BRANCA
30687;3503208.0;Araraquara;Araraquara;False;BRANCA
30688;3505500.0;Barretos;Barretos;False;IGNORADO
30689;3550308.0;São Paulo;Município de São Paulo;False;IGNORADO
30690;3505906.0;Batatais;Ribeirão Preto;False;IGNORADO
30691;3525904.0;Jundiaí;Campinas;False;BRANCA
30692;3552205.0;Sorocaba;Sorocaba;False;AMARELA
30693;3549904.0;São José dos Campos;Taubaté;False;BRANCA
30694;3506003.0;Bauru;Bauru;False;BRANCA
30695;3550308.0;São Paulo;Município de São Paulo;False;AMARELA
30696;3550308.0;São Paulo;Município de São Paulo;False;BRANCA
30697;3550308.0;São Paulo;Município de São Paulo;False;NONE
30698;3526704.0;Leme;Piracicaba;False;BRANCA
30699;3518800.0;Guarulhos;Grande SP Leste;False;PARDA
30700;3551702.0;Sertãozinho;Ribeirão Preto;False;AMARELA
30701;3550308.0;São Paulo;Município de São Paulo;False;PARDA
30702;3534401.0;Osasco;Grande SP Oeste;False;BRANCA
30703;3554003.0;Tatuí;Sorocaba;False;BRANCA
30704;3506003.0;Bauru;Bauru;False;IGNORADO
30705;3506003.0;Bauru;Bauru;False;IGNORADO
30706;3550308.0;São Paulo;Município de São Paulo;False;BRANCA
30707;3547809.0;Santo André;Grande SP Sudeste;False;BRANCA
30708;3530607.0;Mogi das Cruzes;Grande SP Leste;False;BRANCA
30709;3554102.0;Taubaté;Taubaté;False;IGNORADO
30710;3552502.0;Suzano;Grande SP Leste;False;IGNORADO
30711;3518800.0;Guarulhos;Grande SP Leste;False;IGNORADO
30712;3548708.0;São Bernardo do Campo;Grande SP Sudeste;False;BRANCA
30713;3550308.0;São Paulo;Município de São Paulo;False;BRANCA
30714;3543303.0;Ribeirão Pires;Grande SP Sudeste;False;PARDA
30715;3550308.0;São Paulo;Município de São Paulo;False;PARDA
30716;3529005.0;Marília;Marília;False;BRANCA
30717;3534401.0;Osasco;Grande SP Oeste;False;
30718;3549904.0;São José dos Campos;Taubaté;False;BRANCA
30719;3552809.0;Taboão da Serra;Grande SP Sudoeste;False;NONE
30720;3550308.0;São Paulo;Município de São Paulo;False;
30721;3525904.0;Jundiaí;Campinas;False;BRANCA
