56595;3550308.0;São Paulo;Município de São Paulo;False;AMARELA
56596;3550308.0;São Paulo;Município de São Paulo;False;PRETA
56597;3509254.0;Cajati;Registro;False;BRANCA
56598;3548500.0;Santos;Baixada Santista;False;NONE
56599;3525706.0;José Bonifácio;São José do Rio Preto;False;BRANCA
56600;3554805.0;Tremembé;Taubaté;False;PARDA
56601;3549904.0;São José dos Campos;Taubaté;False;IGNORADO
56602;3525904.0;Jundiaí;Campinas;False;IGNORADO
56603;3550308.0;São Paulo;Município de São Paulo;False;PARDA
56604;3505708.0;Barueri;Grande SP Oeste;True;PARDA
56605;3548708.0;São Bernardo do Campo;Grande SP Sudeste;False;BRANCA
56606;3554003.0;Tatuí;Sorocaba;False;BRANCA
56607;3512407.0;Cordeirópolis;Piracicaba;False;BRANCA
56608;3550308.0;São Paulo;Município de São Paulo;False;IGNORADO
56609;3522208.0;Itapecerica da Serra;Grande SP Sudoeste;False;
56610;3545803.0;Santa Bárbara d'Oeste;Campinas;False;IGNORADO
56611;3552205.0;Sorocaba;Sorocaba;False;BRANCA
56612;3520400.0;Ilhabela;Taubaté;False;PRETA
56613;3550308.0;São Paulo;Município de São Paulo;False;BRANCA
56614;3550308.0;São Paulo;Município de São Paulo;False;PARDA
56615;3550308.0;São Paulo;Município de São Paulo;False;BRANCA
56616;3550308.0;São Paulo;Município de São Paulo;False;PRETA
56617;3518800.0;Guarulhos;Grande SP Leste;False;BRANCA
56618;3550308.0;São Paulo;Município de São Paulo;False;PARDA
56619;3510609.0;Carapicuíba;Grande SP Oeste;False;PRETA
56620;3526902.0;Limeira;Piracicaba;False;BRANCA
56621;3526803.0;Lençóis Paulista;Bauru;False;PARDA
56622;3518800.0;Guarulhos;Grande SP Leste;False;
56623;3552403.0;Sumaré;Campinas;False;BRANCA
56624;3544202.0;Riolândia;São José do Rio Preto;False;PARDA
56625;3550308.0;São Paulo;Município de São Paulo;False;BRANCA
56626;3550308.0;São Paulo;Município de São Paulo;False;BRANCA
56627;3550308.0;São Paulo;Município de São Paulo;False;PARDA
56628;3513504.0;Cubatão;Baixada Santista;False;PARDA
56629;3519071.0;Hortolândia;Campinas;False;
56630;3515186.0;Espírito Santo do Pinhal;São João da Boa Vista;False;BRANCA
56631;3548500.0;Santos;Baixada Santista;False;IGNORADO
56632;3548708.0;São Bernardo do Campo;Grande SP Sudeste;False;BRANCA
56633;3529005.0;Marília;Marília;False;
56634;3550308.0;São Paulo;Município de São Paulo;False;BRANCA
56635;3520509.0;Indaiatuba;Campinas;False;BRANCA
56636;3550308.0;São Paulo;Município de São Paulo;True;BRANCA
56637;3550308.0;São Paulo;Município de São Paulo;False;IGNORADO
56638;3537503.0;Pereiras;Bauru;False;BRANCA
56639;3550308.0;São Paulo;Município de São Paulo;False;PRETA
56640;3534401.0;Osasco;Grande SP Oeste;False;PARDA
56641;3549953.0;São Lourenço da Serra;Grande SP Sudoeste;False;BRANCA
56642;3543402.0;Ribeirão Preto;Ribeirão Preto;False;BRANCA
56643;3550308.0;São Paulo;Município de São Paulo;False;PARDA
56644;3547809.0;Santo André;Grande SP Sudeste;False;PRETA
56645;3524105.0;Ituverava;Franca;False;BRANCA
56646;3510302.0;Capela do Alto;Sorocaba;False;PRETA
56647;3538709.0;Piracicaba;Piracicaba;False;BRANCA
56648;3530607.0;Mogi das Cruzes;Grande SP Leste;False;NONE
56649;3546009.0;Santa Branca;Taubaté;False;BRANCA
56650;3543907.0;Rio Claro;Piracicaba;False;BRANCA
56651;3533403.0;Nova Odessa;Campinas;False;BRANCA
56652;3550308.0;São Paulo;Município de São Paulo;False;AMARELA
56653;3548807.0;São Caetano do Sul;Grande SP Sudeste;False;IGNORADO
56654;3550308.0;São Paulo;Município de São Paulo;False;NONE
56655;3529401.0;Mauá;Grande SP Sudeste;True;BRANCA
56656;3550308.0;São Paulo;Município de São Paulo;False;PARDA
56657;3549805.0;São José do Rio Preto;São José do Rio Preto;False;PARDA
56658;3506359.0;Bertioga;Baixada Santista;False;PARDA
56659;3550308.0;São Paulo;Município de São Paulo;False;
56660;3509502.0;Campinas;Campinas;False;BRANCA
56661;3516705.0;Garça;Marília;False;BRANCA
56662;3550308.0;São Paulo;Município de São Paulo;False;
56663;3550308.0;São Paulo;Município de São Paulo;False;PARDA
56664;3548708.0;São Bernardo do Campo;Grande SP Sudeste;False;
56665;3516408.0;Franco da Rocha;Grande SP Norte;False;
56666;3534401.0;Osasco;Grande SP Oeste;False;PARDA
56667;3534708.0;Ourinhos;Marília;False;BRANCA
56668;3530706.0;Mogi Guaçu;São João da Boa Vista;False;BRANCA
56669;3516408.0;Franco da Rocha;Grande SP Norte;False;
56670;3525904.0;Jundiaí;Campinas;False;
56671;3538105.0;Pindorama;São José do Rio Preto;True;PARDA
56672;3550308.0;São Paulo;Município de São Paulo;False;BRANCA
56673;3518800.0;Guarulhos;Grande SP Leste;False;IGNORADO
56674;3518800.0;Guarulhos;Grande SP Leste;False;BRANCA
56675;3550308.0;São Paulo;Município de São Paulo;False;BRANCA
56676;3552205.0;Sorocaba;Sorocaba;False;BRANCA
56677;3550308.0;São Paulo;Município de São Paulo;False;BRANCA
56678;3548708.0;São Bernardo do Campo;Grande SP Sudeste;False;
56679;3550308.0;São Paulo;Município de São Paulo;False;BRANCA
56680;3550308.0;São Paulo;Município de São Paulo;False;IGNORADO
56681;3522307.0;Itapetininga;Sorocaba;False;BRANCA
56682;3548500.0;Santos;Baixada Santista;False;BRANCA
56683;3506102.0;Bebedouro;Barretos;False;IGNORADO
56684;3550308.0;São Paulo;Município de São Paulo;False;BRANCA
56685;3550308.0;São Paulo;Município de São Paulo;False;AMARELA
56686;3550308.0;São Paulo;Município de São Paulo;False;BRANCA
56687;3506359.0;Bertioga;Baixada Santista;False;AMARELA
56688;3552205.0;Sorocaba;Sorocaba;False;PARDA
56689;3541000.0;Praia Grande;Baixada Santista;False;PRETA
56690;3529401.0;Mauá;Grande SP Sudeste;False;PARDA
56691;3550308.0;São Paulo;Município de São Paulo;False;BRANCA
56692;3541406.0;Presidente Prudente;Presidente Prudente;False;BRANCA
56693;3550308.0;São Paulo;Município de São Paulo;False;PARDA
56694;3526407.0;Laranjal Paulista;Bauru;False;IGNORADO
56695;3550308.0;São Paulo;Município de São Paulo;True;PARDA
56696;3549904.0;São José dos Campos;Taubaté;False;IGNORADO
56697;3550308.0;São Paulo;Município de São Paulo;False;IGNORADO
56698;3550308.0;São Paulo;Município de São Paulo;False;BRANCA
56699;3547809.0;Santo André;Grande SP Sudeste;False;BRANCA
56700;3550308.0;São Paulo;Município de São Paulo;False;NONE
56701;3526902.0;Limeira;Piracicaba;False;IGNORADO
56702;3550308.0;São Paulo;Município de São Paulo;False;
56703;3552205.0;Sorocaba;Sorocaba;False;NONE
56704;3523107.0;Itaquaquecetuba;Grande SP Leste;False;PRETA
56705;3528403.0;Mairinque;Sorocaba;False;IGNORADO
56706;3550308.0;São Paulo;Município de São Paulo;False;PARDA
56707;3550308.0;São Paulo;Município de São Paulo;False;BRANCA
56708;3518800.0;Guarulhos;Grande SP Leste;False;BRANCA
56709;3550308.0;São Paulo;Município de São Paulo;False;AMARELA
56710;3520400.0;Ilhabela;Taubaté;False;PARDA
56711;3550308.0;São Paulo;Município de São Paulo;False;BRANCA
56712;3550308.0;São Paulo;Município de São Paulo;False;PARDA
56713;3513702.0;Descalvado;Araraquara;False;BRANCA
56714;3550308.0;São Paulo;Município de São Paulo;False;PARDA
56715;3552502.0;Suzano;Grande SP Leste;True;PARDA
56716;3551009.0;São Vicente;Baixada Santista;False;BRANCA
56717;3550308.0;São Paulo;Município de São Paulo;True;PARDA
56718;3550308.0;São Paulo;Município de São Paulo;False;PARDA
56719;3548708.0;São Bernardo do Campo;Grande SP Sudeste;False;PARDA
56720;3525904.0;Jundiaí;Campinas;False;BRANCA
56721;3550308.0;São Paulo;Município de São Paulo;False;PARDA
56722;3504909.0;Bananal;Taubaté;False;BRANCA
56723;3550308.0;São Paulo;Município de São Paulo;False;NONE
56724;3550308.0;São Paulo;Município de São Paulo;False;IGNORADO
56725;3526209.0;Juquitiba;Grande SP Sudoeste;False;PARDA
56726;3550308.0;São Paulo;Município de São Paulo;False;
56727;3519071.0;Hortolândia;Campinas;False;AMARELA
56728;3509502.0;Campinas;Campinas;False;BRANCA
56729;3556206.0;Valinhos;Campinas;False;PARDA
56730;3538709.0;Piracicaba;Piracicaba;False;PARDA
56731;3550308.0;São Paulo;Município de São Paulo;False;BRANCA
56732;3525904.0;Jundiaí;Campinas;False;BRANCA
56733;3552403.0;Sumaré;Campinas;False;IGNORADO
56734;3556701.0;Vinhedo;Campinas;True;BRANCA
56735;3545803.0;Santa Bárbara d'Oeste;Campinas;False;BRANCA
56736;3529401.0;Mauá;Grande SP Sudeste;False;BRANCA
