52240;3550308.0;São Paulo;Município de São Paulo;False;BRANCA
52241;3529401.0;Mauá;Grande SP Sudeste;False;BRANCA
52242;3547809.0;Santo André;Grande SP Sudeste;False;IGNORADO
52243;3534708.0;Ourinhos;Marília;False;BRANCA
52244;3511904.0;Clementina;Araçatuba;False;BRANCA
52245;3550308.0;São Paulo;Município de São Paulo;False;BRANCA
52246;3548708.0;São Bernardo do Campo;Grande SP Sudeste;False;IGNORADO
52247;3509502.0;Campinas;Campinas;False;PARDA
52248;3550308.0;São Paulo;Município de São Paulo;False;BRANCA
52249;3550308.0;São Paulo;Município de São Paulo;False;NONE
52250;3509502.0;Campinas;Campinas;False;BRANCA
52251;3520509.0;Indaiatuba;Campinas;False;IGNORADO
52252;3547809.0;Santo André;Grande SP Sudeste;False;NONE
52253;3507605.0;Bragança Paulista;Campinas;False;BRANCA
52254;3552205.0;Sorocaba;Sorocaba;False;BRANCA
52255;3550308.0;São Paulo;Município de São Paulo;False;BRANCA
52256;3530300.0;Mirassol;São José do Rio Preto;False;BRANCA
52257;3525706.0;José Bonifácio;São José do Rio Preto;False;BRANCA
52258;3550308.0;São Paulo;Município de São Paulo;False;PARDA
52259;3520400.0;Ilhabela;Taubaté;False;BRANCA
52260;3537107.0;Pedreira;Campinas;False;BRANCA
52261;3551702.0;Sertãozinho;Ribeirão Preto;False;IGNORADO
52262;3551702.0;Sertãozinho;Ribeirão Preto;False;BRANCA
52263;3513108.0;Cravinhos;Ribeirão Preto;False;BRANCA
52264;3550308.0;São Paulo;Município de São Paulo;False;PARDA
52265;3550308.0;São Paulo;Município de São Paulo;False;NONE
52266;3525904.0;Jundiaí;Campinas;True;BRANCA
52267;3524105.0;Ituverava;Franca;False;BRANCA
52268;3550308.0;São Paulo;Município de São Paulo;False;BRANCA
52269;3524402.0;Jacareí;Taubaté;False;AMARELA
52270;3548708.0;São Bernardo do Campo;Grande SP Sudeste;False;PARDA
52271;3544905.0;Sales Oliveira;Franca;False;PARDA
52272;3526902.0;Limeira;Piracicaba;False;BRANCA
52273;3513504.0;Cubatão;Baixada Santista;False;PARDA
52274;3550308.0;São Paulo;Município de São Paulo;False;PARDA
52275;3506003.0;Bauru;Bauru;False;
52276;3506003.0;Bauru;Bauru;False;PARDA
52277;3550308.0;São Paulo;Município de São Paulo;False;BRANCA
52278;3510500.0;Caraguatatuba;Taubaté;False;BRANCA
52279;3543402.0;Ribeirão Preto;Ribeirão Preto;False;BRANCA
52280;3513801.0;Diadema;Grande SP Sudeste;False;IGNORADO
52281;3515509.0;Fernandópolis;São José do Rio Preto;False;PARDA
52282;3550308.0;São Paulo;Município de São Paulo;False;BRANCA
52283;3508405.0;Cabreúva;Campinas;False;BRANCA
52284;3557105.0;Votuporanga;São José do Rio Preto;False;PARDA
52285;3551405.0;Serra Azul;Ribeirão Preto;False;PARDA
52286;3506359.0;Bertioga;Baixada Santista;False;BRANCA
52287;3549904.0;São José dos Campos;Taubaté;False;PARDA
52288;3513504.0;Cubatão;Baixada Santista;False;PRETA
52289;3509502.0;Campinas;Campinas;False;BRANCA
52290;3503802.0;Artur Nogueira;Campinas;False;PARDA
52291;3551009.0;São Vicente;Baixada Santista;False;PARDA
52292;3550308.0;São Paulo;Município de São Paulo;False;PARDA
52293;3503208.0;Araraquara;Araraquara;False;BRANCA
52294;3510500.0;Caraguatatuba;Taubaté;False;BRANCA
52295;3550308.0;São Paulo;Município de São Paulo;False;PARDA
52296;3550308.0;São Paulo;Município de São Paulo;False;IGNORADO
52297;3550308.0;São Paulo;Município de São Paulo;False;PARDA
52298;3513801.0;Diadema;Grande SP Sudeste;False;BRANCA
52299;3550308.0;São Paulo;Município de São Paulo;True;NONE
52300;3550308.0;São Paulo;Município de São Paulo;False;IGNORADO
52301;3550308.0;São Paulo;Município de São Paulo;False;PARDA
52302;3509502.0;Campinas;Campinas;False;PRETA
52303;3550308.0;São Paulo;Município de São Paulo;False;PRETA
52304;3506359.0;Bertioga;Baixada Santista;False;PARDA
52305;3525904.0;Jundiaí;Campinas;False;BRANCA
52306;3502804.0;Araçatuba;Araçatuba;False;BRANCA
52307;3535804.0;Paranapanema;Bauru;False;PARDA
52308;3552205.0;Sorocaba;Sorocaba;False;BRANCA
52309;3550308.0;São Paulo;Município de São Paulo;True;BRANCA
52310;3550308.0;São Paulo;Município de São Paulo;False;PARDA
52311;3552809.0;Taboão da Serra;Grande SP Sudoeste;False;NONE
52312;3550308.0;São Paulo;Município de São Paulo;False;IGNORADO
52313;3552403.0;Sumaré;Campinas;False;BRANCA
52314;3529005.0;Marília;Marília;False;IGNORADO
52315;3506508.0;Birigui;Araçatuba;False;PARDA
52316;3550308.0;São Paulo;Município de São Paulo;False;NONE
52317;3550308.0;São Paulo;Município de São Paulo;False;PARDA
52318;3522307.0;Itapetininga;Sorocaba;False;BRANCA
52319;3531902.0;Morro Agudo;Franca;False;PRETA
52320;3513009.0;Cotia;Grande SP Sudoeste;False;
52321;3555000.0;Tupã;Marília;False;BRANCA
52322;3522505.0;Itapevi;Grande SP Oeste;False;PARDA
52323;3530607.0;Mogi das Cruzes;Grande SP Leste;False;PARDA
52324;3528502.0;Mairiporã;Grande SP Norte;False;BRANCA
52325;3533205.0;Nova Independência;Araçatuba;False;BRANCA
52326;3550308.0;São Paulo;Município de São Paulo;False;PARDA
52327;3547908.0;Santo Antônio da Alegria;Ribeirão Preto;False;BRANCA
52328;3541000.0;Praia Grande;Baixada Santista;False;PARDA
52329;3533908.0;Olímpia;Barretos;False;BRANCA
52330;3523107.0;Itaquaquecetuba;Grande SP Leste;False;IGNORADO
52331;3547809.0;Santo André;Grande SP Sudeste;False;IGNORADO
52332;3547809.0;Santo André;Grande SP Sudeste;False;BRANCA
52333;3550308.0;São Paulo;Município de São Paulo;False;BRANCA
52334;3513504.0;Cubatão;Baixada Santista;False;BRANCA
52335;3550308.0;São Paulo;Município de São Paulo;False;PARDA
52336;3550308.0;São Paulo;Município de São Paulo;False;BRANCA
52337;3541000.0;Praia Grande;Baixada Santista;False;AMARELA
52338;3550308.0;São Paulo;Município de São Paulo;False;BRANCA
52339;3513801.0;Diadema;Grande SP Sudeste;False;BRANCA
52340;3523404.0;Itatiba;Campinas;False;PRETA
52341;3534401.0;Osasco;Grande SP Oeste;False;BRANCA
52342;3548500.0;Santos;Baixada Santista;False;BRANCA
52343;3552205.0;Sorocaba;Sorocaba;False;PARDA
52344;3524303.0;Jaboticabal;Ribeirão Preto;True;BRANCA
52345;3519907.0;Iepê;Presidente Prudente;False;BRANCA
52346;3550308.0;São Paulo;Município de São Paulo;False;NONE
52347;3550308.0;São Paulo;Município de São Paulo;False;NONE
52348;3549904.0;São José dos Campos;Taubaté;False;BRANCA
52349;3511102.0;Catanduva;São José do Rio Preto;False;BRANCA
52350;3550308.0;São Paulo;Município de São Paulo;False;BRANCA
52351;3502804.0;Araçatuba;Araçatuba;False;BRANCA
52352;3550308.0;São Paulo;Município de São Paulo;False;NONE
52353;3554003.0;Tatuí;Sorocaba;False;BRANCA
52354;3510609.0;Carapicuíba;Grande SP Oeste;False;PARDA
52355;3550308.0;São Paulo;Município de São Paulo;False;BRANCA
52356;3510609.0;Carapicuíba;Grande SP Oeste;False;PRETA
52357;3522505.0;Itapevi;Grande SP Oeste;False;BRANCA
52358;3503208.0;Araraquara;Araraquara;False;IGNORADO
52359;3545803.0;Santa Bárbara d'Oeste;Campinas;False;BRANCA
52360;3550308.0;São Paulo;Município de São Paulo;False;NONE
52361;3502804.0;Araçatuba;Araçatuba;False;BRANCA
52362;3552205.0;Sorocaba;Sorocaba;False;BRANCA
52363;3519071.0;Hortolândia;Campinas;False;PARDA
52364;3536109.0;Pardinho;Bauru;False;BRANCA
52365;3550308.0;São Paulo;Município de São Paulo;False;PARDA
52366;3507506.0;Botucatu;Bauru;False;AMARELA
52367;3515103.0;Embu-Guaçu;Grande SP Sudoeste;False;BRANCA
52368;3550308.0;São Paulo;Município de São Paulo;False;BRANCA
52369;3500600.0;Águas de São Pedro;Piracicaba;False;PARDA
52370;3550308.0;São Paulo;Município de São Paulo;False;IGNORADO
52371;3538709.0;Piracicaba;Piracicaba;False;BRANCA
52372;3550308.0;São Paulo;Município de São Paulo;False;BRANCA
52373;3550308.0;São Paulo;Município de São Paulo;False;PARDA
52374;3513801.0;Diadema;Grande SP Sudeste;False;AMARELA
52375;3549805.0;São José do Rio Preto;São José do Rio Preto;False;BRANCA
52376;3550308.0;São Paulo;Município de São Paulo;False;
52377;3511409.0;Cerqueira César;Bauru;False;BRANCA
52378;3530003.0;Mira Estrela;São José do Rio Preto;False;BRANCA
52379;3511607.0;Cesário Lange;Sorocaba;False;BRANCA
52380;3518800.0;Guarulhos;Grande SP Leste;False;BRANCA
52381;3550308.0;São Paulo;Município de São Paulo;False;PARDA
52382;3524402.0;Jacareí;Taubaté;False;BRANCA
52383;3518800.0;Guarulhos;Grande SP Leste;False;PARDA
