9637;3544004.0;Rio das Pedras;Piracicaba;False;BRANCA
9638;3501152.0;Alumínio;Sorocaba;False;IGNORADO
9639;3538709.0;Piracicaba;Piracicaba;False;BRANCA
9640;3550308.0;São Paulo;Município de São Paulo;False;NONE
9641;3516200.0;Franca;Franca;False;IGNORADO
9642;3550308.0;São Paulo;Município de São Paulo;False;PARDA
9643;3543402.0;Ribeirão Preto;Ribeirão Preto;False;BRANCA
9644;3523107.0;Itaquaquecetuba;Grande SP Leste;False;PARDA
9645;3529500.0;Mendonça;São José do Rio Preto;False;BRANCA
9646;3529500.0;Mendonça;São José do Rio Preto;False;BRANCA
9647;3552403.0;Sumaré;Campinas;False;IGNORADO
9648;3511508.0;Cerquilho;Sorocaba;False;BRANCA
9649;3525904.0;Jundiaí;Campinas;False;BRANCA
9650;3517604.0;Guapiara;Sorocaba;False;PARDA
9651;3539004.0;Pirangi;São José do Rio Preto;False;IGNORADO
9652;3500709.0;Agudos;Bauru;False;BRANCA
9653;3545803.0;Santa Bárbara d'Oeste;Campinas;False;BRANCA
9654;3506003.0;Bauru;Bauru;False;BRANCA
9655;3522505.0;Itapevi;Grande SP Oeste;False;BRANCA
9656;3504602.0;Bady Bassitt;São José do Rio Preto;False;BRANCA
9657;3518701.0;Guarujá;Baixada Santista;False;PARDA
9658;3515186.0;Espírito Santo do Pinhal;São João da Boa Vista;False;BRANCA
9659;3525003.0;Jandira;Grande SP Oeste;False;BRANCA
9660;3557105.0;Votuporanga;São José do Rio Preto;False;BRANCA
9661;3545803.0;Santa Bárbara d'Oeste;Campinas;False;BRANCA
9662;3516408.0;Franco da Rocha;Grande SP Norte;True;BRANCA
9663;3550308.0;São Paulo;Município de São Paulo;True;NONE
9664;3526001.0;Junqueirópolis;Presidente Prudente;False;AMARELA
9665;3513504.0;Cubatão;Baixada Santista;False;PARDA
9666;3525904.0;Jundiaí;Campinas;False;BRANCA
9667;3505500.0;Barretos;Barretos;False;BRANCA
9668;3507605.0;Bragança Paulista;Campinas;False;IGNORADO
9669;3554508.0;Tietê;Sorocaba;False;BRANCA
9670;3550308.0;São Paulo;Município de São Paulo;False;BRANCA
9671;3502101.0;Andradina;Araçatuba;False;BRANCA
9672;3550308.0;São Paulo;Município de São Paulo;False;IGNORADO
9673;3550308.0;São Paulo;Município de São Paulo;False;BRANCA
9674;3509502.0;Campinas;Campinas;False;BRANCA
9675;3532207.0;Narandiba;Presidente Prudente;False;PARDA
9676;3509502.0;Campinas;Campinas;False;BRANCA
9677;3529708.0;Miguelópolis;Franca;False;PARDA
9678;3550308.0;São Paulo;Município de São Paulo;False;IGNORADO
9679;3538709.0;Piracicaba;Piracicaba;False;BRANCA
9680;3548708.0;São Bernardo do Campo;Grande SP Sudeste;False;BRANCA
9681;3529005.0;Marília;Marília;False;IGNORADO
9682;3505500.0;Barretos;Barretos;False;BRANCA
9683;3543402.0;Ribeirão Preto;Ribeirão Preto;False;BRANCA
9684;3550308.0;São Paulo;Município de São Paulo;False;AMARELA
9685;3550308.0;São Paulo;Município de São Paulo;False;PARDA
9686;3550308.0;São Paulo;Município de São Paulo;False;PARDA
9687;3550308.0;São Paulo;Município de São Paulo;False;PARDA
9688;3530706.0;Mogi Guaçu;São João da Boa Vista;False;BRANCA
9689;3539400.0;Piratininga;Bauru;False;PARDA
9690;3552809.0;Taboão da Serra;Grande SP Sudoeste;False;BRANCA
9691;3530607.0;Mogi das Cruzes;Grande SP Leste;False;BRANCA
9692;3524402.0;Jacareí;Taubaté;False;BRANCA
9693;3550308.0;São Paulo;Município de São Paulo;False;NONE
9694;3547809.0;Santo André;Grande SP Sudeste;False;PARDA
9695;3541406.0;Presidente Prudente;Presidente Prudente;False;BRANCA
9696;3517000.0;Getulina;Bauru;False;BRANCA
9697;3510609.0;Carapicuíba;Grande SP Oeste;False;BRANCA
9698;3550308.0;São Paulo;Município de São Paulo;False;AMARELA
9699;3525904.0;Jundiaí;Campinas;False;BRANCA
9700;3554102.0;Taubaté;Taubaté;False;IGNORADO
9701;3503208.0;Araraquara;Araraquara;False;PARDA
9702;3525706.0;José Bonifácio;São José do Rio Preto;False;BRANCA
9703;3553104.0;Taiaçu;Barretos;False;BRANCA
9704;3550308.0;São Paulo;Município de São Paulo;False;
9705;3550308.0;São Paulo;Município de São Paulo;False;BRANCA
9706;3520509.0;Indaiatuba;Campinas;False;PARDA
9707;3550308.0;São Paulo;Município de São Paulo;False;PRETA
9708;3506508.0;Birigui;Araçatuba;False;AMARELA
9709;3518800.0;Guarulhos;Grande SP Leste;False;PARDA
9710;3550308.0;São Paulo;Município de São Paulo;False;BRANCA
9711;3550308.0;São Paulo;Município de São Paulo;False;PARDA
9712;3550308.0;São Paulo;Município de São Paulo;False;BRANCA
9713;3556503.0;Várzea Paulista;Campinas;False;IGNORADO
9714;3518800.0;Guarulhos;Grande SP Leste;False;BRANCA
9715;3518800.0;Guarulhos;Grande SP Leste;False;BRANCA
9716;3518800.0;Guarulhos;Grande SP Leste;False;BRANCA
9717;3505708.0;Barueri;Grande SP Oeste;False;
9718;3550308.0;São Paulo;Município de São Paulo;False;AMARELA
9719;3506003.0;Bauru;Bauru;False;BRANCA
9720;3523107.0;Itaquaquecetuba;Grande SP Leste;False;BRANCA
9721;3550308.0;São Paulo;Município de São Paulo;False;BRANCA
9722;3524402.0;Jacareí;Taubaté;False;BRANCA
9723;3523404.0;Itatiba;Campinas;False;IGNORADO
9724;3530607.0;Mogi das Cruzes;Grande SP Leste;False;BRANCA
9725;3530607.0;Mogi das Cruzes;Grande SP Leste;False;BRANCA
9726;3550308.0;São Paulo;Município de São Paulo;False;NONE
9727;3548500.0;Santos;Baixada Santista;False;PARDA
9728;3535309.0;Palmital;Marília;False;BRANCA
9729;3552205.0;Sorocaba;Sorocaba;False;BRANCA
9730;3550308.0;São Paulo;Município de São Paulo;False;BRANCA
9731;3515707.0;Ferraz de Vasconcelos;Grande SP Leste;False;PARDA
9732;3519071.0;Hortolândia;Campinas;False;PARDA
9733;3506003.0;Bauru;Bauru;False;BRANCA
9734;3538709.0;Piracicaba;Piracicaba;False;BRANCA
9735;3525904.0;Jundiaí;Campinas;False;BRANCA
9736;3530508.0;Mococa;São João da Boa Vista;False;BRANCA
9737;3547809.0;Santo André;Grande SP Sudeste;False;BRANCA
9738;3550308.0;São Paulo;Município de São Paulo;False;IGNORADO
9739;3518800.0;Guarulhos;Grande SP Leste;False;BRANCA
9740;3547304.0;Santana de Parnaíba;Grande SP Oeste;False;BRANCA
9741;3550308.0;São Paulo;Município de São Paulo;False;BRANCA
9742;3539806.0;Poá;Grande SP Leste;False;IGNORADO
9743;3537602.0;Peruíbe;Baixada Santista;False;PARDA
9744;3533908.0;Olímpia;Barretos;False;IGNORADO
9745;3550308.0;São Paulo;Município de São Paulo;False;PARDA
9746;3524402.0;Jacareí;Taubaté;False;BRANCA
9747;3543402.0;Ribeirão Preto;Ribeirão Preto;False;BRANCA
9748;3550308.0;São Paulo;Município de São Paulo;False;PARDA
9749;3518800.0;Guarulhos;Grande SP Leste;False;BRANCA
9750;3529401.0;Mauá;Grande SP Sudeste;False;BRANCA
9751;3505708.0;Barueri;Grande SP Oeste;False;BRANCA
9752;3550308.0;São Paulo;Município de São Paulo;False;PARDA
9753;3518800.0;Guarulhos;Grande SP Leste;False;IGNORADO
9754;3518701.0;Guarujá;Baixada Santista;False;PARDA
9755;3534401.0;Osasco;Grande SP Oeste;False;PRETA
9756;3550308.0;São Paulo;Município de São Paulo;False;PARDA
9757;3542008.0;Quintana;Marília;False;BRANCA
9758;3554102.0;Taubaté;Taubaté;False;BRANCA
9759;3510609.0;Carapicuíba;Grande SP Oeste;False;AMARELA
9760;3509502.0;Campinas;Campinas;False;BRANCA
9761;3509007.0;Caieiras;Grande SP Norte;False;BRANCA
9762;3550308.0;São Paulo;Município de São Paulo;False;BRANCA
9763;3548708.0;São Bernardo do Campo;Grande SP Sudeste;False;PARDA
9764;3520509.0;Indaiatuba;Campinas;False;BRANCA
9765;3550308.0;São Paulo;Município de São Paulo;False;BRANCA
9766;3509502.0;Campinas;Campinas;False;BRANCA
9767;3503307.0;Araras;Piracicaba;False;BRANCA
9768;3550308.0;São Paulo;Município de São Paulo;False;NONE
9769;3550308.0;São Paulo;Município de São Paulo;False;BRANCA
9770;3550308.0;São Paulo;Município de São Paulo;False;IGNORADO
9771;3550308.0;São Paulo;Município de São Paulo;False;BRANCA
9772;3525904.0;Jundiaí;Campinas;False;BRANCA
9773;3551504.0;Serrana;Ribeirão Preto;False;BRANCA
9774;3550308.0;São Paulo;Município de São Paulo;False;IGNORADO
9775;3550308.0;São Paulo;Município de São Paulo;False;BRANCA
9776;3515004.0;Embu das Artes;Grande SP Sudoeste;False;BRANCA
9777;3533502.0;Novo Horizonte;São José do Rio Preto;False;BRANCA
9778;3519006.0;Herculândia;Marília;False;IGNORADO
9779;3537107.0;Pedreira;Campinas;False;BRANCA
9780;3553708.0;Taquaritinga;Araraquara;False;BRANCA
9781;3554102.0;Taubaté;Taubaté;False;IGNORADO
9782;3509601.0;Campo Limpo Paulista;Campinas;False;BRANCA
9783;3547502.0;Santa Rita do Passa Quatro;Ribeirão Preto;False;BRANCA
