45286;3552205.0;Sorocaba;Sorocaba;False;BRANCA
45287;3550308.0;São Paulo;Município de São Paulo;False;BRANCA
45288;3504909.0;Bananal;Taubaté;False;BRANCA
45289;3550308.0;São Paulo;Município de São Paulo;False;BRANCA
45290;3505708.0;Barueri;Grande SP Oeste;False;BRANCA
45291;3510609.0;Carapicuíba;Grande SP Oeste;False;BRANCA
45292;3550308.0;São Paulo;Município de São Paulo;False;BRANCA
45293;3552205.0;Sorocaba;Sorocaba;False;BRANCA
45294;3503901.0;Arujá;Grande SP Leste;False;IGNORADO
45295;3547809.0;Santo André;Grande SP Sudeste;False;PARDA
45296;3505708.0;Barueri;Grande SP Oeste;False;BRANCA
45297;3524808.0;Jales;São José do Rio Preto;False;BRANCA
45298;3550308.0;São Paulo;Município de São Paulo;False;PARDA
45299;3548807.0;São Caetano do Sul;Grande SP Sudeste;False;BRANCA
45300;3518503.0;Guareí;Sorocaba;False;
45301;3546405.0;Santa Cruz do Rio Pardo;Marília;False;BRANCA
45302;3550308.0;São Paulo;Município de São Paulo;False;IGNORADO
45303;3547809.0;Santo André;Grande SP Sudeste;False;BRANCA
45304;3550308.0;São Paulo;Município de São Paulo;False;BRANCA
45305;3549805.0;São José do Rio Preto;São José do Rio Preto;False;BRANCA
45306;3550308.0;São Paulo;Município de São Paulo;False;BRANCA
45307;3524303.0;Jaboticabal;Ribeirão Preto;False;BRANCA
45308;3523909.0;Itu;Sorocaba;False;PARDA
45309;3550308.0;São Paulo;Município de São Paulo;False;BRANCA
45310;3552502.0;Suzano;Grande SP Leste;False;BRANCA
45311;3514403.0;Dracena;Presidente Prudente;False;BRANCA
45312;3556503.0;Várzea Paulista;Campinas;False;IGNORADO
45313;3530300.0;Mirassol;São José do Rio Preto;False;BRANCA
45314;3518800.0;Guarulhos;Grande SP Leste;False;BRANCA
45315;3545209.0;Salto;Sorocaba;False;BRANCA
45316;3550308.0;São Paulo;Município de São Paulo;False;NONE
45317;3550308.0;São Paulo;Município de São Paulo;False;PARDA
45318;3506003.0;Bauru;Bauru;False;BRANCA
45319;3552809.0;Taboão da Serra;Grande SP Sudoeste;False;
45320;3522307.0;Itapetininga;Sorocaba;False;BRANCA
45321;3550308.0;São Paulo;Município de São Paulo;False;AMARELA
45322;3511003.0;Castilho;Araçatuba;False;PARDA
45323;3550308.0;São Paulo;Município de São Paulo;False;PARDA
45324;3555000.0;Tupã;Marília;False;IGNORADO
45325;3519071.0;Hortolândia;Campinas;False;
45326;3524303.0;Jaboticabal;Ribeirão Preto;False;IGNORADO
45327;3539806.0;Poá;Grande SP Leste;False;BRANCA
45328;3523107.0;Itaquaquecetuba;Grande SP Leste;False;IGNORADO
45329;3547809.0;Santo André;Grande SP Sudeste;False;BRANCA
45330;3548500.0;Santos;Baixada Santista;False;BRANCA
45331;3550308.0;São Paulo;Município de São Paulo;False;BRANCA
45332;3502804.0;Araçatuba;Araçatuba;False;BRANCA
45333;3543402.0;Ribeirão Preto;Ribeirão Preto;False;BRANCA
45334;3536570.0;Paulistânia;Bauru;False;BRANCA
45335;3515707.0;Ferraz de Vasconcelos;Grande SP Leste;False;PARDA
45336;3556206.0;Valinhos;Campinas;False;BRANCA
45337;3550308.0;São Paulo;Município de São Paulo;False;PARDA
45338;3550308.0;São Paulo;Município de São Paulo;False;PARDA
45339;3503307.0;Araras;Piracicaba;False;BRANCA
45340;3552502.0;Suzano;Grande SP Leste;False;BRANCA
45341;3503208.0;Araraquara;Araraquara;False;BRANCA
45342;3530300.0;Mirassol;São José do Rio Preto;False;BRANCA
45343;3557105.0;Votuporanga;São José do Rio Preto;False;BRANCA
45344;3543402.0;Ribeirão Preto;Ribeirão Preto;False;
45345;3543402.0;Ribeirão Preto;Ribeirão Preto;True;BRANCA
45346;3543402.0;Ribeirão Preto;Ribeirão Preto;False;IGNORADO
45347;3550308.0;São Paulo;Município de São Paulo;False;BRANCA
45348;3525904.0;Jundiaí;Campinas;False;PARDA
45349;3550308.0;São Paulo;Município de São Paulo;False;IGNORADO
45350;3525904.0;Jundiaí;Campinas;False;BRANCA
45351;3518800.0;Guarulhos;Grande SP Leste;False;BRANCA
45352;3550308.0;São Paulo;Município de São Paulo;False;
45353;3552205.0;Sorocaba;Sorocaba;False;BRANCA
45354;3541000.0;Praia Grande;Baixada Santista;False;
45355;3545209.0;Salto;Sorocaba;False;BRANCA
45356;3550308.0;São Paulo;Município de São Paulo;False;IGNORADO
45357;3550308.0;São Paulo;Município de São Paulo;False;BRANCA
45358;3510500.0;Caraguatatuba;Taubaté;False;IGNORADO
45359;3535507.0;Paraguaçu Paulista;Marília;False;BRANCA
45360;3501608.0;Americana;Campinas;False;BRANCA
45361;3550308.0;São Paulo;Município de São Paulo;False;PARDA
45362;3506003.0;Bauru;Bauru;False;BRANCA
45363;3550308.0;São Paulo;Município de São Paulo;False;BRANCA
45364;3526704.0;Leme;Piracicaba;False;BRANCA
45365;3525904.0;Jundiaí;Campinas;False;BRANCA
45366;3549409.0;São Joaquim da Barra;Franca;False;BRANCA
45367;3525300.0;Jaú;Bauru;False;BRANCA
45368;3524501.0;Jaci;São José do Rio Preto;False;BRANCA
45369;3530300.0;Mirassol;São José do Rio Preto;False;IGNORADO
45370;3524402.0;Jacareí;Taubaté;False;BRANCA
45371;3550308.0;São Paulo;Município de São Paulo;False;BRANCA
45372;3525904.0;Jundiaí;Campinas;False;BRANCA
45373;3549904.0;São José dos Campos;Taubaté;False;BRANCA
45374;3514809.0;Eldorado;Registro;False;AMARELA
45375;3505500.0;Barretos;Barretos;False;PARDA
45376;3500105.0;Adamantina;Marília;False;PARDA
45377;3552205.0;Sorocaba;Sorocaba;False;BRANCA
45378;3552205.0;Sorocaba;Sorocaba;False;BRANCA
45379;3550308.0;São Paulo;Município de São Paulo;False;PRETA
45380;3509502.0;Campinas;Campinas;False;IGNORADO
45381;3550308.0;São Paulo;Município de São Paulo;False;BRANCA
45382;3506003.0;Bauru;Bauru;False;IGNORADO
45383;3552205.0;Sorocaba;Sorocaba;False;PRETA
45384;3536604.0;Paulo de Faria;São José do Rio Preto;False;PRETA
45385;3535200.0;Palmeira d'Oeste;São José do Rio Preto;False;PRETA
45386;3550308.0;São Paulo;Município de São Paulo;False;BRANCA
45387;3545209.0;Salto;Sorocaba;False;BRANCA
45388;3549805.0;São José do Rio Preto;São José do Rio Preto;False;IGNORADO
45389;3549805.0;São José do Rio Preto;São José do Rio Preto;False;PARDA
45390;3510807.0;Casa Branca;São João da Boa Vista;False;BRANCA
45391;3516408.0;Franco da Rocha;Grande SP Norte;True;BRANCA
45392;3550308.0;São Paulo;Município de São Paulo;False;PARDA
45393;3552205.0;Sorocaba;Sorocaba;False;BRANCA
45394;3503208.0;Araraquara;Araraquara;False;BRANCA
45395;3529302.0;Matão;Araraquara;False;PRETA
45396;3538709.0;Piracicaba;Piracicaba;False;BRANCA
45397;3516200.0;Franca;Franca;False;PARDA
45398;3510104.0;Cândido Rodrigues;Araraquara;False;BRANCA
45399;3506003.0;Bauru;Bauru;False;PARDA
45400;3548500.0;Santos;Baixada Santista;False;
45401;3548708.0;São Bernardo do Campo;Grande SP Sudeste;False;BRANCA
45402;3505708.0;Barueri;Grande SP Oeste;False;BRANCA
45403;3534401.0;Osasco;Grande SP Oeste;False;BRANCA
45404;3525904.0;Jundiaí;Campinas;False;BRANCA
45405;3518503.0;Guareí;Sorocaba;False;
45406;3549904.0;São José dos Campos;Taubaté;False;IGNORADO
45407;3538709.0;Piracicaba;Piracicaba;False;BRANCA
45408;3509502.0;Campinas;Campinas;False;IGNORADO
45409;3550308.0;São Paulo;Município de São Paulo;False;BRANCA
45410;3528502.0;Mairiporã;Grande SP Norte;False;PARDA
45411;3550308.0;São Paulo;Município de São Paulo;False;IGNORADO
45412;3509502.0;Campinas;Campinas;False;AMARELA
45413;3557105.0;Votuporanga;São José do Rio Preto;False;PARDA
45414;3529401.0;Mauá;Grande SP Sudeste;False;IGNORADO
45415;3509502.0;Campinas;Campinas;False;AMARELA
45416;3550308.0;São Paulo;Município de São Paulo;False;NONE
45417;3529203.0;Martinópolis;Presidente Prudente;False;BRANCA
45418;3550308.0;São Paulo;Município de São Paulo;False;NONE
45419;3518800.0;Guarulhos;Grande SP Leste;False;PRETA
45420;3503802.0;Artur Nogueira;Campinas;False;BRANCA
45421;3550308.0;São Paulo;Município de São Paulo;False;BRANCA
45422;3550308.0;São Paulo;Município de São Paulo;False;PARDA
45423;3523909.0;Itu;Sorocaba;False;PARDA
45424;3550308.0;São Paulo;Município de São Paulo;False;BRANCA
45425;3550308.0;São Paulo;Município de São Paulo;False;BRANCA
45426;3550308.0;São Paulo;Município de São Paulo;False;PARDA
45427;3515004.0;Embu das Artes;Grande SP Sudoeste;False;IGNORADO
45428;3550308.0;São Paulo;Município de São Paulo;False;PARDA
45429;3545803.0;Santa Bárbara d'Oeste;Campinas;False;PARDA
45430;3557006.0;Votorantim;Sorocaba;False;NONE
45431;3509700.0;Campos do Jordão;Taubaté;False;BRANCA
