68372;3513504.0;Cubatão;Baixada Santista;False;IGNORADO
68373;3550308.0;São Paulo;Município de São Paulo;False;BRANCA
68374;3554102.0;Taubaté;Taubaté;False;BRANCA
68375;3550308.0;São Paulo;Município de São Paulo;False;PARDA
68376;3548708.0;São Bernardo do Campo;Grande SP Sudeste;False;BRANCA
68377;3550308.0;São Paulo;Município de São Paulo;False;BRANCA
68378;3510609.0;Carapicuíba;Grande SP Oeste;False;PARDA
68379;3518206.0;Guararapes;Araçatuba;False;BRANCA
68380;3550308.0;São Paulo;Município de São Paulo;False;BRANCA
68381;3550308.0;São Paulo;Município de São Paulo;False;BRANCA
68382;3549805.0;São José do Rio Preto;São José do Rio Preto;False;BRANCA
68383;3550100.0;São Manuel;Bauru;False;BRANCA
68384;3538709.0;Piracicaba;Piracicaba;False;BRANCA
68385;3538006.0;Pindamonhangaba;Taubaté;False;BRANCA
68386;3554003.0;Tatuí;Sorocaba;False;BRANCA
68387;3556404.0;Vargem Grande do Sul;São João da Boa Vista;False;BRANCA
68388;3554003.0;Tatuí;Sorocaba;False;BRANCA
68389;3553005.0;Taguaí;Bauru;False;BRANCA
68390;3529401.0;Mauá;Grande SP Sudeste;False;PARDA
68391;3507803.0;Brodowski;Ribeirão Preto;False;BRANCA
68392;3543402.0;Ribeirão Preto;Ribeirão Preto;False;NONE
68393;3549904.0;São José dos Campos;Taubaté;False;BRANCA
68394;3526902.0;Limeira;Piracicaba;False;IGNORADO
68395;3506003.0;Bauru;Bauru;False;BRANCA
68396;3550308.0;São Paulo;Município de São Paulo;False;IGNORADO
68397;3557006.0;Votorantim;Sorocaba;False;BRANCA
68398;3552205.0;Sorocaba;Sorocaba;False;BRANCA
68399;3520509.0;Indaiatuba;Campinas;False;BRANCA
68400;3518800.0;Guarulhos;Grande SP Leste;False;BRANCA
68401;3552205.0;Sorocaba;Sorocaba;False;BRANCA
68402;3520509.0;Indaiatuba;Campinas;False;AMARELA
68403;3551405.0;Serra Azul;Ribeirão Preto;False;BRANCA
68404;3550308.0;São Paulo;Município de São Paulo;False;BRANCA
68405;3550308.0;São Paulo;Município de São Paulo;False;BRANCA
68406;3550308.0;São Paulo;Município de São Paulo;False;PRETA
68407;3513009.0;Cotia;Grande SP Sudoeste;False;BRANCA
68408;3550308.0;São Paulo;Município de São Paulo;False;PARDA
68409;3513009.0;Cotia;Grande SP Sudoeste;False;PARDA
68410;3550308.0;São Paulo;Município de São Paulo;False;BRANCA
68411;3550308.0;São Paulo;Município de São Paulo;False;PARDA
68412;3511102.0;Catanduva;São José do Rio Preto;False;BRANCA
68413;3515103.0;Embu-Guaçu;Grande SP Sudoeste;False;BRANCA
68414;3506359.0;Bertioga;Baixada Santista;False;BRANCA
68415;3521606.0;Irapuru;Presidente Prudente;False;BRANCA
68416;3509502.0;Campinas;Campinas;False;IGNORADO
68417;3550308.0;São Paulo;Município de São Paulo;False;PARDA
68418;3550308.0;São Paulo;Município de São Paulo;False;IGNORADO
68419;3550308.0;São Paulo;Município de São Paulo;False;BRANCA
68420;3550308.0;São Paulo;Município de São Paulo;False;IGNORADO
68421;3554102.0;Taubaté;Taubaté;False;BRANCA
68422;3550308.0;São Paulo;Município de São Paulo;False;BRANCA
68423;3550308.0;São Paulo;Município de São Paulo;False;BRANCA
68424;3548500.0;Santos;Baixada Santista;False;IGNORADO
68425;3556206.0;Valinhos;Campinas;False;BRANCA
68426;3538709.0;Piracicaba;Piracicaba;False;BRANCA
68427;3550308.0;São Paulo;Município de São Paulo;False;NONE
68428;3516200.0;Franca;Franca;False;IGNORADO
68429;3550308.0;São Paulo;Município de São Paulo;False;PARDA
68430;3543402.0;Ribeirão Preto;Ribeirão Preto;False;BRANCA
68431;3523107.0;Itaquaquecetuba;Grande SP Leste;False;PARDA
68432;3529500.0;Mendonça;São José do Rio Preto;False;BRANCA
68433;3529500.0;Mendonça;São José do Rio Preto;False;BRANCA
68434;3511508.0;Cerquilho;Sorocaba;False;BRANCA
68435;3525904.0;Jundiaí;Campinas;False;BRANCA
68436;3517604.0;Guapiara;Sorocaba;False;PARDA
68437;3539004.0;Pirangi;São José do Rio Preto;False;IGNORADO
68438;3545803.0;Santa Bárbara d'Oeste;Campinas;False;BRANCA
68439;3506003.0;Bauru;Bauru;False;BRANCA
68440;3522505.0;Itapevi;Grande SP Oeste;False;BRANCA
68441;3518701.0;Guarujá;Baixada Santista;False;PARDA
68442;3515186.0;Espírito Santo do Pinhal;São João da Boa Vista;False;BRANCA
68443;3525003.0;Jandira;Grande SP Oeste;False;BRANCA
68444;3557105.0;Votuporanga;São José do Rio Preto;False;BRANCA
68445;3545803.0;Santa Bárbara d'Oeste;Campinas;False;BRANCA
68446;3516408.0;Franco da Rocha;Grande SP Norte;True;BRANCA
68447;3550308.0;São Paulo;Município de São Paulo;True;NONE
68448;3526001.0;Junqueirópolis;Presidente Prudente;False;AMARELA
68449;3513504.0;Cubatão;Baixada Santista;False;PARDA
68450;3525904.0;Jundiaí;Campinas;False;BRANCA
68451;3505500.0;Barretos;Barretos;False;BRANCA
68452;3507605.0;Bragança Paulista;Campinas;False;IGNORADO
68453;3554508.0;Tietê;Sorocaba;False;BRANCA
68454;3550308.0;São Paulo;Município de São Paulo;False;BRANCA
68455;3550308.0;São Paulo;Município de São Paulo;False;BRANCA
68456;3509502.0;Campinas;Campinas;False;BRANCA
68457;3532207.0;Narandiba;Presidente Prudente;False;PARDA
68458;3509502.0;Campinas;Campinas;False;BRANCA
68459;3529708.0;Miguelópolis;Franca;False;PARDA
68460;3505708.0;Barueri;Grande SP Oeste;False;BRANCA
68461;3550308.0;São Paulo;Município de São Paulo;False;PARDA
68462;3522406.0;Itapeva;Sorocaba;False;IGNORADO
68463;3550308.0;São Paulo;Município de São Paulo;False;NONE
68464;3524402.0;Jacareí;Taubaté;False;IGNORADO
68465;3509502.0;Campinas;Campinas;False;PARDA
68466;3550308.0;São Paulo;Município de São Paulo;False;BRANCA
68467;3548500.0;Santos;Baixada Santista;False;BRANCA
68468;3549805.0;São José do Rio Preto;São José do Rio Preto;False;BRANCA
68469;3550308.0;São Paulo;Município de São Paulo;False;IGNORADO
68470;3550308.0;São Paulo;Município de São Paulo;False;IGNORADO
68471;3550704.0;São Sebastião;Taubaté;False;BRANCA
68472;3530607.0;Mogi das Cruzes;Grande SP Leste;False;
68473;3550308.0;São Paulo;Município de São Paulo;False;BRANCA
68474;3550308.0;São Paulo;Município de São Paulo;False;BRANCA
68475;3550308.0;São Paulo;Município de São Paulo;False;BRANCA
68476;3518800.0;Guarulhos;Grande SP Leste;False;PRETA
68477;3530805.0;Mogi Mirim;São João da Boa Vista;False;IGNORADO
68478;3550308.0;São Paulo;Município de São Paulo;False;BRANCA
68479;3550308.0;São Paulo;Município de São Paulo;False;IGNORADO
68480;3526902.0;Limeira;Piracicaba;False;BRANCA
68481;3524709.0;Jaguariúna;Campinas;False;BRANCA
68482;3533908.0;Olímpia;Barretos;False;BRANCA
68483;3549805.0;São José do Rio Preto;São José do Rio Preto;False;BRANCA
68484;3549953.0;São Lourenço da Serra;Grande SP Sudoeste;False;BRANCA
68485;3509502.0;Campinas;Campinas;False;IGNORADO
68486;3509502.0;Campinas;Campinas;False;BRANCA
68487;3550308.0;São Paulo;Município de São Paulo;False;NONE
68488;3545803.0;Santa Bárbara d'Oeste;Campinas;False;BRANCA
68489;3545803.0;Santa Bárbara d'Oeste;Campinas;False;BRANCA
68490;3550308.0;São Paulo;Município de São Paulo;False;IGNORADO
68491;3534401.0;Osasco;Grande SP Oeste;False;PARDA
68492;3550308.0;São Paulo;Município de São Paulo;False;BRANCA
68493;3552205.0;Sorocaba;Sorocaba;False;BRANCA
68494;3519071.0;Hortolândia;Campinas;False;BRANCA
68495;3509502.0;Campinas;Campinas;False;BRANCA
68496;3543907.0;Rio Claro;Piracicaba;False;BRANCA
68497;3550308.0;São Paulo;Município de São Paulo;False;
68498;3550308.0;São Paulo;Município de São Paulo;False;IGNORADO
68499;3543402.0;Ribeirão Preto;Ribeirão Preto;False;BRANCA
68500;3500709.0;Agudos;Bauru;False;BRANCA
68501;3550308.0;São Paulo;Município de São Paulo;False;IGNORADO
68502;3552205.0;Sorocaba;Sorocaba;False;BRANCA
68503;3547809.0;Santo André;Grande SP Sudeste;False;BRANCA
68504;3550308.0;São Paulo;Município de São Paulo;False;BRANCA
68505;3503208.0;Araraquara;Araraquara;False;BRANCA
68506;3527108.0;Lins;Bauru;False;BRANCA
68507;3549805.0;São José do Rio Preto;São José do Rio Preto;True;PRETA
68508;3550308.0;São Paulo;Município de São Paulo;False;PARDA
68509;3550308.0;São Paulo;Município de São Paulo;False;PRETA
68510;3530805.0;Mogi Mirim;São João da Boa Vista;False;IGNORADO
68511;3535002.0;Palestina;São José do Rio Preto;False;BRANCA
68512;3509502.0;Campinas;Campinas;False;IGNORADO
68513;3501608.0;Americana;Campinas;False;BRANCA
68514;3520103.0;Igarapava;Franca;False;IGNORADO
