57194;3538709.0;Piracicaba;Piracicaba;False;IGNORADO
57195;3529302.0;Matão;Araraquara;False;PRETA
57196;3516200.0;Franca;Franca;False;IGNORADO
57197;3550308.0;São Paulo;Município de São Paulo;False;IGNORADO
57198;3549409.0;São Joaquim da Barra;Franca;False;IGNORADO
57199;3509502.0;Campinas;Campinas;False;IGNORADO
57200;3525003.0;Jandira;Grande SP Oeste;False;PARDA
57201;3550308.0;São Paulo;Município de São Paulo;False;IGNORADO
57202;3552205.0;Sorocaba;Sorocaba;False;NONE
57203;3550308.0;São Paulo;Município de São Paulo;False;BRANCA
57204;3550308.0;São Paulo;Município de São Paulo;False;IGNORADO
57205;3549904.0;São José dos Campos;Taubaté;False;BRANCA
57206;3552205.0;Sorocaba;Sorocaba;False;NONE
57207;3556701.0;Vinhedo;Campinas;False;BRANCA
57208;3550308.0;São Paulo;Município de São Paulo;False;AMARELA
57209;3550308.0;São Paulo;Município de São Paulo;False;BRANCA
57210;3523305.0;Itariri;Registro;False;PARDA
57211;3550308.0;São Paulo;Município de São Paulo;False;IGNORADO
57212;3550308.0;São Paulo;Município de São Paulo;False;IGNORADO
57213;3513801.0;Diadema;Grande SP Sudeste;False;BRANCA
57214;3522505.0;Itapevi;Grande SP Oeste;False;BRANCA
57215;3547809.0;Santo André;Grande SP Sudeste;False;IGNORADO
57216;3507803.0;Brodowski;Ribeirão Preto;False;BRANCA
57217;3547304.0;Santana de Parnaíba;Grande SP Oeste;False;PRETA
57218;3550308.0;São Paulo;Município de São Paulo;True;PARDA
57219;3548708.0;São Bernardo do Campo;Grande SP Sudeste;False;
57220;3530607.0;Mogi das Cruzes;Grande SP Leste;False;BRANCA
57221;3550308.0;São Paulo;Município de São Paulo;False;BRANCA
57222;3505708.0;Barueri;Grande SP Oeste;False;PARDA
57223;3550308.0;São Paulo;Município de São Paulo;False;BRANCA
57224;3509502.0;Campinas;Campinas;False;BRANCA
57225;3509502.0;Campinas;Campinas;False;BRANCA
57226;3550308.0;São Paulo;Município de São Paulo;True;BRANCA
57227;3516309.0;Francisco Morato;Grande SP Norte;False;BRANCA
57228;3548807.0;São Caetano do Sul;Grande SP Sudeste;False;BRANCA
57229;3543402.0;Ribeirão Preto;Ribeirão Preto;False;BRANCA
57230;3526704.0;Leme;Piracicaba;False;BRANCA
57231;3550308.0;São Paulo;Município de São Paulo;False;PARDA
57232;3534401.0;Osasco;Grande SP Oeste;False;BRANCA
57233;3549805.0;São José do Rio Preto;São José do Rio Preto;False;BRANCA
57234;3552403.0;Sumaré;Campinas;False;BRANCA
57235;3523800.0;Itobi;São João da Boa Vista;False;BRANCA
57236;3550308.0;São Paulo;Município de São Paulo;False;IGNORADO
57237;3547809.0;Santo André;Grande SP Sudeste;False;BRANCA
57238;3550308.0;São Paulo;Município de São Paulo;False;PARDA
57239;3557105.0;Votuporanga;São José do Rio Preto;False;BRANCA
57240;3534302.0;Orlândia;Franca;False;BRANCA
57241;3530607.0;Mogi das Cruzes;Grande SP Leste;False;BRANCA
57242;3518800.0;Guarulhos;Grande SP Leste;False;PARDA
57243;3549805.0;São José do Rio Preto;São José do Rio Preto;False;BRANCA
57244;3518701.0;Guarujá;Baixada Santista;False;PARDA
57245;3532843.0;Nova Canaã Paulista;São José do Rio Preto;False;BRANCA
57246;3550308.0;São Paulo;Município de São Paulo;False;IGNORADO
57247;3506003.0;Bauru;Bauru;False;BRANCA
57248;3550308.0;São Paulo;Município de São Paulo;False;BRANCA
57249;3534302.0;Orlândia;Franca;False;BRANCA
57250;3550308.0;São Paulo;Município de São Paulo;False;BRANCA
57251;3538709.0;Piracicaba;Piracicaba;False;BRANCA
57252;3550308.0;São Paulo;Município de São Paulo;False;BRANCA
57253;3550308.0;São Paulo;Município de São Paulo;True;PARDA
57254;3516309.0;Francisco Morato;Grande SP Norte;False;BRANCA
57255;3550308.0;São Paulo;Município de São Paulo;False;IGNORADO
57256;3531308.0;Monte Alto;Ribeirão Preto;False;BRANCA
57257;3510401.0;Capivari;Piracicaba;False;BRANCA
57258;3525904.0;Jundiaí;Campinas;False;BRANCA
57259;3550308.0;São Paulo;Município de São Paulo;False;BRANCA
57260;3552205.0;Sorocaba;Sorocaba;False;BRANCA
57261;3550308.0;São Paulo;Município de São Paulo;False;IGNORADO
57262;3520509.0;Indaiatuba;Campinas;False;IGNORADO
57263;3505401.0;Barra do Turvo;Registro;False;BRANCA
57264;3550308.0;São Paulo;Município de São Paulo;False;PARDA
57265;3510005.0;Cândido Mota;Marília;False;BRANCA
57266;3516200.0;Franca;Franca;False;BRANCA
57267;3550308.0;São Paulo;Município de São Paulo;False;IGNORADO
57268;3548807.0;São Caetano do Sul;Grande SP Sudeste;False;BRANCA
57269;3550308.0;São Paulo;Município de São Paulo;False;BRANCA
57270;3509304.0;Cajobi;Barretos;False;BRANCA
57271;3552502.0;Suzano;Grande SP Leste;False;NONE
57272;3507605.0;Bragança Paulista;Campinas;False;BRANCA
57273;3532058.0;Motuca;Araraquara;False;BRANCA
57274;3550308.0;São Paulo;Município de São Paulo;False;BRANCA
57275;3550308.0;São Paulo;Município de São Paulo;False;PARDA
57276;3529906.0;Miracatu;Registro;False;BRANCA
57277;3526902.0;Limeira;Piracicaba;False;BRANCA
57278;3520400.0;Ilhabela;Taubaté;False;BRANCA
57279;3516200.0;Franca;Franca;False;IGNORADO
57280;3550308.0;São Paulo;Município de São Paulo;False;IGNORADO
57281;3534401.0;Osasco;Grande SP Oeste;False;BRANCA
57282;3506508.0;Birigui;Araçatuba;False;BRANCA
57283;3541000.0;Praia Grande;Baixada Santista;False;BRANCA
57284;3555901.0;Uru;Bauru;False;BRANCA
57285;3535507.0;Paraguaçu Paulista;Marília;True;BRANCA
57286;3535507.0;Paraguaçu Paulista;Marília;True;BRANCA
57287;3537305.0;Penápolis;Araçatuba;False;BRANCA
57288;3548807.0;São Caetano do Sul;Grande SP Sudeste;False;IGNORADO
57289;3528502.0;Mairiporã;Grande SP Norte;False;PARDA
57290;3534302.0;Orlândia;Franca;True;BRANCA
57291;3525904.0;Jundiaí;Campinas;False;BRANCA
57292;3547809.0;Santo André;Grande SP Sudeste;False;BRANCA
57293;3550308.0;São Paulo;Município de São Paulo;False;IGNORADO
57294;3525102.0;Jardinópolis;Ribeirão Preto;False;BRANCA
57295;3550308.0;São Paulo;Município de São Paulo;False;BRANCA
57296;3515301.0;Estrela do Norte;Presidente Prudente;False;AMARELA
57297;3550308.0;São Paulo;Município de São Paulo;False;BRANCA
57298;3513801.0;Diadema;Grande SP Sudeste;False;NONE
57299;3548906.0;São Carlos;Araraquara;False;NONE
57300;3518404.0;Guaratinguetá;Taubaté;False;BRANCA
57301;3550308.0;São Paulo;Município de São Paulo;False;BRANCA
57302;3552809.0;Taboão da Serra;Grande SP Sudoeste;False;AMARELA
57303;3543402.0;Ribeirão Preto;Ribeirão Preto;False;BRANCA
57304;3550308.0;São Paulo;Município de São Paulo;False;BRANCA
57305;3550308.0;São Paulo;Município de São Paulo;False;IGNORADO
57306;3529401.0;Mauá;Grande SP Sudeste;False;BRANCA
57307;3548500.0;Santos;Baixada Santista;False;BRANCA
57308;3550308.0;São Paulo;Município de São Paulo;False;NONE
57309;3547809.0;Santo André;Grande SP Sudeste;False;BRANCA
57310;3549805.0;São José do Rio Preto;São José do Rio Preto;False;BRANCA
57311;3549805.0;São José do Rio Preto;São José do Rio Preto;False;BRANCA
57312;3538709.0;Piracicaba;Piracicaba;False;BRANCA
57313;3541901.0;Queluz;Taubaté;False;BRANCA
57314;3522604.0;Itapira;São João da Boa Vista;False;BRANCA
57315;3506003.0;Bauru;Bauru;False;AMARELA
57316;3533908.0;Olímpia;Barretos;False;BRANCA
57317;3549904.0;São José dos Campos;Taubaté;False;PARDA
57318;3530805.0;Mogi Mirim;São João da Boa Vista;False;BRANCA
57319;3547809.0;Santo André;Grande SP Sudeste;False;BRANCA
57320;3550308.0;São Paulo;Município de São Paulo;False;BRANCA
57321;3548500.0;Santos;Baixada Santista;False;BRANCA
57322;3550308.0;São Paulo;Município de São Paulo;False;BRANCA
57323;3516200.0;Franca;Franca;False;BRANCA
57324;3549805.0;São José do Rio Preto;São José do Rio Preto;False;BRANCA
57325;3541000.0;Praia Grande;Baixada Santista;False;PARDA
57326;3549805.0;São José do Rio Preto;São José do Rio Preto;False;BRANCA
57327;3525300.0;Jaú;Bauru;False;PRETA
57328;3511102.0;Catanduva;São José do Rio Preto;False;
57329;3549706.0;São José do Rio Pardo;São João da Boa Vista;False;BRANCA
57330;3548500.0;Santos;Baixada Santista;False;PARDA
57331;3530706.0;Mogi Guaçu;São João da Boa Vista;False;BRANCA
57332;3550308.0;São Paulo;Município de São Paulo;True;PARDA
57333;3554102.0;Taubaté;Taubaté;False;PARDA
57334;3550308.0;São Paulo;Município de São Paulo;False;BRANCA
57335;3550308.0;São Paulo;Município de São Paulo;False;BRANCA
