26582;3541406.0;Presidente Prudente;Presidente Prudente;False;BRANCA
26583;3526902.0;Limeira;Piracicaba;False;BRANCA
26584;3526902.0;Limeira;Piracicaba;False;BRANCA
26585;3507803.0;Brodowski;Ribeirão Preto;False;BRANCA
26586;3529401.0;Mauá;Grande SP Sudeste;False;IGNORADO
26587;3548500.0;Santos;Baixada Santista;False;BRANCA
26588;3552205.0;Sorocaba;Sorocaba;False;BRANCA
26589;3548708.0;São Bernardo do Campo;Grande SP Sudeste;False;BRANCA
26590;3509502.0;Campinas;Campinas;False;BRANCA
26591;3552205.0;Sorocaba;Sorocaba;False;PARDA
26592;3512209.0;Conchal;Piracicaba;False;BRANCA
26593;3541505.0;Presidente Venceslau;Presidente Prudente;False;BRANCA
26594;3552403.0;Sumaré;Campinas;False;PARDA
26595;3526902.0;Limeira;Piracicaba;False;BRANCA
26596;3549904.0;São José dos Campos;Taubaté;False;BRANCA
26597;3509502.0;Campinas;Campinas;True;BRANCA
26598;3505302.0;Barra Bonita;Bauru;False;AMARELA
26599;3537602.0;Peruíbe;Baixada Santista;False;AMARELA
26600;3513801.0;Diadema;Grande SP Sudeste;False;AMARELA
26601;3550308.0;São Paulo;Município de São Paulo;False;IGNORADO
26602;3509502.0;Campinas;Campinas;False;PRETA
26603;3536109.0;Pardinho;Bauru;False;BRANCA
26604;3541000.0;Praia Grande;Baixada Santista;False;IGNORADO
26605;3530607.0;Mogi das Cruzes;Grande SP Leste;False;BRANCA
26606;3548708.0;São Bernardo do Campo;Grande SP Sudeste;False;PRETA
26607;3556206.0;Valinhos;Campinas;False;BRANCA
26608;3548906.0;São Carlos;Araraquara;False;BRANCA
26609;3510609.0;Carapicuíba;Grande SP Oeste;False;BRANCA
26610;3510609.0;Carapicuíba;Grande SP Oeste;False;PARDA
26611;3534401.0;Osasco;Grande SP Oeste;False;BRANCA
26612;3541406.0;Presidente Prudente;Presidente Prudente;False;BRANCA
26613;3521101.0;Ipeúna;Piracicaba;False;BRANCA
26614;3556305.0;Valparaíso;Araçatuba;False;BRANCA
26615;3502804.0;Araçatuba;Araçatuba;False;BRANCA
26616;3550308.0;São Paulo;Município de São Paulo;False;NONE
26617;3548906.0;São Carlos;Araraquara;False;IGNORADO
26618;3524402.0;Jacareí;Taubaté;False;PARDA
26619;3549904.0;São José dos Campos;Taubaté;False;IGNORADO
26620;3526209.0;Juquitiba;Grande SP Sudoeste;False;IGNORADO
26621;3541901.0;Queluz;Taubaté;False;BRANCA
26622;3557105.0;Votuporanga;São José do Rio Preto;False;BRANCA
26623;3551009.0;São Vicente;Baixada Santista;False;IGNORADO
26624;3550308.0;São Paulo;Município de São Paulo;False;AMARELA
26625;3543402.0;Ribeirão Preto;Ribeirão Preto;False;PARDA
26626;3516200.0;Franca;Franca;False;AMARELA
26627;3552205.0;Sorocaba;Sorocaba;False;IGNORADO
26628;3507605.0;Bragança Paulista;Campinas;False;IGNORADO
26629;3549805.0;São José do Rio Preto;São José do Rio Preto;False;BRANCA
26630;3549904.0;São José dos Campos;Taubaté;False;IGNORADO
26631;3534401.0;Osasco;Grande SP Oeste;False;
26632;3552403.0;Sumaré;Campinas;False;PARDA
26633;3550308.0;São Paulo;Município de São Paulo;False;BRANCA
26634;3534401.0;Osasco;Grande SP Oeste;False;
26635;3534609.0;Osvaldo Cruz;Marília;False;BRANCA
26636;3550308.0;São Paulo;Município de São Paulo;False;NONE
26637;3550308.0;São Paulo;Município de São Paulo;False;BRANCA
26638;3548708.0;São Bernardo do Campo;Grande SP Sudeste;False;BRANCA
26639;3550308.0;São Paulo;Município de São Paulo;False;NONE
26640;3550308.0;São Paulo;Município de São Paulo;False;IGNORADO
26641;3550308.0;São Paulo;Município de São Paulo;False;BRANCA
26642;3548807.0;São Caetano do Sul;Grande SP Sudeste;False;BRANCA
26643;3526902.0;Limeira;Piracicaba;False;IGNORADO
26644;3550308.0;São Paulo;Município de São Paulo;False;IGNORADO
26645;3530607.0;Mogi das Cruzes;Grande SP Leste;False;BRANCA
26646;3518404.0;Guaratinguetá;Taubaté;False;PARDA
26647;3550308.0;São Paulo;Município de São Paulo;False;BRANCA
26648;3550308.0;São Paulo;Município de São Paulo;False;AMARELA
26649;3512407.0;Cordeirópolis;Piracicaba;False;BRANCA
26650;3525904.0;Jundiaí;Campinas;False;BRANCA
26651;3506508.0;Birigui;Araçatuba;False;BRANCA
26652;3543402.0;Ribeirão Preto;Ribeirão Preto;False;IGNORADO
26653;3502101.0;Andradina;Araçatuba;False;PARDA
26654;3502804.0;Araçatuba;Araçatuba;False;BRANCA
26655;3503901.0;Arujá;Grande SP Leste;False;AMARELA
26656;3531100.0;Mongaguá;Baixada Santista;False;BRANCA
26657;3550308.0;São Paulo;Município de São Paulo;False;BRANCA
26658;3549904.0;São José dos Campos;Taubaté;False;BRANCA
26659;3550308.0;São Paulo;Município de São Paulo;False;IGNORADO
26660;3519071.0;Hortolândia;Campinas;False;PRETA
26661;3552205.0;Sorocaba;Sorocaba;False;BRANCA
26662;3549805.0;São José do Rio Preto;São José do Rio Preto;False;BRANCA
26663;3550308.0;São Paulo;Município de São Paulo;False;BRANCA
26664;3550308.0;São Paulo;Município de São Paulo;False;IGNORADO
26665;3529005.0;Marília;Marília;False;PARDA
26666;3520400.0;Ilhabela;Taubaté;False;PARDA
26667;3550308.0;São Paulo;Município de São Paulo;False;
26668;3516200.0;Franca;Franca;False;PRETA
26669;3549904.0;São José dos Campos;Taubaté;False;BRANCA
26670;3522604.0;Itapira;São João da Boa Vista;False;BRANCA
26671;3544103.0;Rio Grande da Serra;Grande SP Sudeste;False;PARDA
26672;3503901.0;Arujá;Grande SP Leste;False;BRANCA
26673;3508504.0;Caçapava;Taubaté;False;PARDA
26674;3550308.0;São Paulo;Município de São Paulo;False;BRANCA
26675;3550308.0;São Paulo;Município de São Paulo;False;BRANCA
26676;3549904.0;São José dos Campos;Taubaté;False;BRANCA
26677;3550308.0;São Paulo;Município de São Paulo;False;PARDA
26678;3509502.0;Campinas;Campinas;False;BRANCA
26679;3513801.0;Diadema;Grande SP Sudeste;False;IGNORADO
26680;3524402.0;Jacareí;Taubaté;False;BRANCA
26681;3509502.0;Campinas;Campinas;False;IGNORADO
26682;3551702.0;Sertãozinho;Ribeirão Preto;False;PRETA
26683;3550308.0;São Paulo;Município de São Paulo;False;BRANCA
26684;3550308.0;São Paulo;Município de São Paulo;False;IGNORADO
26685;3550308.0;São Paulo;Município de São Paulo;False;
26686;3538709.0;Piracicaba;Piracicaba;False;PARDA
26687;3548807.0;São Caetano do Sul;Grande SP Sudeste;False;BRANCA
26688;3543303.0;Ribeirão Pires;Grande SP Sudeste;False;BRANCA
26689;3550308.0;São Paulo;Município de São Paulo;False;IGNORADO
26690;3523701.0;Itirapuã;Franca;False;BRANCA
26691;3554508.0;Tietê;Sorocaba;False;BRANCA
26692;3537107.0;Pedreira;Campinas;False;PRETA
26693;3552205.0;Sorocaba;Sorocaba;False;PARDA
26694;3551009.0;São Vicente;Baixada Santista;False;NONE
26695;3504008.0;Assis;Marília;False;IGNORADO
26696;3530607.0;Mogi das Cruzes;Grande SP Leste;False;
26697;3530607.0;Mogi das Cruzes;Grande SP Leste;False;BRANCA
26698;3503307.0;Araras;Piracicaba;False;BRANCA
26699;3503307.0;Araras;Piracicaba;True;BRANCA
26700;3509601.0;Campo Limpo Paulista;Campinas;False;BRANCA
26701;3538907.0;Pirajuí;Bauru;False;BRANCA
26702;3526902.0;Limeira;Piracicaba;False;BRANCA
26703;3549904.0;São José dos Campos;Taubaté;False;BRANCA
26704;3530607.0;Mogi das Cruzes;Grande SP Leste;False;BRANCA
26705;3518503.0;Guareí;Sorocaba;False;
26706;3548500.0;Santos;Baixada Santista;False;BRANCA
26707;3514403.0;Dracena;Presidente Prudente;False;BRANCA
26708;3543402.0;Ribeirão Preto;Ribeirão Preto;False;AMARELA
26709;3526902.0;Limeira;Piracicaba;False;BRANCA
26710;3550308.0;São Paulo;Município de São Paulo;False;PRETA
26711;3515186.0;Espírito Santo do Pinhal;São João da Boa Vista;False;BRANCA
26712;3503208.0;Araraquara;Araraquara;False;BRANCA
26713;3513009.0;Cotia;Grande SP Sudoeste;False;BRANCA
26714;3550308.0;São Paulo;Município de São Paulo;False;PARDA
26715;3552502.0;Suzano;Grande SP Leste;False;PARDA
26716;3548807.0;São Caetano do Sul;Grande SP Sudeste;False;AMARELA
26717;3523404.0;Itatiba;Campinas;False;BRANCA
26718;3513009.0;Cotia;Grande SP Sudoeste;False;BRANCA
26719;3523909.0;Itu;Sorocaba;False;IGNORADO
26720;3550308.0;São Paulo;Município de São Paulo;False;BRANCA
26721;3552205.0;Sorocaba;Sorocaba;False;BRANCA
26722;3550308.0;São Paulo;Município de São Paulo;False;PARDA
26723;3518701.0;Guarujá;Baixada Santista;False;IGNORADO
26724;3547809.0;Santo André;Grande SP Sudeste;False;BRANCA
26725;3550308.0;São Paulo;Município de São Paulo;False;IGNORADO
26726;3550308.0;São Paulo;Município de São Paulo;False;BRANCA
26727;3533908.0;Olímpia;Barretos;False;AMARELA
