71704;3517208.0;Guaiçara;Bauru;False;BRANCA
71705;3538709.0;Piracicaba;Piracicaba;False;BRANCA
71706;3552502.0;Suzano;Grande SP Leste;False;BRANCA
71707;3541604.0;Promissão;Bauru;False;BRANCA
71708;3510609.0;Carapicuíba;Grande SP Oeste;False;PRETA
71709;3550308.0;São Paulo;Município de São Paulo;False;PRETA
71710;3550308.0;São Paulo;Município de São Paulo;False;PRETA
71711;3550308.0;São Paulo;Município de São Paulo;False;BRANCA
71712;3503901.0;Arujá;Grande SP Leste;False;IGNORADO
71713;3530508.0;Mococa;São João da Boa Vista;False;PARDA
71714;3550308.0;São Paulo;Município de São Paulo;False;PARDA
71715;3519071.0;Hortolândia;Campinas;False;PARDA
71716;3550308.0;São Paulo;Município de São Paulo;False;PRETA
71717;3511300.0;Cedral;São José do Rio Preto;False;BRANCA
71718;3550308.0;São Paulo;Município de São Paulo;False;IGNORADO
71719;3555406.0;Ubatuba;Taubaté;False;PARDA
71720;3550308.0;São Paulo;Município de São Paulo;False;PARDA
71721;3522307.0;Itapetininga;Sorocaba;False;BRANCA
71722;3550308.0;São Paulo;Município de São Paulo;False;
71723;3549904.0;São José dos Campos;Taubaté;False;BRANCA
71724;3531100.0;Mongaguá;Baixada Santista;False;BRANCA
71725;3543402.0;Ribeirão Preto;Ribeirão Preto;False;BRANCA
71726;3513504.0;Cubatão;Baixada Santista;False;PARDA
71727;3550308.0;São Paulo;Município de São Paulo;False;PARDA
71728;3550308.0;São Paulo;Município de São Paulo;False;PARDA
71729;3549904.0;São José dos Campos;Taubaté;False;BRANCA
71730;3550308.0;São Paulo;Município de São Paulo;False;BRANCA
71731;3548708.0;São Bernardo do Campo;Grande SP Sudeste;False;BRANCA
71732;3507605.0;Bragança Paulista;Campinas;False;BRANCA
71733;3518701.0;Guarujá;Baixada Santista;False;BRANCA
71734;3550308.0;São Paulo;Município de São Paulo;False;PARDA
71735;3549805.0;São José do Rio Preto;São José do Rio Preto;False;IGNORADO
71736;3531407.0;Monte Aprazível;São José do Rio Preto;False;BRANCA
71737;3534302.0;Orlândia;Franca;False;BRANCA
71738;3550308.0;São Paulo;Município de São Paulo;False;BRANCA
71739;3509502.0;Campinas;Campinas;False;BRANCA
71740;3549904.0;São José dos Campos;Taubaté;False;BRANCA
71741;3557105.0;Votuporanga;São José do Rio Preto;False;BRANCA
71742;3518305.0;Guararema;Grande SP Leste;False;BRANCA
71743;3550308.0;São Paulo;Município de São Paulo;False;BRANCA
71744;3543402.0;Ribeirão Preto;Ribeirão Preto;False;NONE
71745;3550308.0;São Paulo;Município de São Paulo;False;BRANCA
71746;3521705.0;Itaberá;Sorocaba;False;BRANCA
71747;3502804.0;Araçatuba;Araçatuba;False;BRANCA
71748;3509502.0;Campinas;Campinas;False;BRANCA
71749;3554102.0;Taubaté;Taubaté;False;PARDA
71750;3550308.0;São Paulo;Município de São Paulo;False;BRANCA
71751;3505708.0;Barueri;Grande SP Oeste;False;
71752;3552502.0;Suzano;Grande SP Leste;False;BRANCA
71753;3534401.0;Osasco;Grande SP Oeste;False;PARDA
71754;3520400.0;Ilhabela;Taubaté;False;BRANCA
71755;3550308.0;São Paulo;Município de São Paulo;False;BRANCA
71756;3525904.0;Jundiaí;Campinas;False;BRANCA
71757;3538709.0;Piracicaba;Piracicaba;False;PARDA
71758;3555406.0;Ubatuba;Taubaté;False;BRANCA
71759;3547809.0;Santo André;Grande SP Sudeste;False;IGNORADO
71760;3529807.0;Mineiros do Tietê;Bauru;False;BRANCA
71761;3543907.0;Rio Claro;Piracicaba;False;BRANCA
71762;3501608.0;Americana;Campinas;False;BRANCA
71763;3548708.0;São Bernardo do Campo;Grande SP Sudeste;False;
71764;3550308.0;São Paulo;Município de São Paulo;False;BRANCA
71765;3548500.0;Santos;Baixada Santista;False;BRANCA
71766;3506003.0;Bauru;Bauru;False;BRANCA
71767;3524600.0;Jacupiranga;Registro;False;BRANCA
71768;3501608.0;Americana;Campinas;False;BRANCA
71769;3548708.0;São Bernardo do Campo;Grande SP Sudeste;False;BRANCA
71770;3522505.0;Itapevi;Grande SP Oeste;False;BRANCA
71771;3550308.0;São Paulo;Município de São Paulo;False;BRANCA
71772;3550308.0;São Paulo;Município de São Paulo;False;BRANCA
71773;3553302.0;Tambaú;São João da Boa Vista;False;BRANCA
71774;3550308.0;São Paulo;Município de São Paulo;False;
71775;3513009.0;Cotia;Grande SP Sudoeste;False;IGNORADO
71776;3528858.0;Marapoama;São José do Rio Preto;False;BRANCA
71777;3526803.0;Lençóis Paulista;Bauru;False;BRANCA
71778;3506508.0;Birigui;Araçatuba;False;BRANCA
71779;3550308.0;São Paulo;Município de São Paulo;False;BRANCA
71780;3539707.0;Platina;Marília;False;BRANCA
71781;3550308.0;São Paulo;Município de São Paulo;False;PARDA
71782;3550308.0;São Paulo;Município de São Paulo;False;
71783;3550308.0;São Paulo;Município de São Paulo;False;
71784;3550308.0;São Paulo;Município de São Paulo;False;PARDA
71785;3520442.0;Ilha Solteira;Araçatuba;False;BRANCA
71786;3550308.0;São Paulo;Município de São Paulo;False;
71787;3550308.0;São Paulo;Município de São Paulo;False;BRANCA
71788;3506003.0;Bauru;Bauru;False;BRANCA
71789;3535507.0;Paraguaçu Paulista;Marília;False;BRANCA
71790;3519071.0;Hortolândia;Campinas;False;PARDA
71791;3550308.0;São Paulo;Município de São Paulo;False;PARDA
71792;3527108.0;Lins;Bauru;False;BRANCA
71793;3555000.0;Tupã;Marília;False;PARDA
71794;3502804.0;Araçatuba;Araçatuba;False;PARDA
71795;3549904.0;São José dos Campos;Taubaté;False;IGNORADO
71796;3518800.0;Guarulhos;Grande SP Leste;False;PARDA
71797;3550308.0;São Paulo;Município de São Paulo;False;IGNORADO
71798;3547809.0;Santo André;Grande SP Sudeste;False;BRANCA
71799;3538105.0;Pindorama;São José do Rio Preto;False;BRANCA
71800;3550308.0;São Paulo;Município de São Paulo;False;PARDA
71801;3529005.0;Marília;Marília;False;BRANCA
71802;3509502.0;Campinas;Campinas;False;AMARELA
71803;3554003.0;Tatuí;Sorocaba;False;BRANCA
71804;3534708.0;Ourinhos;Marília;False;BRANCA
71805;3501905.0;Amparo;Campinas;False;BRANCA
71806;3509502.0;Campinas;Campinas;False;PARDA
71807;3522505.0;Itapevi;Grande SP Oeste;False;BRANCA
71808;3524006.0;Itupeva;Campinas;False;PARDA
71809;3510500.0;Caraguatatuba;Taubaté;False;BRANCA
71810;3550308.0;São Paulo;Município de São Paulo;False;BRANCA
71811;3548500.0;Santos;Baixada Santista;False;BRANCA
71812;3550308.0;São Paulo;Município de São Paulo;False;BRANCA
71813;3505708.0;Barueri;Grande SP Oeste;False;BRANCA
71814;3548906.0;São Carlos;Araraquara;False;BRANCA
71815;3548500.0;Santos;Baixada Santista;False;BRANCA
71816;3523909.0;Itu;Sorocaba;False;BRANCA
71817;3551009.0;São Vicente;Baixada Santista;False;IGNORADO
71818;3550308.0;São Paulo;Município de São Paulo;False;PARDA
71819;3530706.0;Mogi Guaçu;São João da Boa Vista;False;BRANCA
71820;3550308.0;São Paulo;Município de São Paulo;False;BRANCA
71821;3550308.0;São Paulo;Município de São Paulo;False;BRANCA
71822;3503901.0;Arujá;Grande SP Leste;False;BRANCA
71823;3522604.0;Itapira;São João da Boa Vista;False;IGNORADO
71824;3513504.0;Cubatão;Baixada Santista;False;PARDA
71825;3549805.0;São José do Rio Preto;São José do Rio Preto;False;BRANCA
71826;3547809.0;Santo André;Grande SP Sudeste;False;IGNORADO
71827;3554805.0;Tremembé;Taubaté;False;BRANCA
71828;3555406.0;Ubatuba;Taubaté;False;PARDA
71829;3550308.0;São Paulo;Município de São Paulo;False;BRANCA
71830;3506904.0;Bofete;Bauru;False;IGNORADO
71831;3543253.0;Ribeirão Grande;Sorocaba;False;PARDA
71832;3502804.0;Araçatuba;Araçatuba;False;BRANCA
71833;3517703.0;Guará;Franca;False;BRANCA
71834;3549805.0;São José do Rio Preto;São José do Rio Preto;False;BRANCA
71835;3549805.0;São José do Rio Preto;São José do Rio Preto;False;BRANCA
71836;3550308.0;São Paulo;Município de São Paulo;False;PARDA
71837;3550308.0;São Paulo;Município de São Paulo;False;BRANCA
71838;3504800.0;Bálsamo;São José do Rio Preto;False;BRANCA
71839;3554300.0;Teodoro Sampaio;Presidente Prudente;False;BRANCA
71840;3550308.0;São Paulo;Município de São Paulo;False;PARDA
71841;3551801.0;Sete Barras;Registro;False;BRANCA
71842;3550308.0;São Paulo;Município de São Paulo;False;PARDA
71843;3516200.0;Franca;Franca;False;AMARELA
71844;3547809.0;Santo André;Grande SP Sudeste;False;IGNORADO
71845;3537305.0;Penápolis;Araçatuba;False;IGNORADO
71846;3520202.0;Igaratá;Taubaté;False;NONE
71847;3509502.0;Campinas;Campinas;False;BRANCA
71848;3519071.0;Hortolândia;Campinas;False;
