36498;3555406.0;Ubatuba;Taubaté;False;PARDA
36499;3551009.0;São Vicente;Baixada Santista;False;PARDA
36500;3505500.0;Barretos;Barretos;False;PARDA
36501;3550308.0;São Paulo;Município de São Paulo;False;BRANCA
36502;3550308.0;São Paulo;Município de São Paulo;False;BRANCA
36503;3550308.0;São Paulo;Município de São Paulo;False;BRANCA
36504;3550308.0;São Paulo;Município de São Paulo;False;PARDA
36505;3510609.0;Carapicuíba;Grande SP Oeste;False;IGNORADO
36506;3548708.0;São Bernardo do Campo;Grande SP Sudeste;False;BRANCA
36507;3528403.0;Mairinque;Sorocaba;False;AMARELA
36508;3552205.0;Sorocaba;Sorocaba;False;IGNORADO
36509;3504107.0;Atibaia;Campinas;False;BRANCA
36510;3512407.0;Cordeirópolis;Piracicaba;False;BRANCA
36511;3550308.0;São Paulo;Município de São Paulo;False;PARDA
36512;3510005.0;Cândido Mota;Marília;False;BRANCA
36513;3524303.0;Jaboticabal;Ribeirão Preto;False;BRANCA
36514;3523107.0;Itaquaquecetuba;Grande SP Leste;False;BRANCA
36515;3525904.0;Jundiaí;Campinas;False;BRANCA
36516;3548708.0;São Bernardo do Campo;Grande SP Sudeste;False;
36517;3538006.0;Pindamonhangaba;Taubaté;False;NONE
36518;3538709.0;Piracicaba;Piracicaba;False;IGNORADO
36519;3534401.0;Osasco;Grande SP Oeste;False;BRANCA
36520;3549102.0;São João da Boa Vista;São João da Boa Vista;False;BRANCA
36521;3549805.0;São José do Rio Preto;São José do Rio Preto;False;BRANCA
36522;3538709.0;Piracicaba;Piracicaba;False;BRANCA
36523;3549904.0;São José dos Campos;Taubaté;False;BRANCA
36524;3530706.0;Mogi Guaçu;São João da Boa Vista;False;BRANCA
36525;3541000.0;Praia Grande;Baixada Santista;False;PARDA
36526;3529005.0;Marília;Marília;False;BRANCA
36527;3550308.0;São Paulo;Município de São Paulo;False;PARDA
36528;3522208.0;Itapecerica da Serra;Grande SP Sudoeste;False;
36529;3550308.0;São Paulo;Município de São Paulo;False;PARDA
36530;3507001.0;Boituva;Sorocaba;False;BRANCA
36531;3549904.0;São José dos Campos;Taubaté;False;PARDA
36532;3550308.0;São Paulo;Município de São Paulo;False;PARDA
36533;3513009.0;Cotia;Grande SP Sudoeste;False;PARDA
36534;3509007.0;Caieiras;Grande SP Norte;False;PARDA
36535;3550308.0;São Paulo;Município de São Paulo;False;PARDA
36536;3550308.0;São Paulo;Município de São Paulo;False;IGNORADO
36537;3548708.0;São Bernardo do Campo;Grande SP Sudeste;False;
36538;3509502.0;Campinas;Campinas;False;BRANCA
36539;3518800.0;Guarulhos;Grande SP Leste;False;BRANCA
36540;3506003.0;Bauru;Bauru;False;BRANCA
36541;3505500.0;Barretos;Barretos;False;PARDA
36542;3549805.0;São José do Rio Preto;São José do Rio Preto;False;BRANCA
36543;3511102.0;Catanduva;São José do Rio Preto;False;PRETA
36544;3549904.0;São José dos Campos;Taubaté;False;AMARELA
36545;3543402.0;Ribeirão Preto;Ribeirão Preto;False;PARDA
36546;3550308.0;São Paulo;Município de São Paulo;False;BRANCA
36547;3549805.0;São José do Rio Preto;São José do Rio Preto;False;BRANCA
36548;3530300.0;Mirassol;São José do Rio Preto;False;BRANCA
36549;3534005.0;Onda Verde;São José do Rio Preto;False;BRANCA
36550;3534757.0;Ouroeste;São José do Rio Preto;False;AMARELA
36551;3556453.0;Vargem Grande Paulista;Grande SP Sudoeste;False;BRANCA
36552;3535309.0;Palmital;Marília;False;BRANCA
36553;3549904.0;São José dos Campos;Taubaté;False;BRANCA
36554;3549904.0;São José dos Campos;Taubaté;False;BRANCA
36555;3502101.0;Andradina;Araçatuba;False;PARDA
36556;3545407.0;Salto Grande;Marília;False;PRETA
36557;3550308.0;São Paulo;Município de São Paulo;False;BRANCA
36558;3515707.0;Ferraz de Vasconcelos;Grande SP Leste;False;PARDA
36559;3551900.0;Severínia;Barretos;False;AMARELA
36560;3535309.0;Palmital;Marília;False;BRANCA
36561;3550308.0;São Paulo;Município de São Paulo;False;IGNORADO
36562;3522406.0;Itapeva;Sorocaba;False;BRANCA
36563;3550308.0;São Paulo;Município de São Paulo;False;BRANCA
36564;3550308.0;São Paulo;Município de São Paulo;False;PARDA
36565;3513801.0;Diadema;Grande SP Sudeste;False;PARDA
36566;3553302.0;Tambaú;São João da Boa Vista;False;BRANCA
36567;3533403.0;Nova Odessa;Campinas;False;IGNORADO
36568;3507506.0;Botucatu;Bauru;False;PARDA
36569;3504008.0;Assis;Marília;False;PRETA
36570;3542602.0;Registro;Registro;False;BRANCA
36571;3547809.0;Santo André;Grande SP Sudeste;False;BRANCA
36572;3552205.0;Sorocaba;Sorocaba;False;BRANCA
36573;3552403.0;Sumaré;Campinas;False;PARDA
36574;3550308.0;São Paulo;Município de São Paulo;False;PARDA
36575;3541406.0;Presidente Prudente;Presidente Prudente;False;IGNORADO
36576;3519709.0;Ibiúna;Sorocaba;False;NONE
36577;3550308.0;São Paulo;Município de São Paulo;False;PARDA
36578;3550308.0;São Paulo;Município de São Paulo;False;BRANCA
36579;3550308.0;São Paulo;Município de São Paulo;False;IGNORADO
36580;3516200.0;Franca;Franca;False;BRANCA
36581;3518800.0;Guarulhos;Grande SP Leste;False;PRETA
36582;3525904.0;Jundiaí;Campinas;False;IGNORADO
36583;3523107.0;Itaquaquecetuba;Grande SP Leste;False;PARDA
36584;3550308.0;São Paulo;Município de São Paulo;False;PARDA
36585;3552502.0;Suzano;Grande SP Leste;False;PARDA
36586;3510609.0;Carapicuíba;Grande SP Oeste;False;BRANCA
36587;3550308.0;São Paulo;Município de São Paulo;False;BRANCA
36588;3552205.0;Sorocaba;Sorocaba;False;IGNORADO
36589;3503208.0;Araraquara;Araraquara;False;BRANCA
36590;3551009.0;São Vicente;Baixada Santista;False;PARDA
36591;3510203.0;Capão Bonito;Sorocaba;False;BRANCA
36592;3550308.0;São Paulo;Município de São Paulo;False;
36593;3519303.0;Ibaté;Araraquara;False;PARDA
36594;3524402.0;Jacareí;Taubaté;False;IGNORADO
36595;3513405.0;Cruzeiro;Taubaté;False;BRANCA
36596;3510807.0;Casa Branca;São João da Boa Vista;False;BRANCA
36597;3548708.0;São Bernardo do Campo;Grande SP Sudeste;False;BRANCA
36598;3529401.0;Mauá;Grande SP Sudeste;False;PARDA
36599;3505708.0;Barueri;Grande SP Oeste;False;BRANCA
36600;3505500.0;Barretos;Barretos;False;BRANCA
36601;3550308.0;São Paulo;Município de São Paulo;False;BRANCA
36602;3505708.0;Barueri;Grande SP Oeste;False;BRANCA
36603;3550308.0;São Paulo;Município de São Paulo;False;BRANCA
36604;3538709.0;Piracicaba;Piracicaba;False;BRANCA
36605;3518800.0;Guarulhos;Grande SP Leste;False;BRANCA
36606;3538709.0;Piracicaba;Piracicaba;False;IGNORADO
36607;3515004.0;Embu das Artes;Grande SP Sudoeste;False;AMARELA
36608;3526704.0;Leme;Piracicaba;False;BRANCA
36609;3550308.0;São Paulo;Município de São Paulo;False;PARDA
36610;3531803.0;Monte Mor;Campinas;False;BRANCA
36611;3529401.0;Mauá;Grande SP Sudeste;False;BRANCA
36612;3543907.0;Rio Claro;Piracicaba;False;BRANCA
36613;3545001.0;Salesópolis;Grande SP Leste;False;BRANCA
36614;3547007.0;Santa Maria da Serra;Piracicaba;False;BRANCA
36615;3550308.0;São Paulo;Município de São Paulo;False;IGNORADO
36616;3502804.0;Araçatuba;Araçatuba;False;AMARELA
36617;3550308.0;São Paulo;Município de São Paulo;False;PARDA
36618;3520509.0;Indaiatuba;Campinas;False;BRANCA
36619;3518800.0;Guarulhos;Grande SP Leste;False;BRANCA
36620;3552205.0;Sorocaba;Sorocaba;False;BRANCA
36621;3513009.0;Cotia;Grande SP Sudoeste;False;BRANCA
36622;3522505.0;Itapevi;Grande SP Oeste;False;PRETA
36623;3548708.0;São Bernardo do Campo;Grande SP Sudeste;False;BRANCA
36624;3550308.0;São Paulo;Município de São Paulo;False;BRANCA
36625;3534401.0;Osasco;Grande SP Oeste;False;IGNORADO
36626;3505708.0;Barueri;Grande SP Oeste;False;BRANCA
36627;3516408.0;Franco da Rocha;Grande SP Norte;False;BRANCA
36628;3510203.0;Capão Bonito;Sorocaba;False;BRANCA
36629;3502804.0;Araçatuba;Araçatuba;False;BRANCA
36630;3552403.0;Sumaré;Campinas;False;BRANCA
36631;3552205.0;Sorocaba;Sorocaba;False;BRANCA
36632;3518800.0;Guarulhos;Grande SP Leste;False;BRANCA
36633;3550308.0;São Paulo;Município de São Paulo;False;PARDA
36634;3550308.0;São Paulo;Município de São Paulo;False;NONE
36635;3504404.0;Avanhandava;Araçatuba;False;BRANCA
36636;3517406.0;Guaíra;Barretos;False;BRANCA
36637;3552502.0;Suzano;Grande SP Leste;False;BRANCA
36638;3550308.0;São Paulo;Município de São Paulo;False;PARDA
36639;3524402.0;Jacareí;Taubaté;False;BRANCA
36640;3513504.0;Cubatão;Baixada Santista;False;NONE
36641;3536505.0;Paulínia;Campinas;False;PARDA
36642;3515707.0;Ferraz de Vasconcelos;Grande SP Leste;False;AMARELA
