23836;3525904.0;Jundiaí;Campinas;False;BRANCA
23837;3506003.0;Bauru;Bauru;False;NONE
23838;3550308.0;São Paulo;Município de São Paulo;False;IGNORADO
23839;3522703.0;Itápolis;Araraquara;False;BRANCA
23840;3506003.0;Bauru;Bauru;False;
23841;3503307.0;Araras;Piracicaba;False;PARDA
23842;3550308.0;São Paulo;Município de São Paulo;False;AMARELA
23843;3518305.0;Guararema;Grande SP Leste;False;BRANCA
23844;3548500.0;Santos;Baixada Santista;False;IGNORADO
23845;3549805.0;São José do Rio Preto;São José do Rio Preto;False;BRANCA
23846;3510609.0;Carapicuíba;Grande SP Oeste;False;PARDA
23847;3520509.0;Indaiatuba;Campinas;False;PARDA
23848;3550308.0;São Paulo;Município de São Paulo;False;BRANCA
23849;3552809.0;Taboão da Serra;Grande SP Sudoeste;False;PARDA
23850;3555406.0;Ubatuba;Taubaté;False;BRANCA
23851;3510005.0;Cândido Mota;Marília;False;PARDA
23852;3557105.0;Votuporanga;São José do Rio Preto;False;BRANCA
23853;3550308.0;São Paulo;Município de São Paulo;False;PARDA
23854;3515004.0;Embu das Artes;Grande SP Sudoeste;False;PARDA
23855;3548708.0;São Bernardo do Campo;Grande SP Sudeste;False;BRANCA
23856;3550308.0;São Paulo;Município de São Paulo;False;
23857;3516408.0;Franco da Rocha;Grande SP Norte;False;IGNORADO
23858;3502804.0;Araçatuba;Araçatuba;False;BRANCA
23859;3550308.0;São Paulo;Município de São Paulo;False;PARDA
23860;3547809.0;Santo André;Grande SP Sudeste;False;BRANCA
23861;3549805.0;São José do Rio Preto;São José do Rio Preto;False;IGNORADO
23862;3533908.0;Olímpia;Barretos;False;IGNORADO
23863;3513405.0;Cruzeiro;Taubaté;False;BRANCA
23864;3517406.0;Guaíra;Barretos;False;BRANCA
23865;3549805.0;São José do Rio Preto;São José do Rio Preto;False;BRANCA
23866;3504206.0;Auriflama;Araçatuba;False;BRANCA
23867;3548500.0;Santos;Baixada Santista;False;BRANCA
23868;3520509.0;Indaiatuba;Campinas;False;BRANCA
23869;3502804.0;Araçatuba;Araçatuba;False;BRANCA
23870;3550308.0;São Paulo;Município de São Paulo;False;PARDA
23871;3550308.0;São Paulo;Município de São Paulo;False;PARDA
23872;3550308.0;São Paulo;Município de São Paulo;False;BRANCA
23873;3534401.0;Osasco;Grande SP Oeste;False;IGNORADO
23874;3550308.0;São Paulo;Município de São Paulo;False;BRANCA
23875;3534401.0;Osasco;Grande SP Oeste;False;AMARELA
23876;3531308.0;Monte Alto;Ribeirão Preto;False;PARDA
23877;3522406.0;Itapeva;Sorocaba;False;BRANCA
23878;3550308.0;São Paulo;Município de São Paulo;False;BRANCA
23879;3550308.0;São Paulo;Município de São Paulo;False;PARDA
23880;3550308.0;São Paulo;Município de São Paulo;False;IGNORADO
23881;3547809.0;Santo André;Grande SP Sudeste;False;BRANCA
23882;3541604.0;Promissão;Bauru;False;BRANCA
23883;3546009.0;Santa Branca;Taubaté;False;BRANCA
23884;3556404.0;Vargem Grande do Sul;São João da Boa Vista;False;
23885;3550308.0;São Paulo;Município de São Paulo;False;BRANCA
23886;3542909.0;Ribeirão Bonito;Araraquara;False;BRANCA
23887;3521408.0;Iracemápolis;Piracicaba;False;BRANCA
23888;3554003.0;Tatuí;Sorocaba;False;BRANCA
23889;3534401.0;Osasco;Grande SP Oeste;False;BRANCA
23890;3507605.0;Bragança Paulista;Campinas;False;BRANCA
23891;3510906.0;Cássia dos Coqueiros;Ribeirão Preto;False;PARDA
23892;3530102.0;Mirandópolis;Araçatuba;False;BRANCA
23893;3550308.0;São Paulo;Município de São Paulo;False;BRANCA
23894;3506003.0;Bauru;Bauru;False;BRANCA
23895;3550308.0;São Paulo;Município de São Paulo;False;BRANCA
23896;3526902.0;Limeira;Piracicaba;False;BRANCA
23897;3538709.0;Piracicaba;Piracicaba;False;IGNORADO
23898;3549805.0;São José do Rio Preto;São José do Rio Preto;False;BRANCA
23899;3543402.0;Ribeirão Preto;Ribeirão Preto;False;BRANCA
23900;3550308.0;São Paulo;Município de São Paulo;False;NONE
23901;3524402.0;Jacareí;Taubaté;False;BRANCA
23902;3545209.0;Salto;Sorocaba;False;BRANCA
23903;3545803.0;Santa Bárbara d'Oeste;Campinas;False;BRANCA
23904;3549805.0;São José do Rio Preto;São José do Rio Preto;False;IGNORADO
23905;3550308.0;São Paulo;Município de São Paulo;False;NONE
23906;3529005.0;Marília;Marília;False;BRANCA
23907;3535309.0;Palmital;Marília;False;BRANCA
23908;3520400.0;Ilhabela;Taubaté;False;BRANCA
23909;3543402.0;Ribeirão Preto;Ribeirão Preto;False;BRANCA
23910;3509502.0;Campinas;Campinas;False;PARDA
23911;3550308.0;São Paulo;Município de São Paulo;False;IGNORADO
23912;3549102.0;São João da Boa Vista;São João da Boa Vista;True;BRANCA
23913;3513405.0;Cruzeiro;Taubaté;False;BRANCA
23914;3536208.0;Pariquera-Açu;Registro;False;BRANCA
23915;3505203.0;Bariri;Bauru;False;BRANCA
23916;3523701.0;Itirapuã;Franca;False;BRANCA
23917;3543907.0;Rio Claro;Piracicaba;False;BRANCA
23918;3550605.0;São Roque;Sorocaba;False;IGNORADO
23919;3550308.0;São Paulo;Município de São Paulo;False;PARDA
23920;3550308.0;São Paulo;Município de São Paulo;False;PARDA
23921;3550308.0;São Paulo;Município de São Paulo;False;PRETA
23922;3550308.0;São Paulo;Município de São Paulo;False;PARDA
23923;3506003.0;Bauru;Bauru;False;BRANCA
23924;3513108.0;Cravinhos;Ribeirão Preto;False;BRANCA
23925;3516200.0;Franca;Franca;False;PARDA
23926;3550506.0;São Pedro do Turvo;Marília;False;BRANCA
23927;3550308.0;São Paulo;Município de São Paulo;False;INDIGENA
23928;3518404.0;Guaratinguetá;Taubaté;False;BRANCA
23929;3513009.0;Cotia;Grande SP Sudoeste;False;PARDA
23930;3520509.0;Indaiatuba;Campinas;False;BRANCA
23931;3550902.0;São Simão;Ribeirão Preto;False;BRANCA
23932;3518800.0;Guarulhos;Grande SP Leste;False;BRANCA
23933;3554953.0;Tuiuti;Campinas;False;BRANCA
23934;3545803.0;Santa Bárbara d'Oeste;Campinas;False;BRANCA
23935;3550308.0;São Paulo;Município de São Paulo;False;
23936;3550308.0;São Paulo;Município de São Paulo;False;BRANCA
23937;3525706.0;José Bonifácio;São José do Rio Preto;False;BRANCA
23938;3502903.0;Araçoiaba da Serra;Sorocaba;False;BRANCA
23939;3511102.0;Catanduva;São José do Rio Preto;False;BRANCA
23940;3550308.0;São Paulo;Município de São Paulo;False;IGNORADO
23941;3505500.0;Barretos;Barretos;False;BRANCA
23942;3521408.0;Iracemápolis;Piracicaba;False;BRANCA
23943;3516200.0;Franca;Franca;False;IGNORADO
23944;3550308.0;São Paulo;Município de São Paulo;False;PARDA
23945;3538709.0;Piracicaba;Piracicaba;False;BRANCA
23946;3519501.0;Ibirarema;Marília;False;BRANCA
23947;3552205.0;Sorocaba;Sorocaba;False;PARDA
23948;3548708.0;São Bernardo do Campo;Grande SP Sudeste;False;IGNORADO
23949;3550308.0;São Paulo;Município de São Paulo;False;BRANCA
23950;3525904.0;Jundiaí;Campinas;False;BRANCA
23951;3550308.0;São Paulo;Município de São Paulo;False;BRANCA
23952;3550308.0;São Paulo;Município de São Paulo;False;BRANCA
23953;3509502.0;Campinas;Campinas;False;BRANCA
23954;3549805.0;São José do Rio Preto;São José do Rio Preto;False;IGNORADO
23955;3550308.0;São Paulo;Município de São Paulo;False;PARDA
23956;3555406.0;Ubatuba;Taubaté;False;PARDA
23957;3547304.0;Santana de Parnaíba;Grande SP Oeste;True;BRANCA
23958;3550308.0;São Paulo;Município de São Paulo;False;PARDA
23959;3509007.0;Caieiras;Grande SP Norte;False;PARDA
23960;3550308.0;São Paulo;Município de São Paulo;True;PARDA
23961;3548500.0;Santos;Baixada Santista;False;PARDA
23962;3550308.0;São Paulo;Município de São Paulo;False;NONE
23963;3550308.0;São Paulo;Município de São Paulo;False;IGNORADO
23964;3530706.0;Mogi Guaçu;São João da Boa Vista;False;BRANCA
23965;3534401.0;Osasco;Grande SP Oeste;False;BRANCA
23966;3513009.0;Cotia;Grande SP Sudoeste;False;BRANCA
23967;3548708.0;São Bernardo do Campo;Grande SP Sudeste;False;BRANCA
23968;3547809.0;Santo André;Grande SP Sudeste;False;IGNORADO
23969;3538006.0;Pindamonhangaba;Taubaté;False;BRANCA
23970;3550308.0;São Paulo;Município de São Paulo;False;NONE
23971;3543402.0;Ribeirão Preto;Ribeirão Preto;False;IGNORADO
23972;3525904.0;Jundiaí;Campinas;False;BRANCA
23973;3550308.0;São Paulo;Município de São Paulo;False;
23974;3547809.0;Santo André;Grande SP Sudeste;False;BRANCA
23975;3502804.0;Araçatuba;Araçatuba;False;BRANCA
23976;3550308.0;São Paulo;Município de São Paulo;False;PARDA
23977;3504503.0;Avaré;Bauru;False;BRANCA
23978;3550308.0;São Paulo;Município de São Paulo;False;BRANCA
23979;3529401.0;Mauá;Grande SP Sudeste;False;NONE
