36922;3549904.0;São José dos Campos;Taubaté;False;BRANCA
36923;3550308.0;São Paulo;Município de São Paulo;False;BRANCA
36924;3518800.0;Guarulhos;Grande SP Leste;False;PRETA
36925;3522604.0;Itapira;São João da Boa Vista;False;BRANCA
36926;3557006.0;Votorantim;Sorocaba;False;BRANCA
36927;3543402.0;Ribeirão Preto;Ribeirão Preto;False;BRANCA
36928;3550308.0;São Paulo;Município de São Paulo;False;BRANCA
36929;3529401.0;Mauá;Grande SP Sudeste;False;AMARELA
36930;3507506.0;Botucatu;Bauru;False;IGNORADO
36931;3518701.0;Guarujá;Baixada Santista;False;BRANCA
36932;3550308.0;São Paulo;Município de São Paulo;False;PARDA
36933;3541406.0;Presidente Prudente;Presidente Prudente;False;PARDA
36934;3556701.0;Vinhedo;Campinas;False;IGNORADO
36935;3548708.0;São Bernardo do Campo;Grande SP Sudeste;False;BRANCA
36936;3553401.0;Tanabi;São José do Rio Preto;False;BRANCA
36937;3548708.0;São Bernardo do Campo;Grande SP Sudeste;False;BRANCA
36938;3509007.0;Caieiras;Grande SP Norte;False;PRETA
36939;3538709.0;Piracicaba;Piracicaba;False;BRANCA
36940;3549805.0;São José do Rio Preto;São José do Rio Preto;False;BRANCA
36941;3551702.0;Sertãozinho;Ribeirão Preto;False;BRANCA
36942;3529401.0;Mauá;Grande SP Sudeste;False;AMARELA
36943;3503208.0;Araraquara;Araraquara;False;BRANCA
36944;3529005.0;Marília;Marília;False;BRANCA
36945;3524808.0;Jales;São José do Rio Preto;False;BRANCA
36946;3506003.0;Bauru;Bauru;False;PARDA
36947;3513009.0;Cotia;Grande SP Sudoeste;False;PRETA
36948;3526803.0;Lençóis Paulista;Bauru;False;BRANCA
36949;3525904.0;Jundiaí;Campinas;False;IGNORADO
36950;3549805.0;São José do Rio Preto;São José do Rio Preto;False;BRANCA
36951;3554805.0;Tremembé;Taubaté;False;BRANCA
36952;3503604.0;Areiópolis;Bauru;False;BRANCA
36953;3504800.0;Bálsamo;São José do Rio Preto;False;BRANCA
36954;3545803.0;Santa Bárbara d'Oeste;Campinas;False;BRANCA
36955;3506003.0;Bauru;Bauru;False;IGNORADO
36956;3549805.0;São José do Rio Preto;São José do Rio Preto;False;BRANCA
36957;3523503.0;Itatinga;Bauru;False;BRANCA
36958;3550308.0;São Paulo;Município de São Paulo;False;BRANCA
36959;3554003.0;Tatuí;Sorocaba;False;BRANCA
36960;3513801.0;Diadema;Grande SP Sudeste;False;NONE
36961;3506102.0;Bebedouro;Barretos;False;BRANCA
36962;3520301.0;Iguape;Registro;False;BRANCA
36963;3550308.0;São Paulo;Município de São Paulo;False;PARDA
36964;3542909.0;Ribeirão Bonito;Araraquara;False;IGNORADO
36965;3550308.0;São Paulo;Município de São Paulo;False;IGNORADO
36966;3509502.0;Campinas;Campinas;False;PARDA
36967;3550308.0;São Paulo;Município de São Paulo;False;BRANCA
36968;3557006.0;Votorantim;Sorocaba;False;IGNORADO
36969;3552809.0;Taboão da Serra;Grande SP Sudoeste;False;PARDA
36970;3524808.0;Jales;São José do Rio Preto;False;BRANCA
36971;3506003.0;Bauru;Bauru;False;BRANCA
36972;3505708.0;Barueri;Grande SP Oeste;False;IGNORADO
36973;3514403.0;Dracena;Presidente Prudente;False;BRANCA
36974;3550308.0;São Paulo;Município de São Paulo;False;BRANCA
36975;3525904.0;Jundiaí;Campinas;False;BRANCA
36976;3536208.0;Pariquera-Açu;Registro;False;BRANCA
36977;3550308.0;São Paulo;Município de São Paulo;False;BRANCA
36978;3530607.0;Mogi das Cruzes;Grande SP Leste;True;BRANCA
36979;3550308.0;São Paulo;Município de São Paulo;False;BRANCA
36980;3554102.0;Taubaté;Taubaté;False;IGNORADO
36981;3549904.0;São José dos Campos;Taubaté;False;BRANCA
36982;3502507.0;Aparecida;Taubaté;False;BRANCA
36983;3550308.0;São Paulo;Município de São Paulo;False;PARDA
36984;3515186.0;Espírito Santo do Pinhal;São João da Boa Vista;False;BRANCA
36985;3550308.0;São Paulo;Município de São Paulo;False;IGNORADO
36986;3504602.0;Bady Bassitt;São José do Rio Preto;False;BRANCA
36987;3550308.0;São Paulo;Município de São Paulo;False;PARDA
36988;3508504.0;Caçapava;Taubaté;False;IGNORADO
36989;3550308.0;São Paulo;Município de São Paulo;False;NONE
36990;3524808.0;Jales;São José do Rio Preto;False;BRANCA
36991;3550308.0;São Paulo;Município de São Paulo;False;BRANCA
36992;3548054.0;Santo Antônio do Aracanguá;Araçatuba;False;PARDA
36993;3534302.0;Orlândia;Franca;False;BRANCA
36994;3508504.0;Caçapava;Taubaté;False;BRANCA
36995;3538709.0;Piracicaba;Piracicaba;False;BRANCA
36996;3518800.0;Guarulhos;Grande SP Leste;False;BRANCA
36997;3543402.0;Ribeirão Preto;Ribeirão Preto;False;BRANCA
36998;3550308.0;São Paulo;Município de São Paulo;False;BRANCA
36999;3509502.0;Campinas;Campinas;False;BRANCA
37000;3549805.0;São José do Rio Preto;São José do Rio Preto;False;BRANCA
37001;3550308.0;São Paulo;Município de São Paulo;False;IGNORADO
37002;3549805.0;São José do Rio Preto;São José do Rio Preto;False;IGNORADO
37003;3552502.0;Suzano;Grande SP Leste;False;PARDA
37004;3518701.0;Guarujá;Baixada Santista;False;BRANCA
37005;3554102.0;Taubaté;Taubaté;False;BRANCA
37006;3551702.0;Sertãozinho;Ribeirão Preto;True;NONE
37007;3553401.0;Tanabi;São José do Rio Preto;False;BRANCA
37008;3524709.0;Jaguariúna;Campinas;False;BRANCA
37009;3552205.0;Sorocaba;Sorocaba;False;PARDA
37010;3511003.0;Castilho;Araçatuba;False;AMARELA
37011;3541000.0;Praia Grande;Baixada Santista;False;PARDA
37012;3533908.0;Olímpia;Barretos;False;BRANCA
37013;3550308.0;São Paulo;Município de São Paulo;False;BRANCA
37014;3550308.0;São Paulo;Município de São Paulo;False;BRANCA
37015;3549102.0;São João da Boa Vista;São João da Boa Vista;False;IGNORADO
37016;3504701.0;Balbinos;Bauru;False;PARDA
37017;3552502.0;Suzano;Grande SP Leste;False;PARDA
37018;3522208.0;Itapecerica da Serra;Grande SP Sudoeste;False;IGNORADO
37019;3509502.0;Campinas;Campinas;False;BRANCA
37020;3550308.0;São Paulo;Município de São Paulo;False;BRANCA
37021;3521804.0;Itaí;Bauru;False;BRANCA
37022;3543402.0;Ribeirão Preto;Ribeirão Preto;False;BRANCA
37023;3518800.0;Guarulhos;Grande SP Leste;False;BRANCA
37024;3518800.0;Guarulhos;Grande SP Leste;False;PARDA
37025;3555406.0;Ubatuba;Taubaté;False;BRANCA
37026;3550308.0;São Paulo;Município de São Paulo;False;NONE
37027;3541000.0;Praia Grande;Baixada Santista;False;PARDA
37028;3548500.0;Santos;Baixada Santista;False;PRETA
37029;3550308.0;São Paulo;Município de São Paulo;False;AMARELA
37030;3550308.0;São Paulo;Município de São Paulo;True;BRANCA
37031;3507506.0;Botucatu;Bauru;False;BRANCA
37032;3526902.0;Limeira;Piracicaba;False;IGNORADO
37033;3550308.0;São Paulo;Município de São Paulo;False;BRANCA
37034;3506359.0;Bertioga;Baixada Santista;False;PARDA
37035;3552205.0;Sorocaba;Sorocaba;False;BRANCA
37036;3552403.0;Sumaré;Campinas;False;IGNORADO
37037;3550308.0;São Paulo;Município de São Paulo;True;BRANCA
37038;3523602.0;Itirapina;Piracicaba;False;BRANCA
37039;3557006.0;Votorantim;Sorocaba;False;BRANCA
37040;3528502.0;Mairiporã;Grande SP Norte;False;BRANCA
37041;3503307.0;Araras;Piracicaba;False;BRANCA
37042;3520509.0;Indaiatuba;Campinas;False;IGNORADO
37043;3534401.0;Osasco;Grande SP Oeste;False;PARDA
37044;3535200.0;Palmeira d'Oeste;São José do Rio Preto;False;BRANCA
37045;3556206.0;Valinhos;Campinas;True;BRANCA
37046;3541406.0;Presidente Prudente;Presidente Prudente;False;BRANCA
37047;3550308.0;São Paulo;Município de São Paulo;False;BRANCA
37048;3536703.0;Pederneiras;Bauru;False;BRANCA
37049;3502804.0;Araçatuba;Araçatuba;False;BRANCA
37050;3548500.0;Santos;Baixada Santista;False;BRANCA
37051;3515152.0;Engenheiro Coelho;Piracicaba;False;BRANCA
37052;3512407.0;Cordeirópolis;Piracicaba;False;BRANCA
37053;3550308.0;São Paulo;Município de São Paulo;False;IGNORADO
37054;3522307.0;Itapetininga;Sorocaba;False;BRANCA
37055;3507506.0;Botucatu;Bauru;False;BRANCA
37056;3549805.0;São José do Rio Preto;São José do Rio Preto;False;BRANCA
37057;3550308.0;São Paulo;Município de São Paulo;False;PARDA
37058;3550308.0;São Paulo;Município de São Paulo;False;BRANCA
37059;3516309.0;Francisco Morato;Grande SP Norte;False;BRANCA
37060;3550308.0;São Paulo;Município de São Paulo;False;PARDA
37061;3501608.0;Americana;Campinas;True;BRANCA
37062;3549805.0;São José do Rio Preto;São José do Rio Preto;False;BRANCA
37063;3550308.0;São Paulo;Município de São Paulo;False;BRANCA
37064;3518800.0;Guarulhos;Grande SP Leste;False;PRETA
37065;3550308.0;São Paulo;Município de São Paulo;False;BRANCA
