14069;3538006.0;Pindamonhangaba;Taubaté;False;BRANCA
14070;3554003.0;Tatuí;Sorocaba;False;BRANCA
14071;3518602.0;Guariba;Ribeirão Preto;False;PARDA
14072;3518800.0;Guarulhos;Grande SP Leste;False;NONE
14073;3538709.0;Piracicaba;Piracicaba;False;BRANCA
14074;3513801.0;Diadema;Grande SP Sudeste;False;PRETA
14075;3550308.0;São Paulo;Município de São Paulo;False;BRANCA
14076;3523404.0;Itatiba;Campinas;False;BRANCA
14077;3549904.0;São José dos Campos;Taubaté;False;PARDA
14078;3527207.0;Lorena;Taubaté;False;BRANCA
14079;3521408.0;Iracemápolis;Piracicaba;False;BRANCA
14080;3541000.0;Praia Grande;Baixada Santista;False;PARDA
14081;3547601.0;Santa Rosa de Viterbo;Ribeirão Preto;False;PARDA
14082;3550308.0;São Paulo;Município de São Paulo;False;PARDA
14083;3550308.0;São Paulo;Município de São Paulo;False;BRANCA
14084;3552502.0;Suzano;Grande SP Leste;False;IGNORADO
14085;3518800.0;Guarulhos;Grande SP Leste;False;IGNORADO
14086;3529401.0;Mauá;Grande SP Sudeste;False;BRANCA
14087;3506805.0;Bocaina;Bauru;False;BRANCA
14088;3511508.0;Cerquilho;Sorocaba;False;BRANCA
14089;3500709.0;Agudos;Bauru;False;BRANCA
14090;3510500.0;Caraguatatuba;Taubaté;False;BRANCA
14091;3552809.0;Taboão da Serra;Grande SP Sudoeste;False;
14092;3538600.0;Piracaia;Campinas;False;BRANCA
14093;3543402.0;Ribeirão Preto;Ribeirão Preto;False;BRANCA
14094;3550308.0;São Paulo;Município de São Paulo;False;PARDA
14095;3550308.0;São Paulo;Município de São Paulo;False;BRANCA
14096;3543402.0;Ribeirão Preto;Ribeirão Preto;False;IGNORADO
14097;3548500.0;Santos;Baixada Santista;False;BRANCA
14098;3550308.0;São Paulo;Município de São Paulo;False;IGNORADO
14099;3550308.0;São Paulo;Município de São Paulo;False;BRANCA
14100;3507605.0;Bragança Paulista;Campinas;False;BRANCA
14101;3545001.0;Salesópolis;Grande SP Leste;False;BRANCA
14102;3537107.0;Pedreira;Campinas;False;BRANCA
14103;3554003.0;Tatuí;Sorocaba;False;BRANCA
14104;3506003.0;Bauru;Bauru;False;BRANCA
14105;3530706.0;Mogi Guaçu;São João da Boa Vista;False;BRANCA
14106;3550308.0;São Paulo;Município de São Paulo;False;BRANCA
14107;3550308.0;São Paulo;Município de São Paulo;False;BRANCA
14108;3550308.0;São Paulo;Município de São Paulo;False;PARDA
14109;3548708.0;São Bernardo do Campo;Grande SP Sudeste;False;BRANCA
14110;3534401.0;Osasco;Grande SP Oeste;False;BRANCA
14111;3550308.0;São Paulo;Município de São Paulo;False;
14112;3513900.0;Divinolândia;São João da Boa Vista;False;BRANCA
14113;3549805.0;São José do Rio Preto;São José do Rio Preto;False;PARDA
14114;3550308.0;São Paulo;Município de São Paulo;False;PARDA
14115;3509502.0;Campinas;Campinas;False;BRANCA
14116;3525904.0;Jundiaí;Campinas;False;BRANCA
14117;3503208.0;Araraquara;Araraquara;False;PRETA
14118;3534609.0;Osvaldo Cruz;Marília;False;BRANCA
14119;3541406.0;Presidente Prudente;Presidente Prudente;False;
14120;3522307.0;Itapetininga;Sorocaba;False;PARDA
14121;3501608.0;Americana;Campinas;False;BRANCA
14122;3543402.0;Ribeirão Preto;Ribeirão Preto;False;PRETA
14123;3509502.0;Campinas;Campinas;False;BRANCA
14124;3509502.0;Campinas;Campinas;False;IGNORADO
14125;3510609.0;Carapicuíba;Grande SP Oeste;False;BRANCA
14126;3509502.0;Campinas;Campinas;False;BRANCA
14127;3548500.0;Santos;Baixada Santista;False;PARDA
14128;3541000.0;Praia Grande;Baixada Santista;False;PARDA
14129;3513801.0;Diadema;Grande SP Sudeste;False;AMARELA
14130;3554102.0;Taubaté;Taubaté;False;BRANCA
14131;3548708.0;São Bernardo do Campo;Grande SP Sudeste;False;BRANCA
14132;3550308.0;São Paulo;Município de São Paulo;False;BRANCA
14133;3507506.0;Botucatu;Bauru;False;BRANCA
14134;3550308.0;São Paulo;Município de São Paulo;False;PRETA
14135;3525904.0;Jundiaí;Campinas;False;BRANCA
14136;3550308.0;São Paulo;Município de São Paulo;False;BRANCA
14137;3540002.0;Pompéia;Marília;False;PRETA
14138;3550308.0;São Paulo;Município de São Paulo;False;BRANCA
14139;3550308.0;São Paulo;Município de São Paulo;False;BRANCA
14140;3550308.0;São Paulo;Município de São Paulo;False;BRANCA
14141;3522109.0;Itanhaém;Baixada Santista;False;IGNORADO
14142;3543253.0;Ribeirão Grande;Sorocaba;False;BRANCA
14143;3550308.0;São Paulo;Município de São Paulo;False;PARDA
14144;3550308.0;São Paulo;Município de São Paulo;False;BRANCA
14145;3550704.0;São Sebastião;Taubaté;False;BRANCA
14146;3511102.0;Catanduva;São José do Rio Preto;False;AMARELA
14147;3550308.0;São Paulo;Município de São Paulo;False;BRANCA
14148;3549805.0;São José do Rio Preto;São José do Rio Preto;False;PARDA
14149;3543402.0;Ribeirão Preto;Ribeirão Preto;False;BRANCA
14150;3550308.0;São Paulo;Município de São Paulo;False;BRANCA
14151;3554102.0;Taubaté;Taubaté;False;BRANCA
14152;3503307.0;Araras;Piracicaba;False;BRANCA
14153;3550308.0;São Paulo;Município de São Paulo;False;BRANCA
14154;3550308.0;São Paulo;Município de São Paulo;False;IGNORADO
14155;3534401.0;Osasco;Grande SP Oeste;False;
14156;3518800.0;Guarulhos;Grande SP Leste;False;BRANCA
14157;3535606.0;Paraibuna;Taubaté;False;BRANCA
14158;3525904.0;Jundiaí;Campinas;False;BRANCA
14159;3540200.0;Pontal;Ribeirão Preto;False;BRANCA
14160;3509601.0;Campo Limpo Paulista;Campinas;True;PARDA
14161;3550308.0;São Paulo;Município de São Paulo;False;BRANCA
14162;3547809.0;Santo André;Grande SP Sudeste;True;BRANCA
14163;3509502.0;Campinas;Campinas;False;IGNORADO
14164;3515509.0;Fernandópolis;São José do Rio Preto;False;BRANCA
14165;3550308.0;São Paulo;Município de São Paulo;True;PARDA
14166;3509007.0;Caieiras;Grande SP Norte;False;PARDA
14167;3505500.0;Barretos;Barretos;False;PARDA
14168;3543402.0;Ribeirão Preto;Ribeirão Preto;False;BRANCA
14169;3524204.0;Jaborandi;Barretos;False;BRANCA
14170;3554102.0;Taubaté;Taubaté;False;PARDA
14171;3550308.0;São Paulo;Município de São Paulo;False;AMARELA
14172;3547809.0;Santo André;Grande SP Sudeste;False;BRANCA
14173;3526902.0;Limeira;Piracicaba;False;
14174;3550308.0;São Paulo;Município de São Paulo;False;IGNORADO
14175;3547809.0;Santo André;Grande SP Sudeste;True;BRANCA
14176;3518701.0;Guarujá;Baixada Santista;False;BRANCA
14177;3547809.0;Santo André;Grande SP Sudeste;False;
14178;3508108.0;Buritama;Araçatuba;False;BRANCA
14179;3510609.0;Carapicuíba;Grande SP Oeste;False;AMARELA
14180;3530607.0;Mogi das Cruzes;Grande SP Leste;False;BRANCA
14181;3523107.0;Itaquaquecetuba;Grande SP Leste;False;NONE
14182;3550308.0;São Paulo;Município de São Paulo;False;NONE
14183;3509502.0;Campinas;Campinas;False;BRANCA
14184;3552205.0;Sorocaba;Sorocaba;False;BRANCA
14185;3516200.0;Franca;Franca;False;IGNORADO
14186;3513009.0;Cotia;Grande SP Sudoeste;True;PARDA
14187;3525904.0;Jundiaí;Campinas;False;BRANCA
14188;3550308.0;São Paulo;Município de São Paulo;True;BRANCA
14189;3503208.0;Araraquara;Araraquara;False;BRANCA
14190;3506359.0;Bertioga;Baixada Santista;False;PARDA
14191;3513801.0;Diadema;Grande SP Sudeste;False;PARDA
14192;3550308.0;São Paulo;Município de São Paulo;False;BRANCA
14193;3517505.0;Guapiaçu;São José do Rio Preto;False;BRANCA
14194;3549904.0;São José dos Campos;Taubaté;False;IGNORADO
14195;3518800.0;Guarulhos;Grande SP Leste;False;BRANCA
14196;3550308.0;São Paulo;Município de São Paulo;False;BRANCA
14197;3550308.0;São Paulo;Município de São Paulo;False;IGNORADO
14198;3552700.0;Tabatinga;Araraquara;False;BRANCA
14199;3550308.0;São Paulo;Município de São Paulo;True;BRANCA
14200;3550308.0;São Paulo;Município de São Paulo;True;BRANCA
14201;3519071.0;Hortolândia;Campinas;False;BRANCA
14202;3550308.0;São Paulo;Município de São Paulo;False;
14203;3550308.0;São Paulo;Município de São Paulo;False;IGNORADO
14204;3550308.0;São Paulo;Município de São Paulo;False;BRANCA
14205;3549904.0;São José dos Campos;Taubaté;False;BRANCA
14206;3509502.0;Campinas;Campinas;False;BRANCA
14207;3550308.0;São Paulo;Município de São Paulo;False;PARDA
14208;3546504.0;Santa Ernestina;Araraquara;False;PRETA
14209;3550308.0;São Paulo;Município de São Paulo;False;PARDA
14210;3522109.0;Itanhaém;Baixada Santista;False;BRANCA
14211;3509254.0;Cajati;Registro;False;PARDA
14212;3550308.0;São Paulo;Município de São Paulo;True;PARDA
14213;3550308.0;São Paulo;Município de São Paulo;False;PARDA
