36864;3538709.0;Piracicaba;Piracicaba;False;BRANCA
36865;3507605.0;Bragança Paulista;Campinas;False;BRANCA
36866;3550308.0;São Paulo;Município de São Paulo;False;
36867;3550308.0;São Paulo;Município de São Paulo;False;PARDA
36868;3510401.0;Capivari;Piracicaba;False;BRANCA
36869;3513009.0;Cotia;Grande SP Sudoeste;False;PARDA
36870;3543402.0;Ribeirão Preto;Ribeirão Preto;False;BRANCA
36871;3502804.0;Araçatuba;Araçatuba;False;BRANCA
36872;3547809.0;Santo André;Grande SP Sudeste;False;BRANCA
36873;3548906.0;São Carlos;Araraquara;False;IGNORADO
36874;3526902.0;Limeira;Piracicaba;False;BRANCA
36875;3503208.0;Araraquara;Araraquara;False;BRANCA
36876;3523404.0;Itatiba;Campinas;False;BRANCA
36877;3518701.0;Guarujá;Baixada Santista;False;BRANCA
36878;3537305.0;Penápolis;Araçatuba;False;IGNORADO
36879;3550308.0;São Paulo;Município de São Paulo;False;BRANCA
36880;3516309.0;Francisco Morato;Grande SP Norte;False;BRANCA
36881;3552502.0;Suzano;Grande SP Leste;False;BRANCA
36882;3505708.0;Barueri;Grande SP Oeste;False;BRANCA
36883;3550308.0;São Paulo;Município de São Paulo;False;PARDA
36884;3547809.0;Santo André;Grande SP Sudeste;False;BRANCA
36885;3516200.0;Franca;Franca;False;IGNORADO
36886;3547809.0;Santo André;Grande SP Sudeste;False;NONE
36887;3518800.0;Guarulhos;Grande SP Leste;False;BRANCA
36888;3534401.0;Osasco;Grande SP Oeste;False;PRETA
36889;3557105.0;Votuporanga;São José do Rio Preto;False;BRANCA
36890;3522109.0;Itanhaém;Baixada Santista;False;BRANCA
36891;3510609.0;Carapicuíba;Grande SP Oeste;False;BRANCA
36892;3543402.0;Ribeirão Preto;Ribeirão Preto;False;PARDA
36893;3510609.0;Carapicuíba;Grande SP Oeste;False;IGNORADO
36894;3520509.0;Indaiatuba;Campinas;False;BRANCA
36895;3541000.0;Praia Grande;Baixada Santista;False;BRANCA
36896;3550308.0;São Paulo;Município de São Paulo;False;IGNORADO
36897;3518305.0;Guararema;Grande SP Leste;False;PARDA
36898;3550308.0;São Paulo;Município de São Paulo;False;PARDA
36899;3538709.0;Piracicaba;Piracicaba;False;BRANCA
36900;3529401.0;Mauá;Grande SP Sudeste;False;BRANCA
36901;3508504.0;Caçapava;Taubaté;False;BRANCA
36902;3552205.0;Sorocaba;Sorocaba;False;PRETA
36903;3509502.0;Campinas;Campinas;False;BRANCA
36904;3527207.0;Lorena;Taubaté;False;BRANCA
36905;3549805.0;São José do Rio Preto;São José do Rio Preto;False;BRANCA
36906;3526803.0;Lençóis Paulista;Bauru;False;PARDA
36907;3539806.0;Poá;Grande SP Leste;False;NONE
36908;3550308.0;São Paulo;Município de São Paulo;False;PRETA
36909;3548708.0;São Bernardo do Campo;Grande SP Sudeste;False;BRANCA
36910;3540309.0;Pontes Gestal;São José do Rio Preto;False;AMARELA
36911;3529401.0;Mauá;Grande SP Sudeste;False;BRANCA
36912;3509502.0;Campinas;Campinas;False;IGNORADO
36913;3548708.0;São Bernardo do Campo;Grande SP Sudeste;False;PARDA
36914;3521002.0;Iperó;Sorocaba;False;IGNORADO
36915;3536505.0;Paulínia;Campinas;False;BRANCA
36916;3550308.0;São Paulo;Município de São Paulo;False;BRANCA
36917;3534401.0;Osasco;Grande SP Oeste;False;PARDA
36918;3550308.0;São Paulo;Município de São Paulo;False;NONE
36919;3505203.0;Bariri;Bauru;False;PARDA
36920;3547304.0;Santana de Parnaíba;Grande SP Oeste;False;BRANCA
36921;3534401.0;Osasco;Grande SP Oeste;False;BRANCA
36922;3513801.0;Diadema;Grande SP Sudeste;False;BRANCA
36923;3552403.0;Sumaré;Campinas;False;PARDA
36924;3550308.0;São Paulo;Município de São Paulo;False;PARDA
36925;3539806.0;Poá;Grande SP Leste;False;PARDA
36926;3536505.0;Paulínia;Campinas;False;BRANCA
36927;3550308.0;São Paulo;Município de São Paulo;False;AMARELA
36928;3534401.0;Osasco;Grande SP Oeste;False;NONE
36929;3547809.0;Santo André;Grande SP Sudeste;False;BRANCA
36930;3541000.0;Praia Grande;Baixada Santista;False;BRANCA
36931;3550308.0;São Paulo;Município de São Paulo;False;
36932;3513801.0;Diadema;Grande SP Sudeste;False;BRANCA
36933;3550308.0;São Paulo;Município de São Paulo;False;PARDA
36934;3550308.0;São Paulo;Município de São Paulo;False;PARDA
36935;3503208.0;Araraquara;Araraquara;False;BRANCA
36936;3518305.0;Guararema;Grande SP Leste;False;PARDA
36937;3550308.0;São Paulo;Município de São Paulo;False;IGNORADO
36938;3548708.0;São Bernardo do Campo;Grande SP Sudeste;False;BRANCA
36939;3550308.0;São Paulo;Município de São Paulo;False;BRANCA
36940;3523107.0;Itaquaquecetuba;Grande SP Leste;False;BRANCA
36941;3515707.0;Ferraz de Vasconcelos;Grande SP Leste;False;PARDA
36942;3513009.0;Cotia;Grande SP Sudoeste;False;BRANCA
36943;3531100.0;Mongaguá;Baixada Santista;False;PRETA
36944;3518701.0;Guarujá;Baixada Santista;False;AMARELA
36945;3510609.0;Carapicuíba;Grande SP Oeste;False;PARDA
36946;3509502.0;Campinas;Campinas;False;BRANCA
36947;3550308.0;São Paulo;Município de São Paulo;False;PARDA
36948;3535507.0;Paraguaçu Paulista;Marília;False;BRANCA
36949;3550308.0;São Paulo;Município de São Paulo;False;
36950;3550308.0;São Paulo;Município de São Paulo;False;BRANCA
36951;3528007.0;Macatuba;Bauru;False;BRANCA
36952;3530805.0;Mogi Mirim;São João da Boa Vista;False;BRANCA
36953;3530607.0;Mogi das Cruzes;Grande SP Leste;False;BRANCA
36954;3549904.0;São José dos Campos;Taubaté;False;IGNORADO
36955;3547809.0;Santo André;Grande SP Sudeste;False;
36956;3543402.0;Ribeirão Preto;Ribeirão Preto;False;BRANCA
36957;3522307.0;Itapetininga;Sorocaba;False;BRANCA
36958;3523404.0;Itatiba;Campinas;False;PRETA
36959;3550308.0;São Paulo;Município de São Paulo;False;BRANCA
36960;3550308.0;São Paulo;Município de São Paulo;False;IGNORADO
36961;3501301.0;Álvares Machado;Presidente Prudente;False;BRANCA
36962;3548807.0;São Caetano do Sul;Grande SP Sudeste;False;AMARELA
36963;3526506.0;Lavínia;Araçatuba;False;BRANCA
36964;3550308.0;São Paulo;Município de São Paulo;False;BRANCA
36965;3552502.0;Suzano;Grande SP Leste;False;IGNORADO
36966;3550308.0;São Paulo;Município de São Paulo;False;PARDA
36967;3550308.0;São Paulo;Município de São Paulo;False;PARDA
36968;3548500.0;Santos;Baixada Santista;True;BRANCA
36969;3512209.0;Conchal;Piracicaba;True;BRANCA
36970;3509502.0;Campinas;Campinas;True;IGNORADO
36971;3506003.0;Bauru;Bauru;False;BRANCA
36972;3543402.0;Ribeirão Preto;Ribeirão Preto;True;BRANCA
36973;3550308.0;São Paulo;Município de São Paulo;False;INDIGENA
36974;3506003.0;Bauru;Bauru;False;BRANCA
36975;3546009.0;Santa Branca;Taubaté;False;BRANCA
36976;3509502.0;Campinas;Campinas;False;BRANCA
36977;3547502.0;Santa Rita do Passa Quatro;Ribeirão Preto;False;PARDA
36978;3530607.0;Mogi das Cruzes;Grande SP Leste;False;
36979;3548500.0;Santos;Baixada Santista;False;PARDA
36980;3550308.0;São Paulo;Município de São Paulo;False;NONE
36981;3550308.0;São Paulo;Município de São Paulo;False;
36982;3522505.0;Itapevi;Grande SP Oeste;False;BRANCA
36983;3551702.0;Sertãozinho;Ribeirão Preto;False;AMARELA
36984;3548500.0;Santos;Baixada Santista;False;
36985;3521903.0;Itajobi;São José do Rio Preto;False;BRANCA
36986;3540705.0;Porto Ferreira;Araraquara;False;BRANCA
36987;3518206.0;Guararapes;Araçatuba;False;BRANCA
36988;3521002.0;Iperó;Sorocaba;False;PARDA
36989;3534401.0;Osasco;Grande SP Oeste;False;
36990;3520509.0;Indaiatuba;Campinas;False;IGNORADO
36991;3507001.0;Boituva;Sorocaba;False;PARDA
36992;3530607.0;Mogi das Cruzes;Grande SP Leste;False;BRANCA
36993;3506508.0;Birigui;Araçatuba;False;BRANCA
36994;3517406.0;Guaíra;Barretos;False;BRANCA
36995;3552205.0;Sorocaba;Sorocaba;False;PARDA
36996;3549805.0;São José do Rio Preto;São José do Rio Preto;False;PRETA
36997;3557105.0;Votuporanga;São José do Rio Preto;False;BRANCA
36998;3550308.0;São Paulo;Município de São Paulo;False;PARDA
36999;3526902.0;Limeira;Piracicaba;False;IGNORADO
37000;3550308.0;São Paulo;Município de São Paulo;False;BRANCA
37001;3530706.0;Mogi Guaçu;São João da Boa Vista;False;BRANCA
37002;3552205.0;Sorocaba;Sorocaba;False;BRANCA
37003;3518800.0;Guarulhos;Grande SP Leste;False;PRETA
37004;3550308.0;São Paulo;Município de São Paulo;False;PARDA
37005;3513009.0;Cotia;Grande SP Sudoeste;False;IGNORADO
37006;3550308.0;São Paulo;Município de São Paulo;False;
37007;3509502.0;Campinas;Campinas;False;BRANCA
37008;3548500.0;Santos;Baixada Santista;False;IGNORADO
37009;3513405.0;Cruzeiro;Taubaté;False;BRANCA
