7155;3503307.0;Araras;Piracicaba;False;PARDA
7156;3503208.0;Araraquara;Araraquara;False;BRANCA
7157;3550308.0;São Paulo;Município de São Paulo;False;IGNORADO
7158;3550308.0;São Paulo;Município de São Paulo;False;PARDA
7159;3518800.0;Guarulhos;Grande SP Leste;False;IGNORADO
7160;3550308.0;São Paulo;Município de São Paulo;False;BRANCA
7161;3549904.0;São José dos Campos;Taubaté;False;IGNORADO
7162;3550308.0;São Paulo;Município de São Paulo;False;BRANCA
7163;3554102.0;Taubaté;Taubaté;False;BRANCA
7164;3509502.0;Campinas;Campinas;False;BRANCA
7165;3557006.0;Votorantim;Sorocaba;False;BRANCA
7166;3506003.0;Bauru;Bauru;False;BRANCA
7167;3537909.0;Pilar do Sul;Sorocaba;False;BRANCA
7168;3548807.0;São Caetano do Sul;Grande SP Sudeste;False;
7169;3502804.0;Araçatuba;Araçatuba;False;BRANCA
7170;3522307.0;Itapetininga;Sorocaba;False;BRANCA
7171;3556206.0;Valinhos;Campinas;False;BRANCA
7172;3510609.0;Carapicuíba;Grande SP Oeste;False;PARDA
7173;3541307.0;Presidente Epitácio;Presidente Prudente;False;BRANCA
7174;3550308.0;São Paulo;Município de São Paulo;False;BRANCA
7175;3550308.0;São Paulo;Município de São Paulo;False;BRANCA
7176;3505708.0;Barueri;Grande SP Oeste;False;BRANCA
7177;3552809.0;Taboão da Serra;Grande SP Sudoeste;False;
7178;3550308.0;São Paulo;Município de São Paulo;False;NONE
7179;3510609.0;Carapicuíba;Grande SP Oeste;True;PRETA
7180;3550308.0;São Paulo;Município de São Paulo;False;PRETA
7181;3513801.0;Diadema;Grande SP Sudeste;False;AMARELA
7182;3506359.0;Bertioga;Baixada Santista;False;BRANCA
7183;3547809.0;Santo André;Grande SP Sudeste;False;NONE
7184;3550308.0;São Paulo;Município de São Paulo;False;PARDA
7185;3516309.0;Francisco Morato;Grande SP Norte;False;BRANCA
7186;3533502.0;Novo Horizonte;São José do Rio Preto;False;BRANCA
7187;3549805.0;São José do Rio Preto;São José do Rio Preto;False;IGNORADO
7188;3549805.0;São José do Rio Preto;São José do Rio Preto;False;BRANCA
7189;3538709.0;Piracicaba;Piracicaba;False;BRANCA
7190;3543402.0;Ribeirão Preto;Ribeirão Preto;False;IGNORADO
7191;3550308.0;São Paulo;Município de São Paulo;False;PRETA
7192;3518800.0;Guarulhos;Grande SP Leste;False;PARDA
7193;3548708.0;São Bernardo do Campo;Grande SP Sudeste;False;PARDA
7194;3503406.0;Arealva;Bauru;False;BRANCA
7195;3550308.0;São Paulo;Município de São Paulo;False;BRANCA
7196;3505708.0;Barueri;Grande SP Oeste;False;PARDA
7197;3541000.0;Praia Grande;Baixada Santista;False;IGNORADO
7198;3519071.0;Hortolândia;Campinas;False;PRETA
7199;3550308.0;São Paulo;Município de São Paulo;False;IGNORADO
7200;3535309.0;Palmital;Marília;False;BRANCA
7201;3552205.0;Sorocaba;Sorocaba;False;BRANCA
7202;3549805.0;São José do Rio Preto;São José do Rio Preto;False;BRANCA
7203;3549805.0;São José do Rio Preto;São José do Rio Preto;False;BRANCA
7204;3509502.0;Campinas;Campinas;False;PRETA
7205;3549904.0;São José dos Campos;Taubaté;False;BRANCA
7206;3520509.0;Indaiatuba;Campinas;False;BRANCA
7207;3550308.0;São Paulo;Município de São Paulo;False;BRANCA
7208;3510005.0;Cândido Mota;Marília;False;BRANCA
7209;3549805.0;São José do Rio Preto;São José do Rio Preto;False;BRANCA
7210;3551009.0;São Vicente;Baixada Santista;False;PARDA
7211;3548708.0;São Bernardo do Campo;Grande SP Sudeste;False;IGNORADO
7212;3507605.0;Bragança Paulista;Campinas;False;BRANCA
7213;3552205.0;Sorocaba;Sorocaba;False;BRANCA
7214;3524709.0;Jaguariúna;Campinas;False;
7215;3529302.0;Matão;Araraquara;False;IGNORADO
7216;3542602.0;Registro;Registro;False;BRANCA
7217;3530706.0;Mogi Guaçu;São João da Boa Vista;False;BRANCA
7218;3549805.0;São José do Rio Preto;São José do Rio Preto;False;BRANCA
7219;3527108.0;Lins;Bauru;False;BRANCA
7220;3514403.0;Dracena;Presidente Prudente;False;BRANCA
7221;3550308.0;São Paulo;Município de São Paulo;False;IGNORADO
7222;3551009.0;São Vicente;Baixada Santista;False;AMARELA
7223;3549904.0;São José dos Campos;Taubaté;False;BRANCA
7224;3550308.0;São Paulo;Município de São Paulo;False;PARDA
7225;3509502.0;Campinas;Campinas;False;PRETA
7226;3527207.0;Lorena;Taubaté;False;BRANCA
7227;3540606.0;Porto Feliz;Sorocaba;False;BRANCA
7228;3552205.0;Sorocaba;Sorocaba;False;PRETA
7229;3526209.0;Juquitiba;Grande SP Sudoeste;False;BRANCA
7230;3552205.0;Sorocaba;Sorocaba;False;PARDA
7231;3502705.0;Apiaí;Sorocaba;False;IGNORADO
7232;3551702.0;Sertãozinho;Ribeirão Preto;False;IGNORADO
7233;3529906.0;Miracatu;Registro;False;BRANCA
7234;3520400.0;Ilhabela;Taubaté;False;BRANCA
7235;3506003.0;Bauru;Bauru;False;PRETA
7236;3550308.0;São Paulo;Município de São Paulo;False;BRANCA
7237;3550308.0;São Paulo;Município de São Paulo;False;BRANCA
7238;3550308.0;São Paulo;Município de São Paulo;False;AMARELA
7239;3525300.0;Jaú;Bauru;False;IGNORADO
7240;3520509.0;Indaiatuba;Campinas;False;BRANCA
7241;3518800.0;Guarulhos;Grande SP Leste;False;BRANCA
7242;3550308.0;São Paulo;Município de São Paulo;False;PARDA
7243;3550308.0;São Paulo;Município de São Paulo;False;PARDA
7244;3550308.0;São Paulo;Município de São Paulo;False;IGNORADO
7245;3552205.0;Sorocaba;Sorocaba;False;BRANCA
7246;3525904.0;Jundiaí;Campinas;False;BRANCA
7247;3550308.0;São Paulo;Município de São Paulo;False;IGNORADO
7248;3530607.0;Mogi das Cruzes;Grande SP Leste;False;BRANCA
7249;3522505.0;Itapevi;Grande SP Oeste;False;BRANCA
7250;3550308.0;São Paulo;Município de São Paulo;False;AMARELA
7251;3551009.0;São Vicente;Baixada Santista;False;IGNORADO
7252;3551009.0;São Vicente;Baixada Santista;False;IGNORADO
7253;3548500.0;Santos;Baixada Santista;False;IGNORADO
7254;3550308.0;São Paulo;Município de São Paulo;False;NONE
7255;3550308.0;São Paulo;Município de São Paulo;False;PARDA
7256;3539301.0;Pirassununga;Piracicaba;False;BRANCA
7257;3530607.0;Mogi das Cruzes;Grande SP Leste;False;
7258;3550308.0;São Paulo;Município de São Paulo;False;IGNORADO
7259;3519071.0;Hortolândia;Campinas;False;PRETA
7260;3529005.0;Marília;Marília;False;IGNORADO
7261;3519303.0;Ibaté;Araraquara;False;PARDA
7262;3513504.0;Cubatão;Baixada Santista;False;PARDA
7263;3548708.0;São Bernardo do Campo;Grande SP Sudeste;False;PARDA
7264;3547809.0;Santo André;Grande SP Sudeste;False;PARDA
7265;3520509.0;Indaiatuba;Campinas;False;BRANCA
7266;3551009.0;São Vicente;Baixada Santista;False;PARDA
7267;3519071.0;Hortolândia;Campinas;False;BRANCA
7268;3552205.0;Sorocaba;Sorocaba;False;IGNORADO
7269;3550308.0;São Paulo;Município de São Paulo;False;BRANCA
7270;3550308.0;São Paulo;Município de São Paulo;False;BRANCA
7271;3549904.0;São José dos Campos;Taubaté;False;IGNORADO
7272;3531803.0;Monte Mor;Campinas;False;PARDA
7273;3550308.0;São Paulo;Município de São Paulo;False;PARDA
7274;3550308.0;São Paulo;Município de São Paulo;False;BRANCA
7275;3550308.0;São Paulo;Município de São Paulo;False;BRANCA
7276;3548500.0;Santos;Baixada Santista;False;PARDA
7277;3551702.0;Sertãozinho;Ribeirão Preto;False;BRANCA
7278;3551603.0;Serra Negra;Campinas;False;BRANCA
7279;3534401.0;Osasco;Grande SP Oeste;False;PARDA
7280;3552809.0;Taboão da Serra;Grande SP Sudoeste;False;BRANCA
7281;3510609.0;Carapicuíba;Grande SP Oeste;False;BRANCA
7282;3525904.0;Jundiaí;Campinas;False;BRANCA
7283;3515509.0;Fernandópolis;São José do Rio Preto;False;AMARELA
7284;3554003.0;Tatuí;Sorocaba;False;BRANCA
7285;3541901.0;Queluz;Taubaté;False;BRANCA
7286;3511003.0;Castilho;Araçatuba;False;AMARELA
7287;3530201.0;Mirante do Paranapanema;Presidente Prudente;False;BRANCA
7288;3529401.0;Mauá;Grande SP Sudeste;False;PARDA
7289;3550308.0;São Paulo;Município de São Paulo;False;PARDA
7290;3557105.0;Votuporanga;São José do Rio Preto;False;BRANCA
7291;3502705.0;Apiaí;Sorocaba;False;IGNORADO
7292;3523909.0;Itu;Sorocaba;False;BRANCA
7293;3523107.0;Itaquaquecetuba;Grande SP Leste;False;IGNORADO
7294;3550308.0;São Paulo;Município de São Paulo;False;PARDA
7295;3548708.0;São Bernardo do Campo;Grande SP Sudeste;False;PARDA
7296;3552809.0;Taboão da Serra;Grande SP Sudoeste;False;NONE
7297;3550308.0;São Paulo;Município de São Paulo;False;PARDA
7298;3523909.0;Itu;Sorocaba;False;BRANCA
7299;3541000.0;Praia Grande;Baixada Santista;False;IGNORADO
7300;3550308.0;São Paulo;Município de São Paulo;False;PARDA
