32174;3550308.0;São Paulo;Município de São Paulo;False;AMARELA
32175;3550308.0;São Paulo;Município de São Paulo;False;IGNORADO
32176;3550308.0;São Paulo;Município de São Paulo;False;BRANCA
32177;3550308.0;São Paulo;Município de São Paulo;False;BRANCA
32178;3547809.0;Santo André;Grande SP Sudeste;False;IGNORADO
32179;3550308.0;São Paulo;Município de São Paulo;False;BRANCA
32180;3550308.0;São Paulo;Município de São Paulo;True;PARDA
32181;3549805.0;São José do Rio Preto;São José do Rio Preto;False;BRANCA
32182;3505708.0;Barueri;Grande SP Oeste;False;BRANCA
32183;3550308.0;São Paulo;Município de São Paulo;False;NONE
32184;3534302.0;Orlândia;Franca;False;IGNORADO
32185;3513801.0;Diadema;Grande SP Sudeste;False;BRANCA
32186;3549805.0;São José do Rio Preto;São José do Rio Preto;False;PARDA
32187;3548906.0;São Carlos;Araraquara;False;PARDA
32188;3510203.0;Capão Bonito;Sorocaba;False;BRANCA
32189;3522307.0;Itapetininga;Sorocaba;False;BRANCA
32190;3549904.0;São José dos Campos;Taubaté;False;PARDA
32191;3520301.0;Iguape;Registro;False;AMARELA
32192;3509601.0;Campo Limpo Paulista;Campinas;False;BRANCA
32193;3522604.0;Itapira;São João da Boa Vista;False;BRANCA
32194;3513801.0;Diadema;Grande SP Sudeste;False;BRANCA
32195;3550308.0;São Paulo;Município de São Paulo;False;BRANCA
32196;3550308.0;São Paulo;Município de São Paulo;True;NONE
32197;3550308.0;São Paulo;Município de São Paulo;False;BRANCA
32198;3555406.0;Ubatuba;Taubaté;False;BRANCA
32199;3515186.0;Espírito Santo do Pinhal;São João da Boa Vista;False;BRANCA
32200;3509502.0;Campinas;Campinas;False;BRANCA
32201;3511102.0;Catanduva;São José do Rio Preto;False;BRANCA
32202;3556404.0;Vargem Grande do Sul;São João da Boa Vista;False;BRANCA
32203;3550308.0;São Paulo;Município de São Paulo;False;PARDA
32204;3549409.0;São Joaquim da Barra;Franca;False;NONE
32205;3519402.0;Ibirá;São José do Rio Preto;False;BRANCA
32206;3509502.0;Campinas;Campinas;False;PARDA
32207;3513108.0;Cravinhos;Ribeirão Preto;False;IGNORADO
32208;3503307.0;Araras;Piracicaba;False;BRANCA
32209;3549805.0;São José do Rio Preto;São José do Rio Preto;False;BRANCA
32210;3509502.0;Campinas;Campinas;False;BRANCA
32211;3515186.0;Espírito Santo do Pinhal;São João da Boa Vista;True;BRANCA
32212;3549904.0;São José dos Campos;Taubaté;False;BRANCA
32213;3510807.0;Casa Branca;São João da Boa Vista;False;BRANCA
32214;3551702.0;Sertãozinho;Ribeirão Preto;False;BRANCA
32215;3551702.0;Sertãozinho;Ribeirão Preto;False;BRANCA
32216;3503307.0;Araras;Piracicaba;False;BRANCA
32217;3550308.0;São Paulo;Município de São Paulo;False;BRANCA
32218;3543907.0;Rio Claro;Piracicaba;False;BRANCA
32219;3554102.0;Taubaté;Taubaté;False;BRANCA
32220;3526902.0;Limeira;Piracicaba;False;IGNORADO
32221;3548500.0;Santos;Baixada Santista;False;PARDA
32222;3518800.0;Guarulhos;Grande SP Leste;False;BRANCA
32223;3509502.0;Campinas;Campinas;False;BRANCA
32224;3550308.0;São Paulo;Município de São Paulo;False;NONE
32225;3551009.0;São Vicente;Baixada Santista;False;BRANCA
32226;3548906.0;São Carlos;Araraquara;False;BRANCA
32227;3513009.0;Cotia;Grande SP Sudoeste;False;BRANCA
32228;3518800.0;Guarulhos;Grande SP Leste;False;BRANCA
32229;3550308.0;São Paulo;Município de São Paulo;False;NONE
32230;3549904.0;São José dos Campos;Taubaté;False;BRANCA
32231;3550308.0;São Paulo;Município de São Paulo;False;IGNORADO
32232;3547304.0;Santana de Parnaíba;Grande SP Oeste;False;BRANCA
32233;3513801.0;Diadema;Grande SP Sudeste;False;NONE
32234;3548708.0;São Bernardo do Campo;Grande SP Sudeste;False;IGNORADO
32235;3549904.0;São José dos Campos;Taubaté;False;BRANCA
32236;3530300.0;Mirassol;São José do Rio Preto;False;BRANCA
32237;3554102.0;Taubaté;Taubaté;False;BRANCA
32238;3552205.0;Sorocaba;Sorocaba;False;BRANCA
32239;3505708.0;Barueri;Grande SP Oeste;False;BRANCA
32240;3534401.0;Osasco;Grande SP Oeste;False;BRANCA
32241;3550308.0;São Paulo;Município de São Paulo;False;
32242;3552205.0;Sorocaba;Sorocaba;False;BRANCA
32243;3501806.0;Américo de Campos;São José do Rio Preto;False;BRANCA
32244;3505708.0;Barueri;Grande SP Oeste;False;BRANCA
32245;3550308.0;São Paulo;Município de São Paulo;False;BRANCA
32246;3552205.0;Sorocaba;Sorocaba;False;PARDA
32247;3513801.0;Diadema;Grande SP Sudeste;False;BRANCA
32248;3547809.0;Santo André;Grande SP Sudeste;False;
32249;3550308.0;São Paulo;Município de São Paulo;False;PARDA
32250;3552205.0;Sorocaba;Sorocaba;False;BRANCA
32251;3540200.0;Pontal;Ribeirão Preto;False;BRANCA
32252;3534401.0;Osasco;Grande SP Oeste;False;PARDA
32253;3550308.0;São Paulo;Município de São Paulo;False;BRANCA
32254;3548708.0;São Bernardo do Campo;Grande SP Sudeste;False;BRANCA
32255;3513504.0;Cubatão;Baixada Santista;False;PARDA
32256;3534401.0;Osasco;Grande SP Oeste;False;BRANCA
32257;3557105.0;Votuporanga;São José do Rio Preto;False;BRANCA
32258;3550308.0;São Paulo;Município de São Paulo;False;NONE
32259;3525904.0;Jundiaí;Campinas;False;IGNORADO
32260;3504008.0;Assis;Marília;False;BRANCA
32261;3529401.0;Mauá;Grande SP Sudeste;True;BRANCA
32262;3529401.0;Mauá;Grande SP Sudeste;True;BRANCA
32263;3552502.0;Suzano;Grande SP Leste;False;BRANCA
32264;3505500.0;Barretos;Barretos;False;PRETA
32265;3548906.0;São Carlos;Araraquara;False;BRANCA
32266;3540705.0;Porto Ferreira;Araraquara;False;BRANCA
32267;3556404.0;Vargem Grande do Sul;São João da Boa Vista;False;PARDA
32268;3548708.0;São Bernardo do Campo;Grande SP Sudeste;False;PARDA
32269;3550308.0;São Paulo;Município de São Paulo;False;PARDA
32270;3500105.0;Adamantina;Marília;False;BRANCA
32271;3523909.0;Itu;Sorocaba;False;BRANCA
32272;3550308.0;São Paulo;Município de São Paulo;False;
32273;3549805.0;São José do Rio Preto;São José do Rio Preto;False;BRANCA
32274;3550308.0;São Paulo;Município de São Paulo;False;BRANCA
32275;3505708.0;Barueri;Grande SP Oeste;False;PARDA
32276;3550308.0;São Paulo;Município de São Paulo;False;BRANCA
32277;3548906.0;São Carlos;Araraquara;False;IGNORADO
32278;3552205.0;Sorocaba;Sorocaba;False;PARDA
32279;3525904.0;Jundiaí;Campinas;False;AMARELA
32280;3550308.0;São Paulo;Município de São Paulo;False;
32281;3510500.0;Caraguatatuba;Taubaté;False;PARDA
32282;3550308.0;São Paulo;Município de São Paulo;False;BRANCA
32283;3503307.0;Araras;Piracicaba;False;IGNORADO
32284;3516200.0;Franca;Franca;False;BRANCA
32285;3538709.0;Piracicaba;Piracicaba;False;NONE
32286;3550308.0;São Paulo;Município de São Paulo;False;IGNORADO
32287;3550308.0;São Paulo;Município de São Paulo;False;
32288;3550308.0;São Paulo;Município de São Paulo;False;AMARELA
32289;3503208.0;Araraquara;Araraquara;False;BRANCA
32290;3549805.0;São José do Rio Preto;São José do Rio Preto;False;BRANCA
32291;3550308.0;São Paulo;Município de São Paulo;False;BRANCA
32292;3550308.0;São Paulo;Município de São Paulo;False;NONE
32293;3509502.0;Campinas;Campinas;False;NONE
32294;3550308.0;São Paulo;Município de São Paulo;False;BRANCA
32295;3507605.0;Bragança Paulista;Campinas;False;BRANCA
32296;3520509.0;Indaiatuba;Campinas;False;IGNORADO
32297;3509502.0;Campinas;Campinas;False;BRANCA
32298;3534609.0;Osvaldo Cruz;Marília;False;BRANCA
32299;3525904.0;Jundiaí;Campinas;False;BRANCA
32300;3557105.0;Votuporanga;São José do Rio Preto;False;BRANCA
32301;3552809.0;Taboão da Serra;Grande SP Sudoeste;False;NONE
32302;3551009.0;São Vicente;Baixada Santista;False;AMARELA
32303;3550308.0;São Paulo;Município de São Paulo;False;NONE
32304;3550308.0;São Paulo;Município de São Paulo;False;BRANCA
32305;3550308.0;São Paulo;Município de São Paulo;False;IGNORADO
32306;3510500.0;Caraguatatuba;Taubaté;False;BRANCA
32307;3552502.0;Suzano;Grande SP Leste;False;
32308;3537602.0;Peruíbe;Baixada Santista;False;BRANCA
32309;3506003.0;Bauru;Bauru;False;BRANCA
32310;3550308.0;São Paulo;Município de São Paulo;False;PARDA
32311;3550308.0;São Paulo;Município de São Paulo;False;BRANCA
32312;3548500.0;Santos;Baixada Santista;False;PARDA
32313;3550308.0;São Paulo;Município de São Paulo;False;
32314;3538709.0;Piracicaba;Piracicaba;False;IGNORADO
32315;3552205.0;Sorocaba;Sorocaba;False;BRANCA
32316;3550308.0;São Paulo;Município de São Paulo;False;BRANCA
