22579;3550308.0;São Paulo;Município de São Paulo;False;
22580;3550308.0;São Paulo;Município de São Paulo;False;PARDA
22581;3541000.0;Praia Grande;Baixada Santista;False;PARDA
22582;3510609.0;Carapicuíba;Grande SP Oeste;False;BRANCA
22583;3550308.0;São Paulo;Município de São Paulo;False;BRANCA
22584;3503307.0;Araras;Piracicaba;False;IGNORADO
22585;3550308.0;São Paulo;Município de São Paulo;False;
22586;3550308.0;São Paulo;Município de São Paulo;False;PARDA
22587;3548500.0;Santos;Baixada Santista;False;BRANCA
22588;3544103.0;Rio Grande da Serra;Grande SP Sudeste;False;PARDA
22589;3544103.0;Rio Grande da Serra;Grande SP Sudeste;False;IGNORADO
22590;3550308.0;São Paulo;Município de São Paulo;False;
22591;3550308.0;São Paulo;Município de São Paulo;False;BRANCA
22592;3550308.0;São Paulo;Município de São Paulo;False;AMARELA
22593;3515004.0;Embu das Artes;Grande SP Sudoeste;False;PARDA
22594;3515103.0;Embu-Guaçu;Grande SP Sudoeste;False;BRANCA
22595;3538709.0;Piracicaba;Piracicaba;False;PARDA
22596;3550308.0;São Paulo;Município de São Paulo;False;IGNORADO
22597;3542800.0;Ribeira;Sorocaba;False;BRANCA
22598;3550308.0;São Paulo;Município de São Paulo;False;BRANCA
22599;3550308.0;São Paulo;Município de São Paulo;False;IGNORADO
22600;3550308.0;São Paulo;Município de São Paulo;False;BRANCA
22601;3550308.0;São Paulo;Município de São Paulo;False;PARDA
22602;3550308.0;São Paulo;Município de São Paulo;False;PARDA
22603;3526704.0;Leme;Piracicaba;False;BRANCA
22604;3550308.0;São Paulo;Município de São Paulo;False;PARDA
22605;3550308.0;São Paulo;Município de São Paulo;True;BRANCA
22606;3509007.0;Caieiras;Grande SP Norte;False;BRANCA
22607;3552502.0;Suzano;Grande SP Leste;False;PRETA
22608;3550308.0;São Paulo;Município de São Paulo;False;BRANCA
22609;3529401.0;Mauá;Grande SP Sudeste;False;PARDA
22610;3550308.0;São Paulo;Município de São Paulo;False;NONE
22611;3527306.0;Louveira;Campinas;False;BRANCA
22612;3550308.0;São Paulo;Município de São Paulo;False;AMARELA
22613;3550308.0;São Paulo;Município de São Paulo;False;PARDA
22614;3553708.0;Taquaritinga;Araraquara;False;IGNORADO
22615;3518800.0;Guarulhos;Grande SP Leste;False;BRANCA
22616;3549805.0;São José do Rio Preto;São José do Rio Preto;False;BRANCA
22617;3501707.0;Américo Brasiliense;Araraquara;False;PARDA
22618;3500709.0;Agudos;Bauru;False;BRANCA
22619;3530300.0;Mirassol;São José do Rio Preto;False;BRANCA
22620;3513801.0;Diadema;Grande SP Sudeste;False;AMARELA
22621;3535507.0;Paraguaçu Paulista;Marília;False;BRANCA
22622;3526209.0;Juquitiba;Grande SP Sudoeste;False;IGNORADO
22623;3541000.0;Praia Grande;Baixada Santista;False;IGNORADO
22624;3513009.0;Cotia;Grande SP Sudoeste;False;PARDA
22625;3550308.0;São Paulo;Município de São Paulo;False;NONE
22626;3534401.0;Osasco;Grande SP Oeste;False;BRANCA
22627;3505708.0;Barueri;Grande SP Oeste;False;PRETA
22628;3550704.0;São Sebastião;Taubaté;False;PRETA
22629;3550308.0;São Paulo;Município de São Paulo;False;PARDA
22630;3550308.0;São Paulo;Município de São Paulo;False;BRANCA
22631;3516309.0;Francisco Morato;Grande SP Norte;False;PARDA
22632;3518800.0;Guarulhos;Grande SP Leste;False;PARDA
22633;3505708.0;Barueri;Grande SP Oeste;False;IGNORADO
22634;3502804.0;Araçatuba;Araçatuba;False;BRANCA
22635;3513801.0;Diadema;Grande SP Sudeste;False;PARDA
22636;3550308.0;São Paulo;Município de São Paulo;False;PARDA
22637;3547809.0;Santo André;Grande SP Sudeste;False;PRETA
22638;3550308.0;São Paulo;Município de São Paulo;False;PARDA
22639;3550308.0;São Paulo;Município de São Paulo;False;PARDA
22640;3523909.0;Itu;Sorocaba;False;BRANCA
22641;3523107.0;Itaquaquecetuba;Grande SP Leste;False;PARDA
22642;3505500.0;Barretos;Barretos;False;IGNORADO
22643;3550308.0;São Paulo;Município de São Paulo;False;NONE
22644;3550308.0;São Paulo;Município de São Paulo;False;PARDA
22645;3550308.0;São Paulo;Município de São Paulo;False;PARDA
22646;3549904.0;São José dos Campos;Taubaté;False;PRETA
22647;3534401.0;Osasco;Grande SP Oeste;False;IGNORADO
22648;3549904.0;São José dos Campos;Taubaté;False;BRANCA
22649;3549805.0;São José do Rio Preto;São José do Rio Preto;False;BRANCA
22650;3540606.0;Porto Feliz;Sorocaba;False;BRANCA
22651;3518701.0;Guarujá;Baixada Santista;False;IGNORADO
22652;3518206.0;Guararapes;Araçatuba;False;BRANCA
22653;3510609.0;Carapicuíba;Grande SP Oeste;False;BRANCA
22654;3550308.0;São Paulo;Município de São Paulo;False;IGNORADO
22655;3550308.0;São Paulo;Município de São Paulo;False;NONE
22656;3518602.0;Guariba;Ribeirão Preto;False;BRANCA
22657;3553302.0;Tambaú;São João da Boa Vista;False;BRANCA
22658;3548708.0;São Bernardo do Campo;Grande SP Sudeste;False;PARDA
22659;3538006.0;Pindamonhangaba;Taubaté;False;BRANCA
22660;3505708.0;Barueri;Grande SP Oeste;False;BRANCA
22661;3525904.0;Jundiaí;Campinas;False;PARDA
22662;3550308.0;São Paulo;Município de São Paulo;False;BRANCA
22663;3547809.0;Santo André;Grande SP Sudeste;False;BRANCA
22664;3550308.0;São Paulo;Município de São Paulo;False;BRANCA
22665;3548708.0;São Bernardo do Campo;Grande SP Sudeste;False;PARDA
22666;3520400.0;Ilhabela;Taubaté;False;PARDA
22667;3531308.0;Monte Alto;Ribeirão Preto;False;BRANCA
22668;3550308.0;São Paulo;Município de São Paulo;False;BRANCA
22669;3504008.0;Assis;Marília;False;BRANCA
22670;3550308.0;São Paulo;Município de São Paulo;False;BRANCA
22671;3507605.0;Bragança Paulista;Campinas;False;BRANCA
22672;3510609.0;Carapicuíba;Grande SP Oeste;False;PRETA
22673;3519105.0;Iacanga;Bauru;False;BRANCA
22674;3509502.0;Campinas;Campinas;False;BRANCA
22675;3550308.0;São Paulo;Município de São Paulo;False;BRANCA
22676;3523503.0;Itatinga;Bauru;False;BRANCA
22677;3550308.0;São Paulo;Município de São Paulo;True;BRANCA
22678;3543402.0;Ribeirão Preto;Ribeirão Preto;False;PARDA
22679;3530607.0;Mogi das Cruzes;Grande SP Leste;False;BRANCA
22680;3516200.0;Franca;Franca;True;BRANCA
22681;3505500.0;Barretos;Barretos;True;PARDA
22682;3520301.0;Iguape;Registro;False;INDIGENA
22683;3552502.0;Suzano;Grande SP Leste;False;BRANCA
22684;3529005.0;Marília;Marília;False;PARDA
22685;3519071.0;Hortolândia;Campinas;False;PARDA
22686;3550308.0;São Paulo;Município de São Paulo;False;PARDA
22687;3550308.0;São Paulo;Município de São Paulo;False;BRANCA
22688;3515004.0;Embu das Artes;Grande SP Sudoeste;False;PARDA
22689;3503208.0;Araraquara;Araraquara;False;BRANCA
22690;3550308.0;São Paulo;Município de São Paulo;False;PARDA
22691;3552502.0;Suzano;Grande SP Leste;False;BRANCA
22692;3534401.0;Osasco;Grande SP Oeste;True;PARDA
22693;3550308.0;São Paulo;Município de São Paulo;False;PARDA
22694;3550308.0;São Paulo;Município de São Paulo;False;PARDA
22695;3547809.0;Santo André;Grande SP Sudeste;False;PARDA
22696;3521408.0;Iracemápolis;Piracicaba;False;PRETA
22697;3550308.0;São Paulo;Município de São Paulo;False;BRANCA
22698;3518909.0;Guzolândia;Araçatuba;False;BRANCA
22699;3548708.0;São Bernardo do Campo;Grande SP Sudeste;False;AMARELA
22700;3550308.0;São Paulo;Município de São Paulo;False;PARDA
22701;3512001.0;Colina;Barretos;False;NONE
22702;3534401.0;Osasco;Grande SP Oeste;False;PARDA
22703;3510005.0;Cândido Mota;Marília;False;BRANCA
22704;3510609.0;Carapicuíba;Grande SP Oeste;False;PARDA
22705;3523404.0;Itatiba;Campinas;False;BRANCA
22706;3515509.0;Fernandópolis;São José do Rio Preto;False;BRANCA
22707;3550308.0;São Paulo;Município de São Paulo;False;IGNORADO
22708;3554102.0;Taubaté;Taubaté;False;IGNORADO
22709;3510609.0;Carapicuíba;Grande SP Oeste;False;BRANCA
22710;3515004.0;Embu das Artes;Grande SP Sudoeste;False;PARDA
22711;3554102.0;Taubaté;Taubaté;False;IGNORADO
22712;3509502.0;Campinas;Campinas;False;BRANCA
22713;3556107.0;Valentim Gentil;São José do Rio Preto;False;BRANCA
22714;3531209.0;Monte Alegre do Sul;Campinas;False;PARDA
22715;3537008.0;Pedregulho;Franca;False;IGNORADO
22716;3547809.0;Santo André;Grande SP Sudeste;False;
22717;3550308.0;São Paulo;Município de São Paulo;False;PARDA
22718;3550100.0;São Manuel;Bauru;False;BRANCA
22719;3510500.0;Caraguatatuba;Taubaté;False;PARDA
22720;3550308.0;São Paulo;Município de São Paulo;False;PARDA
