17929;3550308.0;São Paulo;Município de São Paulo;False;BRANCA
17930;3543303.0;Ribeirão Pires;Grande SP Sudeste;False;BRANCA
17931;3550308.0;São Paulo;Município de São Paulo;False;IGNORADO
17932;3509502.0;Campinas;Campinas;False;BRANCA
17933;3541000.0;Praia Grande;Baixada Santista;False;BRANCA
17934;3526704.0;Leme;Piracicaba;False;BRANCA
17935;3552809.0;Taboão da Serra;Grande SP Sudoeste;False;NONE
17936;3550308.0;São Paulo;Município de São Paulo;False;IGNORADO
17937;3541406.0;Presidente Prudente;Presidente Prudente;False;BRANCA
17938;3539301.0;Pirassununga;Piracicaba;False;BRANCA
17939;3510609.0;Carapicuíba;Grande SP Oeste;False;PRETA
17940;3550308.0;São Paulo;Município de São Paulo;False;PRETA
17941;3550308.0;São Paulo;Município de São Paulo;False;BRANCA
17942;3510005.0;Cândido Mota;Marília;False;BRANCA
17943;3510609.0;Carapicuíba;Grande SP Oeste;False;IGNORADO
17944;3509205.0;Cajamar;Grande SP Norte;False;BRANCA
17945;3502804.0;Araçatuba;Araçatuba;False;BRANCA
17946;3518404.0;Guaratinguetá;Taubaté;False;IGNORADO
17947;3531407.0;Monte Aprazível;São José do Rio Preto;False;BRANCA
17948;3550308.0;São Paulo;Município de São Paulo;False;NONE
17949;3548708.0;São Bernardo do Campo;Grande SP Sudeste;False;
17950;3548708.0;São Bernardo do Campo;Grande SP Sudeste;False;BRANCA
17951;3550308.0;São Paulo;Município de São Paulo;False;PARDA
17952;3514403.0;Dracena;Presidente Prudente;False;BRANCA
17953;3550308.0;São Paulo;Município de São Paulo;False;IGNORADO
17954;3550308.0;São Paulo;Município de São Paulo;False;BRANCA
17955;3534401.0;Osasco;Grande SP Oeste;False;IGNORADO
17956;3538907.0;Pirajuí;Bauru;False;BRANCA
17957;3550308.0;São Paulo;Município de São Paulo;False;BRANCA
17958;3550308.0;São Paulo;Município de São Paulo;True;BRANCA
17959;3526902.0;Limeira;Piracicaba;False;BRANCA
17960;3550308.0;São Paulo;Município de São Paulo;False;PARDA
17961;3520509.0;Indaiatuba;Campinas;False;IGNORADO
17962;3548708.0;São Bernardo do Campo;Grande SP Sudeste;False;BRANCA
17963;3548500.0;Santos;Baixada Santista;False;PRETA
17964;3509502.0;Campinas;Campinas;False;BRANCA
17965;3550308.0;São Paulo;Município de São Paulo;False;IGNORADO
17966;3550308.0;São Paulo;Município de São Paulo;False;BRANCA
17967;3551009.0;São Vicente;Baixada Santista;False;AMARELA
17968;3505500.0;Barretos;Barretos;False;BRANCA
17969;3550308.0;São Paulo;Município de São Paulo;False;BRANCA
17970;3516309.0;Francisco Morato;Grande SP Norte;False;PRETA
17971;3543402.0;Ribeirão Preto;Ribeirão Preto;False;PARDA
17972;3550308.0;São Paulo;Município de São Paulo;False;IGNORADO
17973;3509502.0;Campinas;Campinas;False;BRANCA
17974;3505906.0;Batatais;Ribeirão Preto;False;BRANCA
17975;3509502.0;Campinas;Campinas;False;IGNORADO
17976;3548906.0;São Carlos;Araraquara;False;BRANCA
17977;3510609.0;Carapicuíba;Grande SP Oeste;False;PARDA
17978;3538907.0;Pirajuí;Bauru;False;BRANCA
17979;3537800.0;Piedade;Sorocaba;False;BRANCA
17980;3515004.0;Embu das Artes;Grande SP Sudoeste;False;NONE
17981;3548708.0;São Bernardo do Campo;Grande SP Sudeste;False;IGNORADO
17982;3550308.0;São Paulo;Município de São Paulo;False;AMARELA
17983;3530607.0;Mogi das Cruzes;Grande SP Leste;False;BRANCA
17984;3506359.0;Bertioga;Baixada Santista;False;PARDA
17985;3550308.0;São Paulo;Município de São Paulo;False;BRANCA
17986;3550308.0;São Paulo;Município de São Paulo;False;BRANCA
17987;3522208.0;Itapecerica da Serra;Grande SP Sudoeste;False;AMARELA
17988;3550308.0;São Paulo;Município de São Paulo;False;NONE
17989;3550308.0;São Paulo;Município de São Paulo;False;BRANCA
17990;3518800.0;Guarulhos;Grande SP Leste;False;PRETA
17991;3550308.0;São Paulo;Município de São Paulo;False;IGNORADO
17992;3550308.0;São Paulo;Município de São Paulo;False;BRANCA
17993;3550308.0;São Paulo;Município de São Paulo;False;PARDA
17994;3506003.0;Bauru;Bauru;False;BRANCA
17995;3502804.0;Araçatuba;Araçatuba;False;PARDA
17996;3550308.0;São Paulo;Município de São Paulo;False;IGNORADO
17997;3543907.0;Rio Claro;Piracicaba;False;BRANCA
17998;3550308.0;São Paulo;Município de São Paulo;False;PARDA
17999;3541901.0;Queluz;Taubaté;False;BRANCA
18000;3518800.0;Guarulhos;Grande SP Leste;False;BRANCA
18001;3550308.0;São Paulo;Município de São Paulo;False;BRANCA
18002;3543402.0;Ribeirão Preto;Ribeirão Preto;False;BRANCA
18003;3549805.0;São José do Rio Preto;São José do Rio Preto;False;PARDA
18004;3518800.0;Guarulhos;Grande SP Leste;False;PARDA
18005;3551009.0;São Vicente;Baixada Santista;True;NONE
18006;3550308.0;São Paulo;Município de São Paulo;False;PRETA
18007;3509502.0;Campinas;Campinas;False;PARDA
18008;3503208.0;Araraquara;Araraquara;False;BRANCA
18009;3539301.0;Pirassununga;Piracicaba;False;BRANCA
18010;3534708.0;Ourinhos;Marília;False;BRANCA
18011;3550308.0;São Paulo;Município de São Paulo;False;PARDA
18012;3550308.0;São Paulo;Município de São Paulo;False;PRETA
18013;3510500.0;Caraguatatuba;Taubaté;False;IGNORADO
18014;3550308.0;São Paulo;Município de São Paulo;False;BRANCA
18015;3547304.0;Santana de Parnaíba;Grande SP Oeste;False;AMARELA
18016;3550308.0;São Paulo;Município de São Paulo;False;PARDA
18017;3541406.0;Presidente Prudente;Presidente Prudente;False;PARDA
18018;3506508.0;Birigui;Araçatuba;False;BRANCA
18019;3549805.0;São José do Rio Preto;São José do Rio Preto;False;BRANCA
18020;3557105.0;Votuporanga;São José do Rio Preto;False;BRANCA
18021;3549805.0;São José do Rio Preto;São José do Rio Preto;True;BRANCA
18022;3547809.0;Santo André;Grande SP Sudeste;False;IGNORADO
18023;3509502.0;Campinas;Campinas;False;BRANCA
18024;3549805.0;São José do Rio Preto;São José do Rio Preto;False;BRANCA
18025;3547809.0;Santo André;Grande SP Sudeste;False;NONE
18026;3550308.0;São Paulo;Município de São Paulo;False;BRANCA
18027;3550308.0;São Paulo;Município de São Paulo;True;IGNORADO
18028;3552809.0;Taboão da Serra;Grande SP Sudoeste;False;
18029;3506003.0;Bauru;Bauru;False;PRETA
18030;3552502.0;Suzano;Grande SP Leste;False;BRANCA
18031;3550308.0;São Paulo;Município de São Paulo;False;BRANCA
18032;3518206.0;Guararapes;Araçatuba;False;IGNORADO
18033;3550308.0;São Paulo;Município de São Paulo;False;PRETA
18034;3538709.0;Piracicaba;Piracicaba;False;BRANCA
18035;3550308.0;São Paulo;Município de São Paulo;False;PARDA
18036;3548708.0;São Bernardo do Campo;Grande SP Sudeste;False;NONE
18037;3526704.0;Leme;Piracicaba;False;AMARELA
18038;3550308.0;São Paulo;Município de São Paulo;False;PARDA
18039;3522307.0;Itapetininga;Sorocaba;False;BRANCA
18040;3522307.0;Itapetininga;Sorocaba;False;BRANCA
18041;3506359.0;Bertioga;Baixada Santista;False;PARDA
18042;3517000.0;Getulina;Bauru;False;BRANCA
18043;3550308.0;São Paulo;Município de São Paulo;False;BRANCA
18044;3548500.0;Santos;Baixada Santista;False;NONE
18045;3516200.0;Franca;Franca;False;BRANCA
18046;3552809.0;Taboão da Serra;Grande SP Sudoeste;False;
18047;3550308.0;São Paulo;Município de São Paulo;False;AMARELA
18048;3541000.0;Praia Grande;Baixada Santista;False;BRANCA
18049;3525201.0;Jarinu;Campinas;True;BRANCA
18050;3510609.0;Carapicuíba;Grande SP Oeste;False;PRETA
18051;3552809.0;Taboão da Serra;Grande SP Sudoeste;False;AMARELA
18052;3531407.0;Monte Aprazível;São José do Rio Preto;False;BRANCA
18053;3522505.0;Itapevi;Grande SP Oeste;False;BRANCA
18054;3548708.0;São Bernardo do Campo;Grande SP Sudeste;False;PARDA
18055;3536505.0;Paulínia;Campinas;False;BRANCA
18056;3550308.0;São Paulo;Município de São Paulo;False;BRANCA
18057;3548708.0;São Bernardo do Campo;Grande SP Sudeste;False;BRANCA
18058;3545803.0;Santa Bárbara d'Oeste;Campinas;False;BRANCA
18059;3518800.0;Guarulhos;Grande SP Leste;False;IGNORADO
18060;3501608.0;Americana;Campinas;False;BRANCA
18061;3550308.0;São Paulo;Município de São Paulo;False;NONE
18062;3541000.0;Praia Grande;Baixada Santista;False;IGNORADO
18063;3557105.0;Votuporanga;São José do Rio Preto;False;PARDA
18064;3556305.0;Valparaíso;Araçatuba;False;PARDA
18065;3506805.0;Bocaina;Bauru;False;PARDA
18066;3550308.0;São Paulo;Município de São Paulo;False;IGNORADO
18067;3506003.0;Bauru;Bauru;False;PRETA
18068;3555406.0;Ubatuba;Taubaté;False;BRANCA
