38337;3525300.0;Jaú;Bauru;False;BRANCA
38338;3513504.0;Cubatão;Baixada Santista;False;PARDA
38339;3534401.0;Osasco;Grande SP Oeste;False;BRANCA
38340;3506508.0;Birigui;Araçatuba;False;BRANCA
38341;3503802.0;Artur Nogueira;Campinas;False;BRANCA
38342;3513405.0;Cruzeiro;Taubaté;False;BRANCA
38343;3541406.0;Presidente Prudente;Presidente Prudente;False;BRANCA
38344;3550308.0;São Paulo;Município de São Paulo;False;BRANCA
38345;3548708.0;São Bernardo do Campo;Grande SP Sudeste;False;BRANCA
38346;3550308.0;São Paulo;Município de São Paulo;False;BRANCA
38347;3518701.0;Guarujá;Baixada Santista;False;BRANCA
38348;3518701.0;Guarujá;Baixada Santista;False;BRANCA
38349;3520509.0;Indaiatuba;Campinas;False;IGNORADO
38350;3533403.0;Nova Odessa;Campinas;False;BRANCA
38351;3545803.0;Santa Bárbara d'Oeste;Campinas;False;BRANCA
38352;3550308.0;São Paulo;Município de São Paulo;False;IGNORADO
38353;3526902.0;Limeira;Piracicaba;False;PARDA
38354;3550308.0;São Paulo;Município de São Paulo;False;IGNORADO
38355;3534401.0;Osasco;Grande SP Oeste;False;BRANCA
38356;3548708.0;São Bernardo do Campo;Grande SP Sudeste;False;BRANCA
38357;3548708.0;São Bernardo do Campo;Grande SP Sudeste;False;
38358;3500709.0;Agudos;Bauru;False;AMARELA
38359;3526902.0;Limeira;Piracicaba;False;BRANCA
38360;3504107.0;Atibaia;Campinas;False;BRANCA
38361;3515152.0;Engenheiro Coelho;Piracicaba;False;PARDA
38362;3502200.0;Angatuba;Sorocaba;False;BRANCA
38363;3515004.0;Embu das Artes;Grande SP Sudoeste;False;BRANCA
38364;3503208.0;Araraquara;Araraquara;False;BRANCA
38365;3552403.0;Sumaré;Campinas;False;BRANCA
38366;3554102.0;Taubaté;Taubaté;False;PARDA
38367;3509502.0;Campinas;Campinas;False;IGNORADO
38368;3550308.0;São Paulo;Município de São Paulo;False;PRETA
38369;3522109.0;Itanhaém;Baixada Santista;False;PRETA
38370;3554102.0;Taubaté;Taubaté;False;BRANCA
38371;3529005.0;Marília;Marília;False;PARDA
38372;3534401.0;Osasco;Grande SP Oeste;True;BRANCA
38373;3509502.0;Campinas;Campinas;False;IGNORADO
38374;3502804.0;Araçatuba;Araçatuba;False;IGNORADO
38375;3552205.0;Sorocaba;Sorocaba;False;AMARELA
38376;3550308.0;São Paulo;Município de São Paulo;False;IGNORADO
38377;3541307.0;Presidente Epitácio;Presidente Prudente;False;BRANCA
38378;3550308.0;São Paulo;Município de São Paulo;False;IGNORADO
38379;3547809.0;Santo André;Grande SP Sudeste;False;BRANCA
38380;3522406.0;Itapeva;Sorocaba;False;PARDA
38381;3503802.0;Artur Nogueira;Campinas;False;IGNORADO
38382;3550308.0;São Paulo;Município de São Paulo;False;BRANCA
38383;3509502.0;Campinas;Campinas;False;PARDA
38384;3534401.0;Osasco;Grande SP Oeste;False;
38385;3550308.0;São Paulo;Município de São Paulo;False;IGNORADO
38386;3550308.0;São Paulo;Município de São Paulo;False;IGNORADO
38387;3551009.0;São Vicente;Baixada Santista;False;PARDA
38388;3543402.0;Ribeirão Preto;Ribeirão Preto;False;PARDA
38389;3550308.0;São Paulo;Município de São Paulo;True;BRANCA
38390;3515509.0;Fernandópolis;São José do Rio Preto;False;BRANCA
38391;3550704.0;São Sebastião;Taubaté;False;BRANCA
38392;3550308.0;São Paulo;Município de São Paulo;False;BRANCA
38393;3510609.0;Carapicuíba;Grande SP Oeste;False;IGNORADO
38394;3550308.0;São Paulo;Município de São Paulo;False;PARDA
38395;3515004.0;Embu das Artes;Grande SP Sudoeste;False;AMARELA
38396;3549904.0;São José dos Campos;Taubaté;False;IGNORADO
38397;3538709.0;Piracicaba;Piracicaba;False;IGNORADO
38398;3550308.0;São Paulo;Município de São Paulo;False;PARDA
38399;3545803.0;Santa Bárbara d'Oeste;Campinas;False;BRANCA
38400;3549904.0;São José dos Campos;Taubaté;False;PARDA
38401;3502101.0;Andradina;Araçatuba;False;AMARELA
38402;3516309.0;Francisco Morato;Grande SP Norte;False;PARDA
38403;3516309.0;Francisco Morato;Grande SP Norte;False;PARDA
38404;3554003.0;Tatuí;Sorocaba;False;BRANCA
38405;3552205.0;Sorocaba;Sorocaba;False;PRETA
38406;3548906.0;São Carlos;Araraquara;False;BRANCA
38407;3550308.0;São Paulo;Município de São Paulo;False;AMARELA
38408;3550308.0;São Paulo;Município de São Paulo;False;NONE
38409;3550308.0;São Paulo;Município de São Paulo;False;BRANCA
38410;3509403.0;Cajuru;Ribeirão Preto;False;PARDA
38411;3550308.0;São Paulo;Município de São Paulo;False;IGNORADO
38412;3545209.0;Salto;Sorocaba;False;PRETA
38413;3552205.0;Sorocaba;Sorocaba;True;PARDA
38414;3539608.0;Planalto;São José do Rio Preto;False;BRANCA
38415;3556453.0;Vargem Grande Paulista;Grande SP Sudoeste;False;BRANCA
38416;3500808.0;Alfredo Marcondes;Presidente Prudente;False;BRANCA
38417;3550308.0;São Paulo;Município de São Paulo;False;NONE
38418;3520400.0;Ilhabela;Taubaté;False;BRANCA
38419;3509254.0;Cajati;Registro;False;BRANCA
38420;3509502.0;Campinas;Campinas;False;BRANCA
38421;3549409.0;São Joaquim da Barra;Franca;False;BRANCA
38422;3524303.0;Jaboticabal;Ribeirão Preto;False;BRANCA
38423;3543402.0;Ribeirão Preto;Ribeirão Preto;False;BRANCA
38424;3552205.0;Sorocaba;Sorocaba;False;IGNORADO
38425;3518800.0;Guarulhos;Grande SP Leste;False;BRANCA
38426;3542602.0;Registro;Registro;False;BRANCA
38427;3508603.0;Cachoeira Paulista;Taubaté;False;BRANCA
38428;3525904.0;Jundiaí;Campinas;False;IGNORADO
38429;3528403.0;Mairinque;Sorocaba;False;BRANCA
38430;3538006.0;Pindamonhangaba;Taubaté;False;PARDA
38431;3537107.0;Pedreira;Campinas;False;BRANCA
38432;3555406.0;Ubatuba;Taubaté;False;BRANCA
38433;3547304.0;Santana de Parnaíba;Grande SP Oeste;False;PARDA
38434;3530607.0;Mogi das Cruzes;Grande SP Leste;False;PRETA
38435;3551801.0;Sete Barras;Registro;False;PARDA
38436;3548500.0;Santos;Baixada Santista;False;BRANCA
38437;3542206.0;Rancharia;Presidente Prudente;False;BRANCA
38438;3550308.0;São Paulo;Município de São Paulo;False;BRANCA
38439;3529302.0;Matão;Araraquara;False;BRANCA
38440;3550308.0;São Paulo;Município de São Paulo;False;BRANCA
38441;3531001.0;Monções;São José do Rio Preto;False;BRANCA
38442;3550308.0;São Paulo;Município de São Paulo;False;PARDA
38443;3543402.0;Ribeirão Preto;Ribeirão Preto;False;PARDA
38444;3545803.0;Santa Bárbara d'Oeste;Campinas;False;BRANCA
38445;3524501.0;Jaci;São José do Rio Preto;False;BRANCA
38446;3543402.0;Ribeirão Preto;Ribeirão Preto;False;PARDA
38447;3550308.0;São Paulo;Município de São Paulo;False;AMARELA
38448;3550308.0;São Paulo;Município de São Paulo;False;BRANCA
38449;3550308.0;São Paulo;Município de São Paulo;False;IGNORADO
38450;3557154.0;Zacarias;São José do Rio Preto;False;BRANCA
38451;3550308.0;São Paulo;Município de São Paulo;False;PRETA
38452;3550308.0;São Paulo;Município de São Paulo;False;PARDA
38453;3550308.0;São Paulo;Município de São Paulo;False;BRANCA
38454;3550308.0;São Paulo;Município de São Paulo;False;PARDA
38455;3550308.0;São Paulo;Município de São Paulo;False;BRANCA
38456;3540200.0;Pontal;Ribeirão Preto;False;BRANCA
38457;3513801.0;Diadema;Grande SP Sudeste;False;BRANCA
38458;3550308.0;São Paulo;Município de São Paulo;False;BRANCA
38459;3552809.0;Taboão da Serra;Grande SP Sudoeste;False;BRANCA
38460;3550308.0;São Paulo;Município de São Paulo;False;BRANCA
38461;3552809.0;Taboão da Serra;Grande SP Sudoeste;False;
38462;3503901.0;Arujá;Grande SP Leste;False;BRANCA
38463;3529005.0;Marília;Marília;False;BRANCA
38464;3550308.0;São Paulo;Município de São Paulo;False;BRANCA
38465;3550308.0;São Paulo;Município de São Paulo;False;IGNORADO
38466;3523107.0;Itaquaquecetuba;Grande SP Leste;False;NONE
38467;3547809.0;Santo André;Grande SP Sudeste;False;IGNORADO
38468;3520400.0;Ilhabela;Taubaté;False;PARDA
38469;3550308.0;São Paulo;Município de São Paulo;False;BRANCA
38470;3504206.0;Auriflama;Araçatuba;False;BRANCA
38471;3550308.0;São Paulo;Município de São Paulo;False;PARDA
38472;3550308.0;São Paulo;Município de São Paulo;False;PARDA
38473;3550308.0;São Paulo;Município de São Paulo;False;
38474;3520400.0;Ilhabela;Taubaté;False;PARDA
38475;3551702.0;Sertãozinho;Ribeirão Preto;False;IGNORADO
38476;3543402.0;Ribeirão Preto;Ribeirão Preto;False;NONE
38477;3548500.0;Santos;Baixada Santista;False;BRANCA
38478;3550308.0;São Paulo;Município de São Paulo;False;BRANCA
38479;3550308.0;São Paulo;Município de São Paulo;False;BRANCA
38480;3550308.0;São Paulo;Município de São Paulo;False;PARDA
