21646;3516200.0;Franca;Franca;False;
21647;3538709.0;Piracicaba;Piracicaba;False;PARDA
21648;3518800.0;Guarulhos;Grande SP Leste;False;BRANCA
21649;3513801.0;Diadema;Grande SP Sudeste;False;PARDA
21650;3522505.0;Itapevi;Grande SP Oeste;False;PARDA
21651;3550308.0;São Paulo;Município de São Paulo;True;PARDA
21652;3550308.0;São Paulo;Município de São Paulo;False;PARDA
21653;3549904.0;São José dos Campos;Taubaté;False;PARDA
21654;3549904.0;São José dos Campos;Taubaté;False;BRANCA
21655;3550308.0;São Paulo;Município de São Paulo;False;PARDA
21656;3548708.0;São Bernardo do Campo;Grande SP Sudeste;False;PARDA
21657;3543808.0;Rinópolis;Marília;False;BRANCA
21658;3540606.0;Porto Feliz;Sorocaba;False;BRANCA
21659;3545803.0;Santa Bárbara d'Oeste;Campinas;False;BRANCA
21660;3547304.0;Santana de Parnaíba;Grande SP Oeste;False;IGNORADO
21661;3530805.0;Mogi Mirim;São João da Boa Vista;False;PRETA
21662;3525201.0;Jarinu;Campinas;False;BRANCA
21663;3548500.0;Santos;Baixada Santista;False;BRANCA
21664;3550308.0;São Paulo;Município de São Paulo;False;BRANCA
21665;3503802.0;Artur Nogueira;Campinas;False;BRANCA
21666;3529005.0;Marília;Marília;False;PARDA
21667;3550308.0;São Paulo;Município de São Paulo;False;PARDA
21668;3550308.0;São Paulo;Município de São Paulo;False;BRANCA
21669;3550308.0;São Paulo;Município de São Paulo;False;BRANCA
21670;3501806.0;Américo de Campos;São José do Rio Preto;False;AMARELA
21671;3541000.0;Praia Grande;Baixada Santista;False;PARDA
21672;3550308.0;São Paulo;Município de São Paulo;False;BRANCA
21673;3543303.0;Ribeirão Pires;Grande SP Sudeste;False;BRANCA
21674;3509502.0;Campinas;Campinas;False;BRANCA
21675;3556701.0;Vinhedo;Campinas;False;BRANCA
21676;3523909.0;Itu;Sorocaba;False;BRANCA
21677;3550308.0;São Paulo;Município de São Paulo;False;AMARELA
21678;3530607.0;Mogi das Cruzes;Grande SP Leste;False;PRETA
21679;3556305.0;Valparaíso;Araçatuba;False;PARDA
21680;3505708.0;Barueri;Grande SP Oeste;False;IGNORADO
21681;3503208.0;Araraquara;Araraquara;False;BRANCA
21682;3548500.0;Santos;Baixada Santista;False;BRANCA
21683;3550308.0;São Paulo;Município de São Paulo;False;IGNORADO
21684;3545803.0;Santa Bárbara d'Oeste;Campinas;False;BRANCA
21685;3515509.0;Fernandópolis;São José do Rio Preto;False;PARDA
21686;3506003.0;Bauru;Bauru;False;IGNORADO
21687;3548708.0;São Bernardo do Campo;Grande SP Sudeste;False;BRANCA
21688;3509502.0;Campinas;Campinas;False;PARDA
21689;3515004.0;Embu das Artes;Grande SP Sudoeste;True;BRANCA
21690;3520509.0;Indaiatuba;Campinas;False;BRANCA
21691;3525904.0;Jundiaí;Campinas;False;
21692;3550308.0;São Paulo;Município de São Paulo;True;BRANCA
21693;3505708.0;Barueri;Grande SP Oeste;False;PARDA
21694;3508702.0;Caconde;São João da Boa Vista;False;PRETA
21695;3534401.0;Osasco;Grande SP Oeste;False;BRANCA
21696;3552205.0;Sorocaba;Sorocaba;True;BRANCA
21697;3512803.0;Cosmópolis;Campinas;False;PARDA
21698;3550308.0;São Paulo;Município de São Paulo;False;BRANCA
21699;3550308.0;São Paulo;Município de São Paulo;False;BRANCA
21700;3550308.0;São Paulo;Município de São Paulo;False;IGNORADO
21701;3516309.0;Francisco Morato;Grande SP Norte;True;PARDA
21702;3550308.0;São Paulo;Município de São Paulo;False;IGNORADO
21703;3552502.0;Suzano;Grande SP Leste;False;IGNORADO
21704;3503208.0;Araraquara;Araraquara;False;BRANCA
21705;3519071.0;Hortolândia;Campinas;False;BRANCA
21706;3549805.0;São José do Rio Preto;São José do Rio Preto;False;BRANCA
21707;3550308.0;São Paulo;Município de São Paulo;True;NONE
21708;3506003.0;Bauru;Bauru;False;BRANCA
21709;3540200.0;Pontal;Ribeirão Preto;False;AMARELA
21710;3550308.0;São Paulo;Município de São Paulo;False;IGNORADO
21711;3549805.0;São José do Rio Preto;São José do Rio Preto;False;BRANCA
21712;3540903.0;Pradópolis;Ribeirão Preto;False;AMARELA
21713;3522307.0;Itapetininga;Sorocaba;False;BRANCA
21714;3550308.0;São Paulo;Município de São Paulo;False;IGNORADO
21715;3501301.0;Álvares Machado;Presidente Prudente;False;AMARELA
21716;3549805.0;São José do Rio Preto;São José do Rio Preto;False;BRANCA
21717;3550308.0;São Paulo;Município de São Paulo;False;BRANCA
21718;3550308.0;São Paulo;Município de São Paulo;False;PARDA
21719;3518800.0;Guarulhos;Grande SP Leste;True;IGNORADO
21720;3505708.0;Barueri;Grande SP Oeste;False;NONE
21721;3550308.0;São Paulo;Município de São Paulo;True;BRANCA
21722;3552809.0;Taboão da Serra;Grande SP Sudoeste;False;BRANCA
21723;3543402.0;Ribeirão Preto;Ribeirão Preto;False;PARDA
21724;3550308.0;São Paulo;Município de São Paulo;False;PARDA
21725;3551009.0;São Vicente;Baixada Santista;False;PRETA
21726;3515004.0;Embu das Artes;Grande SP Sudoeste;False;IGNORADO
21727;3548401.0;Santópolis do Aguapeí;Araçatuba;False;BRANCA
21728;3539608.0;Planalto;São José do Rio Preto;False;BRANCA
21729;3534401.0;Osasco;Grande SP Oeste;False;PRETA
21730;3548708.0;São Bernardo do Campo;Grande SP Sudeste;False;
21731;3550308.0;São Paulo;Município de São Paulo;True;IGNORADO
21732;3550308.0;São Paulo;Município de São Paulo;False;NONE
21733;3536505.0;Paulínia;Campinas;False;BRANCA
21734;3550308.0;São Paulo;Município de São Paulo;False;IGNORADO
21735;3523107.0;Itaquaquecetuba;Grande SP Leste;False;BRANCA
21736;3550308.0;São Paulo;Município de São Paulo;False;PRETA
21737;3552205.0;Sorocaba;Sorocaba;False;BRANCA
21738;3509502.0;Campinas;Campinas;False;BRANCA
21739;3557105.0;Votuporanga;São José do Rio Preto;False;BRANCA
21740;3547809.0;Santo André;Grande SP Sudeste;False;NONE
21741;3518800.0;Guarulhos;Grande SP Leste;False;NONE
21742;3549904.0;São José dos Campos;Taubaté;False;IGNORADO
21743;3506003.0;Bauru;Bauru;False;IGNORADO
21744;3547809.0;Santo André;Grande SP Sudeste;False;BRANCA
21745;3548807.0;São Caetano do Sul;Grande SP Sudeste;False;BRANCA
21746;3550308.0;São Paulo;Município de São Paulo;False;BRANCA
21747;3526902.0;Limeira;Piracicaba;False;BRANCA
21748;3513009.0;Cotia;Grande SP Sudoeste;True;BRANCA
21749;3534401.0;Osasco;Grande SP Oeste;False;BRANCA
21750;3533908.0;Olímpia;Barretos;False;
21751;3530706.0;Mogi Guaçu;São João da Boa Vista;False;PARDA
21752;3550308.0;São Paulo;Município de São Paulo;True;IGNORADO
21753;3551504.0;Serrana;Ribeirão Preto;False;BRANCA
21754;3550308.0;São Paulo;Município de São Paulo;False;BRANCA
21755;3534401.0;Osasco;Grande SP Oeste;False;PRETA
21756;3524006.0;Itupeva;Campinas;False;PARDA
21757;3552502.0;Suzano;Grande SP Leste;False;IGNORADO
21758;3550308.0;São Paulo;Município de São Paulo;False;BRANCA
21759;3516309.0;Francisco Morato;Grande SP Norte;False;BRANCA
21760;3549904.0;São José dos Campos;Taubaté;False;IGNORADO
21761;3514106.0;Dois Córregos;Bauru;False;BRANCA
21762;3549904.0;São José dos Campos;Taubaté;False;BRANCA
21763;3529401.0;Mauá;Grande SP Sudeste;True;PARDA
21764;3550308.0;São Paulo;Município de São Paulo;False;IGNORADO
21765;3550308.0;São Paulo;Município de São Paulo;False;IGNORADO
21766;3549706.0;São José do Rio Pardo;São João da Boa Vista;True;BRANCA
21767;3550308.0;São Paulo;Município de São Paulo;False;PARDA
21768;3550308.0;São Paulo;Município de São Paulo;False;PARDA
21769;3552205.0;Sorocaba;Sorocaba;True;BRANCA
21770;3520202.0;Igaratá;Taubaté;False;PARDA
21771;3505609.0;Barrinha;Ribeirão Preto;False;BRANCA
21772;3546603.0;Santa Fé do Sul;São José do Rio Preto;False;BRANCA
21773;3550308.0;São Paulo;Município de São Paulo;False;BRANCA
21774;3550308.0;São Paulo;Município de São Paulo;False;PARDA
21775;3550308.0;São Paulo;Município de São Paulo;False;PARDA
21776;3518800.0;Guarulhos;Grande SP Leste;False;PARDA
21777;3535408.0;Panorama;Presidente Prudente;False;BRANCA
21778;3550308.0;São Paulo;Município de São Paulo;False;BRANCA
21779;3523404.0;Itatiba;Campinas;False;BRANCA
21780;3548500.0;Santos;Baixada Santista;False;BRANCA
21781;3549904.0;São José dos Campos;Taubaté;False;BRANCA
21782;3548500.0;Santos;Baixada Santista;False;BRANCA
21783;3549904.0;São José dos Campos;Taubaté;True;IGNORADO
21784;3550308.0;São Paulo;Município de São Paulo;True;BRANCA
21785;3518503.0;Guareí;Sorocaba;False;BRANCA
21786;3546801.0;Santa Isabel;Grande SP Leste;True;BRANCA
