55801;3518800.0;Guarulhos;Grande SP Leste;False;BRANCA
55802;3550308.0;São Paulo;Município de São Paulo;False;PRETA
55803;3525904.0;Jundiaí;Campinas;False;BRANCA
55804;3526902.0;Limeira;Piracicaba;False;BRANCA
55805;3550308.0;São Paulo;Município de São Paulo;False;BRANCA
55806;3556503.0;Várzea Paulista;Campinas;True;PARDA
55807;3509205.0;Cajamar;Grande SP Norte;False;BRANCA
55808;3552205.0;Sorocaba;Sorocaba;False;IGNORADO
55809;3543402.0;Ribeirão Preto;Ribeirão Preto;False;BRANCA
55810;3554003.0;Tatuí;Sorocaba;False;BRANCA
55811;3511409.0;Cerqueira César;Bauru;False;BRANCA
55812;3557006.0;Votorantim;Sorocaba;True;BRANCA
55813;3504602.0;Bady Bassitt;São José do Rio Preto;False;PRETA
55814;3550308.0;São Paulo;Município de São Paulo;True;PARDA
55815;3550308.0;São Paulo;Município de São Paulo;False;BRANCA
55816;3549805.0;São José do Rio Preto;São José do Rio Preto;False;BRANCA
55817;3513504.0;Cubatão;Baixada Santista;False;PRETA
55818;3506003.0;Bauru;Bauru;False;BRANCA
55819;3525003.0;Jandira;Grande SP Oeste;False;BRANCA
55820;3503208.0;Araraquara;Araraquara;False;PARDA
55821;3529906.0;Miracatu;Registro;False;PARDA
55822;3551702.0;Sertãozinho;Ribeirão Preto;True;IGNORADO
55823;3550308.0;São Paulo;Município de São Paulo;False;PARDA
55824;3543402.0;Ribeirão Preto;Ribeirão Preto;False;IGNORADO
55825;3551504.0;Serrana;Ribeirão Preto;False;BRANCA
55826;3550308.0;São Paulo;Município de São Paulo;False;BRANCA
55827;3509502.0;Campinas;Campinas;False;IGNORADO
55828;3548708.0;São Bernardo do Campo;Grande SP Sudeste;False;PARDA
55829;3553856.0;Taquarivaí;Sorocaba;False;PARDA
55830;3502200.0;Angatuba;Sorocaba;False;IGNORADO
55831;3529401.0;Mauá;Grande SP Sudeste;False;AMARELA
55832;3550308.0;São Paulo;Município de São Paulo;False;PRETA
55833;3543402.0;Ribeirão Preto;Ribeirão Preto;False;BRANCA
55834;3504008.0;Assis;Marília;False;BRANCA
55835;3541406.0;Presidente Prudente;Presidente Prudente;False;BRANCA
55836;3519071.0;Hortolândia;Campinas;False;BRANCA
55837;3526407.0;Laranjal Paulista;Bauru;False;BRANCA
55838;3550308.0;São Paulo;Município de São Paulo;False;IGNORADO
55839;3550308.0;São Paulo;Município de São Paulo;False;PARDA
55840;3509502.0;Campinas;Campinas;True;PARDA
55841;3552502.0;Suzano;Grande SP Leste;False;IGNORADO
55842;3550308.0;São Paulo;Município de São Paulo;False;BRANCA
55843;3549904.0;São José dos Campos;Taubaté;False;IGNORADO
55844;3541703.0;Quatá;Presidente Prudente;False;PRETA
55845;3550308.0;São Paulo;Município de São Paulo;False;PARDA
55846;3509502.0;Campinas;Campinas;False;BRANCA
55847;3523107.0;Itaquaquecetuba;Grande SP Leste;False;PARDA
55848;3552205.0;Sorocaba;Sorocaba;False;IGNORADO
55849;3538501.0;Piquete;Taubaté;False;BRANCA
55850;3507902.0;Brotas;Bauru;False;BRANCA
55851;3500709.0;Agudos;Bauru;False;BRANCA
55852;3550308.0;São Paulo;Município de São Paulo;False;AMARELA
55853;3549904.0;São José dos Campos;Taubaté;False;IGNORADO
55854;3513801.0;Diadema;Grande SP Sudeste;False;PARDA
55855;3550308.0;São Paulo;Município de São Paulo;False;IGNORADO
55856;3552403.0;Sumaré;Campinas;False;BRANCA
55857;3550308.0;São Paulo;Município de São Paulo;True;BRANCA
55858;3518800.0;Guarulhos;Grande SP Leste;False;NONE
55859;3518800.0;Guarulhos;Grande SP Leste;False;PRETA
55860;3521408.0;Iracemápolis;Piracicaba;False;BRANCA
55861;3521408.0;Iracemápolis;Piracicaba;False;PRETA
55862;3548708.0;São Bernardo do Campo;Grande SP Sudeste;False;BRANCA
55863;3550308.0;São Paulo;Município de São Paulo;False;PARDA
55864;3509007.0;Caieiras;Grande SP Norte;False;AMARELA
55865;3550308.0;São Paulo;Município de São Paulo;False;
55866;3537800.0;Piedade;Sorocaba;False;BRANCA
55867;3530300.0;Mirassol;São José do Rio Preto;False;PRETA
55868;3550308.0;São Paulo;Município de São Paulo;False;BRANCA
55869;3550308.0;São Paulo;Município de São Paulo;False;
55870;3550308.0;São Paulo;Município de São Paulo;False;
55871;3503208.0;Araraquara;Araraquara;False;PARDA
55872;3520905.0;Ipaussu;Marília;False;AMARELA
55873;3550308.0;São Paulo;Município de São Paulo;False;PARDA
55874;3550308.0;São Paulo;Município de São Paulo;False;PARDA
55875;3550605.0;São Roque;Sorocaba;False;BRANCA
55876;3548708.0;São Bernardo do Campo;Grande SP Sudeste;False;
55877;3550308.0;São Paulo;Município de São Paulo;False;PRETA
55878;3550308.0;São Paulo;Município de São Paulo;False;
55879;3511508.0;Cerquilho;Sorocaba;False;BRANCA
55880;3529005.0;Marília;Marília;False;PARDA
55881;3550308.0;São Paulo;Município de São Paulo;True;AMARELA
55882;3509502.0;Campinas;Campinas;False;BRANCA
55883;3550308.0;São Paulo;Município de São Paulo;False;IGNORADO
55884;3509502.0;Campinas;Campinas;False;PARDA
55885;3543402.0;Ribeirão Preto;Ribeirão Preto;True;BRANCA
55886;3556503.0;Várzea Paulista;Campinas;False;BRANCA
55887;3529401.0;Mauá;Grande SP Sudeste;False;BRANCA
55888;3502804.0;Araçatuba;Araçatuba;False;BRANCA
55889;3506508.0;Birigui;Araçatuba;False;BRANCA
55890;3523404.0;Itatiba;Campinas;False;IGNORADO
55891;3550308.0;São Paulo;Município de São Paulo;False;PARDA
55892;3551405.0;Serra Azul;Ribeirão Preto;False;BRANCA
55893;3515004.0;Embu das Artes;Grande SP Sudoeste;False;AMARELA
55894;3550308.0;São Paulo;Município de São Paulo;False;AMARELA
55895;3548500.0;Santos;Baixada Santista;False;BRANCA
55896;3530607.0;Mogi das Cruzes;Grande SP Leste;False;PARDA
55897;3556305.0;Valparaíso;Araçatuba;False;BRANCA
55898;3515509.0;Fernandópolis;São José do Rio Preto;False;BRANCA
55899;3551405.0;Serra Azul;Ribeirão Preto;False;BRANCA
55900;3549805.0;São José do Rio Preto;São José do Rio Preto;True;BRANCA
55901;3550308.0;São Paulo;Município de São Paulo;False;IGNORADO
55902;3550308.0;São Paulo;Município de São Paulo;True;BRANCA
55903;3551009.0;São Vicente;Baixada Santista;False;BRANCA
55904;3510609.0;Carapicuíba;Grande SP Oeste;False;PRETA
55905;3552809.0;Taboão da Serra;Grande SP Sudoeste;True;BRANCA
55906;3534401.0;Osasco;Grande SP Oeste;False;PARDA
55907;3550308.0;São Paulo;Município de São Paulo;False;PARDA
55908;3543402.0;Ribeirão Preto;Ribeirão Preto;False;PRETA
55909;3550308.0;São Paulo;Município de São Paulo;False;BRANCA
55910;3547809.0;Santo André;Grande SP Sudeste;False;NONE
55911;3506508.0;Birigui;Araçatuba;False;BRANCA
55912;3515103.0;Embu-Guaçu;Grande SP Sudoeste;False;
55913;3540903.0;Pradópolis;Ribeirão Preto;False;PARDA
55914;3550308.0;São Paulo;Município de São Paulo;False;BRANCA
55915;3550308.0;São Paulo;Município de São Paulo;False;PRETA
55916;3510500.0;Caraguatatuba;Taubaté;False;IGNORADO
55917;3538709.0;Piracicaba;Piracicaba;False;BRANCA
55918;3550308.0;São Paulo;Município de São Paulo;False;AMARELA
55919;3538006.0;Pindamonhangaba;Taubaté;False;PRETA
55920;3538709.0;Piracicaba;Piracicaba;False;PRETA
55921;3518800.0;Guarulhos;Grande SP Leste;False;IGNORADO
55922;3528502.0;Mairiporã;Grande SP Norte;False;PARDA
55923;3510708.0;Cardoso;São José do Rio Preto;False;
55924;3513009.0;Cotia;Grande SP Sudoeste;False;IGNORADO
55925;3548500.0;Santos;Baixada Santista;False;PARDA
55926;3503208.0;Araraquara;Araraquara;False;BRANCA
55927;3550308.0;São Paulo;Município de São Paulo;False;BRANCA
55928;3520103.0;Igarapava;Franca;False;IGNORADO
55929;3520103.0;Igarapava;Franca;False;BRANCA
55930;3550308.0;São Paulo;Município de São Paulo;False;BRANCA
55931;3537305.0;Penápolis;Araçatuba;False;AMARELA
55932;3525300.0;Jaú;Bauru;False;BRANCA
55933;3525300.0;Jaú;Bauru;False;BRANCA
55934;3528007.0;Macatuba;Bauru;False;BRANCA
55935;3550308.0;São Paulo;Município de São Paulo;False;BRANCA
55936;3549805.0;São José do Rio Preto;São José do Rio Preto;False;AMARELA
55937;3547809.0;Santo André;Grande SP Sudeste;False;BRANCA
55938;3550308.0;São Paulo;Município de São Paulo;False;IGNORADO
55939;3550308.0;São Paulo;Município de São Paulo;False;BRANCA
55940;3522505.0;Itapevi;Grande SP Oeste;False;BRANCA
55941;3518800.0;Guarulhos;Grande SP Leste;False;BRANCA
55942;3550308.0;São Paulo;Município de São Paulo;False;PARDA
55943;3549904.0;São José dos Campos;Taubaté;False;PARDA
55944;3548708.0;São Bernardo do Campo;Grande SP Sudeste;False;BRANCA
55945;3550308.0;São Paulo;Município de São Paulo;False;BRANCA
