18251;3549805.0;São José do Rio Preto;São José do Rio Preto;False;BRANCA
18252;3526902.0;Limeira;Piracicaba;False;BRANCA
18253;3538709.0;Piracicaba;Piracicaba;False;BRANCA
18254;3517406.0;Guaíra;Barretos;False;PARDA
18255;3519071.0;Hortolândia;Campinas;False;BRANCA
18256;3550308.0;São Paulo;Município de São Paulo;False;PRETA
18257;3509502.0;Campinas;Campinas;False;BRANCA
18258;3550308.0;São Paulo;Município de São Paulo;False;BRANCA
18259;3529005.0;Marília;Marília;False;BRANCA
18260;3506508.0;Birigui;Araçatuba;False;BRANCA
18261;3534401.0;Osasco;Grande SP Oeste;False;BRANCA
18262;3522307.0;Itapetininga;Sorocaba;False;BRANCA
18263;3517505.0;Guapiaçu;São José do Rio Preto;False;BRANCA
18264;3550308.0;São Paulo;Município de São Paulo;False;IGNORADO
18265;3550308.0;São Paulo;Município de São Paulo;False;BRANCA
18266;3543402.0;Ribeirão Preto;Ribeirão Preto;False;BRANCA
18267;3509502.0;Campinas;Campinas;False;NONE
18268;3518701.0;Guarujá;Baixada Santista;False;BRANCA
18269;3550308.0;São Paulo;Município de São Paulo;False;BRANCA
18270;3550308.0;São Paulo;Município de São Paulo;False;PARDA
18271;3529401.0;Mauá;Grande SP Sudeste;False;BRANCA
18272;3501905.0;Amparo;Campinas;False;IGNORADO
18273;3543402.0;Ribeirão Preto;Ribeirão Preto;False;BRANCA
18274;3549805.0;São José do Rio Preto;São José do Rio Preto;False;BRANCA
18275;3552809.0;Taboão da Serra;Grande SP Sudoeste;False;PARDA
18276;3515509.0;Fernandópolis;São José do Rio Preto;False;BRANCA
18277;3548708.0;São Bernardo do Campo;Grande SP Sudeste;False;PARDA
18278;3553856.0;Taquarivaí;Sorocaba;False;PARDA
18279;3502200.0;Angatuba;Sorocaba;False;IGNORADO
18280;3529401.0;Mauá;Grande SP Sudeste;False;AMARELA
18281;3550308.0;São Paulo;Município de São Paulo;False;PRETA
18282;3543402.0;Ribeirão Preto;Ribeirão Preto;False;BRANCA
18283;3550308.0;São Paulo;Município de São Paulo;False;BRANCA
18284;3550308.0;São Paulo;Município de São Paulo;False;PARDA
18285;3550308.0;São Paulo;Município de São Paulo;False;BRANCA
18286;3550308.0;São Paulo;Município de São Paulo;False;BRANCA
18287;3550308.0;São Paulo;Município de São Paulo;True;BRANCA
18288;3521408.0;Iracemápolis;Piracicaba;False;IGNORADO
18289;3550308.0;São Paulo;Município de São Paulo;False;
18290;3550308.0;São Paulo;Município de São Paulo;False;
18291;3513009.0;Cotia;Grande SP Sudoeste;False;BRANCA
18292;3543303.0;Ribeirão Pires;Grande SP Sudeste;True;BRANCA
18293;3550308.0;São Paulo;Município de São Paulo;False;IGNORADO
18294;3530805.0;Mogi Mirim;São João da Boa Vista;True;BRANCA
18295;3550308.0;São Paulo;Município de São Paulo;False;BRANCA
18296;3550308.0;São Paulo;Município de São Paulo;False;BRANCA
18297;3534708.0;Ourinhos;Marília;False;BRANCA
18298;3556503.0;Várzea Paulista;Campinas;False;PRETA
18299;3550308.0;São Paulo;Município de São Paulo;False;PARDA
18300;3549805.0;São José do Rio Preto;São José do Rio Preto;False;PRETA
18301;3509007.0;Caieiras;Grande SP Norte;False;PARDA
18302;3552205.0;Sorocaba;Sorocaba;False;BRANCA
18303;3530805.0;Mogi Mirim;São João da Boa Vista;False;BRANCA
18304;3530805.0;Mogi Mirim;São João da Boa Vista;False;BRANCA
18305;3550308.0;São Paulo;Município de São Paulo;False;PARDA
18306;3551009.0;São Vicente;Baixada Santista;False;BRANCA
18307;3543402.0;Ribeirão Preto;Ribeirão Preto;False;IGNORADO
18308;3522703.0;Itápolis;Araraquara;False;BRANCA
18309;3504107.0;Atibaia;Campinas;True;BRANCA
18310;3548708.0;São Bernardo do Campo;Grande SP Sudeste;False;AMARELA
18311;3522703.0;Itápolis;Araraquara;False;BRANCA
18312;3550308.0;São Paulo;Município de São Paulo;False;PRETA
18313;3505500.0;Barretos;Barretos;False;IGNORADO
18314;3546702.0;Santa Gertrudes;Piracicaba;False;BRANCA
18315;3519600.0;Ibitinga;Araraquara;False;BRANCA
18316;3530607.0;Mogi das Cruzes;Grande SP Leste;False;PARDA
18317;3550308.0;São Paulo;Município de São Paulo;False;IGNORADO
18318;3550308.0;São Paulo;Município de São Paulo;False;PARDA
18319;3550308.0;São Paulo;Município de São Paulo;False;BRANCA
18320;3550308.0;São Paulo;Município de São Paulo;False;BRANCA
18321;3506003.0;Bauru;Bauru;False;BRANCA
18322;3518800.0;Guarulhos;Grande SP Leste;False;PARDA
18323;3549805.0;São José do Rio Preto;São José do Rio Preto;False;BRANCA
18324;3543402.0;Ribeirão Preto;Ribeirão Preto;False;IGNORADO
18325;3550308.0;São Paulo;Município de São Paulo;False;IGNORADO
18326;3549904.0;São José dos Campos;Taubaté;False;PARDA
18327;3550308.0;São Paulo;Município de São Paulo;False;BRANCA
18328;3509254.0;Cajati;Registro;False;BRANCA
18329;3501608.0;Americana;Campinas;False;BRANCA
18330;3550308.0;São Paulo;Município de São Paulo;False;BRANCA
18331;3508405.0;Cabreúva;Campinas;False;BRANCA
18332;3541000.0;Praia Grande;Baixada Santista;False;IGNORADO
18333;3513801.0;Diadema;Grande SP Sudeste;False;BRANCA
18334;3548708.0;São Bernardo do Campo;Grande SP Sudeste;False;
18335;3510401.0;Capivari;Piracicaba;False;BRANCA
18336;3548708.0;São Bernardo do Campo;Grande SP Sudeste;False;PRETA
18337;3552205.0;Sorocaba;Sorocaba;False;BRANCA
18338;3543402.0;Ribeirão Preto;Ribeirão Preto;False;IGNORADO
18339;3545803.0;Santa Bárbara d'Oeste;Campinas;False;BRANCA
18340;3503901.0;Arujá;Grande SP Leste;False;PARDA
18341;3550308.0;São Paulo;Município de São Paulo;False;BRANCA
18342;3550308.0;São Paulo;Município de São Paulo;False;PARDA
18343;3525904.0;Jundiaí;Campinas;False;IGNORADO
18344;3538709.0;Piracicaba;Piracicaba;False;IGNORADO
18345;3525904.0;Jundiaí;Campinas;False;BRANCA
18346;3511508.0;Cerquilho;Sorocaba;False;BRANCA
18347;3550308.0;São Paulo;Município de São Paulo;False;BRANCA
18348;3550308.0;São Paulo;Município de São Paulo;False;BRANCA
18349;3550308.0;São Paulo;Município de São Paulo;False;IGNORADO
18350;3512803.0;Cosmópolis;Campinas;False;BRANCA
18351;3518800.0;Guarulhos;Grande SP Leste;False;PARDA
18352;3538709.0;Piracicaba;Piracicaba;False;BRANCA
18353;3504107.0;Atibaia;Campinas;False;BRANCA
18354;3550308.0;São Paulo;Município de São Paulo;False;PARDA
18355;3549805.0;São José do Rio Preto;São José do Rio Preto;False;BRANCA
18356;3526803.0;Lençóis Paulista;Bauru;False;BRANCA
18357;3540903.0;Pradópolis;Ribeirão Preto;False;PARDA
18358;3556503.0;Várzea Paulista;Campinas;False;IGNORADO
18359;3548708.0;São Bernardo do Campo;Grande SP Sudeste;False;IGNORADO
18360;3549805.0;São José do Rio Preto;São José do Rio Preto;False;BRANCA
18361;3541000.0;Praia Grande;Baixada Santista;False;PRETA
18362;3552809.0;Taboão da Serra;Grande SP Sudoeste;False;BRANCA
18363;3550308.0;São Paulo;Município de São Paulo;False;BRANCA
18364;3518800.0;Guarulhos;Grande SP Leste;False;BRANCA
18365;3509502.0;Campinas;Campinas;False;BRANCA
18366;3541406.0;Presidente Prudente;Presidente Prudente;False;PARDA
18367;3515152.0;Engenheiro Coelho;Piracicaba;False;PRETA
18368;3519071.0;Hortolândia;Campinas;False;PARDA
18369;3550308.0;São Paulo;Município de São Paulo;False;BRANCA
18370;3502804.0;Araçatuba;Araçatuba;False;PARDA
18371;3506003.0;Bauru;Bauru;False;BRANCA
18372;3550308.0;São Paulo;Município de São Paulo;False;BRANCA
18373;3550308.0;São Paulo;Município de São Paulo;False;IGNORADO
18374;3505708.0;Barueri;Grande SP Oeste;False;AMARELA
18375;3547809.0;Santo André;Grande SP Sudeste;False;AMARELA
18376;3541208.0;Presidente Bernardes;Presidente Prudente;False;BRANCA
18377;3550308.0;São Paulo;Município de São Paulo;False;IGNORADO
18378;3517109.0;Glicério;Araçatuba;False;BRANCA
18379;3550308.0;São Paulo;Município de São Paulo;True;PARDA
18380;3550308.0;São Paulo;Município de São Paulo;False;NONE
18381;3531506.0;Monte Azul Paulista;Barretos;False;BRANCA
18382;3504008.0;Assis;Marília;False;PARDA
18383;3529005.0;Marília;Marília;False;PARDA
18384;3550308.0;São Paulo;Município de São Paulo;False;BRANCA
18385;3512902.0;Cosmorama;São José do Rio Preto;False;BRANCA
18386;3557105.0;Votuporanga;São José do Rio Preto;False;BRANCA
18387;3542602.0;Registro;Registro;True;PARDA
18388;3549805.0;São José do Rio Preto;São José do Rio Preto;False;BRANCA
18389;3550308.0;São Paulo;Município de São Paulo;False;PARDA
18390;3543402.0;Ribeirão Preto;Ribeirão Preto;False;BRANCA
