55768;3502101.0;Andradina;Araçatuba;False;
55769;3525706.0;José Bonifácio;São José do Rio Preto;False;PARDA
55770;3509502.0;Campinas;Campinas;False;BRANCA
55771;3506003.0;Bauru;Bauru;False;PRETA
55772;3536307.0;Patrocínio Paulista;Franca;False;BRANCA
55773;3550902.0;São Simão;Ribeirão Preto;False;IGNORADO
55774;3542602.0;Registro;Registro;False;BRANCA
55775;3550308.0;São Paulo;Município de São Paulo;False;BRANCA
55776;3552403.0;Sumaré;Campinas;False;IGNORADO
55777;3529401.0;Mauá;Grande SP Sudeste;False;PARDA
55778;3547601.0;Santa Rosa de Viterbo;Ribeirão Preto;False;BRANCA
55779;3511904.0;Clementina;Araçatuba;False;BRANCA
55780;3553401.0;Tanabi;São José do Rio Preto;False;BRANCA
55781;3547809.0;Santo André;Grande SP Sudeste;False;BRANCA
55782;3511003.0;Castilho;Araçatuba;False;PARDA
55783;3503307.0;Araras;Piracicaba;False;BRANCA
55784;3510401.0;Capivari;Piracicaba;False;PARDA
55785;3548708.0;São Bernardo do Campo;Grande SP Sudeste;False;
55786;3509502.0;Campinas;Campinas;True;BRANCA
55787;3507506.0;Botucatu;Bauru;True;BRANCA
55788;3548500.0;Santos;Baixada Santista;True;BRANCA
55789;3529005.0;Marília;Marília;True;PARDA
55790;3550308.0;São Paulo;Município de São Paulo;True;IGNORADO
55791;3534401.0;Osasco;Grande SP Oeste;False;BRANCA
55792;3549409.0;São Joaquim da Barra;Franca;False;BRANCA
55793;3550308.0;São Paulo;Município de São Paulo;False;PRETA
55794;3503307.0;Araras;Piracicaba;False;PARDA
55795;3548500.0;Santos;Baixada Santista;False;AMARELA
55796;3550308.0;São Paulo;Município de São Paulo;False;PARDA
55797;3550308.0;São Paulo;Município de São Paulo;False;PARDA
55798;3550308.0;São Paulo;Município de São Paulo;False;PARDA
55799;3552502.0;Suzano;Grande SP Leste;False;BRANCA
55800;3507506.0;Botucatu;Bauru;False;BRANCA
55801;3513009.0;Cotia;Grande SP Sudoeste;False;
55802;3550308.0;São Paulo;Município de São Paulo;False;IGNORADO
55803;3550308.0;São Paulo;Município de São Paulo;False;PRETA
55804;3550308.0;São Paulo;Município de São Paulo;False;BRANCA
55805;3550308.0;São Paulo;Município de São Paulo;False;NONE
55806;3554102.0;Taubaté;Taubaté;False;BRANCA
55807;3550308.0;São Paulo;Município de São Paulo;True;IGNORADO
55808;3550308.0;São Paulo;Município de São Paulo;False;IGNORADO
55809;3550308.0;São Paulo;Município de São Paulo;False;BRANCA
55810;3550308.0;São Paulo;Município de São Paulo;False;IGNORADO
55811;3516200.0;Franca;Franca;False;IGNORADO
55812;3506003.0;Bauru;Bauru;False;
55813;3550308.0;São Paulo;Município de São Paulo;False;IGNORADO
55814;3503901.0;Arujá;Grande SP Leste;False;BRANCA
55815;3552205.0;Sorocaba;Sorocaba;False;BRANCA
55816;3534708.0;Ourinhos;Marília;False;BRANCA
55817;3503208.0;Araraquara;Araraquara;False;BRANCA
55818;3556008.0;Urupês;São José do Rio Preto;False;PRETA
55819;3553658.0;Taquaral;Barretos;False;BRANCA
55820;3548906.0;São Carlos;Araraquara;False;PARDA
55821;3526902.0;Limeira;Piracicaba;False;BRANCA
55822;3509205.0;Cajamar;Grande SP Norte;False;PRETA
55823;3550308.0;São Paulo;Município de São Paulo;False;BRANCA
55824;3509502.0;Campinas;Campinas;False;PARDA
55825;3506003.0;Bauru;Bauru;False;IGNORADO
55826;3538501.0;Piquete;Taubaté;False;BRANCA
55827;3548500.0;Santos;Baixada Santista;False;BRANCA
55828;3552809.0;Taboão da Serra;Grande SP Sudoeste;False;BRANCA
55829;3536505.0;Paulínia;Campinas;False;BRANCA
55830;3557006.0;Votorantim;Sorocaba;False;BRANCA
55831;3525300.0;Jaú;Bauru;False;BRANCA
55832;3550308.0;São Paulo;Município de São Paulo;False;BRANCA
55833;3520509.0;Indaiatuba;Campinas;False;IGNORADO
55834;3547809.0;Santo André;Grande SP Sudeste;False;BRANCA
55835;3550308.0;São Paulo;Município de São Paulo;False;AMARELA
55836;3542602.0;Registro;Registro;False;BRANCA
55837;3534401.0;Osasco;Grande SP Oeste;False;NONE
55838;3548906.0;São Carlos;Araraquara;False;IGNORADO
55839;3550308.0;São Paulo;Município de São Paulo;False;BRANCA
55840;3554102.0;Taubaté;Taubaté;False;BRANCA
55841;3550308.0;São Paulo;Município de São Paulo;False;BRANCA
55842;3550308.0;São Paulo;Município de São Paulo;False;BRANCA
55843;3522505.0;Itapevi;Grande SP Oeste;False;PRETA
55844;3507605.0;Bragança Paulista;Campinas;False;BRANCA
55845;3549805.0;São José do Rio Preto;São José do Rio Preto;False;BRANCA
55846;3556206.0;Valinhos;Campinas;False;AMARELA
55847;3552205.0;Sorocaba;Sorocaba;False;BRANCA
55848;3529005.0;Marília;Marília;False;
55849;3550308.0;São Paulo;Município de São Paulo;False;BRANCA
55850;3556701.0;Vinhedo;Campinas;False;BRANCA
55851;3548906.0;São Carlos;Araraquara;False;BRANCA
55852;3549805.0;São José do Rio Preto;São José do Rio Preto;False;BRANCA
55853;3549805.0;São José do Rio Preto;São José do Rio Preto;False;IGNORADO
55854;3550308.0;São Paulo;Município de São Paulo;False;IGNORADO
55855;3507605.0;Bragança Paulista;Campinas;False;IGNORADO
55856;3550308.0;São Paulo;Município de São Paulo;False;IGNORADO
55857;3502705.0;Apiaí;Sorocaba;False;BRANCA
55858;3552809.0;Taboão da Serra;Grande SP Sudoeste;False;PARDA
55859;3550308.0;São Paulo;Município de São Paulo;False;IGNORADO
55860;3507605.0;Bragança Paulista;Campinas;False;AMARELA
55861;3547809.0;Santo André;Grande SP Sudeste;False;PARDA
55862;3550308.0;São Paulo;Município de São Paulo;False;IGNORADO
55863;3549805.0;São José do Rio Preto;São José do Rio Preto;False;BRANCA
55864;3534708.0;Ourinhos;Marília;False;BRANCA
55865;3554102.0;Taubaté;Taubaté;False;IGNORADO
55866;3546801.0;Santa Isabel;Grande SP Leste;False;BRANCA
55867;3526902.0;Limeira;Piracicaba;False;BRANCA
55868;3505203.0;Bariri;Bauru;False;BRANCA
55869;3550308.0;São Paulo;Município de São Paulo;False;BRANCA
55870;3525300.0;Jaú;Bauru;False;BRANCA
55871;3506003.0;Bauru;Bauru;False;
55872;3545308.0;Salto de Pirapora;Sorocaba;False;IGNORADO
55873;3550308.0;São Paulo;Município de São Paulo;False;BRANCA
55874;3552205.0;Sorocaba;Sorocaba;False;PARDA
55875;3524402.0;Jacareí;Taubaté;False;BRANCA
55876;3516200.0;Franca;Franca;False;PARDA
55877;3533502.0;Novo Horizonte;São José do Rio Preto;False;BRANCA
55878;3550308.0;São Paulo;Município de São Paulo;False;BRANCA
55879;3536505.0;Paulínia;Campinas;False;BRANCA
55880;3525003.0;Jandira;Grande SP Oeste;False;IGNORADO
55881;3550308.0;São Paulo;Município de São Paulo;False;PARDA
55882;3550308.0;São Paulo;Município de São Paulo;False;BRANCA
55883;3554904.0;Três Fronteiras;São José do Rio Preto;False;AMARELA
55884;3507605.0;Bragança Paulista;Campinas;False;BRANCA
55885;3550308.0;São Paulo;Município de São Paulo;True;BRANCA
55886;3542206.0;Rancharia;Presidente Prudente;False;BRANCA
55887;3547809.0;Santo André;Grande SP Sudeste;False;AMARELA
55888;3525904.0;Jundiaí;Campinas;False;IGNORADO
55889;3518800.0;Guarulhos;Grande SP Leste;False;PARDA
55890;3525904.0;Jundiaí;Campinas;False;BRANCA
55891;3501608.0;Americana;Campinas;False;BRANCA
55892;3527108.0;Lins;Bauru;False;BRANCA
55893;3534708.0;Ourinhos;Marília;False;BRANCA
55894;3548500.0;Santos;Baixada Santista;False;PRETA
55895;3550308.0;São Paulo;Município de São Paulo;False;IGNORADO
55896;3550308.0;São Paulo;Município de São Paulo;False;PARDA
55897;3503307.0;Araras;Piracicaba;False;PARDA
55898;3552403.0;Sumaré;Campinas;False;BRANCA
55899;3548708.0;São Bernardo do Campo;Grande SP Sudeste;False;IGNORADO
55900;3534708.0;Ourinhos;Marília;False;BRANCA
55901;3543402.0;Ribeirão Preto;Ribeirão Preto;False;PARDA
55902;3550308.0;São Paulo;Município de São Paulo;False;IGNORADO
55903;3550704.0;São Sebastião;Taubaté;False;BRANCA
55904;3550308.0;São Paulo;Município de São Paulo;False;BRANCA
55905;3549904.0;São José dos Campos;Taubaté;False;IGNORADO
55906;3547304.0;Santana de Parnaíba;Grande SP Oeste;False;AMARELA
55907;3550308.0;São Paulo;Município de São Paulo;False;IGNORADO
55908;3509502.0;Campinas;Campinas;False;BRANCA
55909;3548708.0;São Bernardo do Campo;Grande SP Sudeste;False;BRANCA
55910;3551009.0;São Vicente;Baixada Santista;False;PARDA
55911;3534401.0;Osasco;Grande SP Oeste;False;BRANCA
55912;3549805.0;São José do Rio Preto;São José do Rio Preto;False;BRANCA
55913;3550308.0;São Paulo;Município de São Paulo;False;IGNORADO
55914;3502804.0;Araçatuba;Araçatuba;False;BRANCA
