10769;3550308.0;São Paulo;Município de São Paulo;False;BRANCA
10770;3550308.0;São Paulo;Município de São Paulo;False;IGNORADO
10771;3555406.0;Ubatuba;Taubaté;False;IGNORADO
10772;3550308.0;São Paulo;Município de São Paulo;False;PARDA
10773;3550308.0;São Paulo;Município de São Paulo;False;PARDA
10774;3550308.0;São Paulo;Município de São Paulo;False;BRANCA
10775;3550308.0;São Paulo;Município de São Paulo;False;PRETA
10776;3557105.0;Votuporanga;São José do Rio Preto;False;BRANCA
10777;3519303.0;Ibaté;Araraquara;False;BRANCA
10778;3550704.0;São Sebastião;Taubaté;False;IGNORADO
10779;3518701.0;Guarujá;Baixada Santista;False;IGNORADO
10780;3513405.0;Cruzeiro;Taubaté;False;BRANCA
10781;3534302.0;Orlândia;Franca;False;BRANCA
10782;3550308.0;São Paulo;Município de São Paulo;False;BRANCA
10783;3513504.0;Cubatão;Baixada Santista;False;PARDA
10784;3522604.0;Itapira;São João da Boa Vista;False;BRANCA
10785;3530300.0;Mirassol;São José do Rio Preto;False;BRANCA
10786;3549250.0;São João de Iracema;São José do Rio Preto;False;BRANCA
10787;3551009.0;São Vicente;Baixada Santista;False;PARDA
10788;3550308.0;São Paulo;Município de São Paulo;False;PARDA
10789;3527256.0;Lourdes;Araçatuba;False;BRANCA
10790;3509502.0;Campinas;Campinas;False;PRETA
10791;3550308.0;São Paulo;Município de São Paulo;False;PARDA
10792;3527306.0;Louveira;Campinas;False;BRANCA
10793;3550308.0;São Paulo;Município de São Paulo;False;PARDA
10794;3550308.0;São Paulo;Município de São Paulo;True;BRANCA
10795;3548500.0;Santos;Baixada Santista;False;
10796;3550308.0;São Paulo;Município de São Paulo;False;PARDA
10797;3525904.0;Jundiaí;Campinas;False;BRANCA
10798;3510500.0;Caraguatatuba;Taubaté;False;BRANCA
10799;3550308.0;São Paulo;Município de São Paulo;False;AMARELA
10800;3515004.0;Embu das Artes;Grande SP Sudoeste;False;AMARELA
10801;3552809.0;Taboão da Serra;Grande SP Sudoeste;False;PARDA
10802;3550308.0;São Paulo;Município de São Paulo;False;BRANCA
10803;3548500.0;Santos;Baixada Santista;False;IGNORADO
10804;3513801.0;Diadema;Grande SP Sudeste;False;BRANCA
10805;3520509.0;Indaiatuba;Campinas;False;BRANCA
10806;3554102.0;Taubaté;Taubaté;False;IGNORADO
10807;3543402.0;Ribeirão Preto;Ribeirão Preto;False;BRANCA
10808;3509502.0;Campinas;Campinas;False;BRANCA
10809;3526902.0;Limeira;Piracicaba;False;IGNORADO
10810;3548500.0;Santos;Baixada Santista;False;BRANCA
10811;3524006.0;Itupeva;Campinas;False;BRANCA
10812;3550308.0;São Paulo;Município de São Paulo;False;BRANCA
10813;3550308.0;São Paulo;Município de São Paulo;False;PARDA
10814;3522703.0;Itápolis;Araraquara;False;BRANCA
10815;3538006.0;Pindamonhangaba;Taubaté;False;BRANCA
10816;3554003.0;Tatuí;Sorocaba;False;BRANCA
10817;3543303.0;Ribeirão Pires;Grande SP Sudeste;False;BRANCA
10818;3512803.0;Cosmópolis;Campinas;False;PARDA
10819;3550308.0;São Paulo;Município de São Paulo;False;
10820;3524808.0;Jales;São José do Rio Preto;False;BRANCA
10821;3505500.0;Barretos;Barretos;False;BRANCA
10822;3529005.0;Marília;Marília;False;BRANCA
10823;3549805.0;São José do Rio Preto;São José do Rio Preto;False;BRANCA
10824;3511102.0;Catanduva;São José do Rio Preto;False;BRANCA
10825;3549805.0;São José do Rio Preto;São José do Rio Preto;False;BRANCA
10826;3550308.0;São Paulo;Município de São Paulo;False;BRANCA
10827;3509502.0;Campinas;Campinas;False;PRETA
10828;3518503.0;Guareí;Sorocaba;False;
10829;3538709.0;Piracicaba;Piracicaba;False;PARDA
10830;3502804.0;Araçatuba;Araçatuba;False;PARDA
10831;3518800.0;Guarulhos;Grande SP Leste;False;PARDA
10832;3534401.0;Osasco;Grande SP Oeste;False;PRETA
10833;3549904.0;São José dos Campos;Taubaté;False;BRANCA
10834;3550308.0;São Paulo;Município de São Paulo;False;NONE
10835;3550704.0;São Sebastião;Taubaté;False;BRANCA
10836;3552809.0;Taboão da Serra;Grande SP Sudoeste;False;BRANCA
10837;3534401.0;Osasco;Grande SP Oeste;False;BRANCA
10838;3550308.0;São Paulo;Município de São Paulo;False;BRANCA
10839;3540606.0;Porto Feliz;Sorocaba;False;PARDA
10840;3549805.0;São José do Rio Preto;São José do Rio Preto;False;BRANCA
10841;3533403.0;Nova Odessa;Campinas;False;BRANCA
10842;3550308.0;São Paulo;Município de São Paulo;False;BRANCA
10843;3552809.0;Taboão da Serra;Grande SP Sudoeste;False;PRETA
10844;3547809.0;Santo André;Grande SP Sudeste;False;IGNORADO
10845;3530508.0;Mococa;São João da Boa Vista;False;BRANCA
10846;3550308.0;São Paulo;Município de São Paulo;False;IGNORADO
10847;3503109.0;Arandu;Bauru;False;BRANCA
10848;3550308.0;São Paulo;Município de São Paulo;False;BRANCA
10849;3502804.0;Araçatuba;Araçatuba;False;PRETA
10850;3522109.0;Itanhaém;Baixada Santista;False;BRANCA
10851;3541505.0;Presidente Venceslau;Presidente Prudente;False;BRANCA
10852;3538709.0;Piracicaba;Piracicaba;False;BRANCA
10853;3501608.0;Americana;Campinas;False;BRANCA
10854;3550308.0;São Paulo;Município de São Paulo;False;PARDA
10855;3550308.0;São Paulo;Município de São Paulo;False;BRANCA
10856;3552205.0;Sorocaba;Sorocaba;False;BRANCA
10857;3550308.0;São Paulo;Município de São Paulo;False;IGNORADO
10858;3548005.0;Santo Antônio de Posse;Campinas;False;BRANCA
10859;3550308.0;São Paulo;Município de São Paulo;False;PARDA
10860;3518800.0;Guarulhos;Grande SP Leste;False;IGNORADO
10861;3550308.0;São Paulo;Município de São Paulo;False;BRANCA
10862;3516200.0;Franca;Franca;False;IGNORADO
10863;3528007.0;Macatuba;Bauru;False;AMARELA
10864;3548500.0;Santos;Baixada Santista;False;IGNORADO
10865;3542909.0;Ribeirão Bonito;Araraquara;True;BRANCA
10866;3550308.0;São Paulo;Município de São Paulo;False;IGNORADO
10867;3550308.0;São Paulo;Município de São Paulo;False;PARDA
10868;3550308.0;São Paulo;Município de São Paulo;False;IGNORADO
10869;3522505.0;Itapevi;Grande SP Oeste;False;PRETA
10870;3550308.0;São Paulo;Município de São Paulo;False;IGNORADO
10871;3509502.0;Campinas;Campinas;False;BRANCA
10872;3518800.0;Guarulhos;Grande SP Leste;False;PARDA
10873;3518800.0;Guarulhos;Grande SP Leste;False;NONE
10874;3550308.0;São Paulo;Município de São Paulo;False;IGNORADO
10875;3534708.0;Ourinhos;Marília;False;BRANCA
10876;3548500.0;Santos;Baixada Santista;False;BRANCA
10877;3550308.0;São Paulo;Município de São Paulo;False;IGNORADO
10878;3515004.0;Embu das Artes;Grande SP Sudoeste;False;PARDA
10879;3550308.0;São Paulo;Município de São Paulo;True;BRANCA
10880;3550308.0;São Paulo;Município de São Paulo;False;BRANCA
10881;3503307.0;Araras;Piracicaba;False;IGNORADO
10882;3552809.0;Taboão da Serra;Grande SP Sudoeste;False;BRANCA
10883;3509502.0;Campinas;Campinas;False;BRANCA
10884;3530102.0;Mirandópolis;Araçatuba;False;BRANCA
10885;3550308.0;São Paulo;Município de São Paulo;False;BRANCA
10886;3549904.0;São José dos Campos;Taubaté;False;AMARELA
10887;3550308.0;São Paulo;Município de São Paulo;False;PARDA
10888;3550308.0;São Paulo;Município de São Paulo;False;PARDA
10889;3529401.0;Mauá;Grande SP Sudeste;False;PARDA
10890;3547809.0;Santo André;Grande SP Sudeste;False;BRANCA
10891;3547304.0;Santana de Parnaíba;Grande SP Oeste;False;PARDA
10892;3523107.0;Itaquaquecetuba;Grande SP Leste;False;BRANCA
10893;3552205.0;Sorocaba;Sorocaba;False;AMARELA
10894;3550308.0;São Paulo;Município de São Paulo;False;BRANCA
10895;3526902.0;Limeira;Piracicaba;False;IGNORADO
10896;3550308.0;São Paulo;Município de São Paulo;False;
10897;3550308.0;São Paulo;Município de São Paulo;True;PARDA
10898;3550308.0;São Paulo;Município de São Paulo;False;PARDA
10899;3550308.0;São Paulo;Município de São Paulo;False;PARDA
10900;3509601.0;Campo Limpo Paulista;Campinas;False;BRANCA
10901;3501608.0;Americana;Campinas;False;BRANCA
10902;3550308.0;São Paulo;Município de São Paulo;False;PARDA
10903;3550308.0;São Paulo;Município de São Paulo;False;BRANCA
10904;3548500.0;Santos;Baixada Santista;False;BRANCA
10905;3511102.0;Catanduva;São José do Rio Preto;False;BRANCA
10906;3530607.0;Mogi das Cruzes;Grande SP Leste;False;BRANCA
10907;3515707.0;Ferraz de Vasconcelos;Grande SP Leste;False;BRANCA
10908;3525904.0;Jundiaí;Campinas;False;AMARELA
10909;3543303.0;Ribeirão Pires;Grande SP Sudeste;False;BRANCA
10910;3551702.0;Sertãozinho;Ribeirão Preto;True;PARDA
