62410;3522604.0;Itapira;São João da Boa Vista;False;BRANCA
62411;3523909.0;Itu;Sorocaba;False;BRANCA
62412;3549805.0;São José do Rio Preto;São José do Rio Preto;False;BRANCA
62413;3547809.0;Santo André;Grande SP Sudeste;False;IGNORADO
62414;3507506.0;Botucatu;Bauru;False;NONE
62415;3549805.0;São José do Rio Preto;São José do Rio Preto;False;BRANCA
62416;3548708.0;São Bernardo do Campo;Grande SP Sudeste;False;
62417;3550308.0;São Paulo;Município de São Paulo;True;BRANCA
62418;3535804.0;Paranapanema;Bauru;False;BRANCA
62419;3534401.0;Osasco;Grande SP Oeste;False;BRANCA
62420;3501301.0;Álvares Machado;Presidente Prudente;False;BRANCA
62421;3549102.0;São João da Boa Vista;São João da Boa Vista;False;BRANCA
62422;3550308.0;São Paulo;Município de São Paulo;True;NONE
62423;3550308.0;São Paulo;Município de São Paulo;False;BRANCA
62424;3552809.0;Taboão da Serra;Grande SP Sudoeste;False;AMARELA
62425;3505609.0;Barrinha;Ribeirão Preto;False;BRANCA
62426;3551009.0;São Vicente;Baixada Santista;False;PARDA
62427;3551009.0;São Vicente;Baixada Santista;False;PARDA
62428;3550308.0;São Paulo;Município de São Paulo;True;IGNORADO
62429;3550308.0;São Paulo;Município de São Paulo;False;BRANCA
62430;3501608.0;Americana;Campinas;False;BRANCA
62431;3522406.0;Itapeva;Sorocaba;False;BRANCA
62432;3541000.0;Praia Grande;Baixada Santista;False;PARDA
62433;3502804.0;Araçatuba;Araçatuba;False;BRANCA
62434;3550308.0;São Paulo;Município de São Paulo;False;AMARELA
62435;3550308.0;São Paulo;Município de São Paulo;False;PRETA
62436;3550308.0;São Paulo;Município de São Paulo;False;BRANCA
62437;3502804.0;Araçatuba;Araçatuba;False;AMARELA
62438;3539301.0;Pirassununga;Piracicaba;False;BRANCA
62439;3549904.0;São José dos Campos;Taubaté;False;BRANCA
62440;3554102.0;Taubaté;Taubaté;False;IGNORADO
62441;3505401.0;Barra do Turvo;Registro;False;PARDA
62442;3550308.0;São Paulo;Município de São Paulo;False;PARDA
62443;3538709.0;Piracicaba;Piracicaba;False;BRANCA
62444;3548500.0;Santos;Baixada Santista;False;AMARELA
62445;3522604.0;Itapira;São João da Boa Vista;False;BRANCA
62446;3550308.0;São Paulo;Município de São Paulo;False;PARDA
62447;3550308.0;São Paulo;Município de São Paulo;False;NONE
62448;3549904.0;São José dos Campos;Taubaté;False;BRANCA
62449;3505609.0;Barrinha;Ribeirão Preto;False;IGNORADO
62450;3550308.0;São Paulo;Município de São Paulo;True;BRANCA
62451;3513801.0;Diadema;Grande SP Sudeste;False;BRANCA
62452;3506003.0;Bauru;Bauru;False;BRANCA
62453;3550308.0;São Paulo;Município de São Paulo;False;PARDA
62454;3550308.0;São Paulo;Município de São Paulo;False;BRANCA
62455;3550308.0;São Paulo;Município de São Paulo;True;BRANCA
62456;3529005.0;Marília;Marília;False;BRANCA
62457;3524709.0;Jaguariúna;Campinas;False;BRANCA
62458;3545803.0;Santa Bárbara d'Oeste;Campinas;False;PARDA
62459;3505708.0;Barueri;Grande SP Oeste;False;BRANCA
62460;3534401.0;Osasco;Grande SP Oeste;False;PARDA
62461;3529005.0;Marília;Marília;True;PARDA
62462;3509700.0;Campos do Jordão;Taubaté;False;BRANCA
62463;3502101.0;Andradina;Araçatuba;False;IGNORADO
62464;3548708.0;São Bernardo do Campo;Grande SP Sudeste;False;PARDA
62465;3550308.0;São Paulo;Município de São Paulo;False;PARDA
62466;3550308.0;São Paulo;Município de São Paulo;True;BRANCA
62467;3523800.0;Itobi;São João da Boa Vista;True;BRANCA
62468;3518800.0;Guarulhos;Grande SP Leste;False;BRANCA
62469;3550308.0;São Paulo;Município de São Paulo;False;BRANCA
62470;3505500.0;Barretos;Barretos;False;PARDA
62471;3501004.0;Altinópolis;Ribeirão Preto;False;BRANCA
62472;3538709.0;Piracicaba;Piracicaba;False;PARDA
62473;3505708.0;Barueri;Grande SP Oeste;False;BRANCA
62474;3506003.0;Bauru;Bauru;False;PARDA
62475;3544004.0;Rio das Pedras;Piracicaba;False;PARDA
62476;3518404.0;Guaratinguetá;Taubaté;True;BRANCA
62477;3550308.0;São Paulo;Município de São Paulo;False;PARDA
62478;3550308.0;São Paulo;Município de São Paulo;False;BRANCA
62479;3550308.0;São Paulo;Município de São Paulo;False;BRANCA
62480;3531605.0;Monte Castelo;Presidente Prudente;False;BRANCA
62481;3543402.0;Ribeirão Preto;Ribeirão Preto;False;BRANCA
62482;3550308.0;São Paulo;Município de São Paulo;False;NONE
62483;3530508.0;Mococa;São João da Boa Vista;False;BRANCA
62484;3548708.0;São Bernardo do Campo;Grande SP Sudeste;False;
62485;3555802.0;Urânia;São José do Rio Preto;False;BRANCA
62486;3522307.0;Itapetininga;Sorocaba;False;BRANCA
62487;3548708.0;São Bernardo do Campo;Grande SP Sudeste;False;IGNORADO
62488;3549904.0;São José dos Campos;Taubaté;False;BRANCA
62489;3550308.0;São Paulo;Município de São Paulo;False;BRANCA
62490;3513504.0;Cubatão;Baixada Santista;False;INDIGENA
62491;3550308.0;São Paulo;Município de São Paulo;False;NONE
62492;3518701.0;Guarujá;Baixada Santista;False;PARDA
62493;3553302.0;Tambaú;São João da Boa Vista;False;BRANCA
62494;3511003.0;Castilho;Araçatuba;False;BRANCA
62495;3550308.0;São Paulo;Município de São Paulo;False;IGNORADO
62496;3532108.0;Murutinga do Sul;Araçatuba;False;PRETA
62497;3552809.0;Taboão da Serra;Grande SP Sudoeste;False;PARDA
62498;3510500.0;Caraguatatuba;Taubaté;False;IGNORADO
62499;3518404.0;Guaratinguetá;Taubaté;False;BRANCA
62500;3518701.0;Guarujá;Baixada Santista;False;BRANCA
62501;3550308.0;São Paulo;Município de São Paulo;True;PRETA
62502;3508504.0;Caçapava;Taubaté;False;IGNORADO
62503;3550308.0;São Paulo;Município de São Paulo;False;PARDA
62504;3505708.0;Barueri;Grande SP Oeste;False;BRANCA
62505;3550308.0;São Paulo;Município de São Paulo;False;PARDA
62506;3550308.0;São Paulo;Município de São Paulo;False;PARDA
62507;3550308.0;São Paulo;Município de São Paulo;False;INDIGENA
62508;3550308.0;São Paulo;Município de São Paulo;False;BRANCA
62509;3550308.0;São Paulo;Município de São Paulo;False;INDIGENA
62510;3550308.0;São Paulo;Município de São Paulo;False;
62511;3550308.0;São Paulo;Município de São Paulo;False;PARDA
62512;3550308.0;São Paulo;Município de São Paulo;False;PARDA
62513;3550308.0;São Paulo;Município de São Paulo;False;INDIGENA
62514;3550308.0;São Paulo;Município de São Paulo;False;INDIGENA
62515;3550308.0;São Paulo;Município de São Paulo;False;INDIGENA
62516;3550308.0;São Paulo;Município de São Paulo;False;INDIGENA
62517;3550308.0;São Paulo;Município de São Paulo;False;BRANCA
62518;3550308.0;São Paulo;Município de São Paulo;False;PARDA
62519;3550308.0;São Paulo;Município de São Paulo;False;PARDA
62520;3550308.0;São Paulo;Município de São Paulo;False;INDIGENA
62521;3550308.0;São Paulo;Município de São Paulo;False;PRETA
62522;3550308.0;São Paulo;Município de São Paulo;False;INDIGENA
62523;3550308.0;São Paulo;Município de São Paulo;False;PARDA
62524;3550308.0;São Paulo;Município de São Paulo;False;BRANCA
62525;3550308.0;São Paulo;Município de São Paulo;False;INDIGENA
62526;3550308.0;São Paulo;Município de São Paulo;False;PARDA
62527;3550308.0;São Paulo;Município de São Paulo;False;INDIGENA
62528;3550308.0;São Paulo;Município de São Paulo;False;BRANCA
62529;3550308.0;São Paulo;Município de São Paulo;False;INDIGENA
62530;3550308.0;São Paulo;Município de São Paulo;False;INDIGENA
62531;3550308.0;São Paulo;Município de São Paulo;False;BRANCA
62532;3550308.0;São Paulo;Município de São Paulo;False;INDIGENA
62533;3550308.0;São Paulo;Município de São Paulo;False;PARDA
62534;3550308.0;São Paulo;Município de São Paulo;False;BRANCA
62535;3550308.0;São Paulo;Município de São Paulo;False;PARDA
62536;3550308.0;São Paulo;Município de São Paulo;False;PARDA
62537;3550308.0;São Paulo;Município de São Paulo;False;INDIGENA
62538;3550308.0;São Paulo;Município de São Paulo;False;PARDA
62539;3550308.0;São Paulo;Município de São Paulo;False;BRANCA
62540;3550308.0;São Paulo;Município de São Paulo;False;INDIGENA
62541;3550308.0;São Paulo;Município de São Paulo;False;INDIGENA
62542;3550308.0;São Paulo;Município de São Paulo;False;BRANCA
62543;3550308.0;São Paulo;Município de São Paulo;False;INDIGENA
62544;3550308.0;São Paulo;Município de São Paulo;False;PARDA
62545;3550308.0;São Paulo;Município de São Paulo;False;PARDA
