43974;3525904.0;Jundiaí;Campinas;False;BRANCA
43975;3513504.0;Cubatão;Baixada Santista;False;PARDA
43976;3550308.0;São Paulo;Município de São Paulo;False;PARDA
43977;3543907.0;Rio Claro;Piracicaba;False;BRANCA
43978;3550308.0;São Paulo;Município de São Paulo;False;BRANCA
43979;3509502.0;Campinas;Campinas;False;IGNORADO
43980;3548708.0;São Bernardo do Campo;Grande SP Sudeste;False;BRANCA
43981;3543402.0;Ribeirão Preto;Ribeirão Preto;False;BRANCA
43982;3550308.0;São Paulo;Município de São Paulo;False;PARDA
43983;3503901.0;Arujá;Grande SP Leste;False;PARDA
43984;3506003.0;Bauru;Bauru;False;BRANCA
43985;3549904.0;São José dos Campos;Taubaté;False;BRANCA
43986;3552403.0;Sumaré;Campinas;False;BRANCA
43987;3540606.0;Porto Feliz;Sorocaba;False;IGNORADO
43988;3504602.0;Bady Bassitt;São José do Rio Preto;False;BRANCA
43989;3515004.0;Embu das Artes;Grande SP Sudoeste;False;NONE
43990;3534906.0;Pacaembu;Marília;False;BRANCA
43991;3550308.0;São Paulo;Município de São Paulo;False;BRANCA
43992;3550308.0;São Paulo;Município de São Paulo;False;BRANCA
43993;3516200.0;Franca;Franca;False;IGNORADO
43994;3555802.0;Urânia;São José do Rio Preto;False;BRANCA
43995;3543402.0;Ribeirão Preto;Ribeirão Preto;False;BRANCA
43996;3550308.0;São Paulo;Município de São Paulo;False;BRANCA
43997;3502804.0;Araçatuba;Araçatuba;False;IGNORADO
43998;3525706.0;José Bonifácio;São José do Rio Preto;False;BRANCA
43999;3515707.0;Ferraz de Vasconcelos;Grande SP Leste;False;BRANCA
44000;3512209.0;Conchal;Piracicaba;False;IGNORADO
44001;3549904.0;São José dos Campos;Taubaté;False;IGNORADO
44002;3557105.0;Votuporanga;São José do Rio Preto;False;BRANCA
44003;3552403.0;Sumaré;Campinas;False;BRANCA
44004;3547809.0;Santo André;Grande SP Sudeste;False;IGNORADO
44005;3538709.0;Piracicaba;Piracicaba;False;BRANCA
44006;3510609.0;Carapicuíba;Grande SP Oeste;False;IGNORADO
44007;3515186.0;Espírito Santo do Pinhal;São João da Boa Vista;False;PARDA
44008;3550308.0;São Paulo;Município de São Paulo;False;IGNORADO
44009;3553955.0;Tarumã;Marília;False;BRANCA
44010;3549805.0;São José do Rio Preto;São José do Rio Preto;False;BRANCA
44011;3534401.0;Osasco;Grande SP Oeste;False;BRANCA
44012;3534708.0;Ourinhos;Marília;False;BRANCA
44013;3552205.0;Sorocaba;Sorocaba;False;BRANCA
44014;3552205.0;Sorocaba;Sorocaba;False;PARDA
44015;3526704.0;Leme;Piracicaba;False;BRANCA
44016;3541406.0;Presidente Prudente;Presidente Prudente;False;AMARELA
44017;3552403.0;Sumaré;Campinas;False;PARDA
44018;3548906.0;São Carlos;Araraquara;False;AMARELA
44019;3531803.0;Monte Mor;Campinas;False;BRANCA
44020;3550308.0;São Paulo;Município de São Paulo;False;BRANCA
44021;3550308.0;São Paulo;Município de São Paulo;False;BRANCA
44022;3550308.0;São Paulo;Município de São Paulo;False;PARDA
44023;3506003.0;Bauru;Bauru;False;BRANCA
44024;3550308.0;São Paulo;Município de São Paulo;False;PRETA
44025;3550308.0;São Paulo;Município de São Paulo;False;PARDA
44026;3551009.0;São Vicente;Baixada Santista;False;IGNORADO
44027;3534401.0;Osasco;Grande SP Oeste;False;IGNORADO
44028;3550308.0;São Paulo;Município de São Paulo;False;PARDA
44029;3534401.0;Osasco;Grande SP Oeste;False;BRANCA
44030;3543303.0;Ribeirão Pires;Grande SP Sudeste;False;IGNORADO
44031;3514601.0;Dumont;Ribeirão Preto;False;BRANCA
44032;3543907.0;Rio Claro;Piracicaba;False;BRANCA
44033;3504909.0;Bananal;Taubaté;False;PARDA
44034;3509502.0;Campinas;Campinas;False;PARDA
44035;3536505.0;Paulínia;Campinas;False;BRANCA
44036;3552403.0;Sumaré;Campinas;False;PARDA
44037;3523404.0;Itatiba;Campinas;False;BRANCA
44038;3526902.0;Limeira;Piracicaba;False;PRETA
44039;3530300.0;Mirassol;São José do Rio Preto;False;BRANCA
44040;3550308.0;São Paulo;Município de São Paulo;True;PARDA
44041;3550308.0;São Paulo;Município de São Paulo;False;IGNORADO
44042;3546702.0;Santa Gertrudes;Piracicaba;False;BRANCA
44043;3550308.0;São Paulo;Município de São Paulo;True;BRANCA
44044;3523404.0;Itatiba;Campinas;False;BRANCA
44045;3548500.0;Santos;Baixada Santista;False;BRANCA
44046;3551603.0;Serra Negra;Campinas;False;AMARELA
44047;3550308.0;São Paulo;Município de São Paulo;False;NONE
44048;3548708.0;São Bernardo do Campo;Grande SP Sudeste;False;
44049;3510609.0;Carapicuíba;Grande SP Oeste;False;AMARELA
44050;3541000.0;Praia Grande;Baixada Santista;False;PARDA
44051;3547700.0;Santo Anastácio;Presidente Prudente;False;BRANCA
44052;3509502.0;Campinas;Campinas;False;BRANCA
44053;3554102.0;Taubaté;Taubaté;False;IGNORADO
44054;3509502.0;Campinas;Campinas;False;BRANCA
44055;3550308.0;São Paulo;Município de São Paulo;False;BRANCA
44056;3548807.0;São Caetano do Sul;Grande SP Sudeste;False;IGNORADO
44057;3550308.0;São Paulo;Município de São Paulo;False;PARDA
44058;3550308.0;São Paulo;Município de São Paulo;False;
44059;3533908.0;Olímpia;Barretos;False;BRANCA
44060;3551009.0;São Vicente;Baixada Santista;True;BRANCA
44061;3513801.0;Diadema;Grande SP Sudeste;False;BRANCA
44062;3539103.0;Pirapora do Bom Jesus;Grande SP Oeste;False;BRANCA
44063;3518800.0;Guarulhos;Grande SP Leste;False;BRANCA
44064;3550308.0;São Paulo;Município de São Paulo;False;BRANCA
44065;3526803.0;Lençóis Paulista;Bauru;False;IGNORADO
44066;3549805.0;São José do Rio Preto;São José do Rio Preto;False;BRANCA
44067;3505708.0;Barueri;Grande SP Oeste;False;PARDA
44068;3540259.0;Pontalinda;São José do Rio Preto;True;IGNORADO
44069;3513009.0;Cotia;Grande SP Sudoeste;False;PARDA
44070;3513009.0;Cotia;Grande SP Sudoeste;False;
44071;3550308.0;São Paulo;Município de São Paulo;True;PARDA
44072;3550308.0;São Paulo;Município de São Paulo;False;BRANCA
44073;3505708.0;Barueri;Grande SP Oeste;False;PARDA
44074;3541406.0;Presidente Prudente;Presidente Prudente;False;PRETA
44075;3550308.0;São Paulo;Município de São Paulo;False;BRANCA
44076;3531407.0;Monte Aprazível;São José do Rio Preto;False;BRANCA
44077;3550308.0;São Paulo;Município de São Paulo;True;BRANCA
44078;3515509.0;Fernandópolis;São José do Rio Preto;False;BRANCA
44079;3513801.0;Diadema;Grande SP Sudeste;True;IGNORADO
44080;3526902.0;Limeira;Piracicaba;True;BRANCA
44081;3549904.0;São José dos Campos;Taubaté;False;BRANCA
44082;3503901.0;Arujá;Grande SP Leste;False;PARDA
44083;3550308.0;São Paulo;Município de São Paulo;False;PARDA
44084;3505708.0;Barueri;Grande SP Oeste;False;BRANCA
44085;3554102.0;Taubaté;Taubaté;False;BRANCA
44086;3550308.0;São Paulo;Município de São Paulo;False;NONE
44087;3518800.0;Guarulhos;Grande SP Leste;False;
44088;3505203.0;Bariri;Bauru;False;PARDA
44089;3507407.0;Borborema;Araraquara;False;BRANCA
44090;3518800.0;Guarulhos;Grande SP Leste;False;IGNORADO
44091;3550308.0;São Paulo;Município de São Paulo;False;BRANCA
44092;3534401.0;Osasco;Grande SP Oeste;False;BRANCA
44093;3530607.0;Mogi das Cruzes;Grande SP Leste;True;BRANCA
44094;3538709.0;Piracicaba;Piracicaba;False;BRANCA
44095;3552205.0;Sorocaba;Sorocaba;False;BRANCA
44096;3550308.0;São Paulo;Município de São Paulo;False;BRANCA
44097;3529203.0;Martinópolis;Presidente Prudente;True;PARDA
44098;3538709.0;Piracicaba;Piracicaba;False;BRANCA
44099;3535507.0;Paraguaçu Paulista;Marília;False;PARDA
44100;3537602.0;Peruíbe;Baixada Santista;False;PARDA
44101;3550308.0;São Paulo;Município de São Paulo;False;PRETA
44102;3518701.0;Guarujá;Baixada Santista;False;BRANCA
44103;3534401.0;Osasco;Grande SP Oeste;False;PRETA
44104;3540705.0;Porto Ferreira;Araraquara;False;BRANCA
44105;3550308.0;São Paulo;Município de São Paulo;False;BRANCA
44106;3533908.0;Olímpia;Barretos;False;BRANCA
44107;3509502.0;Campinas;Campinas;False;BRANCA
44108;3550308.0;São Paulo;Município de São Paulo;False;NONE
44109;3508504.0;Caçapava;Taubaté;False;BRANCA
44110;3529302.0;Matão;Araraquara;False;BRANCA
44111;3525904.0;Jundiaí;Campinas;False;BRANCA
44112;3552205.0;Sorocaba;Sorocaba;False;BRANCA
44113;3552205.0;Sorocaba;Sorocaba;False;BRANCA
44114;3548500.0;Santos;Baixada Santista;False;BRANCA
44115;3557105.0;Votuporanga;São José do Rio Preto;False;BRANCA
44116;3550308.0;São Paulo;Município de São Paulo;False;PARDA
44117;3543402.0;Ribeirão Preto;Ribeirão Preto;False;BRANCA
44118;3548500.0;Santos;Baixada Santista;False;BRANCA
