43787;3534401.0;Osasco;Grande SP Oeste;False;
43788;3504206.0;Auriflama;Araçatuba;False;BRANCA
43789;3538808.0;Piraju;Bauru;False;BRANCA
43790;3537800.0;Piedade;Sorocaba;False;BRANCA
43791;3517604.0;Guapiara;Sorocaba;True;PARDA
43792;3550308.0;São Paulo;Município de São Paulo;False;BRANCA
43793;3541307.0;Presidente Epitácio;Presidente Prudente;False;BRANCA
43794;3526902.0;Limeira;Piracicaba;True;BRANCA
43795;3547809.0;Santo André;Grande SP Sudeste;False;PARDA
43796;3507803.0;Brodowski;Ribeirão Preto;False;BRANCA
43797;3555000.0;Tupã;Marília;False;BRANCA
43798;3557006.0;Votorantim;Sorocaba;False;BRANCA
43799;3522307.0;Itapetininga;Sorocaba;False;BRANCA
43800;3538709.0;Piracicaba;Piracicaba;False;PRETA
43801;3506607.0;Biritiba Mirim;Grande SP Leste;False;BRANCA
43802;3548708.0;São Bernardo do Campo;Grande SP Sudeste;False;
43803;3525300.0;Jaú;Bauru;False;BRANCA
43804;3509502.0;Campinas;Campinas;False;BRANCA
43805;3549904.0;São José dos Campos;Taubaté;False;BRANCA
43806;3545209.0;Salto;Sorocaba;False;AMARELA
43807;3516200.0;Franca;Franca;False;PARDA
43808;3509502.0;Campinas;Campinas;False;BRANCA
43809;3523909.0;Itu;Sorocaba;True;BRANCA
43810;3548906.0;São Carlos;Araraquara;False;PARDA
43811;3550308.0;São Paulo;Município de São Paulo;True;PRETA
43812;3509502.0;Campinas;Campinas;False;BRANCA
43813;3525300.0;Jaú;Bauru;False;BRANCA
43814;3509502.0;Campinas;Campinas;False;BRANCA
43815;3550308.0;São Paulo;Município de São Paulo;False;BRANCA
43816;3553005.0;Taguaí;Bauru;False;BRANCA
43817;3541059.0;Pratânia;Bauru;False;BRANCA
43818;3550308.0;São Paulo;Município de São Paulo;True;PRETA
43819;3550308.0;São Paulo;Município de São Paulo;False;NONE
43820;3516705.0;Garça;Marília;True;BRANCA
43821;3548005.0;Santo Antônio de Posse;Campinas;False;PARDA
43822;3510203.0;Capão Bonito;Sorocaba;True;PRETA
43823;3504008.0;Assis;Marília;True;BRANCA
43824;3550308.0;São Paulo;Município de São Paulo;False;PARDA
43825;3557105.0;Votuporanga;São José do Rio Preto;False;BRANCA
43826;3550308.0;São Paulo;Município de São Paulo;False;BRANCA
43827;3550308.0;São Paulo;Município de São Paulo;False;PARDA
43828;3519600.0;Ibitinga;Araraquara;False;BRANCA
43829;3500402.0;Águas da Prata;São João da Boa Vista;False;PRETA
43830;3531803.0;Monte Mor;Campinas;False;BRANCA
43831;3552205.0;Sorocaba;Sorocaba;True;BRANCA
43832;3552205.0;Sorocaba;Sorocaba;False;BRANCA
43833;3502101.0;Andradina;Araçatuba;False;BRANCA
43834;3541406.0;Presidente Prudente;Presidente Prudente;False;BRANCA
43835;3552205.0;Sorocaba;Sorocaba;False;
43836;3533502.0;Novo Horizonte;São José do Rio Preto;False;BRANCA
43837;3510906.0;Cássia dos Coqueiros;Ribeirão Preto;False;AMARELA
43838;3536505.0;Paulínia;Campinas;False;BRANCA
43839;3540705.0;Porto Ferreira;Araraquara;False;BRANCA
43840;3549904.0;São José dos Campos;Taubaté;False;BRANCA
43841;3526704.0;Leme;Piracicaba;False;BRANCA
43842;3538709.0;Piracicaba;Piracicaba;False;BRANCA
43843;3557006.0;Votorantim;Sorocaba;False;IGNORADO
43844;3517208.0;Guaiçara;Bauru;False;PARDA
43845;3506003.0;Bauru;Bauru;False;PRETA
43846;3552205.0;Sorocaba;Sorocaba;False;AMARELA
43847;3513702.0;Descalvado;Araraquara;False;BRANCA
43848;3538709.0;Piracicaba;Piracicaba;True;BRANCA
43849;3550308.0;São Paulo;Município de São Paulo;False;IGNORADO
43850;3543402.0;Ribeirão Preto;Ribeirão Preto;False;BRANCA
43851;3550308.0;São Paulo;Município de São Paulo;False;PARDA
43852;3503307.0;Araras;Piracicaba;False;IGNORADO
43853;3549904.0;São José dos Campos;Taubaté;False;PARDA
43854;3550308.0;São Paulo;Município de São Paulo;False;BRANCA
43855;3518701.0;Guarujá;Baixada Santista;False;PARDA
43856;3543402.0;Ribeirão Preto;Ribeirão Preto;False;IGNORADO
43857;3523909.0;Itu;Sorocaba;False;BRANCA
43858;3518800.0;Guarulhos;Grande SP Leste;False;AMARELA
43859;3523008.0;Itapura;Araçatuba;False;PARDA
43860;3550308.0;São Paulo;Município de São Paulo;False;PARDA
43861;3504107.0;Atibaia;Campinas;False;BRANCA
43862;3531308.0;Monte Alto;Ribeirão Preto;False;BRANCA
43863;3505708.0;Barueri;Grande SP Oeste;False;IGNORADO
43864;3509502.0;Campinas;Campinas;False;BRANCA
43865;3543907.0;Rio Claro;Piracicaba;True;NONE
43866;3530508.0;Mococa;São João da Boa Vista;False;BRANCA
43867;3526209.0;Juquitiba;Grande SP Sudoeste;False;IGNORADO
43868;3531100.0;Mongaguá;Baixada Santista;False;BRANCA
43869;3549805.0;São José do Rio Preto;São José do Rio Preto;True;BRANCA
43870;3506003.0;Bauru;Bauru;False;BRANCA
43871;3518800.0;Guarulhos;Grande SP Leste;True;BRANCA
43872;3547809.0;Santo André;Grande SP Sudeste;False;PARDA
43873;3522307.0;Itapetininga;Sorocaba;False;BRANCA
43874;3541505.0;Presidente Venceslau;Presidente Prudente;True;PRETA
43875;3536505.0;Paulínia;Campinas;False;AMARELA
43876;3524006.0;Itupeva;Campinas;False;BRANCA
43877;3506003.0;Bauru;Bauru;False;BRANCA
43878;3550308.0;São Paulo;Município de São Paulo;False;BRANCA
43879;3552502.0;Suzano;Grande SP Leste;False;PARDA
43880;3549805.0;São José do Rio Preto;São José do Rio Preto;False;BRANCA
43881;3538709.0;Piracicaba;Piracicaba;False;IGNORADO
43882;3542602.0;Registro;Registro;False;PRETA
43883;3550308.0;São Paulo;Município de São Paulo;False;PARDA
43884;3549805.0;São José do Rio Preto;São José do Rio Preto;False;PARDA
43885;3550308.0;São Paulo;Município de São Paulo;False;PARDA
43886;3554102.0;Taubaté;Taubaté;False;BRANCA
43887;3531803.0;Monte Mor;Campinas;False;AMARELA
43888;3550308.0;São Paulo;Município de São Paulo;False;PRETA
43889;3516309.0;Francisco Morato;Grande SP Norte;False;PARDA
43890;3550308.0;São Paulo;Município de São Paulo;False;BRANCA
43891;3550308.0;São Paulo;Município de São Paulo;False;BRANCA
43892;3542602.0;Registro;Registro;False;BRANCA
43893;3550308.0;São Paulo;Município de São Paulo;False;IGNORADO
43894;3516408.0;Franco da Rocha;Grande SP Norte;False;PARDA
43895;3545803.0;Santa Bárbara d'Oeste;Campinas;False;IGNORADO
43896;3525300.0;Jaú;Bauru;False;AMARELA
43897;3512803.0;Cosmópolis;Campinas;False;AMARELA
43898;3535903.0;Paranapuã;São José do Rio Preto;False;BRANCA
43899;3548500.0;Santos;Baixada Santista;False;BRANCA
43900;3534708.0;Ourinhos;Marília;False;PARDA
43901;3550308.0;São Paulo;Município de São Paulo;False;PARDA
43902;3550308.0;São Paulo;Município de São Paulo;False;PARDA
43903;3550308.0;São Paulo;Município de São Paulo;True;BRANCA
43904;3550308.0;São Paulo;Município de São Paulo;False;NONE
43905;3513009.0;Cotia;Grande SP Sudoeste;False;BRANCA
43906;3515004.0;Embu das Artes;Grande SP Sudoeste;False;PARDA
43907;3548500.0;Santos;Baixada Santista;True;BRANCA
43908;3550308.0;São Paulo;Município de São Paulo;True;IGNORADO
43909;3541406.0;Presidente Prudente;Presidente Prudente;False;AMARELA
43910;3509502.0;Campinas;Campinas;False;BRANCA
43911;3547809.0;Santo André;Grande SP Sudeste;False;BRANCA
43912;3556206.0;Valinhos;Campinas;False;BRANCA
43913;3552809.0;Taboão da Serra;Grande SP Sudoeste;False;PARDA
43914;3550308.0;São Paulo;Município de São Paulo;False;BRANCA
43915;3516606.0;Gália;Marília;False;BRANCA
43916;3543402.0;Ribeirão Preto;Ribeirão Preto;False;PARDA
43917;3538709.0;Piracicaba;Piracicaba;False;BRANCA
43918;3547809.0;Santo André;Grande SP Sudeste;False;PARDA
43919;3538709.0;Piracicaba;Piracicaba;False;BRANCA
43920;3550308.0;São Paulo;Município de São Paulo;False;BRANCA
43921;3547502.0;Santa Rita do Passa Quatro;Ribeirão Preto;False;PRETA
43922;3539004.0;Pirangi;São José do Rio Preto;False;BRANCA
43923;3543402.0;Ribeirão Preto;Ribeirão Preto;False;BRANCA
43924;3526902.0;Limeira;Piracicaba;False;IGNORADO
43925;3550308.0;São Paulo;Município de São Paulo;False;
43926;3523404.0;Itatiba;Campinas;False;BRANCA
43927;3527108.0;Lins;Bauru;False;BRANCA
43928;3523404.0;Itatiba;Campinas;False;IGNORADO
43929;3548906.0;São Carlos;Araraquara;False;IGNORADO
43930;3506003.0;Bauru;Bauru;False;
43931;3516200.0;Franca;Franca;False;PARDA
43932;3509502.0;Campinas;Campinas;False;IGNORADO
43933;3503208.0;Araraquara;Araraquara;False;BRANCA
43934;3550308.0;São Paulo;Município de São Paulo;False;BRANCA
43935;3550308.0;São Paulo;Município de São Paulo;True;BRANCA
43936;3526902.0;Limeira;Piracicaba;False;BRANCA
