36041;3549904.0;São José dos Campos;Taubaté;False;IGNORADO
36042;3550308.0;São Paulo;Município de São Paulo;False;BRANCA
36043;3501608.0;Americana;Campinas;False;BRANCA
36044;3526704.0;Leme;Piracicaba;False;BRANCA
36045;3509502.0;Campinas;Campinas;False;BRANCA
36046;3552205.0;Sorocaba;Sorocaba;False;BRANCA
36047;3510609.0;Carapicuíba;Grande SP Oeste;False;IGNORADO
36048;3509502.0;Campinas;Campinas;False;BRANCA
36049;3550308.0;São Paulo;Município de São Paulo;False;PARDA
36050;3550308.0;São Paulo;Município de São Paulo;False;BRANCA
36051;3506003.0;Bauru;Bauru;False;BRANCA
36052;3550308.0;São Paulo;Município de São Paulo;False;BRANCA
36053;3506359.0;Bertioga;Baixada Santista;False;BRANCA
36054;3518800.0;Guarulhos;Grande SP Leste;False;PARDA
36055;3533403.0;Nova Odessa;Campinas;False;BRANCA
36056;3529401.0;Mauá;Grande SP Sudeste;False;BRANCA
36057;3547809.0;Santo André;Grande SP Sudeste;False;BRANCA
36058;3529005.0;Marília;Marília;False;PARDA
36059;3518800.0;Guarulhos;Grande SP Leste;False;PARDA
36060;3550308.0;São Paulo;Município de São Paulo;False;
36061;3534401.0;Osasco;Grande SP Oeste;False;PARDA
36062;3513009.0;Cotia;Grande SP Sudoeste;False;IGNORADO
36063;3513405.0;Cruzeiro;Taubaté;False;IGNORADO
36064;3519071.0;Hortolândia;Campinas;False;BRANCA
36065;3550308.0;São Paulo;Município de São Paulo;False;PARDA
36066;3548500.0;Santos;Baixada Santista;False;IGNORADO
36067;3548500.0;Santos;Baixada Santista;False;IGNORADO
36068;3501905.0;Amparo;Campinas;False;BRANCA
36069;3539202.0;Pirapozinho;Presidente Prudente;False;BRANCA
36070;3509502.0;Campinas;Campinas;False;BRANCA
36071;3552205.0;Sorocaba;Sorocaba;False;PRETA
36072;3524006.0;Itupeva;Campinas;False;AMARELA
36073;3550308.0;São Paulo;Município de São Paulo;False;BRANCA
36074;3539806.0;Poá;Grande SP Leste;False;IGNORADO
36075;3519071.0;Hortolândia;Campinas;False;IGNORADO
36076;3534708.0;Ourinhos;Marília;False;BRANCA
36077;3519055.0;Holambra;Campinas;False;BRANCA
36078;3526100.0;Juquiá;Registro;False;BRANCA
36079;3550308.0;São Paulo;Município de São Paulo;False;BRANCA
36080;3503901.0;Arujá;Grande SP Leste;False;BRANCA
36081;3538709.0;Piracicaba;Piracicaba;False;PARDA
36082;3539202.0;Pirapozinho;Presidente Prudente;False;PARDA
36083;3550308.0;São Paulo;Município de São Paulo;False;IGNORADO
36084;3550308.0;São Paulo;Município de São Paulo;False;NONE
36085;3531407.0;Monte Aprazível;São José do Rio Preto;False;BRANCA
36086;3543402.0;Ribeirão Preto;Ribeirão Preto;False;BRANCA
36087;3550308.0;São Paulo;Município de São Paulo;False;
36088;3520509.0;Indaiatuba;Campinas;False;BRANCA
36089;3537602.0;Peruíbe;Baixada Santista;False;BRANCA
36090;3530300.0;Mirassol;São José do Rio Preto;False;BRANCA
36091;3550308.0;São Paulo;Município de São Paulo;False;BRANCA
36092;3550308.0;São Paulo;Município de São Paulo;False;
36093;3550308.0;São Paulo;Município de São Paulo;False;IGNORADO
36094;3548708.0;São Bernardo do Campo;Grande SP Sudeste;False;IGNORADO
36095;3550308.0;São Paulo;Município de São Paulo;False;BRANCA
36096;3518206.0;Guararapes;Araçatuba;False;BRANCA
36097;3543402.0;Ribeirão Preto;Ribeirão Preto;False;BRANCA
36098;3550308.0;São Paulo;Município de São Paulo;False;BRANCA
36099;3556206.0;Valinhos;Campinas;False;BRANCA
36100;3505708.0;Barueri;Grande SP Oeste;False;BRANCA
36101;3518800.0;Guarulhos;Grande SP Leste;False;BRANCA
36102;3552403.0;Sumaré;Campinas;False;BRANCA
36103;3509502.0;Campinas;Campinas;False;BRANCA
36104;3548708.0;São Bernardo do Campo;Grande SP Sudeste;False;
36105;3550308.0;São Paulo;Município de São Paulo;False;BRANCA
36106;3510203.0;Capão Bonito;Sorocaba;False;BRANCA
36107;3550308.0;São Paulo;Município de São Paulo;False;BRANCA
36108;3529401.0;Mauá;Grande SP Sudeste;False;PARDA
36109;3518800.0;Guarulhos;Grande SP Leste;False;AMARELA
36110;3509957.0;Canas;Taubaté;False;BRANCA
36111;3550308.0;São Paulo;Município de São Paulo;False;BRANCA
36112;3503307.0;Araras;Piracicaba;False;BRANCA
36113;3553302.0;Tambaú;São João da Boa Vista;False;AMARELA
36114;3550308.0;São Paulo;Município de São Paulo;False;IGNORADO
36115;3550308.0;São Paulo;Município de São Paulo;False;BRANCA
36116;3535507.0;Paraguaçu Paulista;Marília;False;BRANCA
36117;3549805.0;São José do Rio Preto;São José do Rio Preto;False;IGNORADO
36118;3549102.0;São João da Boa Vista;São João da Boa Vista;False;BRANCA
36119;3552205.0;Sorocaba;Sorocaba;False;BRANCA
36120;3549706.0;São José do Rio Pardo;São João da Boa Vista;False;BRANCA
36121;3547809.0;Santo André;Grande SP Sudeste;False;NONE
36122;3549904.0;São José dos Campos;Taubaté;False;BRANCA
36123;3550308.0;São Paulo;Município de São Paulo;False;AMARELA
36124;3502101.0;Andradina;Araçatuba;False;BRANCA
36125;3550308.0;São Paulo;Município de São Paulo;False;
36126;3518701.0;Guarujá;Baixada Santista;False;BRANCA
36127;3541604.0;Promissão;Bauru;False;PARDA
36128;3516408.0;Franco da Rocha;Grande SP Norte;False;IGNORADO
36129;3550308.0;São Paulo;Município de São Paulo;False;PARDA
36130;3524501.0;Jaci;São José do Rio Preto;False;BRANCA
36131;3543402.0;Ribeirão Preto;Ribeirão Preto;False;PARDA
36132;3551603.0;Serra Negra;Campinas;False;IGNORADO
36133;3548500.0;Santos;Baixada Santista;False;BRANCA
36134;3545209.0;Salto;Sorocaba;False;BRANCA
36135;3533403.0;Nova Odessa;Campinas;False;PARDA
36136;3506003.0;Bauru;Bauru;False;BRANCA
36137;3506003.0;Bauru;Bauru;False;BRANCA
36138;3552205.0;Sorocaba;Sorocaba;False;BRANCA
36139;3557006.0;Votorantim;Sorocaba;False;BRANCA
36140;3502101.0;Andradina;Araçatuba;False;BRANCA
36141;3543402.0;Ribeirão Preto;Ribeirão Preto;False;BRANCA
36142;3502804.0;Araçatuba;Araçatuba;False;PARDA
36143;3520509.0;Indaiatuba;Campinas;False;BRANCA
36144;3530508.0;Mococa;São João da Boa Vista;False;BRANCA
36145;3548500.0;Santos;Baixada Santista;False;BRANCA
36146;3536505.0;Paulínia;Campinas;False;BRANCA
36147;3525904.0;Jundiaí;Campinas;False;IGNORADO
36148;3550308.0;São Paulo;Município de São Paulo;False;BRANCA
36149;3530805.0;Mogi Mirim;São João da Boa Vista;False;PARDA
36150;3550308.0;São Paulo;Município de São Paulo;False;IGNORADO
36151;3543402.0;Ribeirão Preto;Ribeirão Preto;False;BRANCA
36152;3543006.0;Ribeirão Branco;Sorocaba;False;BRANCA
36153;3528007.0;Macatuba;Bauru;False;BRANCA
36154;3547809.0;Santo André;Grande SP Sudeste;False;BRANCA
36155;3550308.0;São Paulo;Município de São Paulo;False;BRANCA
36156;3518701.0;Guarujá;Baixada Santista;False;AMARELA
36157;3509502.0;Campinas;Campinas;False;PARDA
36158;3550308.0;São Paulo;Município de São Paulo;False;PARDA
36159;3505500.0;Barretos;Barretos;False;BRANCA
36160;3515509.0;Fernandópolis;São José do Rio Preto;False;PARDA
36161;3526902.0;Limeira;Piracicaba;False;BRANCA
36162;3550308.0;São Paulo;Município de São Paulo;False;NONE
36163;3550308.0;São Paulo;Município de São Paulo;False;PRETA
36164;3542602.0;Registro;Registro;False;PARDA
36165;3550308.0;São Paulo;Município de São Paulo;False;BRANCA
36166;3549102.0;São João da Boa Vista;São João da Boa Vista;False;BRANCA
36167;3549805.0;São José do Rio Preto;São José do Rio Preto;False;BRANCA
36168;3550308.0;São Paulo;Município de São Paulo;False;BRANCA
36169;3524709.0;Jaguariúna;Campinas;False;BRANCA
36170;3547809.0;Santo André;Grande SP Sudeste;False;IGNORADO
36171;3545803.0;Santa Bárbara d'Oeste;Campinas;False;IGNORADO
36172;3550308.0;São Paulo;Município de São Paulo;False;PARDA
36173;3504503.0;Avaré;Bauru;False;BRANCA
36174;3549805.0;São José do Rio Preto;São José do Rio Preto;False;AMARELA
36175;3550308.0;São Paulo;Município de São Paulo;False;BRANCA
36176;3547809.0;Santo André;Grande SP Sudeste;False;BRANCA
36177;3501608.0;Americana;Campinas;False;BRANCA
36178;3506003.0;Bauru;Bauru;False;BRANCA
36179;3551009.0;São Vicente;Baixada Santista;False;BRANCA
36180;3550308.0;São Paulo;Município de São Paulo;False;BRANCA
36181;3549904.0;São José dos Campos;Taubaté;False;BRANCA
36182;3550308.0;São Paulo;Município de São Paulo;False;PARDA
36183;3537602.0;Peruíbe;Baixada Santista;False;IGNORADO
36184;3550308.0;São Paulo;Município de São Paulo;False;IGNORADO
36185;3548708.0;São Bernardo do Campo;Grande SP Sudeste;False;BRANCA
