13349;3509502.0;Campinas;Campinas;False;IGNORADO
13350;3538006.0;Pindamonhangaba;Taubaté;False;BRANCA
13351;3551801.0;Sete Barras;Registro;False;BRANCA
13352;3530607.0;Mogi das Cruzes;Grande SP Leste;False;BRANCA
13353;3554102.0;Taubaté;Taubaté;False;BRANCA
13354;3538501.0;Piquete;Taubaté;False;BRANCA
13355;3505609.0;Barrinha;Ribeirão Preto;False;AMARELA
13356;3537800.0;Piedade;Sorocaba;False;BRANCA
13357;3538709.0;Piracicaba;Piracicaba;False;BRANCA
13358;3539103.0;Pirapora do Bom Jesus;Grande SP Oeste;False;PARDA
13359;3538709.0;Piracicaba;Piracicaba;False;BRANCA
13360;3506359.0;Bertioga;Baixada Santista;False;BRANCA
13361;3552205.0;Sorocaba;Sorocaba;True;BRANCA
13362;3546801.0;Santa Isabel;Grande SP Leste;False;IGNORADO
13363;3548807.0;São Caetano do Sul;Grande SP Sudeste;False;BRANCA
13364;3553005.0;Taguaí;Bauru;False;BRANCA
13365;3530706.0;Mogi Guaçu;São João da Boa Vista;False;IGNORADO
13366;3550308.0;São Paulo;Município de São Paulo;False;PARDA
13367;3533403.0;Nova Odessa;Campinas;False;BRANCA
13368;3526407.0;Laranjal Paulista;Bauru;False;PARDA
13369;3526407.0;Laranjal Paulista;Bauru;False;BRANCA
13370;3550308.0;São Paulo;Município de São Paulo;False;BRANCA
13371;3501806.0;Américo de Campos;São José do Rio Preto;False;BRANCA
13372;3509502.0;Campinas;Campinas;False;BRANCA
13373;3509502.0;Campinas;Campinas;False;PARDA
13374;3519071.0;Hortolândia;Campinas;False;BRANCA
13375;3550308.0;São Paulo;Município de São Paulo;False;BRANCA
13376;3522505.0;Itapevi;Grande SP Oeste;True;BRANCA
13377;3550308.0;São Paulo;Município de São Paulo;False;PARDA
13378;3550605.0;São Roque;Sorocaba;False;BRANCA
13379;3518701.0;Guarujá;Baixada Santista;False;BRANCA
13380;3549805.0;São José do Rio Preto;São José do Rio Preto;False;BRANCA
13381;3527306.0;Louveira;Campinas;False;BRANCA
13382;3550308.0;São Paulo;Município de São Paulo;False;AMARELA
13383;3541406.0;Presidente Prudente;Presidente Prudente;False;BRANCA
13384;3517604.0;Guapiara;Sorocaba;False;BRANCA
13385;3524402.0;Jacareí;Taubaté;False;BRANCA
13386;3515509.0;Fernandópolis;São José do Rio Preto;False;BRANCA
13387;3550308.0;São Paulo;Município de São Paulo;False;AMARELA
13388;3550308.0;São Paulo;Município de São Paulo;False;BRANCA
13389;3509601.0;Campo Limpo Paulista;Campinas;True;BRANCA
13390;3548500.0;Santos;Baixada Santista;False;BRANCA
13391;3550308.0;São Paulo;Município de São Paulo;False;PARDA
13392;3550308.0;São Paulo;Município de São Paulo;True;PARDA
13393;3550308.0;São Paulo;Município de São Paulo;False;PARDA
13394;3550308.0;São Paulo;Município de São Paulo;True;NONE
13395;3502804.0;Araçatuba;Araçatuba;False;BRANCA
13396;3547809.0;Santo André;Grande SP Sudeste;False;IGNORADO
13397;3530607.0;Mogi das Cruzes;Grande SP Leste;False;PARDA
13398;3523404.0;Itatiba;Campinas;False;BRANCA
13399;3537305.0;Penápolis;Araçatuba;True;IGNORADO
13400;3548500.0;Santos;Baixada Santista;False;IGNORADO
13401;3525102.0;Jardinópolis;Ribeirão Preto;False;PARDA
13402;3528403.0;Mairinque;Sorocaba;False;BRANCA
13403;3515004.0;Embu das Artes;Grande SP Sudoeste;False;NONE
13404;3550308.0;São Paulo;Município de São Paulo;False;AMARELA
13405;3548906.0;São Carlos;Araraquara;False;IGNORADO
13406;3517703.0;Guará;Franca;False;PARDA
13407;3550308.0;São Paulo;Município de São Paulo;False;BRANCA
13408;3550308.0;São Paulo;Município de São Paulo;False;BRANCA
13409;3549805.0;São José do Rio Preto;São José do Rio Preto;False;BRANCA
13410;3519105.0;Iacanga;Bauru;False;BRANCA
13411;3543402.0;Ribeirão Preto;Ribeirão Preto;False;IGNORADO
13412;3548500.0;Santos;Baixada Santista;False;BRANCA
13413;3505708.0;Barueri;Grande SP Oeste;False;BRANCA
13414;3518800.0;Guarulhos;Grande SP Leste;False;BRANCA
13415;3549805.0;São José do Rio Preto;São José do Rio Preto;False;BRANCA
13416;3529005.0;Marília;Marília;False;IGNORADO
13417;3519071.0;Hortolândia;Campinas;False;BRANCA
13418;3528403.0;Mairinque;Sorocaba;False;BRANCA
13419;3529401.0;Mauá;Grande SP Sudeste;False;BRANCA
13420;3551702.0;Sertãozinho;Ribeirão Preto;False;BRANCA
13421;3540804.0;Potirendaba;São José do Rio Preto;False;AMARELA
13422;3551009.0;São Vicente;Baixada Santista;False;IGNORADO
13423;3557105.0;Votuporanga;São José do Rio Preto;False;BRANCA
13424;3507001.0;Boituva;Sorocaba;False;BRANCA
13425;3506003.0;Bauru;Bauru;False;IGNORADO
13426;3550308.0;São Paulo;Município de São Paulo;False;BRANCA
13427;3530805.0;Mogi Mirim;São João da Boa Vista;False;BRANCA
13428;3537800.0;Piedade;Sorocaba;False;IGNORADO
13429;3507605.0;Bragança Paulista;Campinas;False;BRANCA
13430;3530508.0;Mococa;São João da Boa Vista;False;IGNORADO
13431;3545209.0;Salto;Sorocaba;False;BRANCA
13432;3550308.0;São Paulo;Município de São Paulo;False;IGNORADO
13433;3505302.0;Barra Bonita;Bauru;False;BRANCA
13434;3554102.0;Taubaté;Taubaté;False;BRANCA
13435;3552809.0;Taboão da Serra;Grande SP Sudoeste;False;BRANCA
13436;3529401.0;Mauá;Grande SP Sudeste;False;PARDA
13437;3550308.0;São Paulo;Município de São Paulo;False;IGNORADO
13438;3518701.0;Guarujá;Baixada Santista;False;PARDA
13439;3550308.0;São Paulo;Município de São Paulo;True;BRANCA
13440;3548708.0;São Bernardo do Campo;Grande SP Sudeste;False;BRANCA
13441;3505708.0;Barueri;Grande SP Oeste;False;BRANCA
13442;3550308.0;São Paulo;Município de São Paulo;False;PARDA
13443;3548500.0;Santos;Baixada Santista;False;BRANCA
13444;3550308.0;São Paulo;Município de São Paulo;False;BRANCA
13445;3550308.0;São Paulo;Município de São Paulo;False;PARDA
13446;3549805.0;São José do Rio Preto;São José do Rio Preto;False;BRANCA
13447;3516200.0;Franca;Franca;False;PRETA
13448;3509502.0;Campinas;Campinas;False;IGNORADO
13449;3510609.0;Carapicuíba;Grande SP Oeste;False;IGNORADO
13450;3525904.0;Jundiaí;Campinas;False;IGNORADO
13451;3552205.0;Sorocaba;Sorocaba;False;BRANCA
13452;3529906.0;Miracatu;Registro;False;PARDA
13453;3550308.0;São Paulo;Município de São Paulo;True;BRANCA
13454;3549904.0;São José dos Campos;Taubaté;False;IGNORADO
13455;3552502.0;Suzano;Grande SP Leste;False;BRANCA
13456;3550308.0;São Paulo;Município de São Paulo;False;PARDA
13457;3543402.0;Ribeirão Preto;Ribeirão Preto;False;BRANCA
13458;3549805.0;São José do Rio Preto;São José do Rio Preto;False;BRANCA
13459;3545803.0;Santa Bárbara d'Oeste;Campinas;False;BRANCA
13460;3526001.0;Junqueirópolis;Presidente Prudente;False;BRANCA
13461;3526001.0;Junqueirópolis;Presidente Prudente;False;
13462;3550308.0;São Paulo;Município de São Paulo;False;IGNORADO
13463;3530508.0;Mococa;São João da Boa Vista;False;BRANCA
13464;3530607.0;Mogi das Cruzes;Grande SP Leste;False;BRANCA
13465;3505708.0;Barueri;Grande SP Oeste;True;BRANCA
13466;3550308.0;São Paulo;Município de São Paulo;True;BRANCA
13467;3550308.0;São Paulo;Município de São Paulo;False;BRANCA
13468;3548807.0;São Caetano do Sul;Grande SP Sudeste;False;NONE
13469;3554805.0;Tremembé;Taubaté;True;PARDA
13470;3550308.0;São Paulo;Município de São Paulo;False;PARDA
13471;3543303.0;Ribeirão Pires;Grande SP Sudeste;True;BRANCA
13472;3523404.0;Itatiba;Campinas;False;PARDA
13473;3550308.0;São Paulo;Município de São Paulo;False;BRANCA
13474;3550308.0;São Paulo;Município de São Paulo;False;PARDA
13475;3518800.0;Guarulhos;Grande SP Leste;True;PRETA
13476;3550308.0;São Paulo;Município de São Paulo;False;BRANCA
13477;3550308.0;São Paulo;Município de São Paulo;False;IGNORADO
13478;3524402.0;Jacareí;Taubaté;False;BRANCA
13479;3502101.0;Andradina;Araçatuba;False;BRANCA
13480;3507605.0;Bragança Paulista;Campinas;False;PARDA
13481;3550308.0;São Paulo;Município de São Paulo;False;
13482;3535804.0;Paranapanema;Bauru;False;IGNORADO
13483;3550308.0;São Paulo;Município de São Paulo;False;BRANCA
13484;3550308.0;São Paulo;Município de São Paulo;False;AMARELA
13485;3550308.0;São Paulo;Município de São Paulo;False;BRANCA
13486;3548500.0;Santos;Baixada Santista;False;PARDA
13487;3509502.0;Campinas;Campinas;False;PARDA
13488;3550308.0;São Paulo;Município de São Paulo;False;BRANCA
13489;3538006.0;Pindamonhangaba;Taubaté;False;IGNORADO
13490;3519071.0;Hortolândia;Campinas;False;BRANCA
13491;3511102.0;Catanduva;São José do Rio Preto;False;BRANCA
