40487;3510500.0;Caraguatatuba;Taubaté;False;PARDA
40488;3528502.0;Mairiporã;Grande SP Norte;False;PARDA
40489;3550308.0;São Paulo;Município de São Paulo;False;PARDA
40490;3552403.0;Sumaré;Campinas;False;BRANCA
40491;3550308.0;São Paulo;Município de São Paulo;False;PARDA
40492;3550308.0;São Paulo;Município de São Paulo;False;PARDA
40493;3515509.0;Fernandópolis;São José do Rio Preto;False;BRANCA
40494;3554508.0;Tietê;Sorocaba;False;BRANCA
40495;3507605.0;Bragança Paulista;Campinas;False;BRANCA
40496;3532801.0;Nova Aliança;São José do Rio Preto;False;BRANCA
40497;3507506.0;Botucatu;Bauru;False;BRANCA
40498;3525904.0;Jundiaí;Campinas;False;BRANCA
40499;3556206.0;Valinhos;Campinas;False;IGNORADO
40500;3509205.0;Cajamar;Grande SP Norte;False;BRANCA
40501;3552205.0;Sorocaba;Sorocaba;False;BRANCA
40502;3506508.0;Birigui;Araçatuba;False;BRANCA
40503;3525706.0;José Bonifácio;São José do Rio Preto;False;BRANCA
40504;3520509.0;Indaiatuba;Campinas;False;BRANCA
40505;3543402.0;Ribeirão Preto;Ribeirão Preto;False;PARDA
40506;3541000.0;Praia Grande;Baixada Santista;False;PARDA
40507;3548500.0;Santos;Baixada Santista;False;BRANCA
40508;3549904.0;São José dos Campos;Taubaté;False;IGNORADO
40509;3545159.0;Saltinho;Piracicaba;False;BRANCA
40510;3527108.0;Lins;Bauru;False;PARDA
40511;3522505.0;Itapevi;Grande SP Oeste;False;BRANCA
40512;3550308.0;São Paulo;Município de São Paulo;False;IGNORADO
40513;3550308.0;São Paulo;Município de São Paulo;False;BRANCA
40514;3550308.0;São Paulo;Município de São Paulo;False;PARDA
40515;3550308.0;São Paulo;Município de São Paulo;False;PARDA
40516;3513801.0;Diadema;Grande SP Sudeste;False;BRANCA
40517;3506102.0;Bebedouro;Barretos;False;IGNORADO
40518;3503604.0;Areiópolis;Bauru;False;BRANCA
40519;3550308.0;São Paulo;Município de São Paulo;False;PARDA
40520;3548708.0;São Bernardo do Campo;Grande SP Sudeste;False;BRANCA
40521;3550308.0;São Paulo;Município de São Paulo;False;IGNORADO
40522;3550308.0;São Paulo;Município de São Paulo;False;PRETA
40523;3526902.0;Limeira;Piracicaba;False;BRANCA
40524;3543402.0;Ribeirão Preto;Ribeirão Preto;False;NONE
40525;3509502.0;Campinas;Campinas;False;PARDA
40526;3513801.0;Diadema;Grande SP Sudeste;False;BRANCA
40527;3525904.0;Jundiaí;Campinas;False;IGNORADO
40528;3550308.0;São Paulo;Município de São Paulo;False;BRANCA
40529;3550308.0;São Paulo;Município de São Paulo;False;IGNORADO
40530;3506003.0;Bauru;Bauru;False;BRANCA
40531;3552205.0;Sorocaba;Sorocaba;False;BRANCA
40532;3550308.0;São Paulo;Município de São Paulo;False;BRANCA
40533;3545803.0;Santa Bárbara d'Oeste;Campinas;False;BRANCA
40534;3518404.0;Guaratinguetá;Taubaté;False;BRANCA
40535;3506003.0;Bauru;Bauru;False;IGNORADO
40536;3556503.0;Várzea Paulista;Campinas;False;BRANCA
40537;3543402.0;Ribeirão Preto;Ribeirão Preto;True;BRANCA
40538;3513702.0;Descalvado;Araraquara;False;BRANCA
40539;3550308.0;São Paulo;Município de São Paulo;False;BRANCA
40540;3509403.0;Cajuru;Ribeirão Preto;False;BRANCA
40541;3550308.0;São Paulo;Município de São Paulo;False;BRANCA
40542;3509502.0;Campinas;Campinas;False;PARDA
40543;3509502.0;Campinas;Campinas;False;PARDA
40544;3550308.0;São Paulo;Município de São Paulo;False;BRANCA
40545;3538808.0;Piraju;Bauru;False;BRANCA
40546;3543402.0;Ribeirão Preto;Ribeirão Preto;False;IGNORADO
40547;3519600.0;Ibitinga;Araraquara;False;BRANCA
40548;3510500.0;Caraguatatuba;Taubaté;False;BRANCA
40549;3534807.0;Ouro Verde;Presidente Prudente;False;PARDA
40550;3525904.0;Jundiaí;Campinas;False;IGNORADO
40551;3556701.0;Vinhedo;Campinas;False;BRANCA
40552;3548500.0;Santos;Baixada Santista;False;PRETA
40553;3538709.0;Piracicaba;Piracicaba;False;BRANCA
40554;3517505.0;Guapiaçu;São José do Rio Preto;False;PARDA
40555;3549805.0;São José do Rio Preto;São José do Rio Preto;False;BRANCA
40556;3511508.0;Cerquilho;Sorocaba;False;BRANCA
40557;3550308.0;São Paulo;Município de São Paulo;False;BRANCA
40558;3506003.0;Bauru;Bauru;False;BRANCA
40559;3538709.0;Piracicaba;Piracicaba;False;BRANCA
40560;3538709.0;Piracicaba;Piracicaba;False;BRANCA
40561;3550308.0;São Paulo;Município de São Paulo;False;BRANCA
40562;3501608.0;Americana;Campinas;False;BRANCA
40563;3528502.0;Mairiporã;Grande SP Norte;False;IGNORADO
40564;3525904.0;Jundiaí;Campinas;False;BRANCA
40565;3550308.0;São Paulo;Município de São Paulo;False;BRANCA
40566;3550308.0;São Paulo;Município de São Paulo;False;BRANCA
40567;3550308.0;São Paulo;Município de São Paulo;False;IGNORADO
40568;3522208.0;Itapecerica da Serra;Grande SP Sudoeste;False;PARDA
40569;3548807.0;São Caetano do Sul;Grande SP Sudeste;False;IGNORADO
40570;3524808.0;Jales;São José do Rio Preto;False;BRANCA
40571;3550308.0;São Paulo;Município de São Paulo;False;BRANCA
40572;3550308.0;São Paulo;Município de São Paulo;False;BRANCA
40573;3548500.0;Santos;Baixada Santista;False;PRETA
40574;3522109.0;Itanhaém;Baixada Santista;False;BRANCA
40575;3506508.0;Birigui;Araçatuba;False;BRANCA
40576;3550308.0;São Paulo;Município de São Paulo;False;PARDA
40577;3551702.0;Sertãozinho;Ribeirão Preto;False;BRANCA
40578;3549805.0;São José do Rio Preto;São José do Rio Preto;False;BRANCA
40579;3553401.0;Tanabi;São José do Rio Preto;False;BRANCA
40580;3548500.0;Santos;Baixada Santista;False;BRANCA
40581;3550308.0;São Paulo;Município de São Paulo;False;PARDA
40582;3538709.0;Piracicaba;Piracicaba;False;BRANCA
40583;3524303.0;Jaboticabal;Ribeirão Preto;False;BRANCA
40584;3523602.0;Itirapina;Piracicaba;False;BRANCA
40585;3554706.0;Torrinha;Bauru;False;BRANCA
40586;3547809.0;Santo André;Grande SP Sudeste;False;BRANCA
40587;3524402.0;Jacareí;Taubaté;False;BRANCA
40588;3525904.0;Jundiaí;Campinas;False;AMARELA
40589;3513801.0;Diadema;Grande SP Sudeste;False;AMARELA
40590;3523404.0;Itatiba;Campinas;False;BRANCA
40591;3509502.0;Campinas;Campinas;False;BRANCA
40592;3519071.0;Hortolândia;Campinas;False;AMARELA
40593;3520509.0;Indaiatuba;Campinas;True;BRANCA
40594;3550308.0;São Paulo;Município de São Paulo;False;AMARELA
40595;3550308.0;São Paulo;Município de São Paulo;False;NONE
40596;3550308.0;São Paulo;Município de São Paulo;False;PARDA
40597;3529500.0;Mendonça;São José do Rio Preto;True;BRANCA
40598;3551009.0;São Vicente;Baixada Santista;False;IGNORADO
40599;3554102.0;Taubaté;Taubaté;False;BRANCA
40600;3509254.0;Cajati;Registro;False;PARDA
40601;3557105.0;Votuporanga;São José do Rio Preto;False;BRANCA
40602;3518800.0;Guarulhos;Grande SP Leste;False;BRANCA
40603;;;;False;PARDA
40604;3550308.0;São Paulo;Município de São Paulo;False;PARDA
40605;3534401.0;Osasco;Grande SP Oeste;False;NONE
40606;3502804.0;Araçatuba;Araçatuba;False;BRANCA
40607;3534708.0;Ourinhos;Marília;False;BRANCA
40608;3548708.0;São Bernardo do Campo;Grande SP Sudeste;False;BRANCA
40609;3521408.0;Iracemápolis;Piracicaba;False;BRANCA
40610;3557105.0;Votuporanga;São José do Rio Preto;True;BRANCA
40611;3552502.0;Suzano;Grande SP Leste;False;PARDA
40612;3543402.0;Ribeirão Preto;Ribeirão Preto;False;IGNORADO
40613;3550308.0;São Paulo;Município de São Paulo;False;NONE
40614;3539509.0;Pitangueiras;Ribeirão Preto;False;BRANCA
40615;3543907.0;Rio Claro;Piracicaba;False;PARDA
40616;3505500.0;Barretos;Barretos;False;PARDA
40617;3500709.0;Agudos;Bauru;False;BRANCA
40618;3515707.0;Ferraz de Vasconcelos;Grande SP Leste;False;PARDA
40619;3548500.0;Santos;Baixada Santista;False;PARDA
40620;3550308.0;São Paulo;Município de São Paulo;False;BRANCA
40621;3511102.0;Catanduva;São José do Rio Preto;True;BRANCA
40622;3550308.0;São Paulo;Município de São Paulo;False;BRANCA
40623;3509502.0;Campinas;Campinas;True;BRANCA
40624;3548708.0;São Bernardo do Campo;Grande SP Sudeste;False;
40625;3550308.0;São Paulo;Município de São Paulo;True;IGNORADO
40626;3544103.0;Rio Grande da Serra;Grande SP Sudeste;False;BRANCA
40627;3550308.0;São Paulo;Município de São Paulo;False;BRANCA
40628;3550308.0;São Paulo;Município de São Paulo;False;BRANCA
40629;3549904.0;São José dos Campos;Taubaté;False;BRANCA
40630;3550308.0;São Paulo;Município de São Paulo;False;PARDA
40631;3505708.0;Barueri;Grande SP Oeste;False;PRETA
40632;3548500.0;Santos;Baixada Santista;False;BRANCA
