4688;3509502.0;Campinas;Campinas;False;IGNORADO
4689;3547007.0;Santa Maria da Serra;Piracicaba;False;PARDA
4690;3548807.0;São Caetano do Sul;Grande SP Sudeste;False;AMARELA
4691;3516309.0;Francisco Morato;Grande SP Norte;False;IGNORADO
4692;3550308.0;São Paulo;Município de São Paulo;False;PARDA
4693;3534708.0;Ourinhos;Marília;False;BRANCA
4694;3552106.0;Socorro;Campinas;False;BRANCA
4695;3534401.0;Osasco;Grande SP Oeste;False;BRANCA
4696;3550902.0;São Simão;Ribeirão Preto;False;BRANCA
4697;3552502.0;Suzano;Grande SP Leste;False;BRANCA
4698;3550308.0;São Paulo;Município de São Paulo;False;PRETA
4699;3538709.0;Piracicaba;Piracicaba;False;
4700;3530300.0;Mirassol;São José do Rio Preto;False;BRANCA
4701;3522505.0;Itapevi;Grande SP Oeste;False;IGNORADO
4702;3518701.0;Guarujá;Baixada Santista;False;BRANCA
4703;3550308.0;São Paulo;Município de São Paulo;False;BRANCA
4704;3509502.0;Campinas;Campinas;False;BRANCA
4705;3502101.0;Andradina;Araçatuba;False;BRANCA
4706;3513801.0;Diadema;Grande SP Sudeste;False;PARDA
4707;3550308.0;São Paulo;Município de São Paulo;False;PARDA
4708;3518800.0;Guarulhos;Grande SP Leste;False;PARDA
4709;3549904.0;São José dos Campos;Taubaté;False;BRANCA
4710;3538709.0;Piracicaba;Piracicaba;False;IGNORADO
4711;3531100.0;Mongaguá;Baixada Santista;False;PARDA
4712;3543402.0;Ribeirão Preto;Ribeirão Preto;False;BRANCA
4713;3552205.0;Sorocaba;Sorocaba;False;BRANCA
4714;3530706.0;Mogi Guaçu;São João da Boa Vista;False;BRANCA
4715;3550308.0;São Paulo;Município de São Paulo;False;BRANCA
4716;3550308.0;São Paulo;Município de São Paulo;False;PARDA
4717;3508405.0;Cabreúva;Campinas;False;PARDA
4718;3529005.0;Marília;Marília;False;PARDA
4719;3538709.0;Piracicaba;Piracicaba;False;BRANCA
4720;3540200.0;Pontal;Ribeirão Preto;False;PARDA
4721;3550308.0;São Paulo;Município de São Paulo;False;BRANCA
4722;3547809.0;Santo André;Grande SP Sudeste;False;BRANCA
4723;3547809.0;Santo André;Grande SP Sudeste;False;PARDA
4724;3550308.0;São Paulo;Município de São Paulo;False;
4725;3520509.0;Indaiatuba;Campinas;False;BRANCA
4726;3504107.0;Atibaia;Campinas;False;BRANCA
4727;3501152.0;Alumínio;Sorocaba;False;BRANCA
4728;3518602.0;Guariba;Ribeirão Preto;False;BRANCA
4729;3549904.0;São José dos Campos;Taubaté;False;BRANCA
4730;3548807.0;São Caetano do Sul;Grande SP Sudeste;False;IGNORADO
4731;3550308.0;São Paulo;Município de São Paulo;False;IGNORADO
4732;3552502.0;Suzano;Grande SP Leste;False;NONE
4733;3549805.0;São José do Rio Preto;São José do Rio Preto;False;BRANCA
4734;3548500.0;Santos;Baixada Santista;False;PARDA
4735;3509502.0;Campinas;Campinas;False;PRETA
4736;3547809.0;Santo André;Grande SP Sudeste;False;BRANCA
4737;3548500.0;Santos;Baixada Santista;False;PARDA
4738;3554102.0;Taubaté;Taubaté;False;BRANCA
4739;3550308.0;São Paulo;Município de São Paulo;False;BRANCA
4740;3513504.0;Cubatão;Baixada Santista;False;PRETA
4741;3502804.0;Araçatuba;Araçatuba;False;NONE
4742;3510609.0;Carapicuíba;Grande SP Oeste;False;BRANCA
4743;3541604.0;Promissão;Bauru;False;BRANCA
4744;3550308.0;São Paulo;Município de São Paulo;False;NONE
4745;3548708.0;São Bernardo do Campo;Grande SP Sudeste;False;BRANCA
4746;3548807.0;São Caetano do Sul;Grande SP Sudeste;False;BRANCA
4747;3550308.0;São Paulo;Município de São Paulo;False;PARDA
4748;3546801.0;Santa Isabel;Grande SP Leste;False;PRETA
4749;3550308.0;São Paulo;Município de São Paulo;False;PARDA
4750;3548500.0;Santos;Baixada Santista;False;BRANCA
4751;3528007.0;Macatuba;Bauru;False;PARDA
4752;3550308.0;São Paulo;Município de São Paulo;True;PARDA
4753;3536505.0;Paulínia;Campinas;False;AMARELA
4754;3550308.0;São Paulo;Município de São Paulo;False;PARDA
4755;3552205.0;Sorocaba;Sorocaba;False;BRANCA
4756;3518800.0;Guarulhos;Grande SP Leste;False;PARDA
4757;3550308.0;São Paulo;Município de São Paulo;False;BRANCA
4758;3544004.0;Rio das Pedras;Piracicaba;False;BRANCA
4759;3550308.0;São Paulo;Município de São Paulo;False;PARDA
4760;3526803.0;Lençóis Paulista;Bauru;False;BRANCA
4761;3548708.0;São Bernardo do Campo;Grande SP Sudeste;False;BRANCA
4762;3541000.0;Praia Grande;Baixada Santista;False;PARDA
4763;3550308.0;São Paulo;Município de São Paulo;False;IGNORADO
4764;3534401.0;Osasco;Grande SP Oeste;False;BRANCA
4765;3528403.0;Mairinque;Sorocaba;False;PARDA
4766;3501608.0;Americana;Campinas;False;BRANCA
4767;3550308.0;São Paulo;Município de São Paulo;False;IGNORADO
4768;3509700.0;Campos do Jordão;Taubaté;False;BRANCA
4769;3513504.0;Cubatão;Baixada Santista;False;IGNORADO
4770;3547809.0;Santo André;Grande SP Sudeste;False;PARDA
4771;3522208.0;Itapecerica da Serra;Grande SP Sudoeste;False;BRANCA
4772;3550308.0;São Paulo;Município de São Paulo;False;BRANCA
4773;3550308.0;São Paulo;Município de São Paulo;False;BRANCA
4774;3550308.0;São Paulo;Município de São Paulo;False;BRANCA
4775;3550308.0;São Paulo;Município de São Paulo;False;IGNORADO
4776;3550308.0;São Paulo;Município de São Paulo;False;BRANCA
4777;3551009.0;São Vicente;Baixada Santista;False;PARDA
4778;3530508.0;Mococa;São João da Boa Vista;False;IGNORADO
4779;3509502.0;Campinas;Campinas;False;PARDA
4780;3538709.0;Piracicaba;Piracicaba;False;PARDA
4781;3549904.0;São José dos Campos;Taubaté;False;BRANCA
4782;3518800.0;Guarulhos;Grande SP Leste;False;
4783;3501608.0;Americana;Campinas;False;IGNORADO
4784;3547304.0;Santana de Parnaíba;Grande SP Oeste;False;PARDA
4785;3539608.0;Planalto;São José do Rio Preto;False;BRANCA
4786;3526209.0;Juquitiba;Grande SP Sudoeste;False;IGNORADO
4787;3536505.0;Paulínia;Campinas;False;PARDA
4788;3549904.0;São José dos Campos;Taubaté;False;BRANCA
4789;3543402.0;Ribeirão Preto;Ribeirão Preto;False;BRANCA
4790;3505708.0;Barueri;Grande SP Oeste;False;
4791;3522109.0;Itanhaém;Baixada Santista;False;BRANCA
4792;3503802.0;Artur Nogueira;Campinas;False;BRANCA
4793;3539301.0;Pirassununga;Piracicaba;False;BRANCA
4794;3549805.0;São José do Rio Preto;São José do Rio Preto;False;BRANCA
4795;3507605.0;Bragança Paulista;Campinas;False;BRANCA
4796;3554102.0;Taubaté;Taubaté;False;BRANCA
4797;3518800.0;Guarulhos;Grande SP Leste;False;PARDA
4798;3510401.0;Capivari;Piracicaba;False;PARDA
4799;3535804.0;Paranapanema;Bauru;False;BRANCA
4800;3548500.0;Santos;Baixada Santista;False;IGNORADO
4801;3529005.0;Marília;Marília;False;PARDA
4802;3550308.0;São Paulo;Município de São Paulo;False;BRANCA
4803;3550308.0;São Paulo;Município de São Paulo;False;BRANCA
4804;3507605.0;Bragança Paulista;Campinas;False;BRANCA
4805;3501608.0;Americana;Campinas;False;PARDA
4806;3550308.0;São Paulo;Município de São Paulo;False;AMARELA
4807;3510500.0;Caraguatatuba;Taubaté;False;BRANCA
4808;3550308.0;São Paulo;Município de São Paulo;False;PRETA
4809;3550308.0;São Paulo;Município de São Paulo;False;IGNORADO
4810;3532504.0;Neves Paulista;São José do Rio Preto;False;BRANCA
4811;3519071.0;Hortolândia;Campinas;False;BRANCA
4812;3522505.0;Itapevi;Grande SP Oeste;False;BRANCA
4813;3550308.0;São Paulo;Município de São Paulo;False;PARDA
4814;3541604.0;Promissão;Bauru;False;BRANCA
4815;3530607.0;Mogi das Cruzes;Grande SP Leste;False;PARDA
4816;3548500.0;Santos;Baixada Santista;False;BRANCA
4817;3550308.0;São Paulo;Município de São Paulo;False;IGNORADO
4818;3530607.0;Mogi das Cruzes;Grande SP Leste;False;BRANCA
4819;3550704.0;São Sebastião;Taubaté;False;PARDA
4820;3508504.0;Caçapava;Taubaté;False;BRANCA
4821;3538709.0;Piracicaba;Piracicaba;False;BRANCA
4822;3550308.0;São Paulo;Município de São Paulo;False;PARDA
4823;3550308.0;São Paulo;Município de São Paulo;False;IGNORADO
4824;3550308.0;São Paulo;Município de São Paulo;False;PARDA
4825;3550308.0;São Paulo;Município de São Paulo;False;IGNORADO
4826;3550308.0;São Paulo;Município de São Paulo;False;NONE
4827;3534401.0;Osasco;Grande SP Oeste;False;BRANCA
4828;3548708.0;São Bernardo do Campo;Grande SP Sudeste;False;BRANCA
4829;3526803.0;Lençóis Paulista;Bauru;False;PARDA
4830;3550308.0;São Paulo;Município de São Paulo;True;BRANCA
4831;3548500.0;Santos;Baixada Santista;False;IGNORADO
4832;3550308.0;São Paulo;Município de São Paulo;False;INDIGENA
4833;3505708.0;Barueri;Grande SP Oeste;False;BRANCA
