32585;3530706.0;Mogi Guaçu;São João da Boa Vista;False;BRANCA
32586;3546306.0;Santa Cruz das Palmeiras;São João da Boa Vista;False;BRANCA
32587;3546702.0;Santa Gertrudes;Piracicaba;False;BRANCA
32588;3531803.0;Monte Mor;Campinas;False;BRANCA
32589;3550308.0;São Paulo;Município de São Paulo;False;BRANCA
32590;3548708.0;São Bernardo do Campo;Grande SP Sudeste;False;BRANCA
32591;3545803.0;Santa Bárbara d'Oeste;Campinas;False;IGNORADO
32592;3526704.0;Leme;Piracicaba;False;BRANCA
32593;3552205.0;Sorocaba;Sorocaba;False;BRANCA
32594;3525904.0;Jundiaí;Campinas;False;BRANCA
32595;3550308.0;São Paulo;Município de São Paulo;False;PARDA
32596;3530805.0;Mogi Mirim;São João da Boa Vista;False;BRANCA
32597;3550308.0;São Paulo;Município de São Paulo;False;NONE
32598;3541406.0;Presidente Prudente;Presidente Prudente;False;NONE
32599;3547809.0;Santo André;Grande SP Sudeste;False;BRANCA
32600;3550308.0;São Paulo;Município de São Paulo;False;BRANCA
32601;3548500.0;Santos;Baixada Santista;False;PARDA
32602;3550308.0;São Paulo;Município de São Paulo;False;BRANCA
32603;3547809.0;Santo André;Grande SP Sudeste;False;BRANCA
32604;3513504.0;Cubatão;Baixada Santista;False;PARDA
32605;3546702.0;Santa Gertrudes;Piracicaba;False;BRANCA
32606;3548500.0;Santos;Baixada Santista;False;PARDA
32607;3510609.0;Carapicuíba;Grande SP Oeste;False;PARDA
32608;3550308.0;São Paulo;Município de São Paulo;False;AMARELA
32609;3547809.0;Santo André;Grande SP Sudeste;False;BRANCA
32610;3548500.0;Santos;Baixada Santista;False;BRANCA
32611;3511409.0;Cerqueira César;Bauru;False;BRANCA
32612;3550308.0;São Paulo;Município de São Paulo;False;PRETA
32613;3550308.0;São Paulo;Município de São Paulo;False;BRANCA
32614;3549805.0;São José do Rio Preto;São José do Rio Preto;False;BRANCA
32615;3541703.0;Quatá;Presidente Prudente;False;PARDA
32616;3550308.0;São Paulo;Município de São Paulo;False;IGNORADO
32617;3550308.0;São Paulo;Município de São Paulo;False;BRANCA
32618;3530706.0;Mogi Guaçu;São João da Boa Vista;False;BRANCA
32619;3522505.0;Itapevi;Grande SP Oeste;False;PARDA
32620;3550308.0;São Paulo;Município de São Paulo;False;PARDA
32621;3554102.0;Taubaté;Taubaté;False;BRANCA
32622;3514106.0;Dois Córregos;Bauru;False;BRANCA
32623;3529609.0;Meridiano;São José do Rio Preto;False;IGNORADO
32624;3548807.0;São Caetano do Sul;Grande SP Sudeste;False;IGNORADO
32625;3545209.0;Salto;Sorocaba;False;BRANCA
32626;3550308.0;São Paulo;Município de São Paulo;False;NONE
32627;3550308.0;São Paulo;Município de São Paulo;False;BRANCA
32628;3549706.0;São José do Rio Pardo;São João da Boa Vista;False;BRANCA
32629;3529401.0;Mauá;Grande SP Sudeste;False;NONE
32630;3544251.0;Rosana;Presidente Prudente;False;BRANCA
32631;3550308.0;São Paulo;Município de São Paulo;True;PRETA
32632;3557006.0;Votorantim;Sorocaba;False;PARDA
32633;3538006.0;Pindamonhangaba;Taubaté;False;PARDA
32634;3543402.0;Ribeirão Preto;Ribeirão Preto;False;BRANCA
32635;3525904.0;Jundiaí;Campinas;False;BRANCA
32636;3550308.0;São Paulo;Município de São Paulo;False;BRANCA
32637;3550308.0;São Paulo;Município de São Paulo;False;BRANCA
32638;3550308.0;São Paulo;Município de São Paulo;False;BRANCA
32639;3550308.0;São Paulo;Município de São Paulo;False;PARDA
32640;3503208.0;Araraquara;Araraquara;False;PARDA
32641;3550308.0;São Paulo;Município de São Paulo;False;NONE
32642;3550308.0;São Paulo;Município de São Paulo;False;PRETA
32643;3556206.0;Valinhos;Campinas;False;PARDA
32644;3519071.0;Hortolândia;Campinas;False;PARDA
32645;3550308.0;São Paulo;Município de São Paulo;False;PARDA
32646;3550308.0;São Paulo;Município de São Paulo;False;BRANCA
32647;3550308.0;São Paulo;Município de São Paulo;False;IGNORADO
32648;3510500.0;Caraguatatuba;Taubaté;False;BRANCA
32649;3529005.0;Marília;Marília;False;BRANCA
32650;3552809.0;Taboão da Serra;Grande SP Sudoeste;False;BRANCA
32651;3543402.0;Ribeirão Preto;Ribeirão Preto;False;IGNORADO
32652;3549805.0;São José do Rio Preto;São José do Rio Preto;False;PARDA
32653;3526704.0;Leme;Piracicaba;False;PRETA
32654;3550308.0;São Paulo;Município de São Paulo;False;INDIGENA
32655;3529005.0;Marília;Marília;False;IGNORADO
32656;3550308.0;São Paulo;Município de São Paulo;False;PARDA
32657;3527306.0;Louveira;Campinas;False;BRANCA
32658;3505708.0;Barueri;Grande SP Oeste;False;PARDA
32659;3518800.0;Guarulhos;Grande SP Leste;False;PRETA
32660;3548500.0;Santos;Baixada Santista;False;BRANCA
32661;3549250.0;São João de Iracema;São José do Rio Preto;False;BRANCA
32662;3548500.0;Santos;Baixada Santista;False;BRANCA
32663;3546702.0;Santa Gertrudes;Piracicaba;False;BRANCA
32664;3545803.0;Santa Bárbara d'Oeste;Campinas;False;AMARELA
32665;3547809.0;Santo André;Grande SP Sudeste;False;PARDA
32666;3551702.0;Sertãozinho;Ribeirão Preto;False;PARDA
32667;3516200.0;Franca;Franca;False;BRANCA
32668;3502804.0;Araçatuba;Araçatuba;False;BRANCA
32669;3548708.0;São Bernardo do Campo;Grande SP Sudeste;False;BRANCA
32670;3550308.0;São Paulo;Município de São Paulo;True;PARDA
32671;3551504.0;Serrana;Ribeirão Preto;False;BRANCA
32672;3550308.0;São Paulo;Município de São Paulo;False;IGNORADO
32673;3513504.0;Cubatão;Baixada Santista;False;AMARELA
32674;3550308.0;São Paulo;Município de São Paulo;False;BRANCA
32675;3550308.0;São Paulo;Município de São Paulo;False;IGNORADO
32676;3548906.0;São Carlos;Araraquara;False;BRANCA
32677;3524402.0;Jacareí;Taubaté;False;BRANCA
32678;3519303.0;Ibaté;Araraquara;False;PARDA
32679;3517505.0;Guapiaçu;São José do Rio Preto;False;BRANCA
32680;3557105.0;Votuporanga;São José do Rio Preto;False;BRANCA
32681;3550308.0;São Paulo;Município de São Paulo;False;BRANCA
32682;3550308.0;São Paulo;Município de São Paulo;False;BRANCA
32683;3507506.0;Botucatu;Bauru;False;BRANCA
32684;3550308.0;São Paulo;Município de São Paulo;False;BRANCA
32685;3550308.0;São Paulo;Município de São Paulo;False;BRANCA
32686;3518800.0;Guarulhos;Grande SP Leste;False;AMARELA
32687;3518602.0;Guariba;Ribeirão Preto;True;PARDA
32688;3546702.0;Santa Gertrudes;Piracicaba;False;NONE
32689;3557006.0;Votorantim;Sorocaba;False;BRANCA
32690;3500501.0;Águas de Lindóia;Campinas;False;BRANCA
32691;3550308.0;São Paulo;Município de São Paulo;False;
32692;3550308.0;São Paulo;Município de São Paulo;False;PARDA
32693;3531803.0;Monte Mor;Campinas;False;IGNORADO
32694;3534302.0;Orlândia;Franca;False;BRANCA
32695;3510609.0;Carapicuíba;Grande SP Oeste;False;
32696;3519105.0;Iacanga;Bauru;False;BRANCA
32697;3550308.0;São Paulo;Município de São Paulo;False;BRANCA
32698;3539509.0;Pitangueiras;Ribeirão Preto;False;IGNORADO
32699;3507506.0;Botucatu;Bauru;False;PARDA
32700;3512407.0;Cordeirópolis;Piracicaba;False;BRANCA
32701;3504107.0;Atibaia;Campinas;False;IGNORADO
32702;3503802.0;Artur Nogueira;Campinas;False;AMARELA
32703;3546801.0;Santa Isabel;Grande SP Leste;False;BRANCA
32704;3547304.0;Santana de Parnaíba;Grande SP Oeste;False;PARDA
32705;3550308.0;São Paulo;Município de São Paulo;False;BRANCA
32706;3556503.0;Várzea Paulista;Campinas;False;PARDA
32707;3550308.0;São Paulo;Município de São Paulo;False;BRANCA
32708;3550308.0;São Paulo;Município de São Paulo;False;PARDA
32709;3522406.0;Itapeva;Sorocaba;False;BRANCA
32710;3503307.0;Araras;Piracicaba;False;PARDA
32711;3515152.0;Engenheiro Coelho;Piracicaba;False;AMARELA
32712;3550308.0;São Paulo;Município de São Paulo;False;PARDA
32713;3551702.0;Sertãozinho;Ribeirão Preto;False;AMARELA
32714;3534708.0;Ourinhos;Marília;False;BRANCA
32715;3516200.0;Franca;Franca;False;AMARELA
32716;3549805.0;São José do Rio Preto;São José do Rio Preto;False;BRANCA
32717;3549102.0;São João da Boa Vista;São João da Boa Vista;False;BRANCA
32718;3550308.0;São Paulo;Município de São Paulo;False;AMARELA
32719;3549805.0;São José do Rio Preto;São José do Rio Preto;False;AMARELA
32720;3522000.0;Itaju;Bauru;False;BRANCA
32721;3554508.0;Tietê;Sorocaba;False;PARDA
32722;3550308.0;São Paulo;Município de São Paulo;False;BRANCA
32723;3551702.0;Sertãozinho;Ribeirão Preto;False;PARDA
32724;3550308.0;São Paulo;Município de São Paulo;False;NONE
32725;3513702.0;Descalvado;Araraquara;False;BRANCA
