6585;3506003.0;Bauru;Bauru;False;PARDA
6586;3503307.0;Araras;Piracicaba;False;BRANCA
6587;3503208.0;Araraquara;Araraquara;False;PARDA
6588;3529401.0;Mauá;Grande SP Sudeste;False;PRETA
6589;3550308.0;São Paulo;Município de São Paulo;False;PARDA
6590;3534401.0;Osasco;Grande SP Oeste;False;IGNORADO
6591;3549904.0;São José dos Campos;Taubaté;False;
6592;3505708.0;Barueri;Grande SP Oeste;False;
6593;3548500.0;Santos;Baixada Santista;False;PARDA
6594;3510807.0;Casa Branca;São João da Boa Vista;False;IGNORADO
6595;3550308.0;São Paulo;Município de São Paulo;False;BRANCA
6596;3519402.0;Ibirá;São José do Rio Preto;False;BRANCA
6597;3528007.0;Macatuba;Bauru;False;BRANCA
6598;3543402.0;Ribeirão Preto;Ribeirão Preto;False;IGNORADO
6599;3523107.0;Itaquaquecetuba;Grande SP Leste;False;PARDA
6600;3550308.0;São Paulo;Município de São Paulo;True;AMARELA
6601;3538709.0;Piracicaba;Piracicaba;False;BRANCA
6602;3543402.0;Ribeirão Preto;Ribeirão Preto;False;IGNORADO
6603;3548500.0;Santos;Baixada Santista;False;
6604;3550308.0;São Paulo;Município de São Paulo;True;NONE
6605;3552205.0;Sorocaba;Sorocaba;False;BRANCA
6606;3550308.0;São Paulo;Município de São Paulo;False;BRANCA
6607;3523602.0;Itirapina;Piracicaba;False;BRANCA
6608;3509254.0;Cajati;Registro;False;PARDA
6609;3506003.0;Bauru;Bauru;False;BRANCA
6610;3555406.0;Ubatuba;Taubaté;False;BRANCA
6611;3526902.0;Limeira;Piracicaba;False;BRANCA
6612;3534401.0;Osasco;Grande SP Oeste;False;BRANCA
6613;3538709.0;Piracicaba;Piracicaba;False;PRETA
6614;3550308.0;São Paulo;Município de São Paulo;False;BRANCA
6615;3505500.0;Barretos;Barretos;False;BRANCA
6616;3530805.0;Mogi Mirim;São João da Boa Vista;False;PRETA
6617;3513009.0;Cotia;Grande SP Sudoeste;False;BRANCA
6618;3545803.0;Santa Bárbara d'Oeste;Campinas;False;PARDA
6619;3534401.0;Osasco;Grande SP Oeste;False;IGNORADO
6620;3550308.0;São Paulo;Município de São Paulo;False;IGNORADO
6621;3550308.0;São Paulo;Município de São Paulo;False;BRANCA
6622;3518701.0;Guarujá;Baixada Santista;False;BRANCA
6623;3518800.0;Guarulhos;Grande SP Leste;False;IGNORADO
6624;3504503.0;Avaré;Bauru;False;BRANCA
6625;3509007.0;Caieiras;Grande SP Norte;False;BRANCA
6626;3550704.0;São Sebastião;Taubaté;False;PARDA
6627;3539103.0;Pirapora do Bom Jesus;Grande SP Oeste;False;IGNORADO
6628;3515707.0;Ferraz de Vasconcelos;Grande SP Leste;False;PARDA
6629;3546009.0;Santa Branca;Taubaté;False;BRANCA
6630;3511102.0;Catanduva;São José do Rio Preto;False;BRANCA
6631;3547809.0;Santo André;Grande SP Sudeste;False;BRANCA
6632;3550308.0;São Paulo;Município de São Paulo;False;PARDA
6633;3550308.0;São Paulo;Município de São Paulo;False;
6634;3550308.0;São Paulo;Município de São Paulo;False;BRANCA
6635;3547809.0;Santo André;Grande SP Sudeste;False;BRANCA
6636;3501608.0;Americana;Campinas;False;BRANCA
6637;3503208.0;Araraquara;Araraquara;False;
6638;3533502.0;Novo Horizonte;São José do Rio Preto;False;BRANCA
6639;3509502.0;Campinas;Campinas;False;PARDA
6640;3508603.0;Cachoeira Paulista;Taubaté;False;BRANCA
6641;3550308.0;São Paulo;Município de São Paulo;False;BRANCA
6642;3550308.0;São Paulo;Município de São Paulo;False;PARDA
6643;3550308.0;São Paulo;Município de São Paulo;False;PARDA
6644;3550308.0;São Paulo;Município de São Paulo;False;BRANCA
6645;3548807.0;São Caetano do Sul;Grande SP Sudeste;False;BRANCA
6646;3549805.0;São José do Rio Preto;São José do Rio Preto;True;IGNORADO
6647;3548807.0;São Caetano do Sul;Grande SP Sudeste;False;BRANCA
6648;3550308.0;São Paulo;Município de São Paulo;False;BRANCA
6649;3550308.0;São Paulo;Município de São Paulo;False;BRANCA
6650;3550308.0;São Paulo;Município de São Paulo;False;PARDA
6651;3550308.0;São Paulo;Município de São Paulo;False;PARDA
6652;3550308.0;São Paulo;Município de São Paulo;False;BRANCA
6653;3505708.0;Barueri;Grande SP Oeste;False;PARDA
6654;3516903.0;General Salgado;São José do Rio Preto;False;PARDA
6655;3530607.0;Mogi das Cruzes;Grande SP Leste;True;BRANCA
6656;3550308.0;São Paulo;Município de São Paulo;False;NONE
6657;3552205.0;Sorocaba;Sorocaba;False;BRANCA
6658;3516408.0;Franco da Rocha;Grande SP Norte;False;BRANCA
6659;3550308.0;São Paulo;Município de São Paulo;False;BRANCA
6660;3550308.0;São Paulo;Município de São Paulo;False;IGNORADO
6661;3522307.0;Itapetininga;Sorocaba;False;BRANCA
6662;3501608.0;Americana;Campinas;False;BRANCA
6663;3518800.0;Guarulhos;Grande SP Leste;False;IGNORADO
6664;3550308.0;São Paulo;Município de São Paulo;True;BRANCA
6665;3501608.0;Americana;Campinas;False;BRANCA
6666;3543402.0;Ribeirão Preto;Ribeirão Preto;False;BRANCA
6667;3550308.0;São Paulo;Município de São Paulo;False;PARDA
6668;3519071.0;Hortolândia;Campinas;False;IGNORADO
6669;3522802.0;Itaporanga;Bauru;False;BRANCA
6670;3525102.0;Jardinópolis;Ribeirão Preto;False;AMARELA
6671;3509502.0;Campinas;Campinas;False;BRANCA
6672;3541406.0;Presidente Prudente;Presidente Prudente;False;BRANCA
6673;3550308.0;São Paulo;Município de São Paulo;False;BRANCA
6674;3556404.0;Vargem Grande do Sul;São João da Boa Vista;False;BRANCA
6675;3526803.0;Lençóis Paulista;Bauru;False;AMARELA
6676;3550308.0;São Paulo;Município de São Paulo;False;BRANCA
6677;3524907.0;Jambeiro;Taubaté;False;PARDA
6678;3527108.0;Lins;Bauru;False;IGNORADO
6679;3509502.0;Campinas;Campinas;False;PARDA
6680;3507001.0;Boituva;Sorocaba;False;BRANCA
6681;3550308.0;São Paulo;Município de São Paulo;False;PARDA
6682;3550308.0;São Paulo;Município de São Paulo;False;BRANCA
6683;3509502.0;Campinas;Campinas;False;BRANCA
6684;3547809.0;Santo André;Grande SP Sudeste;False;BRANCA
6685;3546306.0;Santa Cruz das Palmeiras;São João da Boa Vista;False;BRANCA
6686;3515186.0;Espírito Santo do Pinhal;São João da Boa Vista;False;BRANCA
6687;3550308.0;São Paulo;Município de São Paulo;False;PARDA
6688;3538709.0;Piracicaba;Piracicaba;False;PARDA
6689;3550308.0;São Paulo;Município de São Paulo;False;IGNORADO
6690;3550308.0;São Paulo;Município de São Paulo;False;BRANCA
6691;3524303.0;Jaboticabal;Ribeirão Preto;False;IGNORADO
6692;3527108.0;Lins;Bauru;False;BRANCA
6693;3513801.0;Diadema;Grande SP Sudeste;False;PARDA
6694;3551702.0;Sertãozinho;Ribeirão Preto;False;IGNORADO
6695;3549805.0;São José do Rio Preto;São José do Rio Preto;False;PARDA
6696;3518701.0;Guarujá;Baixada Santista;False;PARDA
6697;3548708.0;São Bernardo do Campo;Grande SP Sudeste;False;BRANCA
6698;3550308.0;São Paulo;Município de São Paulo;False;BRANCA
6699;3549805.0;São José do Rio Preto;São José do Rio Preto;False;IGNORADO
6700;3506359.0;Bertioga;Baixada Santista;False;PARDA
6701;3550308.0;São Paulo;Município de São Paulo;False;BRANCA
6702;3524303.0;Jaboticabal;Ribeirão Preto;False;BRANCA
6703;3523909.0;Itu;Sorocaba;False;PARDA
6704;3550308.0;São Paulo;Município de São Paulo;False;BRANCA
6705;3552502.0;Suzano;Grande SP Leste;False;BRANCA
6706;3514403.0;Dracena;Presidente Prudente;False;BRANCA
6707;3556503.0;Várzea Paulista;Campinas;False;IGNORADO
6708;3530300.0;Mirassol;São José do Rio Preto;False;BRANCA
6709;3518800.0;Guarulhos;Grande SP Leste;False;BRANCA
6710;3545209.0;Salto;Sorocaba;False;BRANCA
6711;3550308.0;São Paulo;Município de São Paulo;False;NONE
6712;3550308.0;São Paulo;Município de São Paulo;False;PARDA
6713;3506003.0;Bauru;Bauru;False;BRANCA
6714;3552809.0;Taboão da Serra;Grande SP Sudoeste;False;
6715;3522307.0;Itapetininga;Sorocaba;False;BRANCA
6716;3550308.0;São Paulo;Município de São Paulo;False;AMARELA
6717;3511003.0;Castilho;Araçatuba;False;PARDA
6718;3550308.0;São Paulo;Município de São Paulo;False;PARDA
6719;3555000.0;Tupã;Marília;False;IGNORADO
6720;3529302.0;Matão;Araraquara;False;BRANCA
6721;3548906.0;São Carlos;Araraquara;False;IGNORADO
6722;3501608.0;Americana;Campinas;False;BRANCA
6723;3524303.0;Jaboticabal;Ribeirão Preto;False;BRANCA
6724;3523404.0;Itatiba;Campinas;False;NONE
6725;3550308.0;São Paulo;Município de São Paulo;False;PARDA
6726;3550605.0;São Roque;Sorocaba;False;BRANCA
6727;3514403.0;Dracena;Presidente Prudente;False;IGNORADO
6728;3552205.0;Sorocaba;Sorocaba;False;IGNORADO
6729;3513801.0;Diadema;Grande SP Sudeste;False;IGNORADO
6730;3504701.0;Balbinos;Bauru;False;PARDA
