63588;3550308.0;São Paulo;Município de São Paulo;False;PARDA
63589;3519071.0;Hortolândia;Campinas;False;
63590;3554003.0;Tatuí;Sorocaba;False;BRANCA
63591;3518800.0;Guarulhos;Grande SP Leste;False;BRANCA
63592;3550308.0;São Paulo;Município de São Paulo;False;PARDA
63593;3550605.0;São Roque;Sorocaba;False;BRANCA
63594;3546405.0;Santa Cruz do Rio Pardo;Marília;False;BRANCA
63595;3527603.0;Luís Antônio;Ribeirão Preto;False;BRANCA
63596;3502804.0;Araçatuba;Araçatuba;False;PARDA
63597;3550308.0;São Paulo;Município de São Paulo;False;PARDA
63598;3529401.0;Mauá;Grande SP Sudeste;False;BRANCA
63599;3526506.0;Lavínia;Araçatuba;False;
63600;3509502.0;Campinas;Campinas;False;BRANCA
63601;3554102.0;Taubaté;Taubaté;False;BRANCA
63602;3550308.0;São Paulo;Município de São Paulo;False;BRANCA
63603;3550308.0;São Paulo;Município de São Paulo;False;BRANCA
63604;3508504.0;Caçapava;Taubaté;False;BRANCA
63605;3550308.0;São Paulo;Município de São Paulo;False;BRANCA
63606;3543402.0;Ribeirão Preto;Ribeirão Preto;False;NONE
63607;3530607.0;Mogi das Cruzes;Grande SP Leste;False;NONE
63608;3557105.0;Votuporanga;São José do Rio Preto;False;PARDA
63609;3551702.0;Sertãozinho;Ribeirão Preto;False;BRANCA
63610;3529005.0;Marília;Marília;False;PRETA
63611;3550308.0;São Paulo;Município de São Paulo;False;PARDA
63612;3504800.0;Bálsamo;São José do Rio Preto;False;PRETA
63613;3516200.0;Franca;Franca;False;IGNORADO
63614;3550308.0;São Paulo;Município de São Paulo;False;PRETA
63615;3550308.0;São Paulo;Município de São Paulo;False;PARDA
63616;3548500.0;Santos;Baixada Santista;False;BRANCA
63617;3550308.0;São Paulo;Município de São Paulo;False;BRANCA
63618;3522208.0;Itapecerica da Serra;Grande SP Sudoeste;False;BRANCA
63619;3541000.0;Praia Grande;Baixada Santista;False;BRANCA
63620;3550308.0;São Paulo;Município de São Paulo;False;IGNORADO
63621;3550308.0;São Paulo;Município de São Paulo;False;BRANCA
63622;3516309.0;Francisco Morato;Grande SP Norte;False;PARDA
63623;3550308.0;São Paulo;Município de São Paulo;False;IGNORADO
63624;3500600.0;Águas de São Pedro;Piracicaba;False;BRANCA
63625;3552809.0;Taboão da Serra;Grande SP Sudoeste;False;IGNORADO
63626;3547809.0;Santo André;Grande SP Sudeste;False;
63627;3550308.0;São Paulo;Município de São Paulo;True;NONE
63628;3538709.0;Piracicaba;Piracicaba;False;BRANCA
63629;3511201.0;Catiguá;São José do Rio Preto;True;BRANCA
63630;3518503.0;Guareí;Sorocaba;False;
63631;3550308.0;São Paulo;Município de São Paulo;False;BRANCA
63632;3550308.0;São Paulo;Município de São Paulo;False;BRANCA
63633;3546603.0;Santa Fé do Sul;São José do Rio Preto;False;AMARELA
63634;3525904.0;Jundiaí;Campinas;False;BRANCA
63635;3548708.0;São Bernardo do Campo;Grande SP Sudeste;False;NONE
63636;3550605.0;São Roque;Sorocaba;False;BRANCA
63637;3550308.0;São Paulo;Município de São Paulo;False;BRANCA
63638;3543402.0;Ribeirão Preto;Ribeirão Preto;False;AMARELA
63639;3507506.0;Botucatu;Bauru;False;BRANCA
63640;3550308.0;São Paulo;Município de São Paulo;False;NONE
63641;3547809.0;Santo André;Grande SP Sudeste;False;BRANCA
63642;3549904.0;São José dos Campos;Taubaté;False;PARDA
63643;3548807.0;São Caetano do Sul;Grande SP Sudeste;False;BRANCA
63644;3550605.0;São Roque;Sorocaba;False;BRANCA
63645;3550308.0;São Paulo;Município de São Paulo;False;
63646;3550308.0;São Paulo;Município de São Paulo;False;IGNORADO
63647;3550308.0;São Paulo;Município de São Paulo;False;BRANCA
63648;3551009.0;São Vicente;Baixada Santista;False;IGNORADO
63649;3522505.0;Itapevi;Grande SP Oeste;False;PRETA
63650;3543303.0;Ribeirão Pires;Grande SP Sudeste;False;BRANCA
63651;3509254.0;Cajati;Registro;False;PARDA
63652;3552809.0;Taboão da Serra;Grande SP Sudoeste;False;IGNORADO
63653;3534401.0;Osasco;Grande SP Oeste;False;AMARELA
63654;3518800.0;Guarulhos;Grande SP Leste;False;BRANCA
63655;3520509.0;Indaiatuba;Campinas;False;PARDA
63656;3550308.0;São Paulo;Município de São Paulo;False;IGNORADO
63657;3529401.0;Mauá;Grande SP Sudeste;False;PARDA
63658;3557006.0;Votorantim;Sorocaba;False;BRANCA
63659;3509007.0;Caieiras;Grande SP Norte;False;PARDA
63660;3507001.0;Boituva;Sorocaba;False;BRANCA
63661;3550308.0;São Paulo;Município de São Paulo;False;NONE
63662;3550308.0;São Paulo;Município de São Paulo;False;AMARELA
63663;3523503.0;Itatinga;Bauru;False;BRANCA
63664;3523503.0;Itatinga;Bauru;False;BRANCA
63665;3551702.0;Sertãozinho;Ribeirão Preto;False;BRANCA
63666;3525102.0;Jardinópolis;Ribeirão Preto;False;BRANCA
63667;3551009.0;São Vicente;Baixada Santista;False;NONE
63668;3551009.0;São Vicente;Baixada Santista;False;IGNORADO
63669;3503307.0;Araras;Piracicaba;False;IGNORADO
63670;3509502.0;Campinas;Campinas;False;IGNORADO
63671;3504107.0;Atibaia;Campinas;False;BRANCA
63672;3538709.0;Piracicaba;Piracicaba;False;BRANCA
63673;3503208.0;Araraquara;Araraquara;False;BRANCA
63674;3548708.0;São Bernardo do Campo;Grande SP Sudeste;False;BRANCA
63675;3548500.0;Santos;Baixada Santista;False;PARDA
63676;3550308.0;São Paulo;Município de São Paulo;False;BRANCA
63677;3513801.0;Diadema;Grande SP Sudeste;False;PARDA
63678;3503208.0;Araraquara;Araraquara;False;PRETA
63679;3550308.0;São Paulo;Município de São Paulo;False;BRANCA
63680;3534401.0;Osasco;Grande SP Oeste;False;BRANCA
63681;3522505.0;Itapevi;Grande SP Oeste;False;BRANCA
63682;3550308.0;São Paulo;Município de São Paulo;False;PARDA
63683;3516408.0;Franco da Rocha;Grande SP Norte;False;PARDA
63684;3530607.0;Mogi das Cruzes;Grande SP Leste;False;IGNORADO
63685;3550308.0;São Paulo;Município de São Paulo;False;NONE
63686;3525300.0;Jaú;Bauru;False;AMARELA
63687;3550308.0;São Paulo;Município de São Paulo;False;IGNORADO
63688;3551009.0;São Vicente;Baixada Santista;True;PARDA
63689;3542602.0;Registro;Registro;False;PARDA
63690;3545209.0;Salto;Sorocaba;False;BRANCA
63691;3550308.0;São Paulo;Município de São Paulo;False;AMARELA
63692;3538709.0;Piracicaba;Piracicaba;False;PARDA
63693;3552809.0;Taboão da Serra;Grande SP Sudoeste;False;PARDA
63694;3547809.0;Santo André;Grande SP Sudeste;False;BRANCA
63695;3549904.0;São José dos Campos;Taubaté;False;IGNORADO
63696;3548708.0;São Bernardo do Campo;Grande SP Sudeste;False;AMARELA
63697;3522109.0;Itanhaém;Baixada Santista;False;BRANCA
63698;3539509.0;Pitangueiras;Ribeirão Preto;False;BRANCA
63699;3502804.0;Araçatuba;Araçatuba;False;PARDA
63700;3503158.0;Arapeí;Taubaté;False;BRANCA
63701;3543402.0;Ribeirão Preto;Ribeirão Preto;False;PARDA
63702;3546801.0;Santa Isabel;Grande SP Leste;False;BRANCA
63703;3501707.0;Américo Brasiliense;Araraquara;False;IGNORADO
63704;3526902.0;Limeira;Piracicaba;False;BRANCA
63705;3550308.0;São Paulo;Município de São Paulo;False;PARDA
63706;3509502.0;Campinas;Campinas;False;IGNORADO
63707;3550308.0;São Paulo;Município de São Paulo;False;
63708;3550308.0;São Paulo;Município de São Paulo;False;PARDA
63709;3534401.0;Osasco;Grande SP Oeste;True;PARDA
63710;3550308.0;São Paulo;Município de São Paulo;False;NONE
63711;3550308.0;São Paulo;Município de São Paulo;False;IGNORADO
63712;3550308.0;São Paulo;Município de São Paulo;False;PARDA
63713;3550308.0;São Paulo;Município de São Paulo;False;PARDA
63714;3550308.0;São Paulo;Município de São Paulo;False;BRANCA
63715;3548500.0;Santos;Baixada Santista;False;NONE
63716;3548500.0;Santos;Baixada Santista;False;IGNORADO
63717;3546801.0;Santa Isabel;Grande SP Leste;False;IGNORADO
63718;3534401.0;Osasco;Grande SP Oeste;False;PARDA
63719;3541000.0;Praia Grande;Baixada Santista;False;BRANCA
63720;3530805.0;Mogi Mirim;São João da Boa Vista;False;IGNORADO
63721;3550308.0;São Paulo;Município de São Paulo;False;PARDA
63722;3525904.0;Jundiaí;Campinas;False;BRANCA
63723;3527207.0;Lorena;Taubaté;False;IGNORADO
63724;3510609.0;Carapicuíba;Grande SP Oeste;False;BRANCA
63725;3550308.0;São Paulo;Município de São Paulo;False;BRANCA
63726;3509502.0;Campinas;Campinas;False;BRANCA
63727;3550308.0;São Paulo;Município de São Paulo;False;PARDA
63728;3550308.0;São Paulo;Município de São Paulo;False;IGNORADO
63729;3548708.0;São Bernardo do Campo;Grande SP Sudeste;False;
63730;3550308.0;São Paulo;Município de São Paulo;False;IGNORADO
