55271;3530706.0;Mogi Guaçu;São João da Boa Vista;False;BRANCA
55272;3510609.0;Carapicuíba;Grande SP Oeste;False;PARDA
55273;3554102.0;Taubaté;Taubaté;False;BRANCA
55274;3550308.0;São Paulo;Município de São Paulo;False;BRANCA
55275;3543402.0;Ribeirão Preto;Ribeirão Preto;False;BRANCA
55276;3550308.0;São Paulo;Município de São Paulo;False;PARDA
55277;3524808.0;Jales;São José do Rio Preto;False;PARDA
55278;3541406.0;Presidente Prudente;Presidente Prudente;False;PARDA
55279;3505351.0;Barra do Chapéu;Sorocaba;False;BRANCA
55280;3503208.0;Araraquara;Araraquara;False;BRANCA
55281;3550308.0;São Paulo;Município de São Paulo;False;BRANCA
55282;3530607.0;Mogi das Cruzes;Grande SP Leste;False;BRANCA
55283;3550308.0;São Paulo;Município de São Paulo;False;PARDA
55284;3550308.0;São Paulo;Município de São Paulo;False;PARDA
55285;3552403.0;Sumaré;Campinas;False;PARDA
55286;3507506.0;Botucatu;Bauru;False;BRANCA
55287;3541406.0;Presidente Prudente;Presidente Prudente;False;BRANCA
55288;3550407.0;São Pedro;Piracicaba;False;BRANCA
55289;3548708.0;São Bernardo do Campo;Grande SP Sudeste;False;BRANCA
55290;3543907.0;Rio Claro;Piracicaba;False;BRANCA
55291;3540705.0;Porto Ferreira;Araraquara;False;BRANCA
55292;3533502.0;Novo Horizonte;São José do Rio Preto;False;BRANCA
55293;3506003.0;Bauru;Bauru;False;IGNORADO
55294;3506003.0;Bauru;Bauru;False;BRANCA
55295;3550308.0;São Paulo;Município de São Paulo;False;PARDA
55296;3523503.0;Itatinga;Bauru;False;BRANCA
55297;3550308.0;São Paulo;Município de São Paulo;False;BRANCA
55298;3548807.0;São Caetano do Sul;Grande SP Sudeste;False;BRANCA
55299;3534401.0;Osasco;Grande SP Oeste;False;BRANCA
55300;3513504.0;Cubatão;Baixada Santista;False;PARDA
55301;3549805.0;São José do Rio Preto;São José do Rio Preto;False;BRANCA
55302;3522505.0;Itapevi;Grande SP Oeste;False;BRANCA
55303;3550308.0;São Paulo;Município de São Paulo;False;NONE
55304;3549102.0;São João da Boa Vista;São João da Boa Vista;False;BRANCA
55305;3553609.0;Tapiratiba;São João da Boa Vista;False;AMARELA
55306;3513801.0;Diadema;Grande SP Sudeste;False;BRANCA
55307;3556503.0;Várzea Paulista;Campinas;False;IGNORADO
55308;3550308.0;São Paulo;Município de São Paulo;False;BRANCA
55309;3550308.0;São Paulo;Município de São Paulo;False;NONE
55310;3522604.0;Itapira;São João da Boa Vista;False;BRANCA
55311;3550308.0;São Paulo;Município de São Paulo;False;BRANCA
55312;3550308.0;São Paulo;Município de São Paulo;False;IGNORADO
55313;3554300.0;Teodoro Sampaio;Presidente Prudente;False;IGNORADO
55314;3550308.0;São Paulo;Município de São Paulo;False;
55315;3549904.0;São José dos Campos;Taubaté;False;PARDA
55316;3526803.0;Lençóis Paulista;Bauru;False;PARDA
55317;3519071.0;Hortolândia;Campinas;False;IGNORADO
55318;3522307.0;Itapetininga;Sorocaba;False;BRANCA
55319;3555000.0;Tupã;Marília;False;BRANCA
55320;3550308.0;São Paulo;Município de São Paulo;False;IGNORADO
55321;3550308.0;São Paulo;Município de São Paulo;False;BRANCA
55322;3518701.0;Guarujá;Baixada Santista;False;AMARELA
55323;3550308.0;São Paulo;Município de São Paulo;False;BRANCA
55324;3534401.0;Osasco;Grande SP Oeste;False;AMARELA
55325;3550308.0;São Paulo;Município de São Paulo;False;BRANCA
55326;3516408.0;Franco da Rocha;Grande SP Norte;False;IGNORADO
55327;3550308.0;São Paulo;Município de São Paulo;False;BRANCA
55328;3551504.0;Serrana;Ribeirão Preto;False;BRANCA
55329;3548500.0;Santos;Baixada Santista;False;PARDA
55330;3550308.0;São Paulo;Município de São Paulo;False;NONE
55331;3550308.0;São Paulo;Município de São Paulo;False;NONE
55332;3550308.0;São Paulo;Município de São Paulo;False;BRANCA
55333;3543402.0;Ribeirão Preto;Ribeirão Preto;False;BRANCA
55334;3557006.0;Votorantim;Sorocaba;False;BRANCA
55335;3550308.0;São Paulo;Município de São Paulo;False;
55336;3550308.0;São Paulo;Município de São Paulo;False;
55337;3541406.0;Presidente Prudente;Presidente Prudente;False;PARDA
55338;3550308.0;São Paulo;Município de São Paulo;False;BRANCA
55339;3549904.0;São José dos Campos;Taubaté;False;PARDA
55340;3506003.0;Bauru;Bauru;False;IGNORADO
55341;3545803.0;Santa Bárbara d'Oeste;Campinas;False;PRETA
55342;3548708.0;São Bernardo do Campo;Grande SP Sudeste;False;BRANCA
55343;3550308.0;São Paulo;Município de São Paulo;False;BRANCA
55344;3557105.0;Votuporanga;São José do Rio Preto;False;BRANCA
55345;3533502.0;Novo Horizonte;São José do Rio Preto;False;BRANCA
55346;3506003.0;Bauru;Bauru;False;IGNORADO
55347;3509502.0;Campinas;Campinas;False;IGNORADO
55348;3548500.0;Santos;Baixada Santista;False;IGNORADO
55349;3502804.0;Araçatuba;Araçatuba;False;PARDA
55350;3550308.0;São Paulo;Município de São Paulo;False;BRANCA
55351;3550308.0;São Paulo;Município de São Paulo;False;
55352;3510500.0;Caraguatatuba;Taubaté;False;PARDA
55353;3513009.0;Cotia;Grande SP Sudoeste;False;IGNORADO
55354;3547809.0;Santo André;Grande SP Sudeste;False;BRANCA
55355;3545803.0;Santa Bárbara d'Oeste;Campinas;True;BRANCA
55356;3506003.0;Bauru;Bauru;False;PRETA
55357;3523909.0;Itu;Sorocaba;False;BRANCA
55358;3536505.0;Paulínia;Campinas;False;BRANCA
55359;3518800.0;Guarulhos;Grande SP Leste;False;PARDA
55360;3550308.0;São Paulo;Município de São Paulo;False;IGNORADO
55361;3550308.0;São Paulo;Município de São Paulo;False;IGNORADO
55362;3550308.0;São Paulo;Município de São Paulo;False;AMARELA
55363;3520509.0;Indaiatuba;Campinas;False;BRANCA
55364;3550308.0;São Paulo;Município de São Paulo;False;BRANCA
55365;3518701.0;Guarujá;Baixada Santista;False;BRANCA
55366;3503208.0;Araraquara;Araraquara;False;BRANCA
55367;3529401.0;Mauá;Grande SP Sudeste;False;BRANCA
55368;3550308.0;São Paulo;Município de São Paulo;False;NONE
55369;3537602.0;Peruíbe;Baixada Santista;False;BRANCA
55370;3550308.0;São Paulo;Município de São Paulo;False;BRANCA
55371;3529005.0;Marília;Marília;False;BRANCA
55372;3525904.0;Jundiaí;Campinas;False;BRANCA
55373;3523107.0;Itaquaquecetuba;Grande SP Leste;False;BRANCA
55374;3515004.0;Embu das Artes;Grande SP Sudoeste;False;IGNORADO
55375;3538006.0;Pindamonhangaba;Taubaté;False;BRANCA
55376;3548500.0;Santos;Baixada Santista;False;PARDA
55377;3549953.0;São Lourenço da Serra;Grande SP Sudoeste;False;BRANCA
55378;3545803.0;Santa Bárbara d'Oeste;Campinas;False;BRANCA
55379;3549805.0;São José do Rio Preto;São José do Rio Preto;False;PRETA
55380;3538501.0;Piquete;Taubaté;False;BRANCA
55381;3550308.0;São Paulo;Município de São Paulo;False;BRANCA
55382;3513504.0;Cubatão;Baixada Santista;False;PARDA
55383;3550308.0;São Paulo;Município de São Paulo;False;PARDA
55384;3509502.0;Campinas;Campinas;False;PARDA
55385;3550308.0;São Paulo;Município de São Paulo;False;IGNORADO
55386;3547809.0;Santo André;Grande SP Sudeste;False;IGNORADO
55387;3538709.0;Piracicaba;Piracicaba;False;PARDA
55388;3539301.0;Pirassununga;Piracicaba;False;BRANCA
55389;3548500.0;Santos;Baixada Santista;False;PARDA
55390;3547809.0;Santo André;Grande SP Sudeste;False;PARDA
55391;3550308.0;São Paulo;Município de São Paulo;False;BRANCA
55392;3550308.0;São Paulo;Município de São Paulo;False;BRANCA
55393;3520202.0;Igaratá;Taubaté;False;BRANCA
55394;3550308.0;São Paulo;Município de São Paulo;False;PARDA
55395;3506003.0;Bauru;Bauru;False;IGNORADO
55396;3543907.0;Rio Claro;Piracicaba;False;BRANCA
55397;3533908.0;Olímpia;Barretos;False;BRANCA
55398;3506508.0;Birigui;Araçatuba;False;IGNORADO
55399;3550308.0;São Paulo;Município de São Paulo;False;BRANCA
55400;3548708.0;São Bernardo do Campo;Grande SP Sudeste;False;BRANCA
55401;3526902.0;Limeira;Piracicaba;False;BRANCA
55402;3513801.0;Diadema;Grande SP Sudeste;False;
55403;3517307.0;Guaimbê;Marília;False;BRANCA
55404;3550308.0;São Paulo;Município de São Paulo;False;BRANCA
55405;3550308.0;São Paulo;Município de São Paulo;False;PARDA
55406;3504107.0;Atibaia;Campinas;False;BRANCA
55407;3550308.0;São Paulo;Município de São Paulo;False;NONE
55408;3547304.0;Santana de Parnaíba;Grande SP Oeste;False;IGNORADO
55409;3548500.0;Santos;Baixada Santista;False;BRANCA
55410;3548708.0;São Bernardo do Campo;Grande SP Sudeste;False;BRANCA
55411;3509502.0;Campinas;Campinas;False;BRANCA
