2051;3522703.0;Itápolis;Araraquara;False;BRANCA
2052;3543402.0;Ribeirão Preto;Ribeirão Preto;False;PARDA
2053;3518602.0;Guariba;Ribeirão Preto;False;BRANCA
2054;3550308.0;São Paulo;Município de São Paulo;False;BRANCA
2055;3505708.0;Barueri;Grande SP Oeste;False;PARDA
2056;3500501.0;Águas de Lindóia;Campinas;False;BRANCA
2057;3531407.0;Monte Aprazível;São José do Rio Preto;False;BRANCA
2058;3552502.0;Suzano;Grande SP Leste;False;IGNORADO
2059;3502804.0;Araçatuba;Araçatuba;False;BRANCA
2060;3547809.0;Santo André;Grande SP Sudeste;False;BRANCA
2061;3550308.0;São Paulo;Município de São Paulo;False;PRETA
2062;3516853.0;Gavião Peixoto;Araraquara;False;BRANCA
2063;3524501.0;Jaci;São José do Rio Preto;False;BRANCA
2064;3550308.0;São Paulo;Município de São Paulo;False;IGNORADO
2065;3537800.0;Piedade;Sorocaba;False;BRANCA
2066;3516200.0;Franca;Franca;False;
2067;3516200.0;Franca;Franca;False;BRANCA
2068;3541901.0;Queluz;Taubaté;False;BRANCA
2069;3518800.0;Guarulhos;Grande SP Leste;False;NONE
2070;3520509.0;Indaiatuba;Campinas;False;IGNORADO
2071;3550308.0;São Paulo;Município de São Paulo;False;IGNORADO
2072;3548807.0;São Caetano do Sul;Grande SP Sudeste;False;BRANCA
2073;3557105.0;Votuporanga;São José do Rio Preto;False;BRANCA
2074;3529005.0;Marília;Marília;False;BRANCA
2075;3550308.0;São Paulo;Município de São Paulo;False;NONE
2076;3533908.0;Olímpia;Barretos;False;BRANCA
2077;3556701.0;Vinhedo;Campinas;False;BRANCA
2078;3550308.0;São Paulo;Município de São Paulo;False;BRANCA
2079;3550308.0;São Paulo;Município de São Paulo;False;BRANCA
2080;3550308.0;São Paulo;Município de São Paulo;False;PRETA
2081;3550308.0;São Paulo;Município de São Paulo;False;BRANCA
2082;3548708.0;São Bernardo do Campo;Grande SP Sudeste;False;BRANCA
2083;3506359.0;Bertioga;Baixada Santista;False;PARDA
2084;3550308.0;São Paulo;Município de São Paulo;False;BRANCA
2085;3506508.0;Birigui;Araçatuba;False;BRANCA
2086;3502804.0;Araçatuba;Araçatuba;False;BRANCA
2087;3556602.0;Vera Cruz;Marília;False;BRANCA
2088;3529005.0;Marília;Marília;False;BRANCA
2089;3550308.0;São Paulo;Município de São Paulo;False;BRANCA
2090;3550308.0;São Paulo;Município de São Paulo;False;BRANCA
2091;3550308.0;São Paulo;Município de São Paulo;False;PARDA
2092;3509502.0;Campinas;Campinas;False;BRANCA
2093;3546801.0;Santa Isabel;Grande SP Leste;False;BRANCA
2094;3549904.0;São José dos Campos;Taubaté;False;BRANCA
2095;3518701.0;Guarujá;Baixada Santista;False;BRANCA
2096;3550308.0;São Paulo;Município de São Paulo;False;
2097;3533601.0;Nuporanga;Franca;False;BRANCA
2098;3516309.0;Francisco Morato;Grande SP Norte;False;IGNORADO
2099;3501608.0;Americana;Campinas;False;BRANCA
2100;3529005.0;Marília;Marília;False;BRANCA
2101;3510609.0;Carapicuíba;Grande SP Oeste;False;PARDA
2102;3502101.0;Andradina;Araçatuba;False;PARDA
2103;3549805.0;São José do Rio Preto;São José do Rio Preto;False;BRANCA
2104;3522109.0;Itanhaém;Baixada Santista;False;PRETA
2105;3534401.0;Osasco;Grande SP Oeste;False;IGNORADO
2106;3541000.0;Praia Grande;Baixada Santista;False;PARDA
2107;3550308.0;São Paulo;Município de São Paulo;False;BRANCA
2108;3518701.0;Guarujá;Baixada Santista;False;PARDA
2109;3541000.0;Praia Grande;Baixada Santista;False;PARDA
2110;3518404.0;Guaratinguetá;Taubaté;False;BRANCA
2111;3550308.0;São Paulo;Município de São Paulo;False;BRANCA
2112;3552502.0;Suzano;Grande SP Leste;False;
2113;3556701.0;Vinhedo;Campinas;False;BRANCA
2114;3549904.0;São José dos Campos;Taubaté;False;PARDA
2115;3550308.0;São Paulo;Município de São Paulo;False;BRANCA
2116;3549904.0;São José dos Campos;Taubaté;False;BRANCA
2117;3537602.0;Peruíbe;Baixada Santista;False;BRANCA
2118;3550308.0;São Paulo;Município de São Paulo;False;AMARELA
2119;3550308.0;São Paulo;Município de São Paulo;False;PARDA
2120;3553708.0;Taquaritinga;Araraquara;False;AMARELA
2121;3501608.0;Americana;Campinas;False;PARDA
2122;3550308.0;São Paulo;Município de São Paulo;False;PARDA
2123;3514924.0;Elisiário;São José do Rio Preto;False;IGNORADO
2124;3525904.0;Jundiaí;Campinas;False;PRETA
2125;3546702.0;Santa Gertrudes;Piracicaba;False;BRANCA
2126;3524402.0;Jacareí;Taubaté;False;NONE
2127;3525300.0;Jaú;Bauru;False;BRANCA
2128;3526704.0;Leme;Piracicaba;False;AMARELA
2129;3557006.0;Votorantim;Sorocaba;False;BRANCA
2130;3547809.0;Santo André;Grande SP Sudeste;False;BRANCA
2131;3518800.0;Guarulhos;Grande SP Leste;False;PARDA
2132;3546603.0;Santa Fé do Sul;São José do Rio Preto;False;BRANCA
2133;3509502.0;Campinas;Campinas;False;BRANCA
2134;3528502.0;Mairiporã;Grande SP Norte;False;BRANCA
2135;3550308.0;São Paulo;Município de São Paulo;False;NONE
2136;3543402.0;Ribeirão Preto;Ribeirão Preto;False;IGNORADO
2137;3516200.0;Franca;Franca;False;PARDA
2138;3550308.0;São Paulo;Município de São Paulo;False;BRANCA
2139;3548500.0;Santos;Baixada Santista;False;IGNORADO
2140;3507605.0;Bragança Paulista;Campinas;False;PRETA
2141;3552205.0;Sorocaba;Sorocaba;False;BRANCA
2142;3552502.0;Suzano;Grande SP Leste;False;BRANCA
2143;3552403.0;Sumaré;Campinas;False;PRETA
2144;3501608.0;Americana;Campinas;False;BRANCA
2145;3557105.0;Votuporanga;São José do Rio Preto;False;BRANCA
2146;3550308.0;São Paulo;Município de São Paulo;False;
2147;3546603.0;Santa Fé do Sul;São José do Rio Preto;False;IGNORADO
2148;3506003.0;Bauru;Bauru;False;BRANCA
2149;3525003.0;Jandira;Grande SP Oeste;False;BRANCA
2150;3550308.0;São Paulo;Município de São Paulo;False;AMARELA
2151;3550308.0;São Paulo;Município de São Paulo;False;PARDA
2152;3509205.0;Cajamar;Grande SP Norte;False;BRANCA
2153;3515509.0;Fernandópolis;São José do Rio Preto;False;BRANCA
2154;3551009.0;São Vicente;Baixada Santista;False;BRANCA
2155;3538709.0;Piracicaba;Piracicaba;False;BRANCA
2156;3537305.0;Penápolis;Araçatuba;False;PARDA
2157;3516200.0;Franca;Franca;False;IGNORADO
2158;3528502.0;Mairiporã;Grande SP Norte;False;BRANCA
2159;3545803.0;Santa Bárbara d'Oeste;Campinas;False;BRANCA
2160;3520400.0;Ilhabela;Taubaté;False;BRANCA
2161;3529302.0;Matão;Araraquara;False;BRANCA
2162;3550308.0;São Paulo;Município de São Paulo;False;BRANCA
2163;3529005.0;Marília;Marília;False;BRANCA
2164;3550308.0;São Paulo;Município de São Paulo;False;BRANCA
2165;3502804.0;Araçatuba;Araçatuba;False;BRANCA
2166;3550308.0;São Paulo;Município de São Paulo;False;BRANCA
2167;3548708.0;São Bernardo do Campo;Grande SP Sudeste;False;BRANCA
2168;3510500.0;Caraguatatuba;Taubaté;False;BRANCA
2169;3515194.0;Espírito Santo do Turvo;Marília;False;BRANCA
2170;3509007.0;Caieiras;Grande SP Norte;False;BRANCA
2171;3550308.0;São Paulo;Município de São Paulo;False;PARDA
2172;3520509.0;Indaiatuba;Campinas;False;BRANCA
2173;3513504.0;Cubatão;Baixada Santista;False;PARDA
2174;3518800.0;Guarulhos;Grande SP Leste;False;BRANCA
2175;3550308.0;São Paulo;Município de São Paulo;False;AMARELA
2176;3550308.0;São Paulo;Município de São Paulo;False;NONE
2177;3525904.0;Jundiaí;Campinas;False;BRANCA
2178;3531803.0;Monte Mor;Campinas;False;BRANCA
2179;3550308.0;São Paulo;Município de São Paulo;False;BRANCA
2180;3550308.0;São Paulo;Município de São Paulo;False;BRANCA
2181;3509809.0;Campos Novos Paulista;Marília;False;BRANCA
2182;3525904.0;Jundiaí;Campinas;False;BRANCA
2183;3550308.0;São Paulo;Município de São Paulo;False;NONE
2184;3552205.0;Sorocaba;Sorocaba;False;BRANCA
2185;3550308.0;São Paulo;Município de São Paulo;False;IGNORADO
2186;3556503.0;Várzea Paulista;Campinas;False;IGNORADO
2187;3550308.0;São Paulo;Município de São Paulo;False;BRANCA
2188;3505500.0;Barretos;Barretos;False;PRETA
2189;3530607.0;Mogi das Cruzes;Grande SP Leste;False;PARDA
2190;3542602.0;Registro;Registro;False;BRANCA
2191;3547809.0;Santo André;Grande SP Sudeste;False;BRANCA
2192;3547601.0;Santa Rosa de Viterbo;Ribeirão Preto;False;BRANCA
2193;3550308.0;São Paulo;Município de São Paulo;False;PARDA
2194;3525904.0;Jundiaí;Campinas;False;NONE
2195;3549805.0;São José do Rio Preto;São José do Rio Preto;False;IGNORADO
2196;3543402.0;Ribeirão Preto;Ribeirão Preto;False;PARDA
2197;3550308.0;São Paulo;Município de São Paulo;False;IGNORADO
2198;3550308.0;São Paulo;Município de São Paulo;False;BRANCA
