43459;3501806.0;Américo de Campos;São José do Rio Preto;False;BRANCA
43460;3550308.0;São Paulo;Município de São Paulo;False;BRANCA
43461;3503208.0;Araraquara;Araraquara;False;BRANCA
43462;3529401.0;Mauá;Grande SP Sudeste;False;BRANCA
43463;3515004.0;Embu das Artes;Grande SP Sudoeste;False;PARDA
43464;3538709.0;Piracicaba;Piracicaba;False;PRETA
43465;3513009.0;Cotia;Grande SP Sudoeste;False;IGNORADO
43466;3518701.0;Guarujá;Baixada Santista;False;BRANCA
43467;3501608.0;Americana;Campinas;False;IGNORADO
43468;3522604.0;Itapira;São João da Boa Vista;False;BRANCA
43469;3518701.0;Guarujá;Baixada Santista;False;PARDA
43470;3551009.0;São Vicente;Baixada Santista;False;NONE
43471;3536505.0;Paulínia;Campinas;False;BRANCA
43472;3509007.0;Caieiras;Grande SP Norte;False;IGNORADO
43473;3550308.0;São Paulo;Município de São Paulo;False;BRANCA
43474;3552403.0;Sumaré;Campinas;False;BRANCA
43475;3541406.0;Presidente Prudente;Presidente Prudente;False;PARDA
43476;3523909.0;Itu;Sorocaba;False;BRANCA
43477;3548708.0;São Bernardo do Campo;Grande SP Sudeste;False;PARDA
43478;3548500.0;Santos;Baixada Santista;False;BRANCA
43479;3518701.0;Guarujá;Baixada Santista;True;PARDA
43480;3509502.0;Campinas;Campinas;False;AMARELA
43481;3534401.0;Osasco;Grande SP Oeste;False;PARDA
43482;3512803.0;Cosmópolis;Campinas;False;BRANCA
43483;3516200.0;Franca;Franca;False;BRANCA
43484;3506102.0;Bebedouro;Barretos;False;BRANCA
43485;3511102.0;Catanduva;São José do Rio Preto;False;BRANCA
43486;3550308.0;São Paulo;Município de São Paulo;False;PARDA
43487;3520509.0;Indaiatuba;Campinas;False;BRANCA
43488;3538709.0;Piracicaba;Piracicaba;False;BRANCA
43489;3551009.0;São Vicente;Baixada Santista;False;PARDA
43490;3556107.0;Valentim Gentil;São José do Rio Preto;False;BRANCA
43491;3509502.0;Campinas;Campinas;True;PARDA
43492;3556503.0;Várzea Paulista;Campinas;False;AMARELA
43493;3549805.0;São José do Rio Preto;São José do Rio Preto;False;BRANCA
43494;3542909.0;Ribeirão Bonito;Araraquara;False;BRANCA
43495;3518800.0;Guarulhos;Grande SP Leste;False;PARDA
43496;3518404.0;Guaratinguetá;Taubaté;False;PARDA
43497;3550308.0;São Paulo;Município de São Paulo;False;BRANCA
43498;3550308.0;São Paulo;Município de São Paulo;False;BRANCA
43499;3506003.0;Bauru;Bauru;False;BRANCA
43500;3527108.0;Lins;Bauru;False;PARDA
43501;3547809.0;Santo André;Grande SP Sudeste;False;BRANCA
43502;3557105.0;Votuporanga;São José do Rio Preto;False;BRANCA
43503;3550308.0;São Paulo;Município de São Paulo;False;IGNORADO
43504;3534708.0;Ourinhos;Marília;False;BRANCA
43505;3529005.0;Marília;Marília;False;
43506;3501905.0;Amparo;Campinas;False;BRANCA
43507;3550308.0;São Paulo;Município de São Paulo;False;BRANCA
43508;3508009.0;Buri;Sorocaba;False;PARDA
43509;3541000.0;Praia Grande;Baixada Santista;False;BRANCA
43510;3539707.0;Platina;Marília;False;BRANCA
43511;3548708.0;São Bernardo do Campo;Grande SP Sudeste;False;PRETA
43512;3550308.0;São Paulo;Município de São Paulo;False;BRANCA
43513;3550308.0;São Paulo;Município de São Paulo;False;IGNORADO
43514;3502804.0;Araçatuba;Araçatuba;False;PARDA
43515;3504008.0;Assis;Marília;False;BRANCA
43516;3548807.0;São Caetano do Sul;Grande SP Sudeste;False;IGNORADO
43517;3501905.0;Amparo;Campinas;False;PRETA
43518;3526902.0;Limeira;Piracicaba;False;BRANCA
43519;3525904.0;Jundiaí;Campinas;False;BRANCA
43520;3524402.0;Jacareí;Taubaté;False;PARDA
43521;3538709.0;Piracicaba;Piracicaba;False;BRANCA
43522;3509502.0;Campinas;Campinas;False;IGNORADO
43523;3538709.0;Piracicaba;Piracicaba;False;BRANCA
43524;3518800.0;Guarulhos;Grande SP Leste;False;PARDA
43525;3533908.0;Olímpia;Barretos;False;BRANCA
43526;3501905.0;Amparo;Campinas;False;BRANCA
43527;3512506.0;Coroados;Araçatuba;False;IGNORADO
43528;3552403.0;Sumaré;Campinas;False;BRANCA
43529;3547601.0;Santa Rosa de Viterbo;Ribeirão Preto;False;BRANCA
43530;3550308.0;São Paulo;Município de São Paulo;False;NONE
43531;3526902.0;Limeira;Piracicaba;False;BRANCA
43532;3552502.0;Suzano;Grande SP Leste;False;BRANCA
43533;3552403.0;Sumaré;Campinas;False;PARDA
43534;3506003.0;Bauru;Bauru;False;PARDA
43535;3509502.0;Campinas;Campinas;False;PARDA
43536;3549904.0;São José dos Campos;Taubaté;False;NONE
43537;3552502.0;Suzano;Grande SP Leste;False;AMARELA
43538;3531308.0;Monte Alto;Ribeirão Preto;False;BRANCA
43539;3509601.0;Campo Limpo Paulista;Campinas;False;BRANCA
43540;3557105.0;Votuporanga;São José do Rio Preto;False;PRETA
43541;3509452.0;Campina do Monte Alegre;Sorocaba;False;BRANCA
43542;3519071.0;Hortolândia;Campinas;False;PARDA
43543;3552205.0;Sorocaba;Sorocaba;False;BRANCA
43544;3526902.0;Limeira;Piracicaba;False;PRETA
43545;3538709.0;Piracicaba;Piracicaba;False;BRANCA
43546;3517901.0;Guaraci;Barretos;False;BRANCA
43547;3550308.0;São Paulo;Município de São Paulo;False;PARDA
43548;3545803.0;Santa Bárbara d'Oeste;Campinas;False;BRANCA
43549;3510500.0;Caraguatatuba;Taubaté;False;IGNORADO
43550;3550308.0;São Paulo;Município de São Paulo;False;IGNORADO
43551;3523404.0;Itatiba;Campinas;False;IGNORADO
43552;3556305.0;Valparaíso;Araçatuba;False;BRANCA
43553;3539202.0;Pirapozinho;Presidente Prudente;False;BRANCA
43554;3550308.0;São Paulo;Município de São Paulo;False;PARDA
43555;3505500.0;Barretos;Barretos;False;BRANCA
43556;3550308.0;São Paulo;Município de São Paulo;False;IGNORADO
43557;3504602.0;Bady Bassitt;São José do Rio Preto;False;AMARELA
43558;3518800.0;Guarulhos;Grande SP Leste;False;PARDA
43559;3549805.0;São José do Rio Preto;São José do Rio Preto;False;BRANCA
43560;3530300.0;Mirassol;São José do Rio Preto;False;BRANCA
43561;3530607.0;Mogi das Cruzes;Grande SP Leste;False;BRANCA
43562;3549805.0;São José do Rio Preto;São José do Rio Preto;False;BRANCA
43563;3526902.0;Limeira;Piracicaba;False;BRANCA
43564;3526902.0;Limeira;Piracicaba;False;IGNORADO
43565;3528403.0;Mairinque;Sorocaba;False;BRANCA
43566;3550308.0;São Paulo;Município de São Paulo;False;PARDA
43567;3550308.0;São Paulo;Município de São Paulo;False;PARDA
43568;3516408.0;Franco da Rocha;Grande SP Norte;False;
43569;3550308.0;São Paulo;Município de São Paulo;False;BRANCA
43570;3550308.0;São Paulo;Município de São Paulo;False;BRANCA
43571;3550308.0;São Paulo;Município de São Paulo;False;BRANCA
43572;3550308.0;São Paulo;Município de São Paulo;False;IGNORADO
43573;3510609.0;Carapicuíba;Grande SP Oeste;False;BRANCA
43574;3537602.0;Peruíbe;Baixada Santista;False;PRETA
43575;3550308.0;São Paulo;Município de São Paulo;False;BRANCA
43576;3550308.0;São Paulo;Município de São Paulo;False;BRANCA
43577;3504602.0;Bady Bassitt;São José do Rio Preto;False;BRANCA
43578;3536703.0;Pederneiras;Bauru;False;BRANCA
43579;3515905.0;Floreal;São José do Rio Preto;False;PRETA
43580;3509502.0;Campinas;Campinas;False;BRANCA
43581;3552205.0;Sorocaba;Sorocaba;False;IGNORADO
43582;3502804.0;Araçatuba;Araçatuba;False;PARDA
43583;3550308.0;São Paulo;Município de São Paulo;False;BRANCA
43584;3550308.0;São Paulo;Município de São Paulo;False;AMARELA
43585;3524402.0;Jacareí;Taubaté;False;IGNORADO
43586;3552809.0;Taboão da Serra;Grande SP Sudoeste;False;AMARELA
43587;3520400.0;Ilhabela;Taubaté;False;BRANCA
43588;3552809.0;Taboão da Serra;Grande SP Sudoeste;False;BRANCA
43589;3534708.0;Ourinhos;Marília;False;BRANCA
43590;3557006.0;Votorantim;Sorocaba;False;BRANCA
43591;3509502.0;Campinas;Campinas;False;BRANCA
43592;3514502.0;Duartina;Bauru;False;BRANCA
43593;3542107.0;Rafard;Piracicaba;False;IGNORADO
43594;3543709.0;Rincão;Araraquara;False;BRANCA
43595;3518800.0;Guarulhos;Grande SP Leste;False;BRANCA
43596;3550308.0;São Paulo;Município de São Paulo;False;BRANCA
43597;3541406.0;Presidente Prudente;Presidente Prudente;False;BRANCA
43598;3511102.0;Catanduva;São José do Rio Preto;False;BRANCA
43599;3538006.0;Pindamonhangaba;Taubaté;False;PARDA
43600;3507506.0;Botucatu;Bauru;False;BRANCA
43601;3529401.0;Mauá;Grande SP Sudeste;False;PARDA
43602;3528502.0;Mairiporã;Grande SP Norte;False;BRANCA
43603;3557105.0;Votuporanga;São José do Rio Preto;False;BRANCA
43604;3513801.0;Diadema;Grande SP Sudeste;False;PARDA
43605;3557105.0;Votuporanga;São José do Rio Preto;False;AMARELA
43606;3550308.0;São Paulo;Município de São Paulo;False;IGNORADO
