22084;3535507.0;Paraguaçu Paulista;Marília;False;BRANCA
22085;3518602.0;Guariba;Ribeirão Preto;False;BRANCA
22086;3549805.0;São José do Rio Preto;São José do Rio Preto;True;BRANCA
22087;3549805.0;São José do Rio Preto;São José do Rio Preto;False;BRANCA
22088;3547809.0;Santo André;Grande SP Sudeste;False;IGNORADO
22089;3507605.0;Bragança Paulista;Campinas;False;BRANCA
22090;3503901.0;Arujá;Grande SP Leste;False;PARDA
22091;3509254.0;Cajati;Registro;False;AMARELA
22092;3547809.0;Santo André;Grande SP Sudeste;False;BRANCA
22093;3550308.0;São Paulo;Município de São Paulo;False;IGNORADO
22094;3541406.0;Presidente Prudente;Presidente Prudente;False;BRANCA
22095;3547809.0;Santo André;Grande SP Sudeste;False;PARDA
22096;3547809.0;Santo André;Grande SP Sudeste;False;BRANCA
22097;3524402.0;Jacareí;Taubaté;False;BRANCA
22098;3536703.0;Pederneiras;Bauru;False;IGNORADO
22099;3549409.0;São Joaquim da Barra;Franca;False;BRANCA
22100;3513801.0;Diadema;Grande SP Sudeste;False;BRANCA
22101;3554102.0;Taubaté;Taubaté;False;BRANCA
22102;3547809.0;Santo André;Grande SP Sudeste;False;PARDA
22103;3533304.0;Nova Luzitânia;Araçatuba;False;BRANCA
22104;3550308.0;São Paulo;Município de São Paulo;False;BRANCA
22105;3534401.0;Osasco;Grande SP Oeste;False;PARDA
22106;3525904.0;Jundiaí;Campinas;False;PARDA
22107;3504602.0;Bady Bassitt;São José do Rio Preto;False;IGNORADO
22108;3550308.0;São Paulo;Município de São Paulo;False;IGNORADO
22109;3503307.0;Araras;Piracicaba;False;BRANCA
22110;3530805.0;Mogi Mirim;São João da Boa Vista;False;BRANCA
22111;3535507.0;Paraguaçu Paulista;Marília;False;IGNORADO
22112;3539301.0;Pirassununga;Piracicaba;False;BRANCA
22113;3502804.0;Araçatuba;Araçatuba;False;PARDA
22114;3548708.0;São Bernardo do Campo;Grande SP Sudeste;False;AMARELA
22115;3525904.0;Jundiaí;Campinas;False;BRANCA
22116;3554508.0;Tietê;Sorocaba;False;AMARELA
22117;3550308.0;São Paulo;Município de São Paulo;False;BRANCA
22118;3509502.0;Campinas;Campinas;False;BRANCA
22119;3548708.0;São Bernardo do Campo;Grande SP Sudeste;False;BRANCA
22120;3525904.0;Jundiaí;Campinas;False;BRANCA
22121;3522505.0;Itapevi;Grande SP Oeste;False;BRANCA
22122;3512100.0;Colômbia;Barretos;False;BRANCA
22123;3512803.0;Cosmópolis;Campinas;False;IGNORADO
22124;3516309.0;Francisco Morato;Grande SP Norte;False;PARDA
22125;3509502.0;Campinas;Campinas;False;IGNORADO
22126;3507605.0;Bragança Paulista;Campinas;False;BRANCA
22127;3541406.0;Presidente Prudente;Presidente Prudente;False;BRANCA
22128;3543402.0;Ribeirão Preto;Ribeirão Preto;False;PARDA
22129;3525904.0;Jundiaí;Campinas;False;BRANCA
22130;3529302.0;Matão;Araraquara;False;IGNORADO
22131;3553708.0;Taquaritinga;Araraquara;False;PRETA
22132;3520509.0;Indaiatuba;Campinas;False;BRANCA
22133;3510609.0;Carapicuíba;Grande SP Oeste;False;BRANCA
22134;3530706.0;Mogi Guaçu;São João da Boa Vista;False;BRANCA
22135;3546801.0;Santa Isabel;Grande SP Leste;False;BRANCA
22136;3548500.0;Santos;Baixada Santista;False;PARDA
22137;3549904.0;São José dos Campos;Taubaté;False;BRANCA
22138;3552403.0;Sumaré;Campinas;False;BRANCA
22139;3541208.0;Presidente Bernardes;Presidente Prudente;False;AMARELA
22140;3550308.0;São Paulo;Município de São Paulo;False;
22141;3509007.0;Caieiras;Grande SP Norte;False;BRANCA
22142;3513801.0;Diadema;Grande SP Sudeste;False;BRANCA
22143;3525003.0;Jandira;Grande SP Oeste;False;BRANCA
22144;3534401.0;Osasco;Grande SP Oeste;False;PARDA
22145;3526803.0;Lençóis Paulista;Bauru;False;PRETA
22146;3550308.0;São Paulo;Município de São Paulo;False;BRANCA
22147;3530607.0;Mogi das Cruzes;Grande SP Leste;False;BRANCA
22148;3515806.0;Flora Rica;Presidente Prudente;False;BRANCA
22149;3550308.0;São Paulo;Município de São Paulo;False;PARDA
22150;3509700.0;Campos do Jordão;Taubaté;False;IGNORADO
22151;3519071.0;Hortolândia;Campinas;False;IGNORADO
22152;3524402.0;Jacareí;Taubaté;False;PARDA
22153;3545803.0;Santa Bárbara d'Oeste;Campinas;False;IGNORADO
22154;3548500.0;Santos;Baixada Santista;False;IGNORADO
22155;3505708.0;Barueri;Grande SP Oeste;False;BRANCA
22156;3525904.0;Jundiaí;Campinas;False;BRANCA
22157;3525904.0;Jundiaí;Campinas;False;BRANCA
22158;3522406.0;Itapeva;Sorocaba;False;IGNORADO
22159;3550308.0;São Paulo;Município de São Paulo;True;BRANCA
22160;3550308.0;São Paulo;Município de São Paulo;False;BRANCA
22161;3529005.0;Marília;Marília;False;PRETA
22162;3526209.0;Juquitiba;Grande SP Sudoeste;False;BRANCA
22163;3507100.0;Bom Jesus dos Perdões;Campinas;False;PARDA
22164;3550308.0;São Paulo;Município de São Paulo;False;IGNORADO
22165;3552205.0;Sorocaba;Sorocaba;False;BRANCA
22166;3513405.0;Cruzeiro;Taubaté;False;PARDA
22167;3521002.0;Iperó;Sorocaba;False;IGNORADO
22168;3537404.0;Pereira Barreto;Araçatuba;False;BRANCA
22169;3550308.0;São Paulo;Município de São Paulo;False;BRANCA
22170;3513801.0;Diadema;Grande SP Sudeste;False;IGNORADO
22171;3536505.0;Paulínia;Campinas;False;BRANCA
22172;3550308.0;São Paulo;Município de São Paulo;False;IGNORADO
22173;3548708.0;São Bernardo do Campo;Grande SP Sudeste;True;BRANCA
22174;3550308.0;São Paulo;Município de São Paulo;False;IGNORADO
22175;3518404.0;Guaratinguetá;Taubaté;False;BRANCA
22176;3552205.0;Sorocaba;Sorocaba;False;IGNORADO
22177;3550308.0;São Paulo;Município de São Paulo;False;PARDA
22178;3550308.0;São Paulo;Município de São Paulo;False;BRANCA
22179;3549805.0;São José do Rio Preto;São José do Rio Preto;False;PARDA
22180;3550308.0;São Paulo;Município de São Paulo;False;PARDA
22181;3550308.0;São Paulo;Município de São Paulo;False;PARDA
22182;3550308.0;São Paulo;Município de São Paulo;False;PARDA
22183;3550308.0;São Paulo;Município de São Paulo;False;PRETA
22184;3550308.0;São Paulo;Município de São Paulo;False;BRANCA
22185;3550308.0;São Paulo;Município de São Paulo;False;PARDA
22186;3550308.0;São Paulo;Município de São Paulo;False;PARDA
22187;3550308.0;São Paulo;Município de São Paulo;False;PARDA
22188;3550308.0;São Paulo;Município de São Paulo;False;PARDA
22189;3537602.0;Peruíbe;Baixada Santista;False;PARDA
22190;3550308.0;São Paulo;Município de São Paulo;False;PARDA
22191;3550308.0;São Paulo;Município de São Paulo;False;BRANCA
22192;3550308.0;São Paulo;Município de São Paulo;False;
22193;3533502.0;Novo Horizonte;São José do Rio Preto;True;BRANCA
22194;3539004.0;Pirangi;São José do Rio Preto;True;BRANCA
22195;3511102.0;Catanduva;São José do Rio Preto;False;BRANCA
22196;3528858.0;Marapoama;São José do Rio Preto;True;BRANCA
22197;3533502.0;Novo Horizonte;São José do Rio Preto;False;BRANCA
22198;3544806.0;Sales;São José do Rio Preto;False;BRANCA
22199;3533502.0;Novo Horizonte;São José do Rio Preto;False;BRANCA
22200;3545605.0;Santa Adélia;São José do Rio Preto;False;BRANCA
22201;3533502.0;Novo Horizonte;São José do Rio Preto;False;BRANCA
22202;3535705.0;Paraíso;São José do Rio Preto;False;BRANCA
22203;3511102.0;Catanduva;São José do Rio Preto;True;BRANCA
22204;3533502.0;Novo Horizonte;São José do Rio Preto;False;BRANCA
22205;3505708.0;Barueri;Grande SP Oeste;False;
22206;3522505.0;Itapevi;Grande SP Oeste;False;
22207;3522505.0;Itapevi;Grande SP Oeste;False;
22208;3550308.0;São Paulo;Município de São Paulo;False;
22209;3548500.0;Santos;Baixada Santista;False;BRANCA
22210;3548708.0;São Bernardo do Campo;Grande SP Sudeste;False;BRANCA
22211;3548500.0;Santos;Baixada Santista;False;AMARELA
22212;3550308.0;São Paulo;Município de São Paulo;False;BRANCA
22213;3548500.0;Santos;Baixada Santista;False;BRANCA
22214;3550308.0;São Paulo;Município de São Paulo;False;BRANCA
22215;3550308.0;São Paulo;Município de São Paulo;False;IGNORADO
22216;3549904.0;São José dos Campos;Taubaté;False;BRANCA
22217;3548500.0;Santos;Baixada Santista;False;IGNORADO
22218;3550308.0;São Paulo;Município de São Paulo;False;BRANCA
22219;3551009.0;São Vicente;Baixada Santista;False;BRANCA
22220;3543402.0;Ribeirão Preto;Ribeirão Preto;False;IGNORADO
22221;3551009.0;São Vicente;Baixada Santista;False;IGNORADO
22222;3512407.0;Cordeirópolis;Piracicaba;False;IGNORADO
22223;3543402.0;Ribeirão Preto;Ribeirão Preto;False;IGNORADO
22224;3540705.0;Porto Ferreira;Araraquara;False;BRANCA
