11924;3523404.0;Itatiba;Campinas;False;BRANCA
11925;3515152.0;Engenheiro Coelho;Piracicaba;False;BRANCA
11926;3505203.0;Bariri;Bauru;False;BRANCA
11927;3543907.0;Rio Claro;Piracicaba;False;BRANCA
11928;3550308.0;São Paulo;Município de São Paulo;False;BRANCA
11929;3549805.0;São José do Rio Preto;São José do Rio Preto;False;IGNORADO
11930;3543402.0;Ribeirão Preto;Ribeirão Preto;False;BRANCA
11931;3543402.0;Ribeirão Preto;Ribeirão Preto;False;BRANCA
11932;3550308.0;São Paulo;Município de São Paulo;False;BRANCA
11933;3550308.0;São Paulo;Município de São Paulo;False;IGNORADO
11934;3530607.0;Mogi das Cruzes;Grande SP Leste;False;PARDA
11935;3549904.0;São José dos Campos;Taubaté;False;PARDA
11936;3526803.0;Lençóis Paulista;Bauru;False;BRANCA
11937;3530508.0;Mococa;São João da Boa Vista;False;PARDA
11938;3536505.0;Paulínia;Campinas;False;PARDA
11939;3552205.0;Sorocaba;Sorocaba;False;PARDA
11940;3530607.0;Mogi das Cruzes;Grande SP Leste;False;
11941;3550308.0;São Paulo;Município de São Paulo;False;BRANCA
11942;3529401.0;Mauá;Grande SP Sudeste;False;BRANCA
11943;3524402.0;Jacareí;Taubaté;False;BRANCA
11944;3550308.0;São Paulo;Município de São Paulo;False;NONE
11945;3550308.0;São Paulo;Município de São Paulo;False;BRANCA
11946;3543402.0;Ribeirão Preto;Ribeirão Preto;False;BRANCA
11947;3550308.0;São Paulo;Município de São Paulo;False;BRANCA
11948;3527108.0;Lins;Bauru;False;PARDA
11949;3526704.0;Leme;Piracicaba;False;AMARELA
11950;3538709.0;Piracicaba;Piracicaba;False;BRANCA
11951;3550308.0;São Paulo;Município de São Paulo;False;BRANCA
11952;3551801.0;Sete Barras;Registro;False;BRANCA
11953;3550308.0;São Paulo;Município de São Paulo;False;BRANCA
11954;3550308.0;São Paulo;Município de São Paulo;False;PARDA
11955;3513801.0;Diadema;Grande SP Sudeste;False;BRANCA
11956;3538709.0;Piracicaba;Piracicaba;False;IGNORADO
11957;3509007.0;Caieiras;Grande SP Norte;False;IGNORADO
11958;3547809.0;Santo André;Grande SP Sudeste;False;BRANCA
11959;3549805.0;São José do Rio Preto;São José do Rio Preto;False;BRANCA
11960;3520400.0;Ilhabela;Taubaté;False;BRANCA
11961;3510609.0;Carapicuíba;Grande SP Oeste;False;IGNORADO
11962;3520442.0;Ilha Solteira;Araçatuba;False;BRANCA
11963;3550308.0;São Paulo;Município de São Paulo;False;BRANCA
11964;3552304.0;Sud Mennucci;Araçatuba;False;AMARELA
11965;3529005.0;Marília;Marília;False;BRANCA
11966;3550704.0;São Sebastião;Taubaté;False;AMARELA
11967;3502101.0;Andradina;Araçatuba;False;BRANCA
11968;3509502.0;Campinas;Campinas;False;AMARELA
11969;3509502.0;Campinas;Campinas;False;BRANCA
11970;3550308.0;São Paulo;Município de São Paulo;False;PARDA
11971;3549805.0;São José do Rio Preto;São José do Rio Preto;False;PARDA
11972;3526902.0;Limeira;Piracicaba;False;BRANCA
11973;3530607.0;Mogi das Cruzes;Grande SP Leste;False;IGNORADO
11974;3550308.0;São Paulo;Município de São Paulo;False;BRANCA
11975;3552809.0;Taboão da Serra;Grande SP Sudoeste;False;BRANCA
11976;3549805.0;São José do Rio Preto;São José do Rio Preto;False;BRANCA
11977;3550308.0;São Paulo;Município de São Paulo;False;PARDA
11978;3529401.0;Mauá;Grande SP Sudeste;False;BRANCA
11979;3556206.0;Valinhos;Campinas;False;BRANCA
11980;3550308.0;São Paulo;Município de São Paulo;False;BRANCA
11981;3549805.0;São José do Rio Preto;São José do Rio Preto;False;BRANCA
11982;3549904.0;São José dos Campos;Taubaté;False;IGNORADO
11983;3506003.0;Bauru;Bauru;False;PARDA
11984;3502101.0;Andradina;Araçatuba;False;BRANCA
11985;3543402.0;Ribeirão Preto;Ribeirão Preto;False;BRANCA
11986;3502804.0;Araçatuba;Araçatuba;False;BRANCA
11987;3545209.0;Salto;Sorocaba;False;BRANCA
11988;3550308.0;São Paulo;Município de São Paulo;False;BRANCA
11989;3550308.0;São Paulo;Município de São Paulo;False;IGNORADO
11990;3550308.0;São Paulo;Município de São Paulo;False;BRANCA
11991;3550308.0;São Paulo;Município de São Paulo;False;BRANCA
11992;3501707.0;Américo Brasiliense;Araraquara;False;BRANCA
11993;3515186.0;Espírito Santo do Pinhal;São João da Boa Vista;False;BRANCA
11994;3550308.0;São Paulo;Município de São Paulo;False;BRANCA
11995;3526902.0;Limeira;Piracicaba;False;BRANCA
11996;3538600.0;Piracaia;Campinas;False;BRANCA
11997;3547601.0;Santa Rosa de Viterbo;Ribeirão Preto;False;BRANCA
11998;3525904.0;Jundiaí;Campinas;False;PARDA
11999;3521408.0;Iracemápolis;Piracicaba;False;BRANCA
12000;3524402.0;Jacareí;Taubaté;False;IGNORADO
12001;3515509.0;Fernandópolis;São José do Rio Preto;False;BRANCA
12002;3534708.0;Ourinhos;Marília;False;BRANCA
12003;3550308.0;São Paulo;Município de São Paulo;False;IGNORADO
12004;3513108.0;Cravinhos;Ribeirão Preto;False;BRANCA
12005;3530607.0;Mogi das Cruzes;Grande SP Leste;False;BRANCA
12006;3516200.0;Franca;Franca;False;BRANCA
12007;3529401.0;Mauá;Grande SP Sudeste;False;BRANCA
12008;3525003.0;Jandira;Grande SP Oeste;False;BRANCA
12009;3550308.0;São Paulo;Município de São Paulo;False;BRANCA
12010;3529005.0;Marília;Marília;False;PARDA
12011;3505500.0;Barretos;Barretos;False;IGNORADO
12012;3509502.0;Campinas;Campinas;False;BRANCA
12013;3550308.0;São Paulo;Município de São Paulo;False;
12014;3548500.0;Santos;Baixada Santista;False;BRANCA
12015;3529401.0;Mauá;Grande SP Sudeste;False;PARDA
12016;3520509.0;Indaiatuba;Campinas;False;BRANCA
12017;3543402.0;Ribeirão Preto;Ribeirão Preto;False;IGNORADO
12018;3533403.0;Nova Odessa;Campinas;False;BRANCA
12019;3522505.0;Itapevi;Grande SP Oeste;False;PARDA
12020;3538709.0;Piracicaba;Piracicaba;False;BRANCA
12021;3530300.0;Mirassol;São José do Rio Preto;False;PARDA
12022;3509502.0;Campinas;Campinas;False;BRANCA
12023;3530607.0;Mogi das Cruzes;Grande SP Leste;False;BRANCA
12024;3543402.0;Ribeirão Preto;Ribeirão Preto;False;PARDA
12025;3548708.0;São Bernardo do Campo;Grande SP Sudeste;False;BRANCA
12026;3525300.0;Jaú;Bauru;False;IGNORADO
12027;3543402.0;Ribeirão Preto;Ribeirão Preto;False;PARDA
12028;3548708.0;São Bernardo do Campo;Grande SP Sudeste;False;BRANCA
12029;3543402.0;Ribeirão Preto;Ribeirão Preto;False;BRANCA
12030;3550308.0;São Paulo;Município de São Paulo;False;
12031;3550308.0;São Paulo;Município de São Paulo;False;IGNORADO
12032;3524402.0;Jacareí;Taubaté;False;BRANCA
12033;3545803.0;Santa Bárbara d'Oeste;Campinas;False;BRANCA
12034;3548500.0;Santos;Baixada Santista;False;IGNORADO
12035;3550308.0;São Paulo;Município de São Paulo;False;IGNORADO
12036;3550308.0;São Paulo;Município de São Paulo;False;PARDA
12037;3541406.0;Presidente Prudente;Presidente Prudente;False;BRANCA
12038;3503208.0;Araraquara;Araraquara;False;BRANCA
12039;3548708.0;São Bernardo do Campo;Grande SP Sudeste;False;BRANCA
12040;3550308.0;São Paulo;Município de São Paulo;False;BRANCA
12041;3536505.0;Paulínia;Campinas;False;BRANCA
12042;3543907.0;Rio Claro;Piracicaba;False;BRANCA
12043;3506706.0;Boa Esperança do Sul;Araraquara;False;BRANCA
12044;3552809.0;Taboão da Serra;Grande SP Sudoeste;False;BRANCA
12045;3543402.0;Ribeirão Preto;Ribeirão Preto;False;BRANCA
12046;3548500.0;Santos;Baixada Santista;False;BRANCA
12047;3518800.0;Guarulhos;Grande SP Leste;False;IGNORADO
12048;3549904.0;São José dos Campos;Taubaté;False;BRANCA
12049;3550308.0;São Paulo;Município de São Paulo;False;BRANCA
12050;3529005.0;Marília;Marília;False;BRANCA
12051;3513504.0;Cubatão;Baixada Santista;False;BRANCA
12052;3517505.0;Guapiaçu;São José do Rio Preto;False;BRANCA
12053;3552809.0;Taboão da Serra;Grande SP Sudoeste;False;PARDA
12054;3547601.0;Santa Rosa de Viterbo;Ribeirão Preto;False;AMARELA
12055;3552809.0;Taboão da Serra;Grande SP Sudoeste;False;PARDA
12056;3507605.0;Bragança Paulista;Campinas;False;BRANCA
12057;3547809.0;Santo André;Grande SP Sudeste;False;BRANCA
12058;3546405.0;Santa Cruz do Rio Pardo;Marília;False;BRANCA
12059;3527108.0;Lins;Bauru;False;BRANCA
12060;3552403.0;Sumaré;Campinas;False;BRANCA
12061;3550308.0;São Paulo;Município de São Paulo;False;PRETA
12062;3550308.0;São Paulo;Município de São Paulo;True;PARDA
12063;3538709.0;Piracicaba;Piracicaba;False;IGNORADO
12064;3554003.0;Tatuí;Sorocaba;False;BRANCA
12065;3503208.0;Araraquara;Araraquara;False;PARDA
12066;3550308.0;São Paulo;Município de São Paulo;False;IGNORADO
