15474;3518800.0;Guarulhos;Grande SP Leste;False;
15475;3552403.0;Sumaré;Campinas;False;AMARELA
15476;3512308.0;Conchas;Bauru;False;PARDA
15477;3502804.0;Araçatuba;Araçatuba;False;PARDA
15478;3502101.0;Andradina;Araçatuba;False;PARDA
15479;3508504.0;Caçapava;Taubaté;False;AMARELA
15480;3515202.0;Estrela d'Oeste;São José do Rio Preto;False;BRANCA
15481;3513504.0;Cubatão;Baixada Santista;False;NONE
15482;3550308.0;São Paulo;Município de São Paulo;False;PARDA
15483;3515707.0;Ferraz de Vasconcelos;Grande SP Leste;True;IGNORADO
15484;3549904.0;São José dos Campos;Taubaté;False;BRANCA
15485;3519071.0;Hortolândia;Campinas;False;BRANCA
15486;3550308.0;São Paulo;Município de São Paulo;False;BRANCA
15487;3550308.0;São Paulo;Município de São Paulo;False;IGNORADO
15488;3556503.0;Várzea Paulista;Campinas;False;AMARELA
15489;3550308.0;São Paulo;Município de São Paulo;False;PRETA
15490;3549904.0;São José dos Campos;Taubaté;False;AMARELA
15491;3513009.0;Cotia;Grande SP Sudoeste;False;PARDA
15492;3525003.0;Jandira;Grande SP Oeste;False;IGNORADO
15493;3505708.0;Barueri;Grande SP Oeste;False;PARDA
15494;3536505.0;Paulínia;Campinas;False;BRANCA
15495;3550308.0;São Paulo;Município de São Paulo;False;PARDA
15496;3511102.0;Catanduva;São José do Rio Preto;False;PARDA
15497;3552502.0;Suzano;Grande SP Leste;False;PRETA
15498;3530607.0;Mogi das Cruzes;Grande SP Leste;False;AMARELA
15499;3503604.0;Areiópolis;Bauru;False;BRANCA
15500;3538709.0;Piracicaba;Piracicaba;False;BRANCA
15501;3553302.0;Tambaú;São João da Boa Vista;False;PARDA
15502;3548708.0;São Bernardo do Campo;Grande SP Sudeste;False;BRANCA
15503;3543402.0;Ribeirão Preto;Ribeirão Preto;False;PRETA
15504;3548708.0;São Bernardo do Campo;Grande SP Sudeste;False;BRANCA
15505;3510609.0;Carapicuíba;Grande SP Oeste;False;NONE
15506;3501103.0;Alto Alegre;Araçatuba;False;BRANCA
15507;3513603.0;Cunha;Taubaté;False;BRANCA
15508;3523107.0;Itaquaquecetuba;Grande SP Leste;False;PARDA
15509;3523909.0;Itu;Sorocaba;False;BRANCA
15510;3550308.0;São Paulo;Município de São Paulo;False;BRANCA
15511;3523909.0;Itu;Sorocaba;False;IGNORADO
15512;3510609.0;Carapicuíba;Grande SP Oeste;False;BRANCA
15513;3552403.0;Sumaré;Campinas;False;AMARELA
15514;3530607.0;Mogi das Cruzes;Grande SP Leste;False;BRANCA
15515;3550308.0;São Paulo;Município de São Paulo;False;PARDA
15516;3501905.0;Amparo;Campinas;False;BRANCA
15517;3548500.0;Santos;Baixada Santista;False;
15518;3510609.0;Carapicuíba;Grande SP Oeste;False;IGNORADO
15519;3520509.0;Indaiatuba;Campinas;False;IGNORADO
15520;3501608.0;Americana;Campinas;False;BRANCA
15521;3550308.0;São Paulo;Município de São Paulo;False;IGNORADO
15522;3548906.0;São Carlos;Araraquara;False;BRANCA
15523;3550308.0;São Paulo;Município de São Paulo;False;PARDA
15524;3550308.0;São Paulo;Município de São Paulo;False;IGNORADO
15525;3513801.0;Diadema;Grande SP Sudeste;False;
15526;3510500.0;Caraguatatuba;Taubaté;False;PARDA
15527;3550308.0;São Paulo;Município de São Paulo;False;BRANCA
15528;3540804.0;Potirendaba;São José do Rio Preto;False;BRANCA
15529;3512407.0;Cordeirópolis;Piracicaba;False;AMARELA
15530;3550308.0;São Paulo;Município de São Paulo;False;PARDA
15531;3550308.0;São Paulo;Município de São Paulo;False;AMARELA
15532;3538709.0;Piracicaba;Piracicaba;False;PARDA
15533;3551009.0;São Vicente;Baixada Santista;False;PARDA
15534;3507506.0;Botucatu;Bauru;False;BRANCA
15535;3518701.0;Guarujá;Baixada Santista;False;BRANCA
15536;3526803.0;Lençóis Paulista;Bauru;False;PRETA
15537;3522307.0;Itapetininga;Sorocaba;False;BRANCA
15538;3506003.0;Bauru;Bauru;False;BRANCA
15539;3550308.0;São Paulo;Município de São Paulo;False;
15540;3523909.0;Itu;Sorocaba;False;PARDA
15541;3550308.0;São Paulo;Município de São Paulo;False;PARDA
15542;3550308.0;São Paulo;Município de São Paulo;False;PARDA
15543;3550308.0;São Paulo;Município de São Paulo;False;PRETA
15544;3548807.0;São Caetano do Sul;Grande SP Sudeste;False;PARDA
15545;3548609.0;São Bento do Sapucaí;Taubaté;False;BRANCA
15546;3550308.0;São Paulo;Município de São Paulo;False;PARDA
15547;3550308.0;São Paulo;Município de São Paulo;False;PARDA
15548;3550308.0;São Paulo;Município de São Paulo;False;BRANCA
15549;3550308.0;São Paulo;Município de São Paulo;True;BRANCA
15550;3549904.0;São José dos Campos;Taubaté;False;IGNORADO
15551;3518800.0;Guarulhos;Grande SP Leste;False;PARDA
15552;3518800.0;Guarulhos;Grande SP Leste;False;PARDA
15553;3550308.0;São Paulo;Município de São Paulo;False;AMARELA
15554;3550308.0;São Paulo;Município de São Paulo;True;PARDA
15555;3513801.0;Diadema;Grande SP Sudeste;False;BRANCA
15556;3550308.0;São Paulo;Município de São Paulo;False;PARDA
15557;3550308.0;São Paulo;Município de São Paulo;False;BRANCA
15558;3515186.0;Espírito Santo do Pinhal;São João da Boa Vista;False;BRANCA
15559;3550308.0;São Paulo;Município de São Paulo;False;BRANCA
15560;3534401.0;Osasco;Grande SP Oeste;False;BRANCA
15561;3550308.0;São Paulo;Município de São Paulo;False;IGNORADO
15562;3501608.0;Americana;Campinas;False;IGNORADO
15563;3550308.0;São Paulo;Município de São Paulo;False;PRETA
15564;3510609.0;Carapicuíba;Grande SP Oeste;False;IGNORADO
15565;3520509.0;Indaiatuba;Campinas;False;BRANCA
15566;3518800.0;Guarulhos;Grande SP Leste;False;PARDA
15567;3513801.0;Diadema;Grande SP Sudeste;False;BRANCA
15568;3518701.0;Guarujá;Baixada Santista;False;BRANCA
15569;3511904.0;Clementina;Araçatuba;False;BRANCA
15570;3548708.0;São Bernardo do Campo;Grande SP Sudeste;False;PARDA
15571;3549805.0;São José do Rio Preto;São José do Rio Preto;False;PARDA
15572;3548708.0;São Bernardo do Campo;Grande SP Sudeste;False;BRANCA
15573;3550308.0;São Paulo;Município de São Paulo;False;PARDA
15574;3550308.0;São Paulo;Município de São Paulo;False;BRANCA
15575;3546306.0;Santa Cruz das Palmeiras;São João da Boa Vista;False;PARDA
15576;3501905.0;Amparo;Campinas;False;BRANCA
15577;3530706.0;Mogi Guaçu;São João da Boa Vista;False;BRANCA
15578;3534401.0;Osasco;Grande SP Oeste;False;NONE
15579;3548500.0;Santos;Baixada Santista;True;BRANCA
15580;3545209.0;Salto;Sorocaba;False;IGNORADO
15581;3550308.0;São Paulo;Município de São Paulo;False;IGNORADO
15582;3550308.0;São Paulo;Município de São Paulo;False;BRANCA
15583;3550308.0;São Paulo;Município de São Paulo;False;BRANCA
15584;3550308.0;São Paulo;Município de São Paulo;False;BRANCA
15585;3552502.0;Suzano;Grande SP Leste;False;BRANCA
15586;3522505.0;Itapevi;Grande SP Oeste;False;BRANCA
15587;3518800.0;Guarulhos;Grande SP Leste;False;PARDA
15588;3524402.0;Jacareí;Taubaté;False;BRANCA
15589;3505500.0;Barretos;Barretos;False;IGNORADO
15590;3550308.0;São Paulo;Município de São Paulo;False;IGNORADO
15591;3549904.0;São José dos Campos;Taubaté;False;IGNORADO
15592;3550308.0;São Paulo;Município de São Paulo;False;BRANCA
15593;3548708.0;São Bernardo do Campo;Grande SP Sudeste;False;BRANCA
15594;3509502.0;Campinas;Campinas;False;PRETA
15595;3550308.0;São Paulo;Município de São Paulo;False;PARDA
15596;3550308.0;São Paulo;Município de São Paulo;False;AMARELA
15597;3525904.0;Jundiaí;Campinas;False;BRANCA
15598;3550308.0;São Paulo;Município de São Paulo;False;NONE
15599;3550308.0;São Paulo;Município de São Paulo;False;PRETA
15600;3550308.0;São Paulo;Município de São Paulo;False;PARDA
15601;3550308.0;São Paulo;Município de São Paulo;False;IGNORADO
15602;3548500.0;Santos;Baixada Santista;False;BRANCA
15603;3513504.0;Cubatão;Baixada Santista;False;BRANCA
15604;3550308.0;São Paulo;Município de São Paulo;False;BRANCA
15605;3538006.0;Pindamonhangaba;Taubaté;False;BRANCA
15606;3550308.0;São Paulo;Município de São Paulo;False;PARDA
15607;3552205.0;Sorocaba;Sorocaba;False;BRANCA
15608;3513801.0;Diadema;Grande SP Sudeste;False;PRETA
15609;3537305.0;Penápolis;Araçatuba;False;BRANCA
15610;3550308.0;São Paulo;Município de São Paulo;False;PARDA
15611;3552809.0;Taboão da Serra;Grande SP Sudoeste;False;PRETA
15612;3518800.0;Guarulhos;Grande SP Leste;True;PARDA
15613;3550308.0;São Paulo;Município de São Paulo;False;NONE
15614;3550308.0;São Paulo;Município de São Paulo;False;PRETA
15615;3518701.0;Guarujá;Baixada Santista;False;PARDA
