33564;3535101.0;Palmares Paulista;São José do Rio Preto;False;BRANCA
33565;3516200.0;Franca;Franca;False;BRANCA
33566;3502804.0;Araçatuba;Araçatuba;False;BRANCA
33567;3541901.0;Queluz;Taubaté;False;AMARELA
33568;3534401.0;Osasco;Grande SP Oeste;False;
33569;3554102.0;Taubaté;Taubaté;False;BRANCA
33570;3506003.0;Bauru;Bauru;False;BRANCA
33571;3522307.0;Itapetininga;Sorocaba;False;NONE
33572;3519402.0;Ibirá;São José do Rio Preto;False;BRANCA
33573;3516705.0;Garça;Marília;False;BRANCA
33574;3550308.0;São Paulo;Município de São Paulo;False;PARDA
33575;3530508.0;Mococa;São João da Boa Vista;False;BRANCA
33576;3531100.0;Mongaguá;Baixada Santista;False;PARDA
33577;3536505.0;Paulínia;Campinas;False;IGNORADO
33578;3550100.0;São Manuel;Bauru;False;BRANCA
33579;3532504.0;Neves Paulista;São José do Rio Preto;False;PARDA
33580;3536703.0;Pederneiras;Bauru;False;BRANCA
33581;3550308.0;São Paulo;Município de São Paulo;False;PRETA
33582;3528403.0;Mairinque;Sorocaba;False;BRANCA
33583;3548708.0;São Bernardo do Campo;Grande SP Sudeste;False;BRANCA
33584;3530706.0;Mogi Guaçu;São João da Boa Vista;False;BRANCA
33585;3502804.0;Araçatuba;Araçatuba;False;IGNORADO
33586;3515608.0;Fernando Prestes;São José do Rio Preto;False;BRANCA
33587;3550308.0;São Paulo;Município de São Paulo;False;IGNORADO
33588;3550308.0;São Paulo;Município de São Paulo;False;BRANCA
33589;3516200.0;Franca;Franca;False;PARDA
33590;3553401.0;Tanabi;São José do Rio Preto;False;BRANCA
33591;3556305.0;Valparaíso;Araçatuba;False;BRANCA
33592;3547304.0;Santana de Parnaíba;Grande SP Oeste;False;BRANCA
33593;3548708.0;São Bernardo do Campo;Grande SP Sudeste;False;IGNORADO
33594;3541604.0;Promissão;Bauru;False;BRANCA
33595;3550308.0;São Paulo;Município de São Paulo;False;PARDA
33596;3552502.0;Suzano;Grande SP Leste;False;AMARELA
33597;3548708.0;São Bernardo do Campo;Grande SP Sudeste;False;BRANCA
33598;3527306.0;Louveira;Campinas;False;BRANCA
33599;3547809.0;Santo André;Grande SP Sudeste;False;IGNORADO
33600;3550308.0;São Paulo;Município de São Paulo;False;PRETA
33601;3546702.0;Santa Gertrudes;Piracicaba;False;BRANCA
33602;3550308.0;São Paulo;Município de São Paulo;False;IGNORADO
33603;3541000.0;Praia Grande;Baixada Santista;False;BRANCA
33604;3529302.0;Matão;Araraquara;False;BRANCA
33605;3549805.0;São José do Rio Preto;São José do Rio Preto;False;BRANCA
33606;3550308.0;São Paulo;Município de São Paulo;False;
33607;3550308.0;São Paulo;Município de São Paulo;False;IGNORADO
33608;3515707.0;Ferraz de Vasconcelos;Grande SP Leste;False;AMARELA
33609;3550308.0;São Paulo;Município de São Paulo;False;BRANCA
33610;3551009.0;São Vicente;Baixada Santista;False;BRANCA
33611;3552205.0;Sorocaba;Sorocaba;False;BRANCA
33612;3548807.0;São Caetano do Sul;Grande SP Sudeste;False;BRANCA
33613;3550308.0;São Paulo;Município de São Paulo;False;BRANCA
33614;3550308.0;São Paulo;Município de São Paulo;False;BRANCA
33615;3550308.0;São Paulo;Município de São Paulo;False;BRANCA
33616;3547809.0;Santo André;Grande SP Sudeste;False;PARDA
33617;3550308.0;São Paulo;Município de São Paulo;False;PARDA
33618;3539806.0;Poá;Grande SP Leste;False;BRANCA
33619;3550308.0;São Paulo;Município de São Paulo;False;PARDA
33620;3509502.0;Campinas;Campinas;False;PARDA
33621;3509502.0;Campinas;Campinas;False;IGNORADO
33622;3543402.0;Ribeirão Preto;Ribeirão Preto;False;PARDA
33623;3550308.0;São Paulo;Município de São Paulo;False;BRANCA
33624;3502804.0;Araçatuba;Araçatuba;False;BRANCA
33625;3509007.0;Caieiras;Grande SP Norte;False;BRANCA
33626;3550308.0;São Paulo;Município de São Paulo;False;IGNORADO
33627;3503901.0;Arujá;Grande SP Leste;False;BRANCA
33628;3516804.0;Gastão Vidigal;São José do Rio Preto;False;BRANCA
33629;3550308.0;São Paulo;Município de São Paulo;False;NONE
33630;3518800.0;Guarulhos;Grande SP Leste;False;PARDA
33631;3529401.0;Mauá;Grande SP Sudeste;False;IGNORADO
33632;3506003.0;Bauru;Bauru;True;IGNORADO
33633;3549805.0;São José do Rio Preto;São José do Rio Preto;False;BRANCA
33634;3509502.0;Campinas;Campinas;False;PRETA
33635;3552205.0;Sorocaba;Sorocaba;False;BRANCA
33636;3505500.0;Barretos;Barretos;False;BRANCA
33637;3547809.0;Santo André;Grande SP Sudeste;False;BRANCA
33638;3541000.0;Praia Grande;Baixada Santista;False;PARDA
33639;3505906.0;Batatais;Ribeirão Preto;False;BRANCA
33640;3550308.0;São Paulo;Município de São Paulo;False;IGNORADO
33641;3552205.0;Sorocaba;Sorocaba;False;IGNORADO
33642;3550308.0;São Paulo;Município de São Paulo;False;BRANCA
33643;3550308.0;São Paulo;Município de São Paulo;False;IGNORADO
33644;3552809.0;Taboão da Serra;Grande SP Sudoeste;False;BRANCA
33645;3543402.0;Ribeirão Preto;Ribeirão Preto;False;BRANCA
33646;3546801.0;Santa Isabel;Grande SP Leste;False;BRANCA
33647;3525508.0;Joanópolis;Campinas;False;BRANCA
33648;3552809.0;Taboão da Serra;Grande SP Sudoeste;False;PARDA
33649;3520509.0;Indaiatuba;Campinas;False;IGNORADO
33650;3547809.0;Santo André;Grande SP Sudeste;False;NONE
33651;3545803.0;Santa Bárbara d'Oeste;Campinas;False;PRETA
33652;3547809.0;Santo André;Grande SP Sudeste;False;PARDA
33653;3509502.0;Campinas;Campinas;False;PARDA
33654;3501608.0;Americana;Campinas;False;BRANCA
33655;3502804.0;Araçatuba;Araçatuba;False;BRANCA
33656;3538709.0;Piracicaba;Piracicaba;False;PARDA
33657;3534401.0;Osasco;Grande SP Oeste;False;
33658;3550308.0;São Paulo;Município de São Paulo;False;BRANCA
33659;3552205.0;Sorocaba;Sorocaba;False;BRANCA
33660;3550308.0;São Paulo;Município de São Paulo;False;IGNORADO
33661;3548708.0;São Bernardo do Campo;Grande SP Sudeste;False;BRANCA
33662;3546603.0;Santa Fé do Sul;São José do Rio Preto;False;BRANCA
33663;3516200.0;Franca;Franca;False;IGNORADO
33664;3550308.0;São Paulo;Município de São Paulo;False;PARDA
33665;3550308.0;São Paulo;Município de São Paulo;False;BRANCA
33666;3507803.0;Brodowski;Ribeirão Preto;False;IGNORADO
33667;3538006.0;Pindamonhangaba;Taubaté;False;BRANCA
33668;3550308.0;São Paulo;Município de São Paulo;False;PARDA
33669;3518701.0;Guarujá;Baixada Santista;False;IGNORADO
33670;3509502.0;Campinas;Campinas;False;BRANCA
33671;3540606.0;Porto Feliz;Sorocaba;False;BRANCA
33672;3550308.0;São Paulo;Município de São Paulo;False;BRANCA
33673;3505708.0;Barueri;Grande SP Oeste;False;BRANCA
33674;3550308.0;São Paulo;Município de São Paulo;False;
33675;3518800.0;Guarulhos;Grande SP Leste;False;BRANCA
33676;3550308.0;São Paulo;Município de São Paulo;False;BRANCA
33677;3550308.0;São Paulo;Município de São Paulo;False;PARDA
33678;3550308.0;São Paulo;Município de São Paulo;False;NONE
33679;3547809.0;Santo André;Grande SP Sudeste;False;AMARELA
33680;3515004.0;Embu das Artes;Grande SP Sudoeste;False;BRANCA
33681;3528502.0;Mairiporã;Grande SP Norte;False;BRANCA
33682;3550308.0;São Paulo;Município de São Paulo;False;BRANCA
33683;3518800.0;Guarulhos;Grande SP Leste;False;
33684;3549805.0;São José do Rio Preto;São José do Rio Preto;False;IGNORADO
33685;3518800.0;Guarulhos;Grande SP Leste;False;AMARELA
33686;3548500.0;Santos;Baixada Santista;False;BRANCA
33687;3515509.0;Fernandópolis;São José do Rio Preto;False;BRANCA
33688;3518701.0;Guarujá;Baixada Santista;False;BRANCA
33689;3550308.0;São Paulo;Município de São Paulo;False;IGNORADO
33690;3500600.0;Águas de São Pedro;Piracicaba;False;BRANCA
33691;3550308.0;São Paulo;Município de São Paulo;False;BRANCA
33692;3548708.0;São Bernardo do Campo;Grande SP Sudeste;False;IGNORADO
33693;3541000.0;Praia Grande;Baixada Santista;False;BRANCA
33694;3550308.0;São Paulo;Município de São Paulo;False;BRANCA
33695;3550308.0;São Paulo;Município de São Paulo;False;PARDA
33696;3549805.0;São José do Rio Preto;São José do Rio Preto;False;BRANCA
33697;3550308.0;São Paulo;Município de São Paulo;False;IGNORADO
33698;3541406.0;Presidente Prudente;Presidente Prudente;False;IGNORADO
33699;3552205.0;Sorocaba;Sorocaba;False;BRANCA
33700;3507506.0;Botucatu;Bauru;False;BRANCA
33701;3546306.0;Santa Cruz das Palmeiras;São João da Boa Vista;False;BRANCA
33702;3550308.0;São Paulo;Município de São Paulo;False;
33703;3550308.0;São Paulo;Município de São Paulo;False;
