3790;3523404.0;Itatiba;Campinas;False;IGNORADO
3791;3518800.0;Guarulhos;Grande SP Leste;False;NONE
3792;3549904.0;São José dos Campos;Taubaté;False;IGNORADO
3793;3549805.0;São José do Rio Preto;São José do Rio Preto;False;BRANCA
3794;3550308.0;São Paulo;Município de São Paulo;False;BRANCA
3795;3515004.0;Embu das Artes;Grande SP Sudoeste;False;BRANCA
3796;3554102.0;Taubaté;Taubaté;False;PARDA
3797;3554102.0;Taubaté;Taubaté;False;BRANCA
3798;3550308.0;São Paulo;Município de São Paulo;True;PRETA
3799;3501608.0;Americana;Campinas;False;BRANCA
3800;3512803.0;Cosmópolis;Campinas;False;BRANCA
3801;3550308.0;São Paulo;Município de São Paulo;False;BRANCA
3802;3550308.0;São Paulo;Município de São Paulo;False;PARDA
3803;3549805.0;São José do Rio Preto;São José do Rio Preto;False;BRANCA
3804;3550308.0;São Paulo;Município de São Paulo;False;AMARELA
3805;3503307.0;Araras;Piracicaba;False;IGNORADO
3806;3548708.0;São Bernardo do Campo;Grande SP Sudeste;False;BRANCA
3807;3502101.0;Andradina;Araçatuba;False;BRANCA
3808;3538709.0;Piracicaba;Piracicaba;False;IGNORADO
3809;3543907.0;Rio Claro;Piracicaba;False;BRANCA
3810;3500105.0;Adamantina;Marília;False;BRANCA
3811;3552205.0;Sorocaba;Sorocaba;False;BRANCA
3812;3506003.0;Bauru;Bauru;False;IGNORADO
3813;3550308.0;São Paulo;Município de São Paulo;False;IGNORADO
3814;3506003.0;Bauru;Bauru;False;BRANCA
3815;3550308.0;São Paulo;Município de São Paulo;False;
3816;3520400.0;Ilhabela;Taubaté;False;PARDA
3817;3533403.0;Nova Odessa;Campinas;False;BRANCA
3818;3537305.0;Penápolis;Araçatuba;False;PARDA
3819;3550308.0;São Paulo;Município de São Paulo;False;NONE
3820;3550308.0;São Paulo;Município de São Paulo;False;BRANCA
3821;3511003.0;Castilho;Araçatuba;False;BRANCA
3822;3530300.0;Mirassol;São José do Rio Preto;False;BRANCA
3823;3518701.0;Guarujá;Baixada Santista;False;AMARELA
3824;3511102.0;Catanduva;São José do Rio Preto;False;BRANCA
3825;3549904.0;São José dos Campos;Taubaté;False;BRANCA
3826;3541604.0;Promissão;Bauru;False;BRANCA
3827;3518800.0;Guarulhos;Grande SP Leste;False;PARDA
3828;3550308.0;São Paulo;Município de São Paulo;False;BRANCA
3829;3552205.0;Sorocaba;Sorocaba;False;BRANCA
3830;3529807.0;Mineiros do Tietê;Bauru;False;BRANCA
3831;3541208.0;Presidente Bernardes;Presidente Prudente;False;BRANCA
3832;3513504.0;Cubatão;Baixada Santista;False;PARDA
3833;3509007.0;Caieiras;Grande SP Norte;False;IGNORADO
3834;3534708.0;Ourinhos;Marília;False;BRANCA
3835;3509502.0;Campinas;Campinas;False;PARDA
3836;3510401.0;Capivari;Piracicaba;False;BRANCA
3837;3510609.0;Carapicuíba;Grande SP Oeste;False;IGNORADO
3838;3529906.0;Miracatu;Registro;False;BRANCA
3839;3549706.0;São José do Rio Pardo;São João da Boa Vista;False;BRANCA
3840;3550308.0;São Paulo;Município de São Paulo;False;PRETA
3841;3547809.0;Santo André;Grande SP Sudeste;False;BRANCA
3842;3550308.0;São Paulo;Município de São Paulo;False;IGNORADO
3843;3529005.0;Marília;Marília;False;BRANCA
3844;3521150.0;Ipiguá;São José do Rio Preto;False;BRANCA
3845;3506003.0;Bauru;Bauru;False;BRANCA
3846;3534401.0;Osasco;Grande SP Oeste;False;BRANCA
3847;3529005.0;Marília;Marília;False;BRANCA
3848;3505708.0;Barueri;Grande SP Oeste;False;PARDA
3849;3550308.0;São Paulo;Município de São Paulo;False;BRANCA
3850;3543402.0;Ribeirão Preto;Ribeirão Preto;False;BRANCA
3851;3547809.0;Santo André;Grande SP Sudeste;False;
3852;3518800.0;Guarulhos;Grande SP Leste;False;BRANCA
3853;3518800.0;Guarulhos;Grande SP Leste;False;BRANCA
3854;3505500.0;Barretos;Barretos;False;BRANCA
3855;3548807.0;São Caetano do Sul;Grande SP Sudeste;False;BRANCA
3856;3537305.0;Penápolis;Araçatuba;False;BRANCA
3857;3534401.0;Osasco;Grande SP Oeste;False;BRANCA
3858;3550308.0;São Paulo;Município de São Paulo;False;NONE
3859;3550308.0;São Paulo;Município de São Paulo;False;BRANCA
3860;3550308.0;São Paulo;Município de São Paulo;False;BRANCA
3861;3547304.0;Santana de Parnaíba;Grande SP Oeste;False;IGNORADO
3862;3534401.0;Osasco;Grande SP Oeste;False;BRANCA
3863;3506003.0;Bauru;Bauru;False;BRANCA
3864;3506003.0;Bauru;Bauru;False;IGNORADO
3865;3555406.0;Ubatuba;Taubaté;False;BRANCA
3866;3510609.0;Carapicuíba;Grande SP Oeste;False;IGNORADO
3867;3513801.0;Diadema;Grande SP Sudeste;False;PARDA
3868;3502804.0;Araçatuba;Araçatuba;False;PARDA
3869;3525904.0;Jundiaí;Campinas;False;BRANCA
3870;3549805.0;São José do Rio Preto;São José do Rio Preto;False;BRANCA
3871;3550308.0;São Paulo;Município de São Paulo;False;BRANCA
3872;3550308.0;São Paulo;Município de São Paulo;False;AMARELA
3873;3550308.0;São Paulo;Município de São Paulo;False;BRANCA
3874;3511102.0;Catanduva;São José do Rio Preto;False;BRANCA
3875;3518602.0;Guariba;Ribeirão Preto;False;NONE
3876;3541000.0;Praia Grande;Baixada Santista;False;BRANCA
3877;3509502.0;Campinas;Campinas;False;BRANCA
3878;3514601.0;Dumont;Ribeirão Preto;False;BRANCA
3879;3508009.0;Buri;Sorocaba;False;BRANCA
3880;3538808.0;Piraju;Bauru;False;BRANCA
3881;3508504.0;Caçapava;Taubaté;False;IGNORADO
3882;3550308.0;São Paulo;Município de São Paulo;False;BRANCA
3883;3549805.0;São José do Rio Preto;São José do Rio Preto;False;BRANCA
3884;3509502.0;Campinas;Campinas;False;BRANCA
3885;3548807.0;São Caetano do Sul;Grande SP Sudeste;False;BRANCA
3886;3550308.0;São Paulo;Município de São Paulo;False;PRETA
3887;3550308.0;São Paulo;Município de São Paulo;False;BRANCA
3888;3522208.0;Itapecerica da Serra;Grande SP Sudoeste;False;AMARELA
3889;3547809.0;Santo André;Grande SP Sudeste;False;BRANCA
3890;3509502.0;Campinas;Campinas;False;BRANCA
3891;3549904.0;São José dos Campos;Taubaté;False;PARDA
3892;3550308.0;São Paulo;Município de São Paulo;False;BRANCA
3893;3550308.0;São Paulo;Município de São Paulo;False;IGNORADO
3894;3549805.0;São José do Rio Preto;São José do Rio Preto;False;IGNORADO
3895;3550308.0;São Paulo;Município de São Paulo;False;BRANCA
3896;3550308.0;São Paulo;Município de São Paulo;False;
3897;3550308.0;São Paulo;Município de São Paulo;False;BRANCA
3898;3550308.0;São Paulo;Município de São Paulo;False;IGNORADO
3899;3550308.0;São Paulo;Município de São Paulo;False;BRANCA
3900;3511706.0;Charqueada;Piracicaba;False;BRANCA
3901;3507407.0;Borborema;Araraquara;False;BRANCA
3902;3556701.0;Vinhedo;Campinas;True;BRANCA
3903;3548708.0;São Bernardo do Campo;Grande SP Sudeste;False;
3904;3531308.0;Monte Alto;Ribeirão Preto;False;BRANCA
3905;3536208.0;Pariquera-Açu;Registro;False;BRANCA
3906;3550308.0;São Paulo;Município de São Paulo;False;BRANCA
3907;3552403.0;Sumaré;Campinas;False;BRANCA
3908;3533908.0;Olímpia;Barretos;False;BRANCA
3909;3520509.0;Indaiatuba;Campinas;False;BRANCA
3910;3512001.0;Colina;Barretos;False;BRANCA
3911;3550308.0;São Paulo;Município de São Paulo;False;BRANCA
3912;3547809.0;Santo André;Grande SP Sudeste;False;BRANCA
3913;3551702.0;Sertãozinho;Ribeirão Preto;False;BRANCA
3914;3547809.0;Santo André;Grande SP Sudeste;False;PARDA
3915;3550308.0;São Paulo;Município de São Paulo;False;
3916;3518800.0;Guarulhos;Grande SP Leste;True;BRANCA
3917;3516705.0;Garça;Marília;False;BRANCA
3918;3528403.0;Mairinque;Sorocaba;False;BRANCA
3919;3502804.0;Araçatuba;Araçatuba;False;BRANCA
3920;3549904.0;São José dos Campos;Taubaté;False;BRANCA
3921;3550308.0;São Paulo;Município de São Paulo;False;AMARELA
3922;3505500.0;Barretos;Barretos;False;IGNORADO
3923;3552205.0;Sorocaba;Sorocaba;False;AMARELA
3924;3550308.0;São Paulo;Município de São Paulo;False;PRETA
3925;3539806.0;Poá;Grande SP Leste;False;IGNORADO
3926;3550308.0;São Paulo;Município de São Paulo;False;PARDA
3927;3550308.0;São Paulo;Município de São Paulo;False;BRANCA
3928;3523404.0;Itatiba;Campinas;False;BRANCA
3929;3557006.0;Votorantim;Sorocaba;False;IGNORADO
3930;3538709.0;Piracicaba;Piracicaba;False;BRANCA
3931;3549805.0;São José do Rio Preto;São José do Rio Preto;False;PARDA
3932;3515707.0;Ferraz de Vasconcelos;Grande SP Leste;False;PARDA
3933;3503307.0;Araras;Piracicaba;False;BRANCA
3934;3505708.0;Barueri;Grande SP Oeste;False;PRETA
3935;3519071.0;Hortolândia;Campinas;False;
3936;3550308.0;São Paulo;Município de São Paulo;False;PARDA
3937;3504503.0;Avaré;Bauru;False;BRANCA
