14362;3505203.0;Bariri;Bauru;False;BRANCA
14363;3507506.0;Botucatu;Bauru;False;BRANCA
14364;3513801.0;Diadema;Grande SP Sudeste;False;BRANCA
14365;3538709.0;Piracicaba;Piracicaba;False;PARDA
14366;3539301.0;Pirassununga;Piracicaba;False;PRETA
14367;3549706.0;São José do Rio Pardo;São João da Boa Vista;False;AMARELA
14368;3550308.0;São Paulo;Município de São Paulo;False;IGNORADO
14369;3553609.0;Tapiratiba;São João da Boa Vista;False;BRANCA
14370;3506003.0;Bauru;Bauru;False;IGNORADO
14371;3503307.0;Araras;Piracicaba;False;BRANCA
14372;3549102.0;São João da Boa Vista;São João da Boa Vista;False;BRANCA
14373;3503307.0;Araras;Piracicaba;False;PARDA
14374;3550308.0;São Paulo;Município de São Paulo;False;PARDA
14375;3508603.0;Cachoeira Paulista;Taubaté;False;BRANCA
14376;3550308.0;São Paulo;Município de São Paulo;False;PARDA
14377;3501608.0;Americana;Campinas;False;BRANCA
14378;3526902.0;Limeira;Piracicaba;False;BRANCA
14379;3554003.0;Tatuí;Sorocaba;False;BRANCA
14380;3543907.0;Rio Claro;Piracicaba;False;BRANCA
14381;3545209.0;Salto;Sorocaba;False;PARDA
14382;3538709.0;Piracicaba;Piracicaba;False;IGNORADO
14383;3513504.0;Cubatão;Baixada Santista;False;
14384;3550308.0;São Paulo;Município de São Paulo;False;BRANCA
14385;3550308.0;São Paulo;Município de São Paulo;False;
14386;3550308.0;São Paulo;Município de São Paulo;False;IGNORADO
14387;3557006.0;Votorantim;Sorocaba;False;IGNORADO
14388;3547304.0;Santana de Parnaíba;Grande SP Oeste;False;BRANCA
14389;3550308.0;São Paulo;Município de São Paulo;False;IGNORADO
14390;3529401.0;Mauá;Grande SP Sudeste;False;BRANCA
14391;3506805.0;Bocaina;Bauru;False;BRANCA
14392;3548708.0;São Bernardo do Campo;Grande SP Sudeste;False;PARDA
14393;3547809.0;Santo André;Grande SP Sudeste;False;PARDA
14394;3549805.0;São José do Rio Preto;São José do Rio Preto;False;PARDA
14395;3548500.0;Santos;Baixada Santista;False;BRANCA
14396;3520509.0;Indaiatuba;Campinas;False;IGNORADO
14397;3550308.0;São Paulo;Município de São Paulo;False;PARDA
14398;3555406.0;Ubatuba;Taubaté;False;BRANCA
14399;3550308.0;São Paulo;Município de São Paulo;False;BRANCA
14400;3525904.0;Jundiaí;Campinas;False;BRANCA
14401;3538709.0;Piracicaba;Piracicaba;False;BRANCA
14402;3505500.0;Barretos;Barretos;False;BRANCA
14403;3543303.0;Ribeirão Pires;Grande SP Sudeste;False;BRANCA
14404;3550308.0;São Paulo;Município de São Paulo;False;IGNORADO
14405;3548708.0;São Bernardo do Campo;Grande SP Sudeste;False;BRANCA
14406;3553104.0;Taiaçu;Barretos;False;AMARELA
14407;3524303.0;Jaboticabal;Ribeirão Preto;False;BRANCA
14408;3549904.0;São José dos Campos;Taubaté;False;BRANCA
14409;3533502.0;Novo Horizonte;São José do Rio Preto;False;BRANCA
14410;3540804.0;Potirendaba;São José do Rio Preto;False;BRANCA
14411;3505302.0;Barra Bonita;Bauru;False;BRANCA
14412;3550308.0;São Paulo;Município de São Paulo;False;PARDA
14413;3551702.0;Sertãozinho;Ribeirão Preto;False;BRANCA
14414;3546207.0;Santa Cruz da Conceição;Piracicaba;False;BRANCA
14415;3549904.0;São José dos Campos;Taubaté;False;BRANCA
14416;3550308.0;São Paulo;Município de São Paulo;False;PRETA
14417;3550308.0;São Paulo;Município de São Paulo;False;BRANCA
14418;3552205.0;Sorocaba;Sorocaba;False;BRANCA
14419;3538709.0;Piracicaba;Piracicaba;False;AMARELA
14420;3502804.0;Araçatuba;Araçatuba;False;IGNORADO
14421;3550308.0;São Paulo;Município de São Paulo;False;AMARELA
14422;3556206.0;Valinhos;Campinas;False;BRANCA
14423;3504107.0;Atibaia;Campinas;False;IGNORADO
14424;3550308.0;São Paulo;Município de São Paulo;False;PARDA
14425;3501608.0;Americana;Campinas;False;BRANCA
14426;3550308.0;São Paulo;Município de São Paulo;False;PARDA
14427;3550308.0;São Paulo;Município de São Paulo;False;BRANCA
14428;3519071.0;Hortolândia;Campinas;False;PARDA
14429;3550308.0;São Paulo;Município de São Paulo;False;AMARELA
14430;3518800.0;Guarulhos;Grande SP Leste;False;PARDA
14431;3525003.0;Jandira;Grande SP Oeste;False;PARDA
14432;3551702.0;Sertãozinho;Ribeirão Preto;False;BRANCA
14433;3526902.0;Limeira;Piracicaba;False;BRANCA
14434;3550308.0;São Paulo;Município de São Paulo;False;BRANCA
14435;3502101.0;Andradina;Araçatuba;False;BRANCA
14436;3547304.0;Santana de Parnaíba;Grande SP Oeste;False;IGNORADO
14437;3548708.0;São Bernardo do Campo;Grande SP Sudeste;False;BRANCA
14438;3550308.0;São Paulo;Município de São Paulo;False;BRANCA
14439;3538709.0;Piracicaba;Piracicaba;False;BRANCA
14440;3513801.0;Diadema;Grande SP Sudeste;False;BRANCA
14441;3548005.0;Santo Antônio de Posse;Campinas;False;BRANCA
14442;3518800.0;Guarulhos;Grande SP Leste;False;BRANCA
14443;3550308.0;São Paulo;Município de São Paulo;False;NONE
14444;3549805.0;São José do Rio Preto;São José do Rio Preto;False;BRANCA
14445;3547809.0;Santo André;Grande SP Sudeste;False;BRANCA
14446;3534401.0;Osasco;Grande SP Oeste;False;BRANCA
14447;3547809.0;Santo André;Grande SP Sudeste;False;IGNORADO
14448;3516200.0;Franca;Franca;False;IGNORADO
14449;3529104.0;Marinópolis;São José do Rio Preto;False;BRANCA
14450;3518800.0;Guarulhos;Grande SP Leste;False;PARDA
14451;3550308.0;São Paulo;Município de São Paulo;False;BRANCA
14452;3518701.0;Guarujá;Baixada Santista;False;BRANCA
14453;3550308.0;São Paulo;Município de São Paulo;False;PARDA
14454;3513504.0;Cubatão;Baixada Santista;False;BRANCA
14455;3530805.0;Mogi Mirim;São João da Boa Vista;False;BRANCA
14456;3550308.0;São Paulo;Município de São Paulo;False;BRANCA
14457;3518701.0;Guarujá;Baixada Santista;False;PARDA
14458;3531902.0;Morro Agudo;Franca;False;PARDA
14459;3518701.0;Guarujá;Baixada Santista;False;PARDA
14460;3550308.0;São Paulo;Município de São Paulo;False;PARDA
14461;3550308.0;São Paulo;Município de São Paulo;False;BRANCA
14462;3541406.0;Presidente Prudente;Presidente Prudente;False;BRANCA
14463;3556206.0;Valinhos;Campinas;False;BRANCA
14464;3550308.0;São Paulo;Município de São Paulo;False;IGNORADO
14465;3550308.0;São Paulo;Município de São Paulo;False;
14466;3550308.0;São Paulo;Município de São Paulo;False;BRANCA
14467;3550308.0;São Paulo;Município de São Paulo;False;PARDA
14468;3550308.0;São Paulo;Município de São Paulo;False;NONE
14469;3550308.0;São Paulo;Município de São Paulo;False;PARDA
14470;3550308.0;São Paulo;Município de São Paulo;False;IGNORADO
14471;3506003.0;Bauru;Bauru;False;BRANCA
14472;3506102.0;Bebedouro;Barretos;False;PARDA
14473;3550308.0;São Paulo;Município de São Paulo;False;PARDA
14474;3550308.0;São Paulo;Município de São Paulo;False;PARDA
14475;3550308.0;São Paulo;Município de São Paulo;False;BRANCA
14476;3532801.0;Nova Aliança;São José do Rio Preto;False;BRANCA
14477;3508504.0;Caçapava;Taubaté;False;BRANCA
14478;3529005.0;Marília;Marília;False;BRANCA
14479;3548708.0;São Bernardo do Campo;Grande SP Sudeste;False;BRANCA
14480;3509502.0;Campinas;Campinas;False;BRANCA
14481;3547809.0;Santo André;Grande SP Sudeste;False;NONE
14482;3543402.0;Ribeirão Preto;Ribeirão Preto;False;BRANCA
14483;3550308.0;São Paulo;Município de São Paulo;False;BRANCA
14484;3550308.0;São Paulo;Município de São Paulo;False;BRANCA
14485;3550308.0;São Paulo;Município de São Paulo;False;BRANCA
14486;3550308.0;São Paulo;Município de São Paulo;False;BRANCA
14487;3557006.0;Votorantim;Sorocaba;False;IGNORADO
14488;3550308.0;São Paulo;Município de São Paulo;False;BRANCA
14489;3519600.0;Ibitinga;Araraquara;False;BRANCA
14490;3525003.0;Jandira;Grande SP Oeste;False;BRANCA
14491;3526407.0;Laranjal Paulista;Bauru;False;BRANCA
14492;3518800.0;Guarulhos;Grande SP Leste;False;BRANCA
14493;3530607.0;Mogi das Cruzes;Grande SP Leste;False;BRANCA
14494;3550308.0;São Paulo;Município de São Paulo;False;IGNORADO
14495;3518206.0;Guararapes;Araçatuba;False;BRANCA
14496;3548500.0;Santos;Baixada Santista;False;PARDA
14497;3518701.0;Guarujá;Baixada Santista;False;PARDA
14498;3534708.0;Ourinhos;Marília;False;BRANCA
14499;3550308.0;São Paulo;Município de São Paulo;False;BRANCA
14500;3550308.0;São Paulo;Município de São Paulo;False;PARDA
14501;3549805.0;São José do Rio Preto;São José do Rio Preto;False;BRANCA
14502;3505708.0;Barueri;Grande SP Oeste;False;
14503;3547809.0;Santo André;Grande SP Sudeste;False;BRANCA
