26542;3552809.0;Taboão da Serra;Grande SP Sudoeste;False;BRANCA
26543;3534401.0;Osasco;Grande SP Oeste;False;BRANCA
26544;3550308.0;São Paulo;Município de São Paulo;False;BRANCA
26545;3550308.0;São Paulo;Município de São Paulo;False;IGNORADO
26546;3552205.0;Sorocaba;Sorocaba;False;AMARELA
26547;3507605.0;Bragança Paulista;Campinas;False;NONE
26548;3550308.0;São Paulo;Município de São Paulo;False;PARDA
26549;3549904.0;São José dos Campos;Taubaté;False;BRANCA
26550;3513801.0;Diadema;Grande SP Sudeste;False;BRANCA
26551;3550308.0;São Paulo;Município de São Paulo;False;IGNORADO
26552;3532405.0;Nazaré Paulista;Campinas;False;IGNORADO
26553;3550308.0;São Paulo;Município de São Paulo;False;IGNORADO
26554;3545209.0;Salto;Sorocaba;False;BRANCA
26555;3550308.0;São Paulo;Município de São Paulo;False;BRANCA
26556;3546306.0;Santa Cruz das Palmeiras;São João da Boa Vista;False;BRANCA
26557;3505708.0;Barueri;Grande SP Oeste;False;PARDA
26558;3529005.0;Marília;Marília;False;BRANCA
26559;3530805.0;Mogi Mirim;São João da Boa Vista;True;BRANCA
26560;3552502.0;Suzano;Grande SP Leste;False;IGNORADO
26561;3530607.0;Mogi das Cruzes;Grande SP Leste;False;BRANCA
26562;3544103.0;Rio Grande da Serra;Grande SP Sudeste;False;NONE
26563;3552502.0;Suzano;Grande SP Leste;False;IGNORADO
26564;3550308.0;São Paulo;Município de São Paulo;False;BRANCA
26565;3519071.0;Hortolândia;Campinas;False;AMARELA
26566;3548708.0;São Bernardo do Campo;Grande SP Sudeste;False;IGNORADO
26567;3552809.0;Taboão da Serra;Grande SP Sudoeste;False;AMARELA
26568;3503802.0;Artur Nogueira;Campinas;False;PARDA
26569;3536505.0;Paulínia;Campinas;False;AMARELA
26570;3548708.0;São Bernardo do Campo;Grande SP Sudeste;False;BRANCA
26571;3550308.0;São Paulo;Município de São Paulo;False;BRANCA
26572;3513801.0;Diadema;Grande SP Sudeste;False;BRANCA
26573;3555406.0;Ubatuba;Taubaté;False;BRANCA
26574;3549805.0;São José do Rio Preto;São José do Rio Preto;False;BRANCA
26575;3518800.0;Guarulhos;Grande SP Leste;False;BRANCA
26576;3511607.0;Cesário Lange;Sorocaba;False;BRANCA
26577;3550308.0;São Paulo;Município de São Paulo;False;BRANCA
26578;3552205.0;Sorocaba;Sorocaba;False;
26579;3550308.0;São Paulo;Município de São Paulo;False;BRANCA
26580;3503802.0;Artur Nogueira;Campinas;False;PARDA
26581;3548807.0;São Caetano do Sul;Grande SP Sudeste;False;BRANCA
26582;3550308.0;São Paulo;Município de São Paulo;False;IGNORADO
26583;3534401.0;Osasco;Grande SP Oeste;False;PARDA
26584;3510302.0;Capela do Alto;Sorocaba;False;
26585;3550308.0;São Paulo;Município de São Paulo;False;BRANCA
26586;3525904.0;Jundiaí;Campinas;False;BRANCA
26587;3538709.0;Piracicaba;Piracicaba;False;BRANCA
26588;3528007.0;Macatuba;Bauru;False;BRANCA
26589;3509502.0;Campinas;Campinas;False;BRANCA
26590;3519105.0;Iacanga;Bauru;False;BRANCA
26591;3518503.0;Guareí;Sorocaba;False;
26592;3550308.0;São Paulo;Município de São Paulo;False;BRANCA
26593;3502804.0;Araçatuba;Araçatuba;False;BRANCA
26594;3550308.0;São Paulo;Município de São Paulo;False;BRANCA
26595;3555406.0;Ubatuba;Taubaté;False;IGNORADO
26596;3538709.0;Piracicaba;Piracicaba;False;PARDA
26597;3519055.0;Holambra;Campinas;False;BRANCA
26598;3550308.0;São Paulo;Município de São Paulo;True;BRANCA
26599;3550308.0;São Paulo;Município de São Paulo;False;INDIGENA
26600;3502606.0;Aparecida d'Oeste;São José do Rio Preto;False;BRANCA
26601;3543402.0;Ribeirão Preto;Ribeirão Preto;False;BRANCA
26602;3550308.0;São Paulo;Município de São Paulo;False;BRANCA
26603;3550308.0;São Paulo;Município de São Paulo;False;PARDA
26604;3525904.0;Jundiaí;Campinas;False;BRANCA
26605;3548500.0;Santos;Baixada Santista;False;BRANCA
26606;3554102.0;Taubaté;Taubaté;False;
26607;3500105.0;Adamantina;Marília;False;BRANCA
26608;3515707.0;Ferraz de Vasconcelos;Grande SP Leste;False;PARDA
26609;3519303.0;Ibaté;Araraquara;False;PARDA
26610;3550308.0;São Paulo;Município de São Paulo;False;PARDA
26611;3512704.0;Corumbataí;Piracicaba;False;BRANCA
26612;3543402.0;Ribeirão Preto;Ribeirão Preto;False;NONE
26613;3552403.0;Sumaré;Campinas;False;PRETA
26614;3550308.0;São Paulo;Município de São Paulo;False;
26615;3550308.0;São Paulo;Município de São Paulo;False;BRANCA
26616;3550308.0;São Paulo;Município de São Paulo;False;NONE
26617;3526902.0;Limeira;Piracicaba;False;BRANCA
26618;3552403.0;Sumaré;Campinas;False;BRANCA
26619;3550308.0;São Paulo;Município de São Paulo;False;PARDA
26620;3550308.0;São Paulo;Município de São Paulo;False;IGNORADO
26621;3548708.0;São Bernardo do Campo;Grande SP Sudeste;False;
26622;3548500.0;Santos;Baixada Santista;False;BRANCA
26623;3550308.0;São Paulo;Município de São Paulo;False;PARDA
26624;3501707.0;Américo Brasiliense;Araraquara;False;AMARELA
26625;3550308.0;São Paulo;Município de São Paulo;False;PARDA
26626;3550308.0;São Paulo;Município de São Paulo;False;PARDA
26627;3548708.0;São Bernardo do Campo;Grande SP Sudeste;False;BRANCA
26628;3548708.0;São Bernardo do Campo;Grande SP Sudeste;False;PRETA
26629;3515004.0;Embu das Artes;Grande SP Sudoeste;False;BRANCA
26630;3518800.0;Guarulhos;Grande SP Leste;False;PARDA
26631;3548708.0;São Bernardo do Campo;Grande SP Sudeste;False;BRANCA
26632;3534401.0;Osasco;Grande SP Oeste;False;BRANCA
26633;3552205.0;Sorocaba;Sorocaba;False;BRANCA
26634;3550308.0;São Paulo;Município de São Paulo;False;PRETA
26635;3516200.0;Franca;Franca;False;AMARELA
26636;3525300.0;Jaú;Bauru;False;PARDA
26637;3553005.0;Taguaí;Bauru;False;BRANCA
26638;3525706.0;José Bonifácio;São José do Rio Preto;False;BRANCA
26639;3515707.0;Ferraz de Vasconcelos;Grande SP Leste;False;BRANCA
26640;3541000.0;Praia Grande;Baixada Santista;False;PARDA
26641;3515301.0;Estrela do Norte;Presidente Prudente;False;PARDA
26642;3525904.0;Jundiaí;Campinas;False;PARDA
26643;3502804.0;Araçatuba;Araçatuba;False;IGNORADO
26644;3502804.0;Araçatuba;Araçatuba;False;BRANCA
26645;3525904.0;Jundiaí;Campinas;False;BRANCA
26646;3543402.0;Ribeirão Preto;Ribeirão Preto;False;PARDA
26647;3518701.0;Guarujá;Baixada Santista;False;PARDA
26648;3550308.0;São Paulo;Município de São Paulo;False;IGNORADO
26649;3522604.0;Itapira;São João da Boa Vista;False;BRANCA
26650;3550308.0;São Paulo;Município de São Paulo;False;PARDA
26651;3543402.0;Ribeirão Preto;Ribeirão Preto;False;IGNORADO
26652;3519071.0;Hortolândia;Campinas;False;BRANCA
26653;3511102.0;Catanduva;São José do Rio Preto;False;BRANCA
26654;3507605.0;Bragança Paulista;Campinas;False;BRANCA
26655;3532207.0;Narandiba;Presidente Prudente;False;PARDA
26656;3525607.0;João Ramalho;Presidente Prudente;False;PARDA
26657;3550308.0;São Paulo;Município de São Paulo;False;PARDA
26658;3536208.0;Pariquera-Açu;Registro;False;INDIGENA
26659;3525904.0;Jundiaí;Campinas;False;BRANCA
26660;3546207.0;Santa Cruz da Conceição;Piracicaba;False;BRANCA
26661;3520905.0;Ipaussu;Marília;False;BRANCA
26662;3550308.0;São Paulo;Município de São Paulo;False;
26663;3550308.0;São Paulo;Município de São Paulo;False;BRANCA
26664;3509601.0;Campo Limpo Paulista;Campinas;False;PARDA
26665;3550308.0;São Paulo;Município de São Paulo;False;BRANCA
26666;3549904.0;São José dos Campos;Taubaté;False;BRANCA
26667;3539806.0;Poá;Grande SP Leste;False;PARDA
26668;3547304.0;Santana de Parnaíba;Grande SP Oeste;False;IGNORADO
26669;3549201.0;São João das Duas Pontes;São José do Rio Preto;False;BRANCA
26670;3518701.0;Guarujá;Baixada Santista;False;AMARELA
26671;3543402.0;Ribeirão Preto;Ribeirão Preto;False;BRANCA
26672;3550308.0;São Paulo;Município de São Paulo;False;PARDA
26673;3549805.0;São José do Rio Preto;São José do Rio Preto;False;PRETA
26674;3552205.0;Sorocaba;Sorocaba;False;BRANCA
26675;3550308.0;São Paulo;Município de São Paulo;False;
26676;3552304.0;Sud Mennucci;Araçatuba;False;PRETA
26677;3551009.0;São Vicente;Baixada Santista;False;BRANCA
26678;3550308.0;São Paulo;Município de São Paulo;False;BRANCA
26679;3511102.0;Catanduva;São José do Rio Preto;False;BRANCA
26680;3506102.0;Bebedouro;Barretos;False;IGNORADO
26681;3550308.0;São Paulo;Município de São Paulo;False;BRANCA
26682;3533908.0;Olímpia;Barretos;False;BRANCA
26683;3502804.0;Araçatuba;Araçatuba;False;PARDA
