29293;3550308.0;São Paulo;Município de São Paulo;False;PARDA
29294;3502804.0;Araçatuba;Araçatuba;False;BRANCA
29295;3519303.0;Ibaté;Araraquara;False;BRANCA
29296;3543402.0;Ribeirão Preto;Ribeirão Preto;False;BRANCA
29297;3548500.0;Santos;Baixada Santista;False;IGNORADO
29298;3547809.0;Santo André;Grande SP Sudeste;False;BRANCA
29299;3550308.0;São Paulo;Município de São Paulo;False;PRETA
29300;3518701.0;Guarujá;Baixada Santista;False;IGNORADO
29301;3537800.0;Piedade;Sorocaba;False;BRANCA
29302;3550308.0;São Paulo;Município de São Paulo;False;BRANCA
29303;3552205.0;Sorocaba;Sorocaba;False;BRANCA
29304;3550308.0;São Paulo;Município de São Paulo;False;BRANCA
29305;3525904.0;Jundiaí;Campinas;False;IGNORADO
29306;3512506.0;Coroados;Araçatuba;False;BRANCA
29307;3503307.0;Araras;Piracicaba;False;BRANCA
29308;3505500.0;Barretos;Barretos;False;BRANCA
29309;3537602.0;Peruíbe;Baixada Santista;False;BRANCA
29310;3540804.0;Potirendaba;São José do Rio Preto;False;BRANCA
29311;3518701.0;Guarujá;Baixada Santista;False;BRANCA
29312;3518800.0;Guarulhos;Grande SP Leste;False;NONE
29313;3509502.0;Campinas;Campinas;False;PARDA
29314;3523107.0;Itaquaquecetuba;Grande SP Leste;False;NONE
29315;3530607.0;Mogi das Cruzes;Grande SP Leste;False;IGNORADO
29316;3551504.0;Serrana;Ribeirão Preto;False;BRANCA
29317;3509502.0;Campinas;Campinas;False;BRANCA
29318;3547809.0;Santo André;Grande SP Sudeste;False;BRANCA
29319;3550308.0;São Paulo;Município de São Paulo;False;AMARELA
29320;3523404.0;Itatiba;Campinas;False;BRANCA
29321;3550308.0;São Paulo;Município de São Paulo;False;IGNORADO
29322;3513504.0;Cubatão;Baixada Santista;False;IGNORADO
29323;3530607.0;Mogi das Cruzes;Grande SP Leste;False;PRETA
29324;3550308.0;São Paulo;Município de São Paulo;False;BRANCA
29325;3550308.0;São Paulo;Município de São Paulo;False;BRANCA
29326;3554102.0;Taubaté;Taubaté;False;BRANCA
29327;3550308.0;São Paulo;Município de São Paulo;False;IGNORADO
29328;3550308.0;São Paulo;Município de São Paulo;False;BRANCA
29329;3549904.0;São José dos Campos;Taubaté;False;NONE
29330;3541406.0;Presidente Prudente;Presidente Prudente;False;BRANCA
29331;3506003.0;Bauru;Bauru;False;BRANCA
29332;3552205.0;Sorocaba;Sorocaba;False;BRANCA
29333;3550308.0;São Paulo;Município de São Paulo;False;BRANCA
29334;3550308.0;São Paulo;Município de São Paulo;False;IGNORADO
29335;3548500.0;Santos;Baixada Santista;False;IGNORADO
29336;3550308.0;São Paulo;Município de São Paulo;False;IGNORADO
29337;3550308.0;São Paulo;Município de São Paulo;False;NONE
29338;3548708.0;São Bernardo do Campo;Grande SP Sudeste;False;BRANCA
29339;3543402.0;Ribeirão Preto;Ribeirão Preto;False;PARDA
29340;3522505.0;Itapevi;Grande SP Oeste;False;BRANCA
29341;3550308.0;São Paulo;Município de São Paulo;False;NONE
29342;3550308.0;São Paulo;Município de São Paulo;False;BRANCA
29343;3507506.0;Botucatu;Bauru;False;BRANCA
29344;3550308.0;São Paulo;Município de São Paulo;False;PARDA
29345;3547809.0;Santo André;Grande SP Sudeste;False;BRANCA
29346;3534401.0;Osasco;Grande SP Oeste;False;BRANCA
29347;3506359.0;Bertioga;Baixada Santista;False;AMARELA
29348;3513009.0;Cotia;Grande SP Sudoeste;True;BRANCA
29349;3550308.0;São Paulo;Município de São Paulo;False;BRANCA
29350;3509502.0;Campinas;Campinas;False;BRANCA
29351;3550308.0;São Paulo;Município de São Paulo;False;BRANCA
29352;3548500.0;Santos;Baixada Santista;False;IGNORADO
29353;3541000.0;Praia Grande;Baixada Santista;False;BRANCA
29354;3550308.0;São Paulo;Município de São Paulo;True;PARDA
29355;3550308.0;São Paulo;Município de São Paulo;False;IGNORADO
29356;3550308.0;São Paulo;Município de São Paulo;False;BRANCA
29357;3534401.0;Osasco;Grande SP Oeste;False;BRANCA
29358;3540754.0;Potim;Taubaté;False;NONE
29359;3516200.0;Franca;Franca;False;BRANCA
29360;3531902.0;Morro Agudo;Franca;False;BRANCA
29361;3515707.0;Ferraz de Vasconcelos;Grande SP Leste;False;PARDA
29362;3543402.0;Ribeirão Preto;Ribeirão Preto;False;IGNORADO
29363;3542602.0;Registro;Registro;False;BRANCA
29364;3550605.0;São Roque;Sorocaba;False;PARDA
29365;3510609.0;Carapicuíba;Grande SP Oeste;False;BRANCA
29366;3551009.0;São Vicente;Baixada Santista;False;NONE
29367;3529005.0;Marília;Marília;False;BRANCA
29368;3508504.0;Caçapava;Taubaté;False;BRANCA
29369;3534401.0;Osasco;Grande SP Oeste;False;PARDA
29370;3555406.0;Ubatuba;Taubaté;False;BRANCA
29371;3550308.0;São Paulo;Município de São Paulo;False;BRANCA
29372;3508702.0;Caconde;São João da Boa Vista;False;BRANCA
29373;3534401.0;Osasco;Grande SP Oeste;False;BRANCA
29374;3550308.0;São Paulo;Município de São Paulo;False;BRANCA
29375;3543402.0;Ribeirão Preto;Ribeirão Preto;False;NONE
29376;3541406.0;Presidente Prudente;Presidente Prudente;False;
29377;3531902.0;Morro Agudo;Franca;False;PARDA
29378;3550308.0;São Paulo;Município de São Paulo;False;IGNORADO
29379;3550308.0;São Paulo;Município de São Paulo;False;IGNORADO
29380;3547809.0;Santo André;Grande SP Sudeste;False;BRANCA
29381;3518404.0;Guaratinguetá;Taubaté;False;IGNORADO
29382;3551009.0;São Vicente;Baixada Santista;False;PARDA
29383;3503208.0;Araraquara;Araraquara;False;BRANCA
29384;3552205.0;Sorocaba;Sorocaba;False;BRANCA
29385;3518800.0;Guarulhos;Grande SP Leste;False;BRANCA
29386;3556305.0;Valparaíso;Araçatuba;False;BRANCA
29387;3556701.0;Vinhedo;Campinas;False;IGNORADO
29388;3518800.0;Guarulhos;Grande SP Leste;False;IGNORADO
29389;3536208.0;Pariquera-Açu;Registro;False;PRETA
29390;3524402.0;Jacareí;Taubaté;False;BRANCA
29391;3547304.0;Santana de Parnaíba;Grande SP Oeste;False;BRANCA
29392;3541000.0;Praia Grande;Baixada Santista;False;IGNORADO
29393;3543402.0;Ribeirão Preto;Ribeirão Preto;False;BRANCA
29394;3518800.0;Guarulhos;Grande SP Leste;False;BRANCA
29395;3552502.0;Suzano;Grande SP Leste;False;BRANCA
29396;3526704.0;Leme;Piracicaba;False;BRANCA
29397;3552502.0;Suzano;Grande SP Leste;False;AMARELA
29398;3519071.0;Hortolândia;Campinas;False;BRANCA
29399;3506102.0;Bebedouro;Barretos;False;BRANCA
29400;3553302.0;Tambaú;São João da Boa Vista;False;PARDA
29401;3550308.0;São Paulo;Município de São Paulo;False;BRANCA
29402;3550308.0;São Paulo;Município de São Paulo;False;NONE
29403;3550308.0;São Paulo;Município de São Paulo;False;BRANCA
29404;3509502.0;Campinas;Campinas;False;IGNORADO
29405;3504008.0;Assis;Marília;False;BRANCA
29406;3504008.0;Assis;Marília;False;PARDA
29407;3541000.0;Praia Grande;Baixada Santista;False;PARDA
29408;3549102.0;São João da Boa Vista;São João da Boa Vista;True;NONE
29409;3550308.0;São Paulo;Município de São Paulo;False;
29410;3548500.0;Santos;Baixada Santista;False;PARDA
29411;3550308.0;São Paulo;Município de São Paulo;False;PARDA
29412;3506508.0;Birigui;Araçatuba;False;BRANCA
29413;3503208.0;Araraquara;Araraquara;False;BRANCA
29414;3550308.0;São Paulo;Município de São Paulo;False;PARDA
29415;3534401.0;Osasco;Grande SP Oeste;False;PARDA
29416;3538709.0;Piracicaba;Piracicaba;False;
29417;3550308.0;São Paulo;Município de São Paulo;False;BRANCA
29418;3550308.0;São Paulo;Município de São Paulo;False;IGNORADO
29419;3550308.0;São Paulo;Município de São Paulo;False;PARDA
29420;3550308.0;São Paulo;Município de São Paulo;False;PARDA
29421;3541406.0;Presidente Prudente;Presidente Prudente;False;BRANCA
29422;3550308.0;São Paulo;Município de São Paulo;True;BRANCA
29423;3550308.0;São Paulo;Município de São Paulo;False;PARDA
29424;3550704.0;São Sebastião;Taubaté;False;BRANCA
29425;3543402.0;Ribeirão Preto;Ribeirão Preto;False;BRANCA
29426;3548500.0;Santos;Baixada Santista;False;BRANCA
29427;3548500.0;Santos;Baixada Santista;False;IGNORADO
29428;3550308.0;São Paulo;Município de São Paulo;False;PARDA
29429;3502804.0;Araçatuba;Araçatuba;False;BRANCA
29430;3550308.0;São Paulo;Município de São Paulo;False;NONE
29431;3554102.0;Taubaté;Taubaté;False;BRANCA
29432;3550407.0;São Pedro;Piracicaba;False;BRANCA
29433;3524709.0;Jaguariúna;Campinas;False;BRANCA
29434;3503208.0;Araraquara;Araraquara;False;BRANCA
29435;3550308.0;São Paulo;Município de São Paulo;False;BRANCA
29436;3541406.0;Presidente Prudente;Presidente Prudente;False;PARDA
29437;3543402.0;Ribeirão Preto;Ribeirão Preto;False;PARDA
