27716;3548500.0;Santos;Baixada Santista;False;AMARELA
27717;3550308.0;São Paulo;Município de São Paulo;False;PARDA
27718;3556206.0;Valinhos;Campinas;False;BRANCA
27719;3511508.0;Cerquilho;Sorocaba;False;BRANCA
27720;3549805.0;São José do Rio Preto;São José do Rio Preto;False;PARDA
27721;3551009.0;São Vicente;Baixada Santista;False;IGNORADO
27722;3549904.0;São José dos Campos;Taubaté;False;BRANCA
27723;3508108.0;Buritama;Araçatuba;False;BRANCA
27724;3543402.0;Ribeirão Preto;Ribeirão Preto;False;PRETA
27725;3525904.0;Jundiaí;Campinas;False;AMARELA
27726;3538709.0;Piracicaba;Piracicaba;False;IGNORADO
27727;3551702.0;Sertãozinho;Ribeirão Preto;False;BRANCA
27728;3503208.0;Araraquara;Araraquara;False;PARDA
27729;3543907.0;Rio Claro;Piracicaba;False;BRANCA
27730;3505302.0;Barra Bonita;Bauru;False;BRANCA
27731;3503208.0;Araraquara;Araraquara;False;PARDA
27732;3538709.0;Piracicaba;Piracicaba;False;BRANCA
27733;3533908.0;Olímpia;Barretos;False;BRANCA
27734;3511102.0;Catanduva;São José do Rio Preto;False;BRANCA
27735;3557006.0;Votorantim;Sorocaba;False;BRANCA
27736;3523909.0;Itu;Sorocaba;False;BRANCA
27737;3549904.0;São José dos Campos;Taubaté;False;BRANCA
27738;3536505.0;Paulínia;Campinas;False;BRANCA
27739;3550308.0;São Paulo;Município de São Paulo;False;IGNORADO
27740;3550308.0;São Paulo;Município de São Paulo;False;IGNORADO
27741;3502804.0;Araçatuba;Araçatuba;False;BRANCA
27742;3543402.0;Ribeirão Preto;Ribeirão Preto;False;BRANCA
27743;3550308.0;São Paulo;Município de São Paulo;False;BRANCA
27744;3520400.0;Ilhabela;Taubaté;False;IGNORADO
27745;3515103.0;Embu-Guaçu;Grande SP Sudoeste;False;BRANCA
27746;3525102.0;Jardinópolis;Ribeirão Preto;False;BRANCA
27747;3550308.0;São Paulo;Município de São Paulo;False;BRANCA
27748;3525904.0;Jundiaí;Campinas;False;BRANCA
27749;3525904.0;Jundiaí;Campinas;False;BRANCA
27750;3513801.0;Diadema;Grande SP Sudeste;False;PRETA
27751;3548906.0;São Carlos;Araraquara;False;IGNORADO
27752;3517505.0;Guapiaçu;São José do Rio Preto;False;PARDA
27753;3507605.0;Bragança Paulista;Campinas;False;BRANCA
27754;3508801.0;Cafelândia;Bauru;False;BRANCA
27755;3550308.0;São Paulo;Município de São Paulo;False;IGNORADO
27756;3550308.0;São Paulo;Município de São Paulo;False;
27757;3552809.0;Taboão da Serra;Grande SP Sudoeste;False;BRANCA
27758;3502804.0;Araçatuba;Araçatuba;False;BRANCA
27759;3530201.0;Mirante do Paranapanema;Presidente Prudente;False;BRANCA
27760;3552809.0;Taboão da Serra;Grande SP Sudoeste;False;
27761;3550308.0;São Paulo;Município de São Paulo;False;IGNORADO
27762;3550308.0;São Paulo;Município de São Paulo;False;BRANCA
27763;3539806.0;Poá;Grande SP Leste;False;BRANCA
27764;3548708.0;São Bernardo do Campo;Grande SP Sudeste;False;BRANCA
27765;3555802.0;Urânia;São José do Rio Preto;False;BRANCA
27766;3550308.0;São Paulo;Município de São Paulo;False;BRANCA
27767;3550308.0;São Paulo;Município de São Paulo;False;PARDA
27768;3550308.0;São Paulo;Município de São Paulo;False;PARDA
27769;3550308.0;São Paulo;Município de São Paulo;False;PARDA
27770;3548807.0;São Caetano do Sul;Grande SP Sudeste;False;IGNORADO
27771;3547809.0;Santo André;Grande SP Sudeste;False;BRANCA
27772;3509502.0;Campinas;Campinas;False;BRANCA
27773;3520509.0;Indaiatuba;Campinas;False;BRANCA
27774;3554102.0;Taubaté;Taubaté;False;BRANCA
27775;3503208.0;Araraquara;Araraquara;False;BRANCA
27776;3508108.0;Buritama;Araçatuba;False;BRANCA
27777;3506003.0;Bauru;Bauru;False;IGNORADO
27778;3549805.0;São José do Rio Preto;São José do Rio Preto;False;BRANCA
27779;3550308.0;São Paulo;Município de São Paulo;False;BRANCA
27780;3504206.0;Auriflama;Araçatuba;False;BRANCA
27781;3518701.0;Guarujá;Baixada Santista;False;PARDA
27782;3529401.0;Mauá;Grande SP Sudeste;False;BRANCA
27783;3550308.0;São Paulo;Município de São Paulo;False;PARDA
27784;3557006.0;Votorantim;Sorocaba;False;BRANCA
27785;3550308.0;São Paulo;Município de São Paulo;False;BRANCA
27786;3509007.0;Caieiras;Grande SP Norte;False;PARDA
27787;3552205.0;Sorocaba;Sorocaba;False;BRANCA
27788;3509502.0;Campinas;Campinas;False;PARDA
27789;3550308.0;São Paulo;Município de São Paulo;False;BRANCA
27790;3547809.0;Santo André;Grande SP Sudeste;False;IGNORADO
27791;3550308.0;São Paulo;Município de São Paulo;False;AMARELA
27792;3550308.0;São Paulo;Município de São Paulo;False;PARDA
27793;3522307.0;Itapetininga;Sorocaba;False;BRANCA
27794;3550308.0;São Paulo;Município de São Paulo;False;PARDA
27795;3530706.0;Mogi Guaçu;São João da Boa Vista;False;BRANCA
27796;3550308.0;São Paulo;Município de São Paulo;False;PARDA
27797;3550308.0;São Paulo;Município de São Paulo;False;BRANCA
27798;3550308.0;São Paulo;Município de São Paulo;False;PARDA
27799;3554102.0;Taubaté;Taubaté;False;BRANCA
27800;3543402.0;Ribeirão Preto;Ribeirão Preto;False;BRANCA
27801;3504602.0;Bady Bassitt;São José do Rio Preto;False;PARDA
27802;3524006.0;Itupeva;Campinas;False;BRANCA
27803;3550308.0;São Paulo;Município de São Paulo;False;
27804;3550308.0;São Paulo;Município de São Paulo;False;BRANCA
27805;3509502.0;Campinas;Campinas;False;BRANCA
27806;3526902.0;Limeira;Piracicaba;False;BRANCA
27807;3550308.0;São Paulo;Município de São Paulo;False;
27808;3550308.0;São Paulo;Município de São Paulo;False;BRANCA
27809;3534708.0;Ourinhos;Marília;False;BRANCA
27810;3518800.0;Guarulhos;Grande SP Leste;False;PRETA
27811;3503208.0;Araraquara;Araraquara;False;BRANCA
27812;3548708.0;São Bernardo do Campo;Grande SP Sudeste;False;BRANCA
27813;3549904.0;São José dos Campos;Taubaté;False;PARDA
27814;3550308.0;São Paulo;Município de São Paulo;False;BRANCA
27815;3547809.0;Santo André;Grande SP Sudeste;False;BRANCA
27816;3550308.0;São Paulo;Município de São Paulo;False;BRANCA
27817;3543402.0;Ribeirão Preto;Ribeirão Preto;False;BRANCA
27818;3548708.0;São Bernardo do Campo;Grande SP Sudeste;False;BRANCA
27819;3539202.0;Pirapozinho;Presidente Prudente;False;BRANCA
27820;3547809.0;Santo André;Grande SP Sudeste;False;
27821;3550308.0;São Paulo;Município de São Paulo;False;AMARELA
27822;3505708.0;Barueri;Grande SP Oeste;False;BRANCA
27823;3516200.0;Franca;Franca;False;IGNORADO
27824;3550308.0;São Paulo;Município de São Paulo;False;BRANCA
27825;3518404.0;Guaratinguetá;Taubaté;False;BRANCA
27826;3549805.0;São José do Rio Preto;São José do Rio Preto;False;BRANCA
27827;3509502.0;Campinas;Campinas;False;BRANCA
27828;3550308.0;São Paulo;Município de São Paulo;False;IGNORADO
27829;3509502.0;Campinas;Campinas;False;IGNORADO
27830;3548500.0;Santos;Baixada Santista;False;IGNORADO
27831;3550407.0;São Pedro;Piracicaba;False;IGNORADO
27832;3528403.0;Mairinque;Sorocaba;False;PARDA
27833;3550308.0;São Paulo;Município de São Paulo;False;IGNORADO
27834;3510401.0;Capivari;Piracicaba;False;BRANCA
27835;3519071.0;Hortolândia;Campinas;False;BRANCA
27836;3550308.0;São Paulo;Município de São Paulo;False;BRANCA
27837;3530300.0;Mirassol;São José do Rio Preto;False;BRANCA
27838;3538709.0;Piracicaba;Piracicaba;False;BRANCA
27839;3550308.0;São Paulo;Município de São Paulo;False;IGNORADO
27840;3550308.0;São Paulo;Município de São Paulo;False;IGNORADO
27841;3525904.0;Jundiaí;Campinas;False;BRANCA
27842;3522604.0;Itapira;São João da Boa Vista;False;BRANCA
27843;3547304.0;Santana de Parnaíba;Grande SP Oeste;False;BRANCA
27844;3547809.0;Santo André;Grande SP Sudeste;False;BRANCA
27845;3552403.0;Sumaré;Campinas;False;BRANCA
27846;3505500.0;Barretos;Barretos;False;BRANCA
27847;3509502.0;Campinas;Campinas;False;AMARELA
27848;3550308.0;São Paulo;Município de São Paulo;False;IGNORADO
27849;3550308.0;São Paulo;Município de São Paulo;False;PARDA
27850;3548807.0;São Caetano do Sul;Grande SP Sudeste;False;BRANCA
27851;3543402.0;Ribeirão Preto;Ribeirão Preto;False;NONE
27852;3524105.0;Ituverava;Franca;False;BRANCA
27853;3530508.0;Mococa;São João da Boa Vista;False;BRANCA
27854;3550308.0;São Paulo;Município de São Paulo;False;IGNORADO
27855;3550308.0;São Paulo;Município de São Paulo;False;BRANCA
27856;3523404.0;Itatiba;Campinas;False;BRANCA
27857;3550308.0;São Paulo;Município de São Paulo;False;INDIGENA
27858;3548708.0;São Bernardo do Campo;Grande SP Sudeste;False;BRANCA
