19402;3544202.0;Riolândia;São José do Rio Preto;False;PARDA
19403;3550308.0;São Paulo;Município de São Paulo;False;BRANCA
19404;3548807.0;São Caetano do Sul;Grande SP Sudeste;False;BRANCA
19405;3543907.0;Rio Claro;Piracicaba;False;BRANCA
19406;3553104.0;Taiaçu;Barretos;False;BRANCA
19407;3547809.0;Santo André;Grande SP Sudeste;False;BRANCA
19408;3550308.0;São Paulo;Município de São Paulo;False;PARDA
19409;3550100.0;São Manuel;Bauru;False;BRANCA
19410;3513801.0;Diadema;Grande SP Sudeste;False;AMARELA
19411;3513009.0;Cotia;Grande SP Sudoeste;False;AMARELA
19412;3538709.0;Piracicaba;Piracicaba;False;BRANCA
19413;3548708.0;São Bernardo do Campo;Grande SP Sudeste;False;PARDA
19414;3522901.0;Itapuí;Bauru;False;BRANCA
19415;3509502.0;Campinas;Campinas;False;BRANCA
19416;3506359.0;Bertioga;Baixada Santista;False;BRANCA
19417;3550308.0;São Paulo;Município de São Paulo;False;PRETA
19418;3550308.0;São Paulo;Município de São Paulo;False;PRETA
19419;3550308.0;São Paulo;Município de São Paulo;False;PARDA
19420;3548500.0;Santos;Baixada Santista;False;INDIGENA
19421;3549904.0;São José dos Campos;Taubaté;False;AMARELA
19422;3550308.0;São Paulo;Município de São Paulo;False;PARDA
19423;3510500.0;Caraguatatuba;Taubaté;False;PARDA
19424;3550308.0;São Paulo;Município de São Paulo;False;PARDA
19425;3550308.0;São Paulo;Município de São Paulo;False;PARDA
19426;3548708.0;São Bernardo do Campo;Grande SP Sudeste;False;BRANCA
19427;3550308.0;São Paulo;Município de São Paulo;False;
19428;3550308.0;São Paulo;Município de São Paulo;False;BRANCA
19429;3550308.0;São Paulo;Município de São Paulo;False;BRANCA
19430;3541406.0;Presidente Prudente;Presidente Prudente;False;BRANCA
19431;3520509.0;Indaiatuba;Campinas;False;BRANCA
19432;3519071.0;Hortolândia;Campinas;False;BRANCA
19433;3549904.0;São José dos Campos;Taubaté;False;IGNORADO
19434;3513900.0;Divinolândia;São João da Boa Vista;True;BRANCA
19435;3539301.0;Pirassununga;Piracicaba;False;BRANCA
19436;3545803.0;Santa Bárbara d'Oeste;Campinas;False;BRANCA
19437;3538709.0;Piracicaba;Piracicaba;False;PARDA
19438;3501608.0;Americana;Campinas;False;PARDA
19439;3550308.0;São Paulo;Município de São Paulo;False;BRANCA
19440;3526704.0;Leme;Piracicaba;False;BRANCA
19441;3554409.0;Terra Roxa;Barretos;False;BRANCA
19442;3529401.0;Mauá;Grande SP Sudeste;False;PARDA
19443;3525904.0;Jundiaí;Campinas;False;AMARELA
19444;3517000.0;Getulina;Bauru;False;BRANCA
19445;3509502.0;Campinas;Campinas;False;IGNORADO
19446;3549904.0;São José dos Campos;Taubaté;False;BRANCA
19447;3547809.0;Santo André;Grande SP Sudeste;False;NONE
19448;3549904.0;São José dos Campos;Taubaté;False;BRANCA
19449;3518800.0;Guarulhos;Grande SP Leste;False;IGNORADO
19450;3510005.0;Cândido Mota;Marília;False;BRANCA
19451;3545209.0;Salto;Sorocaba;False;PARDA
19452;3510500.0;Caraguatatuba;Taubaté;False;AMARELA
19453;3550308.0;São Paulo;Município de São Paulo;False;NONE
19454;3550308.0;São Paulo;Município de São Paulo;False;PARDA
19455;3550308.0;São Paulo;Município de São Paulo;False;BRANCA
19456;3548708.0;São Bernardo do Campo;Grande SP Sudeste;False;
19457;3550308.0;São Paulo;Município de São Paulo;False;NONE
19458;3550308.0;São Paulo;Município de São Paulo;False;BRANCA
19459;3529005.0;Marília;Marília;False;BRANCA
19460;3550308.0;São Paulo;Município de São Paulo;False;PARDA
19461;3510500.0;Caraguatatuba;Taubaté;False;BRANCA
19462;3545209.0;Salto;Sorocaba;False;BRANCA
19463;3550704.0;São Sebastião;Taubaté;False;NONE
19464;3543402.0;Ribeirão Preto;Ribeirão Preto;False;NONE
19465;3550308.0;São Paulo;Município de São Paulo;False;NONE
19466;3516200.0;Franca;Franca;False;BRANCA
19467;3550308.0;São Paulo;Município de São Paulo;False;IGNORADO
19468;3521002.0;Iperó;Sorocaba;False;BRANCA
19469;3550308.0;São Paulo;Município de São Paulo;False;NONE
19470;3550308.0;São Paulo;Município de São Paulo;False;IGNORADO
19471;3548500.0;Santos;Baixada Santista;False;IGNORADO
19472;3526902.0;Limeira;Piracicaba;False;BRANCA
19473;3552205.0;Sorocaba;Sorocaba;False;IGNORADO
19474;3529005.0;Marília;Marília;False;BRANCA
19475;3506508.0;Birigui;Araçatuba;False;BRANCA
19476;3547809.0;Santo André;Grande SP Sudeste;False;IGNORADO
19477;3550308.0;São Paulo;Município de São Paulo;False;IGNORADO
19478;3550308.0;São Paulo;Município de São Paulo;False;BRANCA
19479;3543402.0;Ribeirão Preto;Ribeirão Preto;False;BRANCA
19480;3550308.0;São Paulo;Município de São Paulo;False;PARDA
19481;3518404.0;Guaratinguetá;Taubaté;False;BRANCA
19482;3543907.0;Rio Claro;Piracicaba;False;AMARELA
19483;3503307.0;Araras;Piracicaba;False;BRANCA
19484;3515004.0;Embu das Artes;Grande SP Sudoeste;False;PARDA
19485;3550308.0;São Paulo;Município de São Paulo;False;BRANCA
19486;3550308.0;São Paulo;Município de São Paulo;False;NONE
19487;3545308.0;Salto de Pirapora;Sorocaba;False;BRANCA
19488;3547502.0;Santa Rita do Passa Quatro;Ribeirão Preto;False;
19489;3550308.0;São Paulo;Município de São Paulo;False;BRANCA
19490;3552205.0;Sorocaba;Sorocaba;False;BRANCA
19491;3502804.0;Araçatuba;Araçatuba;False;BRANCA
19492;3519071.0;Hortolândia;Campinas;False;BRANCA
19493;3515707.0;Ferraz de Vasconcelos;Grande SP Leste;False;IGNORADO
19494;3534401.0;Osasco;Grande SP Oeste;False;IGNORADO
19495;3502804.0;Araçatuba;Araçatuba;False;PARDA
19496;3516200.0;Franca;Franca;False;IGNORADO
19497;3501905.0;Amparo;Campinas;True;BRANCA
19498;3513009.0;Cotia;Grande SP Sudoeste;False;BRANCA
19499;3532702.0;Nipoã;São José do Rio Preto;False;BRANCA
19500;3547809.0;Santo André;Grande SP Sudeste;False;IGNORADO
19501;3548906.0;São Carlos;Araraquara;False;BRANCA
19502;3550308.0;São Paulo;Município de São Paulo;False;PARDA
19503;3529005.0;Marília;Marília;False;AMARELA
19504;3550308.0;São Paulo;Município de São Paulo;False;BRANCA
19505;3550308.0;São Paulo;Município de São Paulo;False;PARDA
19506;3515707.0;Ferraz de Vasconcelos;Grande SP Leste;True;PARDA
19507;3552403.0;Sumaré;Campinas;False;PARDA
19508;3513801.0;Diadema;Grande SP Sudeste;False;BRANCA
19509;3510203.0;Capão Bonito;Sorocaba;False;BRANCA
19510;3550308.0;São Paulo;Município de São Paulo;False;BRANCA
19511;3547809.0;Santo André;Grande SP Sudeste;False;PRETA
19512;3550308.0;São Paulo;Município de São Paulo;False;
19513;3527207.0;Lorena;Taubaté;False;IGNORADO
19514;3511102.0;Catanduva;São José do Rio Preto;False;BRANCA
19515;3534401.0;Osasco;Grande SP Oeste;False;IGNORADO
19516;3548708.0;São Bernardo do Campo;Grande SP Sudeste;False;BRANCA
19517;3507001.0;Boituva;Sorocaba;False;BRANCA
19518;3552700.0;Tabatinga;Araraquara;False;AMARELA
19519;3509205.0;Cajamar;Grande SP Norte;False;BRANCA
19520;3550704.0;São Sebastião;Taubaté;False;BRANCA
19521;3550308.0;São Paulo;Município de São Paulo;False;IGNORADO
19522;3507605.0;Bragança Paulista;Campinas;False;IGNORADO
19523;3505203.0;Bariri;Bauru;False;BRANCA
19524;3510104.0;Cândido Rodrigues;Araraquara;False;BRANCA
19525;3524303.0;Jaboticabal;Ribeirão Preto;False;PARDA
19526;3506003.0;Bauru;Bauru;False;BRANCA
19527;3549904.0;São José dos Campos;Taubaté;False;BRANCA
19528;3538709.0;Piracicaba;Piracicaba;False;BRANCA
19529;3520905.0;Ipaussu;Marília;False;BRANCA
19530;3515004.0;Embu das Artes;Grande SP Sudoeste;False;BRANCA
19531;3505302.0;Barra Bonita;Bauru;False;BRANCA
19532;3550308.0;São Paulo;Município de São Paulo;False;PARDA
19533;3548500.0;Santos;Baixada Santista;False;BRANCA
19534;3543402.0;Ribeirão Preto;Ribeirão Preto;False;BRANCA
19535;3543402.0;Ribeirão Preto;Ribeirão Preto;False;BRANCA
19536;3550308.0;São Paulo;Município de São Paulo;False;BRANCA
19537;3513504.0;Cubatão;Baixada Santista;False;AMARELA
19538;3548708.0;São Bernardo do Campo;Grande SP Sudeste;False;BRANCA
19539;3541000.0;Praia Grande;Baixada Santista;False;PARDA
19540;3550308.0;São Paulo;Município de São Paulo;False;PARDA
19541;3505708.0;Barueri;Grande SP Oeste;False;BRANCA
19542;3523107.0;Itaquaquecetuba;Grande SP Leste;False;BRANCA
19543;3526902.0;Limeira;Piracicaba;False;BRANCA
19544;3549904.0;São José dos Campos;Taubaté;False;BRANCA
19545;3540705.0;Porto Ferreira;Araraquara;False;BRANCA
19546;3550308.0;São Paulo;Município de São Paulo;False;BRANCA
