69593;3529005.0;Marília;Marília;False;BRANCA
69594;3522307.0;Itapetininga;Sorocaba;False;BRANCA
69595;3550308.0;São Paulo;Município de São Paulo;False;IGNORADO
69596;3508009.0;Buri;Sorocaba;False;AMARELA
69597;3525904.0;Jundiaí;Campinas;False;BRANCA
69598;3536505.0;Paulínia;Campinas;False;PARDA
69599;3543402.0;Ribeirão Preto;Ribeirão Preto;False;PARDA
69600;3550308.0;São Paulo;Município de São Paulo;False;BRANCA
69601;3513801.0;Diadema;Grande SP Sudeste;False;
69602;3508405.0;Cabreúva;Campinas;False;BRANCA
69603;3548500.0;Santos;Baixada Santista;False;
69604;3505708.0;Barueri;Grande SP Oeste;False;AMARELA
69605;3556701.0;Vinhedo;Campinas;True;PARDA
69606;3506003.0;Bauru;Bauru;False;PARDA
69607;3549805.0;São José do Rio Preto;São José do Rio Preto;False;BRANCA
69608;3550308.0;São Paulo;Município de São Paulo;False;PRETA
69609;3526902.0;Limeira;Piracicaba;False;BRANCA
69610;3557105.0;Votuporanga;São José do Rio Preto;False;BRANCA
69611;3538709.0;Piracicaba;Piracicaba;False;BRANCA
69612;3525201.0;Jarinu;Campinas;False;BRANCA
69613;3509502.0;Campinas;Campinas;False;PARDA
69614;3526902.0;Limeira;Piracicaba;False;BRANCA
69615;3510500.0;Caraguatatuba;Taubaté;False;BRANCA
69616;3504800.0;Bálsamo;São José do Rio Preto;False;BRANCA
69617;3552403.0;Sumaré;Campinas;False;BRANCA
69618;3550308.0;São Paulo;Município de São Paulo;False;AMARELA
69619;3509502.0;Campinas;Campinas;False;BRANCA
69620;3547809.0;Santo André;Grande SP Sudeste;False;BRANCA
69621;3503208.0;Araraquara;Araraquara;False;BRANCA
69622;3549805.0;São José do Rio Preto;São José do Rio Preto;False;BRANCA
69623;3550308.0;São Paulo;Município de São Paulo;False;PARDA
69624;3552205.0;Sorocaba;Sorocaba;False;BRANCA
69625;3550308.0;São Paulo;Município de São Paulo;False;BRANCA
69626;3557105.0;Votuporanga;São José do Rio Preto;False;AMARELA
69627;3514924.0;Elisiário;São José do Rio Preto;True;BRANCA
69628;3523909.0;Itu;Sorocaba;False;BRANCA
69629;3506003.0;Bauru;Bauru;False;PRETA
69630;3552403.0;Sumaré;Campinas;False;BRANCA
69631;3550308.0;São Paulo;Município de São Paulo;False;BRANCA
69632;3541406.0;Presidente Prudente;Presidente Prudente;False;BRANCA
69633;3550308.0;São Paulo;Município de São Paulo;False;PARDA
69634;3532009.0;Morungaba;Campinas;False;BRANCA
69635;3547809.0;Santo André;Grande SP Sudeste;False;BRANCA
69636;3549904.0;São José dos Campos;Taubaté;False;PARDA
69637;3550308.0;São Paulo;Município de São Paulo;False;BRANCA
69638;3516200.0;Franca;Franca;False;IGNORADO
69639;3518305.0;Guararema;Grande SP Leste;True;BRANCA
69640;3547809.0;Santo André;Grande SP Sudeste;False;BRANCA
69641;3538709.0;Piracicaba;Piracicaba;False;BRANCA
69642;3538709.0;Piracicaba;Piracicaba;False;IGNORADO
69643;3526704.0;Leme;Piracicaba;False;BRANCA
69644;3506508.0;Birigui;Araçatuba;False;PARDA
69645;3534401.0;Osasco;Grande SP Oeste;False;IGNORADO
69646;3552205.0;Sorocaba;Sorocaba;False;BRANCA
69647;3548708.0;São Bernardo do Campo;Grande SP Sudeste;True;IGNORADO
69648;3550308.0;São Paulo;Município de São Paulo;False;PARDA
69649;3502804.0;Araçatuba;Araçatuba;False;BRANCA
69650;3550308.0;São Paulo;Município de São Paulo;False;BRANCA
69651;3550308.0;São Paulo;Município de São Paulo;False;PARDA
69652;3556701.0;Vinhedo;Campinas;False;IGNORADO
69653;3508504.0;Caçapava;Taubaté;False;BRANCA
69654;3537800.0;Piedade;Sorocaba;False;BRANCA
69655;3550308.0;São Paulo;Município de São Paulo;False;PARDA
69656;3536000.0;Parapuã;Marília;True;BRANCA
69657;3502804.0;Araçatuba;Araçatuba;False;BRANCA
69658;3550308.0;São Paulo;Município de São Paulo;False;PARDA
69659;3524006.0;Itupeva;Campinas;False;BRANCA
69660;3507605.0;Bragança Paulista;Campinas;False;BRANCA
69661;3507605.0;Bragança Paulista;Campinas;False;IGNORADO
69662;3513801.0;Diadema;Grande SP Sudeste;False;AMARELA
69663;3534401.0;Osasco;Grande SP Oeste;False;PARDA
69664;3534757.0;Ouroeste;São José do Rio Preto;False;BRANCA
69665;3551009.0;São Vicente;Baixada Santista;False;IGNORADO
69666;3550308.0;São Paulo;Município de São Paulo;False;PARDA
69667;3545308.0;Salto de Pirapora;Sorocaba;False;BRANCA
69668;3515707.0;Ferraz de Vasconcelos;Grande SP Leste;False;BRANCA
69669;3541406.0;Presidente Prudente;Presidente Prudente;False;IGNORADO
69670;3543907.0;Rio Claro;Piracicaba;False;PARDA
69671;3550308.0;São Paulo;Município de São Paulo;False;PARDA
69672;3518206.0;Guararapes;Araçatuba;False;AMARELA
69673;3550308.0;São Paulo;Município de São Paulo;False;PARDA
69674;3523404.0;Itatiba;Campinas;False;BRANCA
69675;3550308.0;São Paulo;Município de São Paulo;False;BRANCA
69676;3502804.0;Araçatuba;Araçatuba;False;BRANCA
69677;3527108.0;Lins;Bauru;False;BRANCA
69678;3509502.0;Campinas;Campinas;False;IGNORADO
69679;3550308.0;São Paulo;Município de São Paulo;False;BRANCA
69680;3552809.0;Taboão da Serra;Grande SP Sudoeste;False;PARDA
69681;3534401.0;Osasco;Grande SP Oeste;False;BRANCA
69682;3509502.0;Campinas;Campinas;False;BRANCA
69683;3552809.0;Taboão da Serra;Grande SP Sudoeste;False;PRETA
69684;3550308.0;São Paulo;Município de São Paulo;False;
69685;3513009.0;Cotia;Grande SP Sudoeste;False;BRANCA
69686;3518800.0;Guarulhos;Grande SP Leste;False;IGNORADO
69687;3550308.0;São Paulo;Município de São Paulo;False;AMARELA
69688;3503208.0;Araraquara;Araraquara;False;BRANCA
69689;3550308.0;São Paulo;Município de São Paulo;False;PARDA
69690;3539509.0;Pitangueiras;Ribeirão Preto;False;PARDA
69691;3521408.0;Iracemápolis;Piracicaba;False;BRANCA
69692;3550308.0;São Paulo;Município de São Paulo;False;BRANCA
69693;3555000.0;Tupã;Marília;False;BRANCA
69694;3552205.0;Sorocaba;Sorocaba;False;BRANCA
69695;3545605.0;Santa Adélia;São José do Rio Preto;False;BRANCA
69696;3552403.0;Sumaré;Campinas;False;BRANCA
69697;3540754.0;Potim;Taubaté;False;IGNORADO
69698;3540754.0;Potim;Taubaté;False;BRANCA
69699;3550308.0;São Paulo;Município de São Paulo;False;NONE
69700;3518800.0;Guarulhos;Grande SP Leste;False;NONE
69701;3518800.0;Guarulhos;Grande SP Leste;False;PARDA
69702;3550308.0;São Paulo;Município de São Paulo;False;BRANCA
69703;3524402.0;Jacareí;Taubaté;False;BRANCA
69704;3524402.0;Jacareí;Taubaté;False;PARDA
69705;3550308.0;São Paulo;Município de São Paulo;False;PRETA
69706;3512506.0;Coroados;Araçatuba;False;BRANCA
69707;3557105.0;Votuporanga;São José do Rio Preto;False;BRANCA
69708;3550308.0;São Paulo;Município de São Paulo;False;BRANCA
69709;3501608.0;Americana;Campinas;False;BRANCA
69710;3550308.0;São Paulo;Município de São Paulo;False;NONE
69711;3550308.0;São Paulo;Município de São Paulo;False;BRANCA
69712;3549102.0;São João da Boa Vista;São João da Boa Vista;False;BRANCA
69713;3550308.0;São Paulo;Município de São Paulo;False;PARDA
69714;3550308.0;São Paulo;Município de São Paulo;False;BRANCA
69715;3550308.0;São Paulo;Município de São Paulo;False;PARDA
69716;3509502.0;Campinas;Campinas;False;PARDA
69717;3550308.0;São Paulo;Município de São Paulo;False;PARDA
69718;3550308.0;São Paulo;Município de São Paulo;False;AMARELA
69719;3550308.0;São Paulo;Município de São Paulo;False;PARDA
69720;3548708.0;São Bernardo do Campo;Grande SP Sudeste;False;
69721;3520400.0;Ilhabela;Taubaté;False;PRETA
69722;3550308.0;São Paulo;Município de São Paulo;False;PRETA
69723;3550308.0;São Paulo;Município de São Paulo;False;IGNORADO
69724;3550308.0;São Paulo;Município de São Paulo;False;BRANCA
69725;3534401.0;Osasco;Grande SP Oeste;False;BRANCA
69726;3509007.0;Caieiras;Grande SP Norte;False;PARDA
69727;3550308.0;São Paulo;Município de São Paulo;False;BRANCA
69728;3525904.0;Jundiaí;Campinas;False;PARDA
69729;3550308.0;São Paulo;Município de São Paulo;False;AMARELA
69730;3550308.0;São Paulo;Município de São Paulo;False;
69731;3549805.0;São José do Rio Preto;São José do Rio Preto;False;PARDA
69732;3550308.0;São Paulo;Município de São Paulo;False;PARDA
69733;3513009.0;Cotia;Grande SP Sudoeste;False;PARDA
69734;3550308.0;São Paulo;Município de São Paulo;False;BRANCA
69735;3547809.0;Santo André;Grande SP Sudeste;False;NONE
69736;3548708.0;São Bernardo do Campo;Grande SP Sudeste;False;BRANCA
69737;3550308.0;São Paulo;Município de São Paulo;False;PRETA
