8202;3550308.0;São Paulo;Município de São Paulo;False;BRANCA
8203;3547809.0;Santo André;Grande SP Sudeste;False;BRANCA
8204;3548500.0;Santos;Baixada Santista;False;PARDA
8205;3548500.0;Santos;Baixada Santista;False;BRANCA
8206;3552205.0;Sorocaba;Sorocaba;False;IGNORADO
8207;3548708.0;São Bernardo do Campo;Grande SP Sudeste;False;
8208;3552205.0;Sorocaba;Sorocaba;False;BRANCA
8209;3500105.0;Adamantina;Marília;False;BRANCA
8210;3505708.0;Barueri;Grande SP Oeste;False;BRANCA
8211;3550308.0;São Paulo;Município de São Paulo;False;BRANCA
8212;3503208.0;Araraquara;Araraquara;False;IGNORADO
8213;3548708.0;São Bernardo do Campo;Grande SP Sudeste;False;PARDA
8214;3555000.0;Tupã;Marília;False;PARDA
8215;3538709.0;Piracicaba;Piracicaba;False;PARDA
8216;3538006.0;Pindamonhangaba;Taubaté;False;BRANCA
8217;3550308.0;São Paulo;Município de São Paulo;False;BRANCA
8218;3549904.0;São José dos Campos;Taubaté;False;BRANCA
8219;3518800.0;Guarulhos;Grande SP Leste;False;PRETA
8220;3543402.0;Ribeirão Preto;Ribeirão Preto;False;PARDA
8221;3550308.0;São Paulo;Município de São Paulo;False;IGNORADO
8222;3549904.0;São José dos Campos;Taubaté;False;BRANCA
8223;3550308.0;São Paulo;Município de São Paulo;False;PRETA
8224;3552205.0;Sorocaba;Sorocaba;False;BRANCA
8225;3527306.0;Louveira;Campinas;False;IGNORADO
8226;3549805.0;São José do Rio Preto;São José do Rio Preto;False;BRANCA
8227;3547809.0;Santo André;Grande SP Sudeste;False;BRANCA
8228;3509502.0;Campinas;Campinas;False;IGNORADO
8229;3506003.0;Bauru;Bauru;False;BRANCA
8230;3553401.0;Tanabi;São José do Rio Preto;False;BRANCA
8231;3550308.0;São Paulo;Município de São Paulo;False;
8232;3522307.0;Itapetininga;Sorocaba;False;BRANCA
8233;3545803.0;Santa Bárbara d'Oeste;Campinas;False;IGNORADO
8234;3530706.0;Mogi Guaçu;São João da Boa Vista;False;PARDA
8235;3510807.0;Casa Branca;São João da Boa Vista;False;BRANCA
8236;3550308.0;São Paulo;Município de São Paulo;False;
8237;3523404.0;Itatiba;Campinas;False;BRANCA
8238;3550308.0;São Paulo;Município de São Paulo;False;BRANCA
8239;3502804.0;Araçatuba;Araçatuba;False;BRANCA
8240;3527108.0;Lins;Bauru;False;BRANCA
8241;3509502.0;Campinas;Campinas;False;IGNORADO
8242;3550308.0;São Paulo;Município de São Paulo;False;BRANCA
8243;3529401.0;Mauá;Grande SP Sudeste;False;PARDA
8244;3550308.0;São Paulo;Município de São Paulo;False;BRANCA
8245;3550308.0;São Paulo;Município de São Paulo;False;PARDA
8246;3550308.0;São Paulo;Município de São Paulo;False;PARDA
8247;3550308.0;São Paulo;Município de São Paulo;False;PARDA
8248;3513801.0;Diadema;Grande SP Sudeste;False;AMARELA
8249;3550308.0;São Paulo;Município de São Paulo;False;BRANCA
8250;3550308.0;São Paulo;Município de São Paulo;False;PARDA
8251;3529005.0;Marília;Marília;False;IGNORADO
8252;3548708.0;São Bernardo do Campo;Grande SP Sudeste;False;PARDA
8253;3540606.0;Porto Feliz;Sorocaba;False;PRETA
8254;3506003.0;Bauru;Bauru;False;BRANCA
8255;3550308.0;São Paulo;Município de São Paulo;False;BRANCA
8256;3550308.0;São Paulo;Município de São Paulo;False;BRANCA
8257;3550308.0;São Paulo;Município de São Paulo;False;PARDA
8258;3503307.0;Araras;Piracicaba;False;PARDA
8259;3525904.0;Jundiaí;Campinas;False;BRANCA
8260;3541000.0;Praia Grande;Baixada Santista;False;BRANCA
8261;3549904.0;São José dos Campos;Taubaté;False;BRANCA
8262;3550308.0;São Paulo;Município de São Paulo;False;BRANCA
8263;3550308.0;São Paulo;Município de São Paulo;False;IGNORADO
8264;3550308.0;São Paulo;Município de São Paulo;False;PARDA
8265;3550308.0;São Paulo;Município de São Paulo;True;BRANCA
8266;3524600.0;Jacupiranga;Registro;True;PARDA
8267;3531100.0;Mongaguá;Baixada Santista;False;PARDA
8268;3520400.0;Ilhabela;Taubaté;False;BRANCA
8269;3550308.0;São Paulo;Município de São Paulo;False;PARDA
8270;3534401.0;Osasco;Grande SP Oeste;False;BRANCA
8271;3550308.0;São Paulo;Município de São Paulo;False;
8272;3550308.0;São Paulo;Município de São Paulo;False;NONE
8273;3552502.0;Suzano;Grande SP Leste;False;IGNORADO
8274;3550308.0;São Paulo;Município de São Paulo;False;IGNORADO
8275;3522109.0;Itanhaém;Baixada Santista;False;BRANCA
8276;3550308.0;São Paulo;Município de São Paulo;False;IGNORADO
8277;3550308.0;São Paulo;Município de São Paulo;True;BRANCA
8278;3505708.0;Barueri;Grande SP Oeste;False;AMARELA
8279;3550308.0;São Paulo;Município de São Paulo;False;
8280;3550308.0;São Paulo;Município de São Paulo;False;PARDA
8281;3550308.0;São Paulo;Município de São Paulo;False;PARDA
8282;3550308.0;São Paulo;Município de São Paulo;False;PARDA
8283;3513504.0;Cubatão;Baixada Santista;False;AMARELA
8284;3526902.0;Limeira;Piracicaba;False;BRANCA
8285;3508504.0;Caçapava;Taubaté;False;BRANCA
8286;3513009.0;Cotia;Grande SP Sudoeste;False;BRANCA
8287;3506201.0;Bento de Abreu;Araçatuba;False;BRANCA
8288;3554003.0;Tatuí;Sorocaba;False;BRANCA
8289;3525706.0;José Bonifácio;São José do Rio Preto;False;BRANCA
8290;3509502.0;Campinas;Campinas;False;BRANCA
8291;3550308.0;São Paulo;Município de São Paulo;False;BRANCA
8292;3507001.0;Boituva;Sorocaba;False;BRANCA
8293;3543402.0;Ribeirão Preto;Ribeirão Preto;False;PRETA
8294;3549805.0;São José do Rio Preto;São José do Rio Preto;False;BRANCA
8295;3523404.0;Itatiba;Campinas;False;IGNORADO
8296;3529401.0;Mauá;Grande SP Sudeste;False;BRANCA
8297;3524808.0;Jales;São José do Rio Preto;False;BRANCA
8298;3550308.0;São Paulo;Município de São Paulo;False;PARDA
8299;3520509.0;Indaiatuba;Campinas;False;BRANCA
8300;3525904.0;Jundiaí;Campinas;False;IGNORADO
8301;3534906.0;Pacaembu;Marília;False;
8302;3549904.0;São José dos Campos;Taubaté;False;BRANCA
8303;3510401.0;Capivari;Piracicaba;False;BRANCA
8304;3512407.0;Cordeirópolis;Piracicaba;False;BRANCA
8305;3529005.0;Marília;Marília;False;BRANCA
8306;3550308.0;São Paulo;Município de São Paulo;False;BRANCA
8307;3550308.0;São Paulo;Município de São Paulo;False;NONE
8308;3550308.0;São Paulo;Município de São Paulo;False;PARDA
8309;3506003.0;Bauru;Bauru;False;BRANCA
8310;3550308.0;São Paulo;Município de São Paulo;False;BRANCA
8311;3557105.0;Votuporanga;São José do Rio Preto;False;BRANCA
8312;3550308.0;São Paulo;Município de São Paulo;True;BRANCA
8313;3510609.0;Carapicuíba;Grande SP Oeste;False;PARDA
8314;3539301.0;Pirassununga;Piracicaba;False;BRANCA
8315;3545803.0;Santa Bárbara d'Oeste;Campinas;False;BRANCA
8316;3550308.0;São Paulo;Município de São Paulo;False;BRANCA
8317;3550308.0;São Paulo;Município de São Paulo;False;PARDA
8318;3503208.0;Araraquara;Araraquara;False;IGNORADO
8319;3541604.0;Promissão;Bauru;False;BRANCA
8320;3500709.0;Agudos;Bauru;False;IGNORADO
8321;3549904.0;São José dos Campos;Taubaté;False;BRANCA
8322;3552502.0;Suzano;Grande SP Leste;False;IGNORADO
8323;3550308.0;São Paulo;Município de São Paulo;False;PARDA
8324;3543303.0;Ribeirão Pires;Grande SP Sudeste;False;IGNORADO
8325;3515103.0;Embu-Guaçu;Grande SP Sudoeste;False;PARDA
8326;3541000.0;Praia Grande;Baixada Santista;False;BRANCA
8327;3555406.0;Ubatuba;Taubaté;False;AMARELA
8328;3503208.0;Araraquara;Araraquara;False;PARDA
8329;3550308.0;São Paulo;Município de São Paulo;False;PARDA
8330;3529401.0;Mauá;Grande SP Sudeste;False;
8331;3550308.0;São Paulo;Município de São Paulo;False;BRANCA
8332;3550308.0;São Paulo;Município de São Paulo;False;PARDA
8333;3550308.0;São Paulo;Município de São Paulo;False;
8334;3550308.0;São Paulo;Município de São Paulo;False;PARDA
8335;3550308.0;São Paulo;Município de São Paulo;False;PARDA
8336;3524402.0;Jacareí;Taubaté;False;BRANCA
8337;3535101.0;Palmares Paulista;São José do Rio Preto;False;BRANCA
8338;3550308.0;São Paulo;Município de São Paulo;False;IGNORADO
8339;3533908.0;Olímpia;Barretos;False;BRANCA
8340;3543402.0;Ribeirão Preto;Ribeirão Preto;False;BRANCA
8341;3549805.0;São José do Rio Preto;São José do Rio Preto;False;IGNORADO
8342;3550308.0;São Paulo;Município de São Paulo;False;PARDA
8343;3534401.0;Osasco;Grande SP Oeste;False;AMARELA
8344;3550308.0;São Paulo;Município de São Paulo;False;BRANCA
8345;3550308.0;São Paulo;Município de São Paulo;False;BRANCA
8346;3540200.0;Pontal;Ribeirão Preto;False;BRANCA
