43810;3552205.0;Sorocaba;Sorocaba;False;BRANCA
43811;3537800.0;Piedade;Sorocaba;False;BRANCA
43812;3522406.0;Itapeva;Sorocaba;False;IGNORADO
43813;3525706.0;José Bonifácio;São José do Rio Preto;False;BRANCA
43814;3505708.0;Barueri;Grande SP Oeste;False;BRANCA
43815;3552205.0;Sorocaba;Sorocaba;False;IGNORADO
43816;3538709.0;Piracicaba;Piracicaba;False;BRANCA
43817;3532827.0;Nova Campina;Sorocaba;False;BRANCA
43818;3550308.0;São Paulo;Município de São Paulo;False;BRANCA
43819;3515103.0;Embu-Guaçu;Grande SP Sudoeste;False;BRANCA
43820;3545308.0;Salto de Pirapora;Sorocaba;False;BRANCA
43821;3549805.0;São José do Rio Preto;São José do Rio Preto;False;BRANCA
43822;3549805.0;São José do Rio Preto;São José do Rio Preto;False;AMARELA
43823;3506508.0;Birigui;Araçatuba;False;BRANCA
43824;3532603.0;Nhandeara;São José do Rio Preto;False;BRANCA
43825;3552601.0;Tabapuã;São José do Rio Preto;False;BRANCA
43826;3552601.0;Tabapuã;São José do Rio Preto;False;BRANCA
43827;3550308.0;São Paulo;Município de São Paulo;False;BRANCA
43828;3548906.0;São Carlos;Araraquara;False;BRANCA
43829;3533601.0;Nuporanga;Franca;False;BRANCA
43830;3540101.0;Pongaí;Bauru;False;BRANCA
43831;3537305.0;Penápolis;Araçatuba;False;BRANCA
43832;3510609.0;Carapicuíba;Grande SP Oeste;False;IGNORADO
43833;3512001.0;Colina;Barretos;False;BRANCA
43834;3545803.0;Santa Bárbara d'Oeste;Campinas;False;PARDA
43835;3520509.0;Indaiatuba;Campinas;False;IGNORADO
43836;3543402.0;Ribeirão Preto;Ribeirão Preto;False;BRANCA
43837;3550308.0;São Paulo;Município de São Paulo;False;AMARELA
43838;3550308.0;São Paulo;Município de São Paulo;False;PARDA
43839;3550308.0;São Paulo;Município de São Paulo;False;IGNORADO
43840;3549102.0;São João da Boa Vista;São João da Boa Vista;False;IGNORADO
43841;3513009.0;Cotia;Grande SP Sudoeste;False;PARDA
43842;3550308.0;São Paulo;Município de São Paulo;False;PARDA
43843;3517604.0;Guapiara;Sorocaba;False;BRANCA
43844;3527207.0;Lorena;Taubaté;False;BRANCA
43845;3550308.0;São Paulo;Município de São Paulo;False;IGNORADO
43846;3550308.0;São Paulo;Município de São Paulo;False;BRANCA
43847;3550308.0;São Paulo;Município de São Paulo;True;BRANCA
43848;3538709.0;Piracicaba;Piracicaba;True;NONE
43849;3545100.0;Salmourão;Marília;False;PARDA
43850;3550308.0;São Paulo;Município de São Paulo;False;PARDA
43851;3548708.0;São Bernardo do Campo;Grande SP Sudeste;False;IGNORADO
43852;3550308.0;São Paulo;Município de São Paulo;False;BRANCA
43853;3526100.0;Juquiá;Registro;False;PARDA
43854;3518800.0;Guarulhos;Grande SP Leste;False;PRETA
43855;3509502.0;Campinas;Campinas;False;BRANCA
43856;3548807.0;São Caetano do Sul;Grande SP Sudeste;False;BRANCA
43857;3550308.0;São Paulo;Município de São Paulo;False;BRANCA
43858;3550308.0;São Paulo;Município de São Paulo;False;PARDA
43859;3550308.0;São Paulo;Município de São Paulo;False;BRANCA
43860;3534401.0;Osasco;Grande SP Oeste;False;PARDA
43861;3550308.0;São Paulo;Município de São Paulo;False;PARDA
43862;3549805.0;São José do Rio Preto;São José do Rio Preto;False;BRANCA
43863;3554003.0;Tatuí;Sorocaba;False;BRANCA
43864;3547809.0;Santo André;Grande SP Sudeste;False;BRANCA
43865;3550308.0;São Paulo;Município de São Paulo;False;BRANCA
43866;3509502.0;Campinas;Campinas;False;BRANCA
43867;3506904.0;Bofete;Bauru;False;BRANCA
43868;3550308.0;São Paulo;Município de São Paulo;False;IGNORADO
43869;3518701.0;Guarujá;Baixada Santista;False;BRANCA
43870;3525904.0;Jundiaí;Campinas;False;BRANCA
43871;3501608.0;Americana;Campinas;False;BRANCA
43872;3534401.0;Osasco;Grande SP Oeste;False;BRANCA
43873;3550308.0;São Paulo;Município de São Paulo;False;BRANCA
43874;3530607.0;Mogi das Cruzes;Grande SP Leste;False;BRANCA
43875;3548708.0;São Bernardo do Campo;Grande SP Sudeste;False;IGNORADO
43876;3550308.0;São Paulo;Município de São Paulo;False;PARDA
43877;3550308.0;São Paulo;Município de São Paulo;False;PARDA
43878;3550308.0;São Paulo;Município de São Paulo;False;NONE
43879;3518800.0;Guarulhos;Grande SP Leste;False;BRANCA
43880;3518800.0;Guarulhos;Grande SP Leste;False;BRANCA
43881;3553302.0;Tambaú;São João da Boa Vista;False;BRANCA
43882;3556503.0;Várzea Paulista;Campinas;False;BRANCA
43883;3547809.0;Santo André;Grande SP Sudeste;False;
43884;3516606.0;Gália;Marília;False;BRANCA
43885;3548500.0;Santos;Baixada Santista;False;PARDA
43886;3509502.0;Campinas;Campinas;False;BRANCA
43887;3549805.0;São José do Rio Preto;São José do Rio Preto;False;BRANCA
43888;3527207.0;Lorena;Taubaté;False;PARDA
43889;3543402.0;Ribeirão Preto;Ribeirão Preto;False;BRANCA
43890;3550308.0;São Paulo;Município de São Paulo;True;PARDA
43891;3518800.0;Guarulhos;Grande SP Leste;False;PARDA
43892;3549805.0;São José do Rio Preto;São José do Rio Preto;False;BRANCA
43893;3550308.0;São Paulo;Município de São Paulo;False;BRANCA
43894;3550308.0;São Paulo;Município de São Paulo;False;PARDA
43895;3525003.0;Jandira;Grande SP Oeste;False;PARDA
43896;3550308.0;São Paulo;Município de São Paulo;False;PARDA
43897;3550308.0;São Paulo;Município de São Paulo;False;PARDA
43898;3550308.0;São Paulo;Município de São Paulo;False;BRANCA
43899;3543402.0;Ribeirão Preto;Ribeirão Preto;False;PRETA
43900;3550308.0;São Paulo;Município de São Paulo;False;PARDA
43901;3550308.0;São Paulo;Município de São Paulo;False;BRANCA
43902;3529302.0;Matão;Araraquara;False;BRANCA
43903;3550308.0;São Paulo;Município de São Paulo;False;
43904;3539103.0;Pirapora do Bom Jesus;Grande SP Oeste;True;PARDA
43905;3545803.0;Santa Bárbara d'Oeste;Campinas;False;BRANCA
43906;3550308.0;São Paulo;Município de São Paulo;False;
43907;3549904.0;São José dos Campos;Taubaté;False;BRANCA
43908;3548807.0;São Caetano do Sul;Grande SP Sudeste;False;BRANCA
43909;3550308.0;São Paulo;Município de São Paulo;False;PARDA
43910;3542206.0;Rancharia;Presidente Prudente;False;PARDA
43911;3506003.0;Bauru;Bauru;False;PRETA
43912;3550308.0;São Paulo;Município de São Paulo;False;BRANCA
43913;3509502.0;Campinas;Campinas;False;BRANCA
43914;3508504.0;Caçapava;Taubaté;False;BRANCA
43915;3550308.0;São Paulo;Município de São Paulo;False;PARDA
43916;3518800.0;Guarulhos;Grande SP Leste;False;BRANCA
43917;3506706.0;Boa Esperança do Sul;Araraquara;False;BRANCA
43918;3546405.0;Santa Cruz do Rio Pardo;Marília;False;BRANCA
43919;3550407.0;São Pedro;Piracicaba;False;PARDA
43920;3537602.0;Peruíbe;Baixada Santista;False;BRANCA
43921;3549805.0;São José do Rio Preto;São José do Rio Preto;False;BRANCA
43922;3505708.0;Barueri;Grande SP Oeste;False;PARDA
43923;3549904.0;São José dos Campos;Taubaté;False;IGNORADO
43924;3540754.0;Potim;Taubaté;False;BRANCA
43925;3550308.0;São Paulo;Município de São Paulo;False;BRANCA
43926;3534401.0;Osasco;Grande SP Oeste;True;PARDA
43927;3519303.0;Ibaté;Araraquara;False;BRANCA
43928;3509809.0;Campos Novos Paulista;Marília;False;BRANCA
43929;3530706.0;Mogi Guaçu;São João da Boa Vista;False;BRANCA
43930;3550308.0;São Paulo;Município de São Paulo;False;BRANCA
43931;3550308.0;São Paulo;Município de São Paulo;False;BRANCA
43932;3543402.0;Ribeirão Preto;Ribeirão Preto;False;BRANCA
43933;3511300.0;Cedral;São José do Rio Preto;False;BRANCA
43934;3509502.0;Campinas;Campinas;False;BRANCA
43935;3557006.0;Votorantim;Sorocaba;False;BRANCA
43936;3530607.0;Mogi das Cruzes;Grande SP Leste;False;BRANCA
43937;3509502.0;Campinas;Campinas;True;BRANCA
43938;3549904.0;São José dos Campos;Taubaté;False;IGNORADO
43939;3550308.0;São Paulo;Município de São Paulo;False;IGNORADO
43940;3525300.0;Jaú;Bauru;False;BRANCA
43941;3543402.0;Ribeirão Preto;Ribeirão Preto;False;PARDA
43942;3505708.0;Barueri;Grande SP Oeste;False;PARDA
43943;3550308.0;São Paulo;Município de São Paulo;False;AMARELA
43944;3511102.0;Catanduva;São José do Rio Preto;False;AMARELA
43945;3548500.0;Santos;Baixada Santista;False;NONE
43946;3512803.0;Cosmópolis;Campinas;False;BRANCA
43947;3502804.0;Araçatuba;Araçatuba;False;BRANCA
43948;3519071.0;Hortolândia;Campinas;False;BRANCA
43949;3513504.0;Cubatão;Baixada Santista;False;BRANCA
43950;3550308.0;São Paulo;Município de São Paulo;False;PARDA
43951;3533908.0;Olímpia;Barretos;False;BRANCA
