67953;3548500.0;Santos;Baixada Santista;False;NONE
67954;3550308.0;São Paulo;Município de São Paulo;False;PARDA
67955;3550308.0;São Paulo;Município de São Paulo;False;BRANCA
67956;3550308.0;São Paulo;Município de São Paulo;False;BRANCA
67957;3518701.0;Guarujá;Baixada Santista;False;PARDA
67958;3536505.0;Paulínia;Campinas;False;BRANCA
67959;3548807.0;São Caetano do Sul;Grande SP Sudeste;False;BRANCA
67960;3550308.0;São Paulo;Município de São Paulo;False;PRETA
67961;3537800.0;Piedade;Sorocaba;False;BRANCA
67962;3530607.0;Mogi das Cruzes;Grande SP Leste;False;BRANCA
67963;3547809.0;Santo André;Grande SP Sudeste;False;BRANCA
67964;3505609.0;Barrinha;Ribeirão Preto;False;PARDA
67965;3550308.0;São Paulo;Município de São Paulo;False;PARDA
67966;3518206.0;Guararapes;Araçatuba;False;AMARELA
67967;3550308.0;São Paulo;Município de São Paulo;False;PARDA
67968;3549409.0;São Joaquim da Barra;Franca;False;IGNORADO
67969;3504800.0;Bálsamo;São José do Rio Preto;False;BRANCA
67970;3516200.0;Franca;Franca;False;IGNORADO
67971;3548708.0;São Bernardo do Campo;Grande SP Sudeste;False;BRANCA
67972;3518503.0;Guareí;Sorocaba;False;
67973;3509502.0;Campinas;Campinas;False;BRANCA
67974;3550308.0;São Paulo;Município de São Paulo;False;PARDA
67975;3515152.0;Engenheiro Coelho;Piracicaba;False;BRANCA
67976;3552403.0;Sumaré;Campinas;False;BRANCA
67977;3525904.0;Jundiaí;Campinas;False;PRETA
67978;3551108.0;Sarapuí;Sorocaba;False;BRANCA
67979;3550308.0;São Paulo;Município de São Paulo;False;PARDA
67980;3530607.0;Mogi das Cruzes;Grande SP Leste;False;PARDA
67981;3527207.0;Lorena;Taubaté;False;IGNORADO
67982;3552502.0;Suzano;Grande SP Leste;True;IGNORADO
67983;3550308.0;São Paulo;Município de São Paulo;False;BRANCA
67984;3525300.0;Jaú;Bauru;False;BRANCA
67985;3525854.0;Jumirim;Sorocaba;False;BRANCA
67986;3541000.0;Praia Grande;Baixada Santista;False;PARDA
67987;3520442.0;Ilha Solteira;Araçatuba;False;BRANCA
67988;3550308.0;São Paulo;Município de São Paulo;False;PARDA
67989;3505500.0;Barretos;Barretos;True;IGNORADO
67990;3505500.0;Barretos;Barretos;False;PARDA
67991;3541000.0;Praia Grande;Baixada Santista;False;PRETA
67992;3548906.0;São Carlos;Araraquara;False;IGNORADO
67993;3550308.0;São Paulo;Município de São Paulo;False;BRANCA
67994;3546603.0;Santa Fé do Sul;São José do Rio Preto;False;BRANCA
67995;3505708.0;Barueri;Grande SP Oeste;False;BRANCA
67996;3536505.0;Paulínia;Campinas;False;NONE
67997;3511300.0;Cedral;São José do Rio Preto;False;BRANCA
67998;3524808.0;Jales;São José do Rio Preto;False;IGNORADO
67999;3536000.0;Parapuã;Marília;False;PARDA
68000;3552205.0;Sorocaba;Sorocaba;False;PARDA
68001;3547809.0;Santo André;Grande SP Sudeste;False;PRETA
68002;3550308.0;São Paulo;Município de São Paulo;False;PARDA
68003;3550308.0;São Paulo;Município de São Paulo;False;PARDA
68004;3542008.0;Quintana;Marília;False;PARDA
68005;3519071.0;Hortolândia;Campinas;False;AMARELA
68006;3550308.0;São Paulo;Município de São Paulo;False;BRANCA
68007;3552205.0;Sorocaba;Sorocaba;False;BRANCA
68008;3557006.0;Votorantim;Sorocaba;False;BRANCA
68009;3519071.0;Hortolândia;Campinas;False;IGNORADO
68010;3506508.0;Birigui;Araçatuba;False;BRANCA
68011;3545803.0;Santa Bárbara d'Oeste;Campinas;False;BRANCA
68012;3502804.0;Araçatuba;Araçatuba;False;BRANCA
68013;3514908.0;Elias Fausto;Piracicaba;False;BRANCA
68014;3510609.0;Carapicuíba;Grande SP Oeste;False;BRANCA
68015;3515202.0;Estrela d'Oeste;São José do Rio Preto;False;AMARELA
68016;3541000.0;Praia Grande;Baixada Santista;False;PARDA
68017;3551009.0;São Vicente;Baixada Santista;False;IGNORADO
68018;3549805.0;São José do Rio Preto;São José do Rio Preto;False;BRANCA
68019;3510609.0;Carapicuíba;Grande SP Oeste;False;NONE
68020;3514502.0;Duartina;Bauru;False;PRETA
68021;3525904.0;Jundiaí;Campinas;False;PARDA
68022;3550308.0;São Paulo;Município de São Paulo;False;PARDA
68023;3550308.0;São Paulo;Município de São Paulo;False;PARDA
68024;3534807.0;Ouro Verde;Presidente Prudente;False;BRANCA
68025;3550308.0;São Paulo;Município de São Paulo;False;BRANCA
68026;3550308.0;São Paulo;Município de São Paulo;False;BRANCA
68027;3543402.0;Ribeirão Preto;Ribeirão Preto;False;IGNORADO
68028;3550308.0;São Paulo;Município de São Paulo;False;BRANCA
68029;3506003.0;Bauru;Bauru;False;BRANCA
68030;3509502.0;Campinas;Campinas;False;AMARELA
68031;3530607.0;Mogi das Cruzes;Grande SP Leste;False;BRANCA
68032;3518800.0;Guarulhos;Grande SP Leste;False;
68033;3538709.0;Piracicaba;Piracicaba;False;AMARELA
68034;3548708.0;São Bernardo do Campo;Grande SP Sudeste;False;AMARELA
68035;3533908.0;Olímpia;Barretos;False;BRANCA
68036;3546306.0;Santa Cruz das Palmeiras;São João da Boa Vista;False;BRANCA
68037;3543402.0;Ribeirão Preto;Ribeirão Preto;False;PARDA
68038;3509502.0;Campinas;Campinas;False;PARDA
68039;3549409.0;São Joaquim da Barra;Franca;True;BRANCA
68040;3526209.0;Juquitiba;Grande SP Sudoeste;False;BRANCA
68041;3531100.0;Mongaguá;Baixada Santista;False;PARDA
68042;3539004.0;Pirangi;São José do Rio Preto;False;BRANCA
68043;3513504.0;Cubatão;Baixada Santista;False;
68044;3522307.0;Itapetininga;Sorocaba;False;AMARELA
68045;3530607.0;Mogi das Cruzes;Grande SP Leste;False;AMARELA
68046;3503307.0;Araras;Piracicaba;False;PARDA
68047;3543907.0;Rio Claro;Piracicaba;False;BRANCA
68048;3506508.0;Birigui;Araçatuba;False;BRANCA
68049;3523909.0;Itu;Sorocaba;False;BRANCA
68050;3526902.0;Limeira;Piracicaba;False;BRANCA
68051;3511102.0;Catanduva;São José do Rio Preto;False;BRANCA
68052;3531803.0;Monte Mor;Campinas;False;BRANCA
68053;3506003.0;Bauru;Bauru;False;BRANCA
68054;3550308.0;São Paulo;Município de São Paulo;False;BRANCA
68055;3525706.0;José Bonifácio;São José do Rio Preto;False;BRANCA
68056;3549805.0;São José do Rio Preto;São José do Rio Preto;False;BRANCA
68057;3524501.0;Jaci;São José do Rio Preto;False;BRANCA
68058;3552403.0;Sumaré;Campinas;False;AMARELA
68059;3550308.0;São Paulo;Município de São Paulo;True;BRANCA
68060;3505906.0;Batatais;Ribeirão Preto;False;BRANCA
68061;3530706.0;Mogi Guaçu;São João da Boa Vista;False;BRANCA
68062;3507605.0;Bragança Paulista;Campinas;False;BRANCA
68063;3518206.0;Guararapes;Araçatuba;False;PARDA
68064;3550308.0;São Paulo;Município de São Paulo;False;IGNORADO
68065;3543402.0;Ribeirão Preto;Ribeirão Preto;False;BRANCA
68066;3529005.0;Marília;Marília;False;BRANCA
68067;3538006.0;Pindamonhangaba;Taubaté;False;BRANCA
68068;3551009.0;São Vicente;Baixada Santista;True;NONE
68069;3550308.0;São Paulo;Município de São Paulo;False;
68070;3522505.0;Itapevi;Grande SP Oeste;False;PARDA
68071;3530607.0;Mogi das Cruzes;Grande SP Leste;True;BRANCA
68072;3552502.0;Suzano;Grande SP Leste;False;BRANCA
68073;3502903.0;Araçoiaba da Serra;Sorocaba;False;BRANCA
68074;3550308.0;São Paulo;Município de São Paulo;False;BRANCA
68075;3550308.0;São Paulo;Município de São Paulo;False;BRANCA
68076;3522505.0;Itapevi;Grande SP Oeste;False;BRANCA
68077;3509502.0;Campinas;Campinas;False;BRANCA
68078;3550308.0;São Paulo;Município de São Paulo;False;
68079;3529005.0;Marília;Marília;False;PARDA
68080;3529401.0;Mauá;Grande SP Sudeste;True;PARDA
68081;3506102.0;Bebedouro;Barretos;False;PRETA
68082;3550308.0;São Paulo;Município de São Paulo;False;IGNORADO
68083;3518206.0;Guararapes;Araçatuba;False;AMARELA
68084;3523404.0;Itatiba;Campinas;False;PARDA
68085;3540606.0;Porto Feliz;Sorocaba;False;BRANCA
68086;3550308.0;São Paulo;Município de São Paulo;False;BRANCA
68087;3518602.0;Guariba;Ribeirão Preto;False;PARDA
68088;3503307.0;Araras;Piracicaba;False;BRANCA
68089;3516200.0;Franca;Franca;False;IGNORADO
68090;3518305.0;Guararema;Grande SP Leste;False;BRANCA
68091;3518701.0;Guarujá;Baixada Santista;False;
68092;3522505.0;Itapevi;Grande SP Oeste;False;IGNORADO
68093;3550308.0;São Paulo;Município de São Paulo;False;IGNORADO
68094;3550308.0;São Paulo;Município de São Paulo;False;BRANCA
68095;3550308.0;São Paulo;Município de São Paulo;False;IGNORADO
68096;3550308.0;São Paulo;Município de São Paulo;False;NONE
68097;3550308.0;São Paulo;Município de São Paulo;False;BRANCA
68098;3552809.0;Taboão da Serra;Grande SP Sudoeste;False;
