13099;3548708.0;São Bernardo do Campo;Grande SP Sudeste;False;BRANCA
13100;3551009.0;São Vicente;Baixada Santista;False;BRANCA
13101;3540408.0;Populina;São José do Rio Preto;False;BRANCA
13102;3550308.0;São Paulo;Município de São Paulo;False;IGNORADO
13103;3520442.0;Ilha Solteira;Araçatuba;False;BRANCA
13104;3547809.0;Santo André;Grande SP Sudeste;False;PARDA
13105;3550308.0;São Paulo;Município de São Paulo;False;BRANCA
13106;3550308.0;São Paulo;Município de São Paulo;False;PARDA
13107;3510807.0;Casa Branca;São João da Boa Vista;False;BRANCA
13108;3550308.0;São Paulo;Município de São Paulo;False;AMARELA
13109;3518701.0;Guarujá;Baixada Santista;False;PRETA
13110;3518701.0;Guarujá;Baixada Santista;False;PRETA
13111;3550308.0;São Paulo;Município de São Paulo;False;
13112;3552304.0;Sud Mennucci;Araçatuba;False;PARDA
13113;3548708.0;São Bernardo do Campo;Grande SP Sudeste;False;BRANCA
13114;3550308.0;São Paulo;Município de São Paulo;False;BRANCA
13115;3548500.0;Santos;Baixada Santista;False;BRANCA
13116;3547304.0;Santana de Parnaíba;Grande SP Oeste;False;BRANCA
13117;3507506.0;Botucatu;Bauru;False;BRANCA
13118;3536505.0;Paulínia;Campinas;False;BRANCA
13119;3543907.0;Rio Claro;Piracicaba;False;BRANCA
13120;3506706.0;Boa Esperança do Sul;Araraquara;False;BRANCA
13121;3552809.0;Taboão da Serra;Grande SP Sudoeste;False;BRANCA
13122;3548708.0;São Bernardo do Campo;Grande SP Sudeste;False;PARDA
13123;3530706.0;Mogi Guaçu;São João da Boa Vista;False;BRANCA
13124;3513801.0;Diadema;Grande SP Sudeste;False;PARDA
13125;3548500.0;Santos;Baixada Santista;False;PARDA
13126;3501905.0;Amparo;Campinas;False;BRANCA
13127;3524709.0;Jaguariúna;Campinas;False;BRANCA
13128;3550308.0;São Paulo;Município de São Paulo;False;IGNORADO
13129;3526902.0;Limeira;Piracicaba;False;BRANCA
13130;3543907.0;Rio Claro;Piracicaba;False;BRANCA
13131;3526902.0;Limeira;Piracicaba;False;IGNORADO
13132;3548708.0;São Bernardo do Campo;Grande SP Sudeste;False;
13133;3543402.0;Ribeirão Preto;Ribeirão Preto;False;
13134;3518800.0;Guarulhos;Grande SP Leste;False;BRANCA
13135;3509502.0;Campinas;Campinas;False;BRANCA
13136;3545803.0;Santa Bárbara d'Oeste;Campinas;False;AMARELA
13137;3550308.0;São Paulo;Município de São Paulo;False;PARDA
13138;3557006.0;Votorantim;Sorocaba;False;BRANCA
13139;3550308.0;São Paulo;Município de São Paulo;False;PARDA
13140;3550308.0;São Paulo;Município de São Paulo;False;BRANCA
13141;3510500.0;Caraguatatuba;Taubaté;False;BRANCA
13142;3505807.0;Bastos;Marília;False;BRANCA
13143;3535507.0;Paraguaçu Paulista;Marília;False;BRANCA
13144;3509205.0;Cajamar;Grande SP Norte;False;PARDA
13145;3549805.0;São José do Rio Preto;São José do Rio Preto;False;BRANCA
13146;3526902.0;Limeira;Piracicaba;False;PARDA
13147;3524808.0;Jales;São José do Rio Preto;False;BRANCA
13148;3550308.0;São Paulo;Município de São Paulo;False;BRANCA
13149;3550308.0;São Paulo;Município de São Paulo;False;BRANCA
13150;3530706.0;Mogi Guaçu;São João da Boa Vista;False;BRANCA
13151;3548708.0;São Bernardo do Campo;Grande SP Sudeste;False;PARDA
13152;3554003.0;Tatuí;Sorocaba;False;BRANCA
13153;3549904.0;São José dos Campos;Taubaté;False;NONE
13154;3519600.0;Ibitinga;Araraquara;False;PARDA
13155;3550308.0;São Paulo;Município de São Paulo;False;PARDA
13156;3550308.0;São Paulo;Município de São Paulo;False;BRANCA
13157;3550308.0;São Paulo;Município de São Paulo;False;BRANCA
13158;3516200.0;Franca;Franca;False;BRANCA
13159;3525904.0;Jundiaí;Campinas;False;BRANCA
13160;3506508.0;Birigui;Araçatuba;False;BRANCA
13161;3549805.0;São José do Rio Preto;São José do Rio Preto;False;BRANCA
13162;3505500.0;Barretos;Barretos;False;PARDA
13163;3548500.0;Santos;Baixada Santista;False;BRANCA
13164;3504008.0;Assis;Marília;False;BRANCA
13165;3501608.0;Americana;Campinas;False;BRANCA
13166;3552205.0;Sorocaba;Sorocaba;False;BRANCA
13167;3525904.0;Jundiaí;Campinas;False;BRANCA
13168;3526803.0;Lençóis Paulista;Bauru;False;BRANCA
13169;3521200.0;Iporanga;Registro;False;PARDA
13170;3533908.0;Olímpia;Barretos;False;IGNORADO
13171;3547809.0;Santo André;Grande SP Sudeste;False;BRANCA
13172;3550308.0;São Paulo;Município de São Paulo;False;PRETA
13173;3550308.0;São Paulo;Município de São Paulo;False;
13174;3530607.0;Mogi das Cruzes;Grande SP Leste;False;BRANCA
13175;3550308.0;São Paulo;Município de São Paulo;False;BRANCA
13176;3550308.0;São Paulo;Município de São Paulo;False;IGNORADO
13177;3548807.0;São Caetano do Sul;Grande SP Sudeste;False;IGNORADO
13178;3552205.0;Sorocaba;Sorocaba;True;IGNORADO
13179;3509502.0;Campinas;Campinas;False;BRANCA
13180;3550308.0;São Paulo;Município de São Paulo;False;BRANCA
13181;3550308.0;São Paulo;Município de São Paulo;False;BRANCA
13182;3522505.0;Itapevi;Grande SP Oeste;True;BRANCA
13183;3552502.0;Suzano;Grande SP Leste;True;IGNORADO
13184;3519071.0;Hortolândia;Campinas;True;PARDA
13185;3506508.0;Birigui;Araçatuba;False;BRANCA
13186;3550308.0;São Paulo;Município de São Paulo;False;PARDA
13187;3526803.0;Lençóis Paulista;Bauru;False;BRANCA
13188;3506508.0;Birigui;Araçatuba;False;BRANCA
13189;3543402.0;Ribeirão Preto;Ribeirão Preto;False;PARDA
13190;3525904.0;Jundiaí;Campinas;False;BRANCA
13191;3549904.0;São José dos Campos;Taubaté;False;IGNORADO
13192;3515509.0;Fernandópolis;São José do Rio Preto;False;BRANCA
13193;3547809.0;Santo André;Grande SP Sudeste;False;IGNORADO
13194;3548906.0;São Carlos;Araraquara;False;AMARELA
13195;3549805.0;São José do Rio Preto;São José do Rio Preto;False;BRANCA
13196;3525300.0;Jaú;Bauru;False;BRANCA
13197;3548708.0;São Bernardo do Campo;Grande SP Sudeste;False;BRANCA
13198;3509700.0;Campos do Jordão;Taubaté;False;BRANCA
13199;3550308.0;São Paulo;Município de São Paulo;False;NONE
13200;3550308.0;São Paulo;Município de São Paulo;False;IGNORADO
13201;3547809.0;Santo André;Grande SP Sudeste;False;PARDA
13202;3552502.0;Suzano;Grande SP Leste;False;IGNORADO
13203;3550308.0;São Paulo;Município de São Paulo;False;NONE
13204;3550308.0;São Paulo;Município de São Paulo;False;PRETA
13205;3550308.0;São Paulo;Município de São Paulo;False;NONE
13206;3509502.0;Campinas;Campinas;False;PARDA
13207;3550308.0;São Paulo;Município de São Paulo;False;PARDA
13208;3516200.0;Franca;Franca;False;IGNORADO
13209;3516200.0;Franca;Franca;False;IGNORADO
13210;3530706.0;Mogi Guaçu;São João da Boa Vista;False;BRANCA
13211;3526209.0;Juquitiba;Grande SP Sudoeste;False;PARDA
13212;3550308.0;São Paulo;Município de São Paulo;False;PARDA
13213;3518800.0;Guarulhos;Grande SP Leste;False;BRANCA
13214;3542206.0;Rancharia;Presidente Prudente;False;BRANCA
13215;3550308.0;São Paulo;Município de São Paulo;False;NONE
13216;3549805.0;São José do Rio Preto;São José do Rio Preto;False;BRANCA
13217;3552403.0;Sumaré;Campinas;False;BRANCA
13218;3538709.0;Piracicaba;Piracicaba;False;PARDA
13219;3529708.0;Miguelópolis;Franca;False;BRANCA
13220;3540606.0;Porto Feliz;Sorocaba;False;BRANCA
13221;3547809.0;Santo André;Grande SP Sudeste;False;IGNORADO
13222;3550308.0;São Paulo;Município de São Paulo;False;PARDA
13223;3556503.0;Várzea Paulista;Campinas;False;IGNORADO
13224;3509502.0;Campinas;Campinas;True;IGNORADO
13225;3548500.0;Santos;Baixada Santista;False;BRANCA
13226;3550308.0;São Paulo;Município de São Paulo;False;PRETA
13227;3545209.0;Salto;Sorocaba;False;BRANCA
13228;3550308.0;São Paulo;Município de São Paulo;True;BRANCA
13229;3552106.0;Socorro;Campinas;False;BRANCA
13230;3518404.0;Guaratinguetá;Taubaté;False;BRANCA
13231;3550308.0;São Paulo;Município de São Paulo;False;BRANCA
13232;3538709.0;Piracicaba;Piracicaba;False;AMARELA
13233;3552403.0;Sumaré;Campinas;False;PARDA
13234;3510500.0;Caraguatatuba;Taubaté;False;BRANCA
13235;3521606.0;Irapuru;Presidente Prudente;False;BRANCA
13236;3550308.0;São Paulo;Município de São Paulo;False;BRANCA
13237;3513108.0;Cravinhos;Ribeirão Preto;False;BRANCA
13238;3530607.0;Mogi das Cruzes;Grande SP Leste;True;IGNORADO
13239;3550308.0;São Paulo;Município de São Paulo;False;BRANCA
13240;3550308.0;São Paulo;Município de São Paulo;False;
13241;3548708.0;São Bernardo do Campo;Grande SP Sudeste;False;BRANCA
