12639;3550308.0;São Paulo;Município de São Paulo;False;PARDA
12640;3509502.0;Campinas;Campinas;False;IGNORADO
12641;3524402.0;Jacareí;Taubaté;False;BRANCA
12642;3541406.0;Presidente Prudente;Presidente Prudente;False;BRANCA
12643;3519303.0;Ibaté;Araraquara;False;BRANCA
12644;3543402.0;Ribeirão Preto;Ribeirão Preto;False;PARDA
12645;3509502.0;Campinas;Campinas;False;BRANCA
12646;3525706.0;José Bonifácio;São José do Rio Preto;False;BRANCA
12647;3513801.0;Diadema;Grande SP Sudeste;False;NONE
12648;3548708.0;São Bernardo do Campo;Grande SP Sudeste;False;BRANCA
12649;3526704.0;Leme;Piracicaba;False;BRANCA
12650;3550308.0;São Paulo;Município de São Paulo;False;PARDA
12651;3548500.0;Santos;Baixada Santista;False;IGNORADO
12652;3504107.0;Atibaia;Campinas;False;IGNORADO
12653;3552502.0;Suzano;Grande SP Leste;False;BRANCA
12654;3519600.0;Ibitinga;Araraquara;False;BRANCA
12655;3506359.0;Bertioga;Baixada Santista;False;PARDA
12656;3507506.0;Botucatu;Bauru;False;BRANCA
12657;3538709.0;Piracicaba;Piracicaba;False;PARDA
12658;3509502.0;Campinas;Campinas;False;BRANCA
12659;3539301.0;Pirassununga;Piracicaba;False;BRANCA
12660;3543402.0;Ribeirão Preto;Ribeirão Preto;False;BRANCA
12661;3506003.0;Bauru;Bauru;False;IGNORADO
12662;3550308.0;São Paulo;Município de São Paulo;False;BRANCA
12663;3509502.0;Campinas;Campinas;False;PARDA
12664;3516200.0;Franca;Franca;False;IGNORADO
12665;3525904.0;Jundiaí;Campinas;False;NONE
12666;3543402.0;Ribeirão Preto;Ribeirão Preto;False;BRANCA
12667;3503901.0;Arujá;Grande SP Leste;False;BRANCA
12668;3543402.0;Ribeirão Preto;Ribeirão Preto;False;IGNORADO
12669;3505302.0;Barra Bonita;Bauru;False;BRANCA
12670;3550308.0;São Paulo;Município de São Paulo;False;BRANCA
12671;3509700.0;Campos do Jordão;Taubaté;False;IGNORADO
12672;3550308.0;São Paulo;Município de São Paulo;False;PARDA
12673;3550308.0;São Paulo;Município de São Paulo;False;BRANCA
12674;3518503.0;Guareí;Sorocaba;False;BRANCA
12675;3550308.0;São Paulo;Município de São Paulo;False;
12676;3516200.0;Franca;Franca;False;IGNORADO
12677;3550308.0;São Paulo;Município de São Paulo;False;IGNORADO
12678;3550308.0;São Paulo;Município de São Paulo;False;PARDA
12679;3509502.0;Campinas;Campinas;False;BRANCA
12680;3530607.0;Mogi das Cruzes;Grande SP Leste;False;BRANCA
12681;3550308.0;São Paulo;Município de São Paulo;False;
12682;3506003.0;Bauru;Bauru;False;PARDA
12683;3549805.0;São José do Rio Preto;São José do Rio Preto;False;BRANCA
12684;3550308.0;São Paulo;Município de São Paulo;False;BRANCA
12685;3541406.0;Presidente Prudente;Presidente Prudente;False;PARDA
12686;3510401.0;Capivari;Piracicaba;False;BRANCA
12687;3550308.0;São Paulo;Município de São Paulo;False;IGNORADO
12688;3550308.0;São Paulo;Município de São Paulo;False;BRANCA
12689;3520509.0;Indaiatuba;Campinas;False;BRANCA
12690;3550308.0;São Paulo;Município de São Paulo;False;BRANCA
12691;3547809.0;Santo André;Grande SP Sudeste;True;IGNORADO
12692;3541604.0;Promissão;Bauru;False;PARDA
12693;3543402.0;Ribeirão Preto;Ribeirão Preto;False;BRANCA
12694;3548500.0;Santos;Baixada Santista;False;IGNORADO
12695;3524402.0;Jacareí;Taubaté;False;BRANCA
12696;3515186.0;Espírito Santo do Pinhal;São João da Boa Vista;False;BRANCA
12697;3518503.0;Guareí;Sorocaba;False;
12698;3552809.0;Taboão da Serra;Grande SP Sudoeste;False;PARDA
12699;3550308.0;São Paulo;Município de São Paulo;False;BRANCA
12700;3550308.0;São Paulo;Município de São Paulo;False;IGNORADO
12701;3534401.0;Osasco;Grande SP Oeste;False;AMARELA
12702;3543402.0;Ribeirão Preto;Ribeirão Preto;False;PARDA
12703;3554102.0;Taubaté;Taubaté;False;BRANCA
12704;3551009.0;São Vicente;Baixada Santista;False;NONE
12705;3526407.0;Laranjal Paulista;Bauru;False;BRANCA
12706;3516309.0;Francisco Morato;Grande SP Norte;False;PRETA
12707;3549904.0;São José dos Campos;Taubaté;False;IGNORADO
12708;3546405.0;Santa Cruz do Rio Pardo;Marília;False;PRETA
12709;3547809.0;Santo André;Grande SP Sudeste;False;IGNORADO
12710;3547403.0;Santa Rita d'Oeste;São José do Rio Preto;False;BRANCA
12711;3550308.0;São Paulo;Município de São Paulo;False;BRANCA
12712;3515707.0;Ferraz de Vasconcelos;Grande SP Leste;False;BRANCA
12713;3547809.0;Santo André;Grande SP Sudeste;False;IGNORADO
12714;3529401.0;Mauá;Grande SP Sudeste;False;IGNORADO
12715;3510609.0;Carapicuíba;Grande SP Oeste;False;IGNORADO
12716;3550308.0;São Paulo;Município de São Paulo;False;PARDA
12717;3550308.0;São Paulo;Município de São Paulo;True;PARDA
12718;3550308.0;São Paulo;Município de São Paulo;False;PARDA
12719;3547304.0;Santana de Parnaíba;Grande SP Oeste;False;AMARELA
12720;3509502.0;Campinas;Campinas;False;PRETA
12721;3513504.0;Cubatão;Baixada Santista;False;PARDA
12722;3518800.0;Guarulhos;Grande SP Leste;False;PARDA
12723;3548500.0;Santos;Baixada Santista;False;PARDA
12724;3548500.0;Santos;Baixada Santista;False;IGNORADO
12725;3548500.0;Santos;Baixada Santista;False;BRANCA
12726;3550308.0;São Paulo;Município de São Paulo;False;PARDA
12727;3550308.0;São Paulo;Município de São Paulo;False;PARDA
12728;3522406.0;Itapeva;Sorocaba;False;IGNORADO
12729;3550308.0;São Paulo;Município de São Paulo;False;BRANCA
12730;3522208.0;Itapecerica da Serra;Grande SP Sudoeste;False;BRANCA
12731;3506003.0;Bauru;Bauru;False;NONE
12732;3550704.0;São Sebastião;Taubaté;False;PARDA
12733;3507605.0;Bragança Paulista;Campinas;False;BRANCA
12734;3550308.0;São Paulo;Município de São Paulo;False;PARDA
12735;3531407.0;Monte Aprazível;São José do Rio Preto;False;BRANCA
12736;3502101.0;Andradina;Araçatuba;False;PRETA
12737;3526902.0;Limeira;Piracicaba;False;IGNORADO
12738;3509502.0;Campinas;Campinas;False;BRANCA
12739;3530300.0;Mirassol;São José do Rio Preto;False;IGNORADO
12740;3501608.0;Americana;Campinas;False;BRANCA
12741;3548500.0;Santos;Baixada Santista;False;IGNORADO
12742;3543907.0;Rio Claro;Piracicaba;False;BRANCA
12743;3550704.0;São Sebastião;Taubaté;False;BRANCA
12744;3550308.0;São Paulo;Município de São Paulo;False;BRANCA
12745;3550308.0;São Paulo;Município de São Paulo;False;BRANCA
12746;3543402.0;Ribeirão Preto;Ribeirão Preto;False;IGNORADO
12747;3550308.0;São Paulo;Município de São Paulo;False;PARDA
12748;3548500.0;Santos;Baixada Santista;False;AMARELA
12749;3516408.0;Franco da Rocha;Grande SP Norte;False;
12750;3505500.0;Barretos;Barretos;False;PARDA
12751;3550308.0;São Paulo;Município de São Paulo;False;BRANCA
12752;3550308.0;São Paulo;Município de São Paulo;False;BRANCA
12753;3550308.0;São Paulo;Município de São Paulo;False;BRANCA
12754;3550308.0;São Paulo;Município de São Paulo;False;PARDA
12755;3510609.0;Carapicuíba;Grande SP Oeste;False;IGNORADO
12756;3548708.0;São Bernardo do Campo;Grande SP Sudeste;False;BRANCA
12757;3541000.0;Praia Grande;Baixada Santista;False;BRANCA
12758;3552403.0;Sumaré;Campinas;False;BRANCA
12759;3517505.0;Guapiaçu;São José do Rio Preto;False;BRANCA
12760;3506003.0;Bauru;Bauru;False;BRANCA
12761;3550308.0;São Paulo;Município de São Paulo;False;BRANCA
12762;3543402.0;Ribeirão Preto;Ribeirão Preto;False;PARDA
12763;3549904.0;São José dos Campos;Taubaté;False;BRANCA
12764;3522901.0;Itapuí;Bauru;False;BRANCA
12765;3548500.0;Santos;Baixada Santista;False;BRANCA
12766;3549706.0;São José do Rio Pardo;São João da Boa Vista;False;BRANCA
12767;3518404.0;Guaratinguetá;Taubaté;False;BRANCA
12768;3546801.0;Santa Isabel;Grande SP Leste;False;BRANCA
12769;3538709.0;Piracicaba;Piracicaba;False;AMARELA
12770;3509502.0;Campinas;Campinas;False;BRANCA
12771;3548401.0;Santópolis do Aguapeí;Araçatuba;False;BRANCA
12772;3551702.0;Sertãozinho;Ribeirão Preto;False;PARDA
12773;3550308.0;São Paulo;Município de São Paulo;False;PARDA
12774;3507506.0;Botucatu;Bauru;False;IGNORADO
12775;3501608.0;Americana;Campinas;False;BRANCA
12776;3504503.0;Avaré;Bauru;False;PARDA
12777;3552502.0;Suzano;Grande SP Leste;False;NONE
12778;3518800.0;Guarulhos;Grande SP Leste;False;
12779;3537404.0;Pereira Barreto;Araçatuba;False;PARDA
12780;3550308.0;São Paulo;Município de São Paulo;False;PARDA
12781;3550308.0;São Paulo;Município de São Paulo;False;BRANCA
12782;3541406.0;Presidente Prudente;Presidente Prudente;False;PARDA
