47905;3525102.0;Jardinópolis;Ribeirão Preto;False;BRANCA
47906;3525300.0;Jaú;Bauru;False;BRANCA
47907;3509502.0;Campinas;Campinas;False;IGNORADO
47908;3550308.0;São Paulo;Município de São Paulo;False;PARDA
47909;3525904.0;Jundiaí;Campinas;False;BRANCA
47910;3524808.0;Jales;São José do Rio Preto;False;BRANCA
47911;3556503.0;Várzea Paulista;Campinas;False;IGNORADO
47912;3500600.0;Águas de São Pedro;Piracicaba;False;BRANCA
47913;3550308.0;São Paulo;Município de São Paulo;False;AMARELA
47914;3552809.0;Taboão da Serra;Grande SP Sudoeste;False;PARDA
47915;3522307.0;Itapetininga;Sorocaba;False;BRANCA
47916;3509502.0;Campinas;Campinas;False;IGNORADO
47917;3509502.0;Campinas;Campinas;False;IGNORADO
47918;3550308.0;São Paulo;Município de São Paulo;False;BRANCA
47919;3550308.0;São Paulo;Município de São Paulo;False;BRANCA
47920;3550308.0;São Paulo;Município de São Paulo;False;BRANCA
47921;3550308.0;São Paulo;Município de São Paulo;False;IGNORADO
47922;3550308.0;São Paulo;Município de São Paulo;False;BRANCA
47923;3545803.0;Santa Bárbara d'Oeste;Campinas;False;BRANCA
47924;3554102.0;Taubaté;Taubaté;False;BRANCA
47925;3534401.0;Osasco;Grande SP Oeste;False;PARDA
47926;3550308.0;São Paulo;Município de São Paulo;False;BRANCA
47927;3550308.0;São Paulo;Município de São Paulo;False;PARDA
47928;3518404.0;Guaratinguetá;Taubaté;False;AMARELA
47929;3545803.0;Santa Bárbara d'Oeste;Campinas;False;BRANCA
47930;3550308.0;São Paulo;Município de São Paulo;False;BRANCA
47931;3550308.0;São Paulo;Município de São Paulo;False;IGNORADO
47932;3552205.0;Sorocaba;Sorocaba;False;IGNORADO
47933;3519055.0;Holambra;Campinas;False;BRANCA
47934;3507506.0;Botucatu;Bauru;False;BRANCA
47935;3509502.0;Campinas;Campinas;False;BRANCA
47936;3509502.0;Campinas;Campinas;False;BRANCA
47937;3552205.0;Sorocaba;Sorocaba;False;BRANCA
47938;3550308.0;São Paulo;Município de São Paulo;False;IGNORADO
47939;3550308.0;São Paulo;Município de São Paulo;False;PARDA
47940;3550308.0;São Paulo;Município de São Paulo;False;BRANCA
47941;3518800.0;Guarulhos;Grande SP Leste;False;BRANCA
47942;3550308.0;São Paulo;Município de São Paulo;False;BRANCA
47943;3550308.0;São Paulo;Município de São Paulo;False;PARDA
47944;3550308.0;São Paulo;Município de São Paulo;False;PARDA
47945;3543402.0;Ribeirão Preto;Ribeirão Preto;False;NONE
47946;3548708.0;São Bernardo do Campo;Grande SP Sudeste;False;BRANCA
47947;3550308.0;São Paulo;Município de São Paulo;False;PRETA
47948;3541000.0;Praia Grande;Baixada Santista;False;BRANCA
47949;3506102.0;Bebedouro;Barretos;False;BRANCA
47950;3510609.0;Carapicuíba;Grande SP Oeste;False;IGNORADO
47951;3551900.0;Severínia;Barretos;False;BRANCA
47952;3542909.0;Ribeirão Bonito;Araraquara;False;BRANCA
47953;3550308.0;São Paulo;Município de São Paulo;False;BRANCA
47954;3543303.0;Ribeirão Pires;Grande SP Sudeste;False;BRANCA
47955;3550308.0;São Paulo;Município de São Paulo;False;AMARELA
47956;3550308.0;São Paulo;Município de São Paulo;False;NONE
47957;3550308.0;São Paulo;Município de São Paulo;False;BRANCA
47958;3550308.0;São Paulo;Município de São Paulo;False;NONE
47959;3554102.0;Taubaté;Taubaté;False;BRANCA
47960;3550308.0;São Paulo;Município de São Paulo;False;BRANCA
47961;3503802.0;Artur Nogueira;Campinas;False;BRANCA
47962;3550308.0;São Paulo;Município de São Paulo;False;PARDA
47963;3546801.0;Santa Isabel;Grande SP Leste;False;PARDA
47964;3550308.0;São Paulo;Município de São Paulo;False;BRANCA
47965;3550308.0;São Paulo;Município de São Paulo;False;NONE
47966;3549805.0;São José do Rio Preto;São José do Rio Preto;False;BRANCA
47967;3529005.0;Marília;Marília;False;PARDA
47968;3550308.0;São Paulo;Município de São Paulo;False;PARDA
47969;3518701.0;Guarujá;Baixada Santista;False;BRANCA
47970;3505708.0;Barueri;Grande SP Oeste;False;PARDA
47971;3550308.0;São Paulo;Município de São Paulo;False;BRANCA
47972;3529401.0;Mauá;Grande SP Sudeste;False;IGNORADO
47973;3552205.0;Sorocaba;Sorocaba;False;AMARELA
47974;3523107.0;Itaquaquecetuba;Grande SP Leste;False;IGNORADO
47975;3505708.0;Barueri;Grande SP Oeste;False;PARDA
47976;3546801.0;Santa Isabel;Grande SP Leste;False;BRANCA
47977;3507605.0;Bragança Paulista;Campinas;False;IGNORADO
47978;3534401.0;Osasco;Grande SP Oeste;False;
47979;3550308.0;São Paulo;Município de São Paulo;False;BRANCA
47980;3548807.0;São Caetano do Sul;Grande SP Sudeste;False;BRANCA
47981;3550308.0;São Paulo;Município de São Paulo;False;PARDA
47982;3503802.0;Artur Nogueira;Campinas;False;BRANCA
47983;3529005.0;Marília;Marília;False;BRANCA
47984;3503901.0;Arujá;Grande SP Leste;False;BRANCA
47985;3549805.0;São José do Rio Preto;São José do Rio Preto;False;IGNORADO
47986;3550308.0;São Paulo;Município de São Paulo;False;BRANCA
47987;3507605.0;Bragança Paulista;Campinas;False;PARDA
47988;3529005.0;Marília;Marília;False;BRANCA
47989;3523909.0;Itu;Sorocaba;False;BRANCA
47990;3518800.0;Guarulhos;Grande SP Leste;False;BRANCA
47991;3550308.0;São Paulo;Município de São Paulo;False;BRANCA
47992;3547809.0;Santo André;Grande SP Sudeste;False;IGNORADO
47993;3549805.0;São José do Rio Preto;São José do Rio Preto;False;BRANCA
47994;3550308.0;São Paulo;Município de São Paulo;False;BRANCA
47995;3549805.0;São José do Rio Preto;São José do Rio Preto;False;BRANCA
47996;3549805.0;São José do Rio Preto;São José do Rio Preto;False;BRANCA
47997;3550308.0;São Paulo;Município de São Paulo;False;PARDA
47998;3550308.0;São Paulo;Município de São Paulo;False;IGNORADO
47999;3549805.0;São José do Rio Preto;São José do Rio Preto;False;PARDA
48000;3550308.0;São Paulo;Município de São Paulo;False;BRANCA
48001;3550308.0;São Paulo;Município de São Paulo;False;IGNORADO
48002;3523107.0;Itaquaquecetuba;Grande SP Leste;False;PARDA
48003;3541000.0;Praia Grande;Baixada Santista;False;PARDA
48004;3541406.0;Presidente Prudente;Presidente Prudente;False;BRANCA
48005;3550308.0;São Paulo;Município de São Paulo;False;BRANCA
48006;3525904.0;Jundiaí;Campinas;False;BRANCA
48007;3509502.0;Campinas;Campinas;False;PARDA
48008;3550308.0;São Paulo;Município de São Paulo;False;
48009;3550308.0;São Paulo;Município de São Paulo;False;BRANCA
48010;3528502.0;Mairiporã;Grande SP Norte;False;BRANCA
48011;3550308.0;São Paulo;Município de São Paulo;False;PARDA
48012;3510500.0;Caraguatatuba;Taubaté;False;AMARELA
48013;3513009.0;Cotia;Grande SP Sudoeste;False;IGNORADO
48014;3550308.0;São Paulo;Município de São Paulo;False;AMARELA
48015;3530607.0;Mogi das Cruzes;Grande SP Leste;False;PRETA
48016;3550308.0;São Paulo;Município de São Paulo;False;PARDA
48017;3550308.0;São Paulo;Município de São Paulo;False;BRANCA
48018;3551009.0;São Vicente;Baixada Santista;False;BRANCA
48019;3550308.0;São Paulo;Município de São Paulo;False;BRANCA
48020;3550308.0;São Paulo;Município de São Paulo;False;PRETA
48021;3550308.0;São Paulo;Município de São Paulo;False;PARDA
48022;3552809.0;Taboão da Serra;Grande SP Sudoeste;False;BRANCA
48023;3550308.0;São Paulo;Município de São Paulo;False;
48024;3548708.0;São Bernardo do Campo;Grande SP Sudeste;False;PARDA
48025;3522109.0;Itanhaém;Baixada Santista;False;BRANCA
48026;3543402.0;Ribeirão Preto;Ribeirão Preto;False;PARDA
48027;3550308.0;São Paulo;Município de São Paulo;False;PARDA
48028;3550308.0;São Paulo;Município de São Paulo;False;BRANCA
48029;3548708.0;São Bernardo do Campo;Grande SP Sudeste;False;BRANCA
48030;3545803.0;Santa Bárbara d'Oeste;Campinas;False;PRETA
48031;3540408.0;Populina;São José do Rio Preto;False;PARDA
48032;3537008.0;Pedregulho;Franca;False;PARDA
48033;3554102.0;Taubaté;Taubaté;False;BRANCA
48034;3502804.0;Araçatuba;Araçatuba;False;BRANCA
48035;3518404.0;Guaratinguetá;Taubaté;False;BRANCA
48036;3530607.0;Mogi das Cruzes;Grande SP Leste;False;BRANCA
48037;3547809.0;Santo André;Grande SP Sudeste;False;BRANCA
48038;3542602.0;Registro;Registro;False;PRETA
48039;3550308.0;São Paulo;Município de São Paulo;False;BRANCA
48040;3554003.0;Tatuí;Sorocaba;False;AMARELA
48041;3550308.0;São Paulo;Município de São Paulo;False;BRANCA
48042;3550605.0;São Roque;Sorocaba;False;BRANCA
48043;3509502.0;Campinas;Campinas;False;AMARELA
