38087;3526902.0;Limeira;Piracicaba;False;IGNORADO
38088;3549805.0;São José do Rio Preto;São José do Rio Preto;False;BRANCA
38089;3514908.0;Elias Fausto;Piracicaba;False;AMARELA
38090;3549904.0;São José dos Campos;Taubaté;False;PARDA
38091;3512506.0;Coroados;Araçatuba;False;BRANCA
38092;3550308.0;São Paulo;Município de São Paulo;False;PARDA
38093;3550308.0;São Paulo;Município de São Paulo;False;NONE
38094;3541000.0;Praia Grande;Baixada Santista;False;PARDA
38095;3550308.0;São Paulo;Município de São Paulo;False;PARDA
38096;3552403.0;Sumaré;Campinas;False;PARDA
38097;3550308.0;São Paulo;Município de São Paulo;False;IGNORADO
38098;3510609.0;Carapicuíba;Grande SP Oeste;False;PARDA
38099;3531308.0;Monte Alto;Ribeirão Preto;False;BRANCA
38100;3530706.0;Mogi Guaçu;São João da Boa Vista;False;BRANCA
38101;3522208.0;Itapecerica da Serra;Grande SP Sudoeste;False;PARDA
38102;3518701.0;Guarujá;Baixada Santista;False;
38103;3550308.0;São Paulo;Município de São Paulo;True;IGNORADO
38104;3514809.0;Eldorado;Registro;False;IGNORADO
38105;3513801.0;Diadema;Grande SP Sudeste;False;BRANCA
38106;3526902.0;Limeira;Piracicaba;False;BRANCA
38107;3518800.0;Guarulhos;Grande SP Leste;False;BRANCA
38108;3550308.0;São Paulo;Município de São Paulo;False;BRANCA
38109;3510609.0;Carapicuíba;Grande SP Oeste;False;PARDA
38110;3550308.0;São Paulo;Município de São Paulo;False;PRETA
38111;3550308.0;São Paulo;Município de São Paulo;False;PARDA
38112;3548500.0;Santos;Baixada Santista;False;PARDA
38113;3513504.0;Cubatão;Baixada Santista;False;PARDA
38114;3520509.0;Indaiatuba;Campinas;False;BRANCA
38115;3550308.0;São Paulo;Município de São Paulo;False;PARDA
38116;3515004.0;Embu das Artes;Grande SP Sudoeste;False;NONE
38117;3550308.0;São Paulo;Município de São Paulo;False;PRETA
38118;3550308.0;São Paulo;Município de São Paulo;False;AMARELA
38119;3550308.0;São Paulo;Município de São Paulo;False;PARDA
38120;3552205.0;Sorocaba;Sorocaba;True;BRANCA
38121;3530300.0;Mirassol;São José do Rio Preto;False;PRETA
38122;3540903.0;Pradópolis;Ribeirão Preto;True;IGNORADO
38123;3550308.0;São Paulo;Município de São Paulo;False;IGNORADO
38124;3543600.0;Rifaina;Franca;False;BRANCA
38125;3509502.0;Campinas;Campinas;False;BRANCA
38126;3550308.0;São Paulo;Município de São Paulo;False;
38127;3549805.0;São José do Rio Preto;São José do Rio Preto;False;PARDA
38128;3548906.0;São Carlos;Araraquara;False;BRANCA
38129;3509502.0;Campinas;Campinas;False;PRETA
38130;3547601.0;Santa Rosa de Viterbo;Ribeirão Preto;False;BRANCA
38131;3548005.0;Santo Antônio de Posse;Campinas;False;BRANCA
38132;3503109.0;Arandu;Bauru;False;
38133;3552601.0;Tabapuã;São José do Rio Preto;False;BRANCA
38134;3550308.0;São Paulo;Município de São Paulo;False;PARDA
38135;3550308.0;São Paulo;Município de São Paulo;False;AMARELA
38136;3550308.0;São Paulo;Município de São Paulo;False;INDIGENA
38137;3550308.0;São Paulo;Município de São Paulo;False;PARDA
38138;3550308.0;São Paulo;Município de São Paulo;False;IGNORADO
38139;3550308.0;São Paulo;Município de São Paulo;False;INDIGENA
38140;3550308.0;São Paulo;Município de São Paulo;False;PRETA
38141;3550308.0;São Paulo;Município de São Paulo;False;INDIGENA
38142;3550308.0;São Paulo;Município de São Paulo;False;PARDA
38143;3550308.0;São Paulo;Município de São Paulo;False;PARDA
38144;3530805.0;Mogi Mirim;São João da Boa Vista;False;BRANCA
38145;3526100.0;Juquiá;Registro;False;BRANCA
38146;3537909.0;Pilar do Sul;Sorocaba;False;BRANCA
38147;3548708.0;São Bernardo do Campo;Grande SP Sudeste;False;
38148;3552205.0;Sorocaba;Sorocaba;False;BRANCA
38149;3551702.0;Sertãozinho;Ribeirão Preto;False;PARDA
38150;3554102.0;Taubaté;Taubaté;True;BRANCA
38151;3549904.0;São José dos Campos;Taubaté;False;IGNORADO
38152;3527207.0;Lorena;Taubaté;False;PARDA
38153;3538709.0;Piracicaba;Piracicaba;False;BRANCA
38154;3520202.0;Igaratá;Taubaté;False;BRANCA
38155;3518404.0;Guaratinguetá;Taubaté;True;PRETA
38156;3506508.0;Birigui;Araçatuba;False;BRANCA
38157;3505302.0;Barra Bonita;Bauru;False;BRANCA
38158;3512308.0;Conchas;Bauru;False;BRANCA
38159;3549805.0;São José do Rio Preto;São José do Rio Preto;True;BRANCA
38160;3510500.0;Caraguatatuba;Taubaté;False;BRANCA
38161;3555406.0;Ubatuba;Taubaté;False;IGNORADO
38162;3506003.0;Bauru;Bauru;False;BRANCA
38163;3550308.0;São Paulo;Município de São Paulo;False;AMARELA
38164;3550308.0;São Paulo;Município de São Paulo;False;BRANCA
38165;3523107.0;Itaquaquecetuba;Grande SP Leste;False;NONE
38166;3550308.0;São Paulo;Município de São Paulo;True;BRANCA
38167;3543402.0;Ribeirão Preto;Ribeirão Preto;False;BRANCA
38168;3549805.0;São José do Rio Preto;São José do Rio Preto;False;IGNORADO
38169;3549805.0;São José do Rio Preto;São José do Rio Preto;False;BRANCA
38170;3505708.0;Barueri;Grande SP Oeste;False;PARDA
38171;3524808.0;Jales;São José do Rio Preto;False;BRANCA
38172;3550308.0;São Paulo;Município de São Paulo;False;BRANCA
38173;3550308.0;São Paulo;Município de São Paulo;False;PARDA
38174;3515400.0;Fartura;Bauru;False;BRANCA
38175;3550308.0;São Paulo;Município de São Paulo;False;BRANCA
38176;3550308.0;São Paulo;Município de São Paulo;False;PARDA
38177;3516200.0;Franca;Franca;False;IGNORADO
38178;3550308.0;São Paulo;Município de São Paulo;False;BRANCA
38179;3509502.0;Campinas;Campinas;False;PARDA
38180;3550308.0;São Paulo;Município de São Paulo;False;IGNORADO
38181;3546405.0;Santa Cruz do Rio Pardo;Marília;False;PARDA
38182;3519071.0;Hortolândia;Campinas;False;BRANCA
38183;3550308.0;São Paulo;Município de São Paulo;False;PARDA
38184;3548708.0;São Bernardo do Campo;Grande SP Sudeste;True;AMARELA
38185;3534708.0;Ourinhos;Marília;True;BRANCA
38186;3550308.0;São Paulo;Município de São Paulo;False;PARDA
38187;3518800.0;Guarulhos;Grande SP Leste;True;IGNORADO
38188;3506003.0;Bauru;Bauru;False;IGNORADO
38189;3556503.0;Várzea Paulista;Campinas;False;PRETA
38190;3501608.0;Americana;Campinas;False;BRANCA
38191;3509254.0;Cajati;Registro;False;IGNORADO
38192;3552205.0;Sorocaba;Sorocaba;False;
38193;3538709.0;Piracicaba;Piracicaba;False;BRANCA
38194;3542602.0;Registro;Registro;False;PARDA
38195;3513702.0;Descalvado;Araraquara;False;BRANCA
38196;3536901.0;Pedranópolis;São José do Rio Preto;True;AMARELA
38197;3549409.0;São Joaquim da Barra;Franca;False;BRANCA
38198;3524808.0;Jales;São José do Rio Preto;False;PARDA
38199;3550308.0;São Paulo;Município de São Paulo;False;PARDA
38200;3523206.0;Itararé;Sorocaba;False;BRANCA
38201;3550308.0;São Paulo;Município de São Paulo;False;BRANCA
38202;3541406.0;Presidente Prudente;Presidente Prudente;False;BRANCA
38203;3550308.0;São Paulo;Município de São Paulo;False;PARDA
38204;3541406.0;Presidente Prudente;Presidente Prudente;False;PRETA
38205;3550308.0;São Paulo;Município de São Paulo;False;IGNORADO
38206;3533502.0;Novo Horizonte;São José do Rio Preto;False;BRANCA
38207;3524402.0;Jacareí;Taubaté;False;BRANCA
38208;3550308.0;São Paulo;Município de São Paulo;True;PRETA
38209;3550308.0;São Paulo;Município de São Paulo;False;IGNORADO
38210;3520301.0;Iguape;Registro;True;BRANCA
38211;3526803.0;Lençóis Paulista;Bauru;False;PARDA
38212;3506003.0;Bauru;Bauru;False;BRANCA
38213;3527306.0;Louveira;Campinas;False;BRANCA
38214;3550308.0;São Paulo;Município de São Paulo;False;BRANCA
38215;3502804.0;Araçatuba;Araçatuba;False;PARDA
38216;3550308.0;São Paulo;Município de São Paulo;False;IGNORADO
38217;3541406.0;Presidente Prudente;Presidente Prudente;False;PARDA
38218;3550308.0;São Paulo;Município de São Paulo;False;AMARELA
38219;3550308.0;São Paulo;Município de São Paulo;False;IGNORADO
38220;3547809.0;Santo André;Grande SP Sudeste;True;PARDA
38221;3517000.0;Getulina;Bauru;False;BRANCA
38222;3541208.0;Presidente Bernardes;Presidente Prudente;False;PRETA
38223;3526704.0;Leme;Piracicaba;False;BRANCA
38224;3541406.0;Presidente Prudente;Presidente Prudente;False;BRANCA
38225;3552205.0;Sorocaba;Sorocaba;False;BRANCA
38226;3536505.0;Paulínia;Campinas;False;BRANCA
38227;3515509.0;Fernandópolis;São José do Rio Preto;False;PARDA
38228;3552205.0;Sorocaba;Sorocaba;False;BRANCA
