64205;3506003.0;Bauru;Bauru;False;BRANCA
64206;3538006.0;Pindamonhangaba;Taubaté;False;BRANCA
64207;3550308.0;São Paulo;Município de São Paulo;False;BRANCA
64208;3549904.0;São José dos Campos;Taubaté;False;IGNORADO
64209;3541000.0;Praia Grande;Baixada Santista;False;PARDA
64210;3538709.0;Piracicaba;Piracicaba;False;PARDA
64211;3550308.0;São Paulo;Município de São Paulo;False;PARDA
64212;3509601.0;Campo Limpo Paulista;Campinas;False;IGNORADO
64213;3550308.0;São Paulo;Município de São Paulo;False;BRANCA
64214;3510609.0;Carapicuíba;Grande SP Oeste;False;BRANCA
64215;3515509.0;Fernandópolis;São José do Rio Preto;False;BRANCA
64216;3528502.0;Mairiporã;Grande SP Norte;False;IGNORADO
64217;3515004.0;Embu das Artes;Grande SP Sudoeste;False;PARDA
64218;3538709.0;Piracicaba;Piracicaba;False;BRANCA
64219;3550308.0;São Paulo;Município de São Paulo;False;BRANCA
64220;3550308.0;São Paulo;Município de São Paulo;False;BRANCA
64221;3501608.0;Americana;Campinas;False;BRANCA
64222;3501608.0;Americana;Campinas;False;BRANCA
64223;3550704.0;São Sebastião;Taubaté;False;
64224;3548500.0;Santos;Baixada Santista;False;BRANCA
64225;3550308.0;São Paulo;Município de São Paulo;False;IGNORADO
64226;3550308.0;São Paulo;Município de São Paulo;False;PARDA
64227;3509601.0;Campo Limpo Paulista;Campinas;False;BRANCA
64228;3520400.0;Ilhabela;Taubaté;False;BRANCA
64229;3515004.0;Embu das Artes;Grande SP Sudoeste;False;IGNORADO
64230;3552403.0;Sumaré;Campinas;False;PARDA
64231;3550308.0;São Paulo;Município de São Paulo;False;BRANCA
64232;3548708.0;São Bernardo do Campo;Grande SP Sudeste;False;PRETA
64233;3550308.0;São Paulo;Município de São Paulo;False;BRANCA
64234;3550308.0;São Paulo;Município de São Paulo;False;PARDA
64235;3506607.0;Biritiba Mirim;Grande SP Leste;False;BRANCA
64236;3550308.0;São Paulo;Município de São Paulo;False;PARDA
64237;3547304.0;Santana de Parnaíba;Grande SP Oeste;False;BRANCA
64238;3550308.0;São Paulo;Município de São Paulo;False;PARDA
64239;3509502.0;Campinas;Campinas;False;PARDA
64240;3548708.0;São Bernardo do Campo;Grande SP Sudeste;False;BRANCA
64241;3515004.0;Embu das Artes;Grande SP Sudoeste;False;BRANCA
64242;3525904.0;Jundiaí;Campinas;False;BRANCA
64243;3534401.0;Osasco;Grande SP Oeste;False;IGNORADO
64244;3541406.0;Presidente Prudente;Presidente Prudente;False;BRANCA
64245;3550308.0;São Paulo;Município de São Paulo;False;IGNORADO
64246;3556206.0;Valinhos;Campinas;False;BRANCA
64247;3522307.0;Itapetininga;Sorocaba;False;
64248;3505500.0;Barretos;Barretos;False;BRANCA
64249;3550308.0;São Paulo;Município de São Paulo;False;BRANCA
64250;3550308.0;São Paulo;Município de São Paulo;False;AMARELA
64251;3550308.0;São Paulo;Município de São Paulo;False;BRANCA
64252;3549904.0;São José dos Campos;Taubaté;False;PARDA
64253;3548708.0;São Bernardo do Campo;Grande SP Sudeste;False;BRANCA
64254;3501707.0;Américo Brasiliense;Araraquara;False;PARDA
64255;3550308.0;São Paulo;Município de São Paulo;False;BRANCA
64256;3550605.0;São Roque;Sorocaba;False;PARDA
64257;3541406.0;Presidente Prudente;Presidente Prudente;False;BRANCA
64258;3501608.0;Americana;Campinas;False;BRANCA
64259;3524303.0;Jaboticabal;Ribeirão Preto;False;BRANCA
64260;3550308.0;São Paulo;Município de São Paulo;False;BRANCA
64261;3525904.0;Jundiaí;Campinas;False;IGNORADO
64262;3552809.0;Taboão da Serra;Grande SP Sudoeste;False;PARDA
64263;3556206.0;Valinhos;Campinas;False;PARDA
64264;3509502.0;Campinas;Campinas;False;BRANCA
64265;3549904.0;São José dos Campos;Taubaté;False;BRANCA
64266;3549904.0;São José dos Campos;Taubaté;False;BRANCA
64267;3505708.0;Barueri;Grande SP Oeste;False;PARDA
64268;3518701.0;Guarujá;Baixada Santista;False;BRANCA
64269;3550308.0;São Paulo;Município de São Paulo;False;IGNORADO
64270;3549904.0;São José dos Campos;Taubaté;False;IGNORADO
64271;3550308.0;São Paulo;Município de São Paulo;False;IGNORADO
64272;3549102.0;São João da Boa Vista;São João da Boa Vista;False;BRANCA
64273;3550308.0;São Paulo;Município de São Paulo;False;BRANCA
64274;3505708.0;Barueri;Grande SP Oeste;False;
64275;3552502.0;Suzano;Grande SP Leste;False;BRANCA
64276;3552502.0;Suzano;Grande SP Leste;False;PARDA
64277;3525904.0;Jundiaí;Campinas;False;BRANCA
64278;3552700.0;Tabatinga;Araraquara;False;BRANCA
64279;3557006.0;Votorantim;Sorocaba;False;PARDA
64280;3549904.0;São José dos Campos;Taubaté;False;BRANCA
64281;3547809.0;Santo André;Grande SP Sudeste;False;BRANCA
64282;3548500.0;Santos;Baixada Santista;False;BRANCA
64283;3548708.0;São Bernardo do Campo;Grande SP Sudeste;False;BRANCA
64284;3550308.0;São Paulo;Município de São Paulo;False;PARDA
64285;3543402.0;Ribeirão Preto;Ribeirão Preto;False;PARDA
64286;3510203.0;Capão Bonito;Sorocaba;False;BRANCA
64287;3513009.0;Cotia;Grande SP Sudoeste;False;PARDA
64288;3507506.0;Botucatu;Bauru;False;BRANCA
64289;3529807.0;Mineiros do Tietê;Bauru;False;BRANCA
64290;3550308.0;São Paulo;Município de São Paulo;False;
64291;3515186.0;Espírito Santo do Pinhal;São João da Boa Vista;False;BRANCA
64292;3549904.0;São José dos Campos;Taubaté;False;BRANCA
64293;3547809.0;Santo André;Grande SP Sudeste;False;BRANCA
64294;3555356.0;Ubarana;São José do Rio Preto;False;BRANCA
64295;3540200.0;Pontal;Ribeirão Preto;False;IGNORADO
64296;3529302.0;Matão;Araraquara;False;BRANCA
64297;3506102.0;Bebedouro;Barretos;False;IGNORADO
64298;3537404.0;Pereira Barreto;Araçatuba;False;PARDA
64299;3501608.0;Americana;Campinas;False;BRANCA
64300;3557105.0;Votuporanga;São José do Rio Preto;False;BRANCA
64301;3540903.0;Pradópolis;Ribeirão Preto;False;BRANCA
64302;3543402.0;Ribeirão Preto;Ribeirão Preto;False;BRANCA
64303;3550308.0;São Paulo;Município de São Paulo;False;PARDA
64304;3538709.0;Piracicaba;Piracicaba;False;BRANCA
64305;3507100.0;Bom Jesus dos Perdões;Campinas;False;BRANCA
64306;3543402.0;Ribeirão Preto;Ribeirão Preto;False;BRANCA
64307;3549805.0;São José do Rio Preto;São José do Rio Preto;False;BRANCA
64308;3504107.0;Atibaia;Campinas;False;BRANCA
64309;3507605.0;Bragança Paulista;Campinas;False;BRANCA
64310;3548500.0;Santos;Baixada Santista;False;BRANCA
64311;3528403.0;Mairinque;Sorocaba;False;BRANCA
64312;3522208.0;Itapecerica da Serra;Grande SP Sudoeste;False;PARDA
64313;3525904.0;Jundiaí;Campinas;False;PRETA
64314;3507407.0;Borborema;Araraquara;False;BRANCA
64315;3548500.0;Santos;Baixada Santista;False;IGNORADO
64316;3550308.0;São Paulo;Município de São Paulo;False;BRANCA
64317;3542701.0;Restinga;Franca;False;BRANCA
64318;3517703.0;Guará;Franca;False;BRANCA
64319;3550308.0;São Paulo;Município de São Paulo;False;PARDA
64320;3528007.0;Macatuba;Bauru;False;BRANCA
64321;3550308.0;São Paulo;Município de São Paulo;False;BRANCA
64322;3552205.0;Sorocaba;Sorocaba;False;BRANCA
64323;3508504.0;Caçapava;Taubaté;False;BRANCA
64324;3527306.0;Louveira;Campinas;False;PARDA
64325;3509601.0;Campo Limpo Paulista;Campinas;False;BRANCA
64326;3550308.0;São Paulo;Município de São Paulo;False;PARDA
64327;3519071.0;Hortolândia;Campinas;False;PARDA
64328;3551504.0;Serrana;Ribeirão Preto;False;BRANCA
64329;3547809.0;Santo André;Grande SP Sudeste;False;PARDA
64330;3550308.0;São Paulo;Município de São Paulo;False;BRANCA
64331;3549805.0;São José do Rio Preto;São José do Rio Preto;False;BRANCA
64332;3549904.0;São José dos Campos;Taubaté;False;IGNORADO
64333;3519501.0;Ibirarema;Marília;False;NONE
64334;3550308.0;São Paulo;Município de São Paulo;False;PARDA
64335;3550308.0;São Paulo;Município de São Paulo;False;NONE
64336;3509205.0;Cajamar;Grande SP Norte;False;AMARELA
64337;3555406.0;Ubatuba;Taubaté;False;PARDA
64338;3551702.0;Sertãozinho;Ribeirão Preto;False;BRANCA
64339;3509502.0;Campinas;Campinas;False;BRANCA
64340;3550308.0;São Paulo;Município de São Paulo;False;INDIGENA
64341;3550308.0;São Paulo;Município de São Paulo;False;BRANCA
64342;3527207.0;Lorena;Taubaté;False;BRANCA
64343;3552403.0;Sumaré;Campinas;False;BRANCA
64344;3554102.0;Taubaté;Taubaté;False;
64345;3506508.0;Birigui;Araçatuba;False;BRANCA
64346;3550308.0;São Paulo;Município de São Paulo;False;BRANCA
64347;3549904.0;São José dos Campos;Taubaté;False;BRANCA
