19169;3526803.0;Lençóis Paulista;Bauru;False;BRANCA
19170;3544905.0;Sales Oliveira;Franca;False;BRANCA
19171;3548906.0;São Carlos;Araraquara;False;BRANCA
19172;3520509.0;Indaiatuba;Campinas;False;BRANCA
19173;3543402.0;Ribeirão Preto;Ribeirão Preto;False;NONE
19174;3510609.0;Carapicuíba;Grande SP Oeste;False;
19175;3503307.0;Araras;Piracicaba;False;BRANCA
19176;3548906.0;São Carlos;Araraquara;False;IGNORADO
19177;3539301.0;Pirassununga;Piracicaba;False;NONE
19178;3548708.0;São Bernardo do Campo;Grande SP Sudeste;False;
19179;3551009.0;São Vicente;Baixada Santista;False;IGNORADO
19180;3550308.0;São Paulo;Município de São Paulo;False;
19181;3529005.0;Marília;Marília;False;PARDA
19182;3530508.0;Mococa;São João da Boa Vista;False;BRANCA
19183;3505500.0;Barretos;Barretos;False;BRANCA
19184;3529401.0;Mauá;Grande SP Sudeste;False;BRANCA
19185;3529005.0;Marília;Marília;False;BRANCA
19186;3526704.0;Leme;Piracicaba;False;BRANCA
19187;3543402.0;Ribeirão Preto;Ribeirão Preto;False;BRANCA
19188;3506003.0;Bauru;Bauru;False;BRANCA
19189;3509502.0;Campinas;Campinas;False;AMARELA
19190;3552205.0;Sorocaba;Sorocaba;False;BRANCA
19191;3525904.0;Jundiaí;Campinas;False;BRANCA
19192;3549805.0;São José do Rio Preto;São José do Rio Preto;False;BRANCA
19193;3550308.0;São Paulo;Município de São Paulo;False;BRANCA
19194;3519071.0;Hortolândia;Campinas;False;PARDA
19195;3549805.0;São José do Rio Preto;São José do Rio Preto;False;BRANCA
19196;3528007.0;Macatuba;Bauru;False;BRANCA
19197;3548708.0;São Bernardo do Campo;Grande SP Sudeste;False;
19198;3509502.0;Campinas;Campinas;False;BRANCA
19199;3552700.0;Tabatinga;Araraquara;False;IGNORADO
19200;3512209.0;Conchal;Piracicaba;False;IGNORADO
19201;3505500.0;Barretos;Barretos;False;BRANCA
19202;3526902.0;Limeira;Piracicaba;False;BRANCA
19203;3550308.0;São Paulo;Município de São Paulo;False;IGNORADO
19204;3504008.0;Assis;Marília;False;BRANCA
19205;3549805.0;São José do Rio Preto;São José do Rio Preto;False;BRANCA
19206;3513009.0;Cotia;Grande SP Sudoeste;True;BRANCA
19207;3552502.0;Suzano;Grande SP Leste;False;PARDA
19208;3543402.0;Ribeirão Preto;Ribeirão Preto;False;BRANCA
19209;3550308.0;São Paulo;Município de São Paulo;False;BRANCA
19210;3547809.0;Santo André;Grande SP Sudeste;False;BRANCA
19211;3522208.0;Itapecerica da Serra;Grande SP Sudoeste;False;BRANCA
19212;3549805.0;São José do Rio Preto;São José do Rio Preto;False;BRANCA
19213;3524402.0;Jacareí;Taubaté;False;BRANCA
19214;3548500.0;Santos;Baixada Santista;False;IGNORADO
19215;3509502.0;Campinas;Campinas;False;BRANCA
19216;3518800.0;Guarulhos;Grande SP Leste;False;IGNORADO
19217;3522208.0;Itapecerica da Serra;Grande SP Sudoeste;False;BRANCA
19218;3515707.0;Ferraz de Vasconcelos;Grande SP Leste;False;BRANCA
19219;3520442.0;Ilha Solteira;Araçatuba;False;BRANCA
19220;3552809.0;Taboão da Serra;Grande SP Sudoeste;False;PARDA
19221;3549805.0;São José do Rio Preto;São José do Rio Preto;False;BRANCA
19222;3550308.0;São Paulo;Município de São Paulo;False;BRANCA
19223;3537305.0;Penápolis;Araçatuba;False;BRANCA
19224;3550308.0;São Paulo;Município de São Paulo;False;BRANCA
19225;3534401.0;Osasco;Grande SP Oeste;False;BRANCA
19226;3550308.0;São Paulo;Município de São Paulo;False;PARDA
19227;3505708.0;Barueri;Grande SP Oeste;False;PRETA
19228;3523909.0;Itu;Sorocaba;False;IGNORADO
19229;3526803.0;Lençóis Paulista;Bauru;False;BRANCA
19230;3552205.0;Sorocaba;Sorocaba;False;BRANCA
19231;3550308.0;São Paulo;Município de São Paulo;False;PARDA
19232;3538709.0;Piracicaba;Piracicaba;False;BRANCA
19233;3552403.0;Sumaré;Campinas;False;BRANCA
19234;3554102.0;Taubaté;Taubaté;False;PARDA
19235;3548708.0;São Bernardo do Campo;Grande SP Sudeste;False;IGNORADO
19236;3550308.0;São Paulo;Município de São Paulo;False;BRANCA
19237;3537602.0;Peruíbe;Baixada Santista;False;PARDA
19238;3550308.0;São Paulo;Município de São Paulo;False;PARDA
19239;3504909.0;Bananal;Taubaté;False;AMARELA
19240;3529005.0;Marília;Marília;False;PARDA
19241;3550308.0;São Paulo;Município de São Paulo;False;NONE
19242;3550308.0;São Paulo;Município de São Paulo;False;PARDA
19243;3525102.0;Jardinópolis;Ribeirão Preto;False;IGNORADO
19244;3550308.0;São Paulo;Município de São Paulo;False;IGNORADO
19245;3515004.0;Embu das Artes;Grande SP Sudoeste;False;IGNORADO
19246;3548708.0;São Bernardo do Campo;Grande SP Sudeste;False;IGNORADO
19247;3538006.0;Pindamonhangaba;Taubaté;False;
19248;3502804.0;Araçatuba;Araçatuba;False;BRANCA
19249;3514502.0;Duartina;Bauru;False;BRANCA
19250;3519709.0;Ibiúna;Sorocaba;False;BRANCA
19251;3550308.0;São Paulo;Município de São Paulo;False;BRANCA
19252;3515186.0;Espírito Santo do Pinhal;São João da Boa Vista;False;BRANCA
19253;3547809.0;Santo André;Grande SP Sudeste;False;BRANCA
19254;3526209.0;Juquitiba;Grande SP Sudoeste;False;BRANCA
19255;3549904.0;São José dos Campos;Taubaté;False;PARDA
19256;3549805.0;São José do Rio Preto;São José do Rio Preto;False;PARDA
19257;3552205.0;Sorocaba;Sorocaba;False;BRANCA
19258;3557006.0;Votorantim;Sorocaba;False;BRANCA
19259;3536109.0;Pardinho;Bauru;False;BRANCA
19260;3549904.0;São José dos Campos;Taubaté;False;BRANCA
19261;3503307.0;Araras;Piracicaba;False;PARDA
19262;3550308.0;São Paulo;Município de São Paulo;False;PARDA
19263;3552205.0;Sorocaba;Sorocaba;False;BRANCA
19264;3527207.0;Lorena;Taubaté;False;BRANCA
19265;3509502.0;Campinas;Campinas;False;IGNORADO
19266;3550308.0;São Paulo;Município de São Paulo;False;BRANCA
19267;3550308.0;São Paulo;Município de São Paulo;False;BRANCA
19268;3525102.0;Jardinópolis;Ribeirão Preto;False;BRANCA
19269;3513009.0;Cotia;Grande SP Sudoeste;False;PARDA
19270;3524006.0;Itupeva;Campinas;False;BRANCA
19271;3509502.0;Campinas;Campinas;False;BRANCA
19272;3543402.0;Ribeirão Preto;Ribeirão Preto;False;IGNORADO
19273;3548500.0;Santos;Baixada Santista;False;BRANCA
19274;3550308.0;São Paulo;Município de São Paulo;False;
19275;3518800.0;Guarulhos;Grande SP Leste;False;PRETA
19276;3550308.0;São Paulo;Município de São Paulo;False;PARDA
19277;3541000.0;Praia Grande;Baixada Santista;False;AMARELA
19278;3549805.0;São José do Rio Preto;São José do Rio Preto;False;BRANCA
19279;3509502.0;Campinas;Campinas;False;BRANCA
19280;3550308.0;São Paulo;Município de São Paulo;False;IGNORADO
19281;3547304.0;Santana de Parnaíba;Grande SP Oeste;False;PARDA
19282;3548500.0;Santos;Baixada Santista;False;PARDA
19283;3550308.0;São Paulo;Município de São Paulo;False;
19284;3550308.0;São Paulo;Município de São Paulo;False;PRETA
19285;3550308.0;São Paulo;Município de São Paulo;False;IGNORADO
19286;3502804.0;Araçatuba;Araçatuba;False;
19287;3550308.0;São Paulo;Município de São Paulo;False;IGNORADO
19288;3520509.0;Indaiatuba;Campinas;False;IGNORADO
19289;3503000.0;Aramina;Franca;False;BRANCA
19290;3538600.0;Piracaia;Campinas;False;PARDA
19291;3550308.0;São Paulo;Município de São Paulo;False;BRANCA
19292;3507605.0;Bragança Paulista;Campinas;False;BRANCA
19293;3550308.0;São Paulo;Município de São Paulo;False;BRANCA
19294;3550308.0;São Paulo;Município de São Paulo;False;BRANCA
19295;3501905.0;Amparo;Campinas;False;BRANCA
19296;3515509.0;Fernandópolis;São José do Rio Preto;False;BRANCA
19297;3524402.0;Jacareí;Taubaté;False;BRANCA
19298;3548500.0;Santos;Baixada Santista;False;IGNORADO
19299;3550308.0;São Paulo;Município de São Paulo;False;BRANCA
19300;3509502.0;Campinas;Campinas;False;BRANCA
19301;3503307.0;Araras;Piracicaba;False;BRANCA
19302;3548500.0;Santos;Baixada Santista;False;NONE
19303;3513801.0;Diadema;Grande SP Sudeste;False;PARDA
19304;3514809.0;Eldorado;Registro;False;IGNORADO
19305;3549805.0;São José do Rio Preto;São José do Rio Preto;False;BRANCA
19306;3552205.0;Sorocaba;Sorocaba;False;BRANCA
19307;3550308.0;São Paulo;Município de São Paulo;False;BRANCA
19308;3548708.0;São Bernardo do Campo;Grande SP Sudeste;False;BRANCA
19309;3550308.0;São Paulo;Município de São Paulo;False;BRANCA
19310;3550308.0;São Paulo;Município de São Paulo;False;PARDA
19311;3524006.0;Itupeva;Campinas;False;BRANCA
19312;3543303.0;Ribeirão Pires;Grande SP Sudeste;False;BRANCA
19313;3525300.0;Jaú;Bauru;False;IGNORADO
