40851;3515004.0;Embu das Artes;Grande SP Sudoeste;False;PARDA
40852;3550308.0;São Paulo;Município de São Paulo;True;PARDA
40853;3548708.0;São Bernardo do Campo;Grande SP Sudeste;False;IGNORADO
40854;3534401.0;Osasco;Grande SP Oeste;False;BRANCA
40855;3550308.0;São Paulo;Município de São Paulo;False;BRANCA
40856;3505708.0;Barueri;Grande SP Oeste;False;PARDA
40857;3508504.0;Caçapava;Taubaté;False;BRANCA
40858;3549904.0;São José dos Campos;Taubaté;False;IGNORADO
40859;3550308.0;São Paulo;Município de São Paulo;False;BRANCA
40860;3550308.0;São Paulo;Município de São Paulo;False;BRANCA
40861;3520004.0;Igaraçu do Tietê;Bauru;False;BRANCA
40862;3506359.0;Bertioga;Baixada Santista;False;BRANCA
40863;3519808.0;Icém;São José do Rio Preto;False;BRANCA
40864;3549805.0;São José do Rio Preto;São José do Rio Preto;False;PARDA
40865;3548500.0;Santos;Baixada Santista;False;AMARELA
40866;3530706.0;Mogi Guaçu;São João da Boa Vista;False;BRANCA
40867;3554300.0;Teodoro Sampaio;Presidente Prudente;False;IGNORADO
40868;3541406.0;Presidente Prudente;Presidente Prudente;False;PARDA
40869;3550308.0;São Paulo;Município de São Paulo;False;PRETA
40870;3526902.0;Limeira;Piracicaba;False;PARDA
40871;3552106.0;Socorro;Campinas;False;AMARELA
40872;3516200.0;Franca;Franca;False;NONE
40873;3548500.0;Santos;Baixada Santista;False;PARDA
40874;3541109.0;Presidente Alves;Bauru;False;PARDA
40875;3523107.0;Itaquaquecetuba;Grande SP Leste;False;BRANCA
40876;3518800.0;Guarulhos;Grande SP Leste;True;BRANCA
40877;3520509.0;Indaiatuba;Campinas;False;BRANCA
40878;3511102.0;Catanduva;São José do Rio Preto;False;PARDA
40879;3519071.0;Hortolândia;Campinas;False;
40880;3550308.0;São Paulo;Município de São Paulo;False;PRETA
40881;3525904.0;Jundiaí;Campinas;False;
40882;3550605.0;São Roque;Sorocaba;False;BRANCA
40883;3534401.0;Osasco;Grande SP Oeste;True;PRETA
40884;3549805.0;São José do Rio Preto;São José do Rio Preto;False;BRANCA
40885;3509205.0;Cajamar;Grande SP Norte;False;BRANCA
40886;3543402.0;Ribeirão Preto;Ribeirão Preto;False;BRANCA
40887;3550308.0;São Paulo;Município de São Paulo;True;BRANCA
40888;3502606.0;Aparecida d'Oeste;São José do Rio Preto;False;BRANCA
40889;3549805.0;São José do Rio Preto;São José do Rio Preto;False;BRANCA
40890;3509502.0;Campinas;Campinas;False;PARDA
40891;3520509.0;Indaiatuba;Campinas;True;BRANCA
40892;3551702.0;Sertãozinho;Ribeirão Preto;False;AMARELA
40893;3521408.0;Iracemápolis;Piracicaba;False;PARDA
40894;3508504.0;Caçapava;Taubaté;True;PRETA
40895;3503307.0;Araras;Piracicaba;False;IGNORADO
40896;3543907.0;Rio Claro;Piracicaba;False;PARDA
40897;3550308.0;São Paulo;Município de São Paulo;False;PARDA
40898;3523909.0;Itu;Sorocaba;False;BRANCA
40899;3550308.0;São Paulo;Município de São Paulo;False;BRANCA
40900;3506003.0;Bauru;Bauru;True;BRANCA
40901;3557154.0;Zacarias;São José do Rio Preto;False;PARDA
40902;3509502.0;Campinas;Campinas;False;AMARELA
40903;3550308.0;São Paulo;Município de São Paulo;False;BRANCA
40904;3550308.0;São Paulo;Município de São Paulo;False;BRANCA
40905;3550308.0;São Paulo;Município de São Paulo;False;
40906;3524402.0;Jacareí;Taubaté;False;BRANCA
40907;3522505.0;Itapevi;Grande SP Oeste;False;PARDA
40908;3550308.0;São Paulo;Município de São Paulo;False;BRANCA
40909;3518800.0;Guarulhos;Grande SP Leste;True;NONE
40910;3552205.0;Sorocaba;Sorocaba;False;BRANCA
40911;3513504.0;Cubatão;Baixada Santista;False;
40912;3534401.0;Osasco;Grande SP Oeste;False;PARDA
40913;3550308.0;São Paulo;Município de São Paulo;False;BRANCA
40914;3526902.0;Limeira;Piracicaba;False;AMARELA
40915;3530607.0;Mogi das Cruzes;Grande SP Leste;False;PARDA
40916;3537503.0;Pereiras;Bauru;False;BRANCA
40917;3532702.0;Nipoã;São José do Rio Preto;False;PARDA
40918;3551009.0;São Vicente;Baixada Santista;False;PARDA
40919;3530805.0;Mogi Mirim;São João da Boa Vista;False;BRANCA
40920;3519071.0;Hortolândia;Campinas;False;PARDA
40921;3552205.0;Sorocaba;Sorocaba;False;AMARELA
40922;3552502.0;Suzano;Grande SP Leste;False;AMARELA
40923;3551009.0;São Vicente;Baixada Santista;False;NONE
40924;3523909.0;Itu;Sorocaba;False;BRANCA
40925;3527306.0;Louveira;Campinas;False;BRANCA
40926;3550308.0;São Paulo;Município de São Paulo;False;NONE
40927;3550308.0;São Paulo;Município de São Paulo;False;IGNORADO
40928;3549805.0;São José do Rio Preto;São José do Rio Preto;False;BRANCA
40929;3520509.0;Indaiatuba;Campinas;False;IGNORADO
40930;3539400.0;Piratininga;Bauru;False;BRANCA
40931;3529005.0;Marília;Marília;False;BRANCA
40932;3543402.0;Ribeirão Preto;Ribeirão Preto;False;PARDA
40933;3509007.0;Caieiras;Grande SP Norte;True;BRANCA
40934;3507605.0;Bragança Paulista;Campinas;False;
40935;3550308.0;São Paulo;Município de São Paulo;False;PRETA
40936;3550308.0;São Paulo;Município de São Paulo;False;BRANCA
40937;3515509.0;Fernandópolis;São José do Rio Preto;False;PARDA
40938;3506508.0;Birigui;Araçatuba;False;PARDA
40939;3518404.0;Guaratinguetá;Taubaté;False;IGNORADO
40940;3550308.0;São Paulo;Município de São Paulo;False;PARDA
40941;3509700.0;Campos do Jordão;Taubaté;False;BRANCA
40942;3518800.0;Guarulhos;Grande SP Leste;True;PARDA
40943;3518701.0;Guarujá;Baixada Santista;True;BRANCA
40944;3524006.0;Itupeva;Campinas;True;PRETA
40945;3504107.0;Atibaia;Campinas;False;BRANCA
40946;3534401.0;Osasco;Grande SP Oeste;False;PRETA
40947;3548500.0;Santos;Baixada Santista;False;BRANCA
40948;3509502.0;Campinas;Campinas;False;IGNORADO
40949;3550308.0;São Paulo;Município de São Paulo;False;
40950;3548500.0;Santos;Baixada Santista;True;PARDA
40951;3550308.0;São Paulo;Município de São Paulo;False;PARDA
40952;3518800.0;Guarulhos;Grande SP Leste;False;PARDA
40953;3552502.0;Suzano;Grande SP Leste;False;IGNORADO
40954;3548500.0;Santos;Baixada Santista;False;PARDA
40955;3538006.0;Pindamonhangaba;Taubaté;False;PRETA
40956;3557303.0;Estiva Gerbi;São João da Boa Vista;False;BRANCA
40957;3545803.0;Santa Bárbara d'Oeste;Campinas;False;BRANCA
40958;3530508.0;Mococa;São João da Boa Vista;False;BRANCA
40959;3513801.0;Diadema;Grande SP Sudeste;False;BRANCA
40960;3527207.0;Lorena;Taubaté;False;BRANCA
40961;3550308.0;São Paulo;Município de São Paulo;False;BRANCA
40962;3541000.0;Praia Grande;Baixada Santista;False;IGNORADO
40963;3550308.0;São Paulo;Município de São Paulo;True;BRANCA
40964;3509502.0;Campinas;Campinas;False;IGNORADO
40965;3508504.0;Caçapava;Taubaté;False;AMARELA
40966;3550308.0;São Paulo;Município de São Paulo;False;IGNORADO
40967;3541406.0;Presidente Prudente;Presidente Prudente;False;BRANCA
40968;3548708.0;São Bernardo do Campo;Grande SP Sudeste;False;BRANCA
40969;3516309.0;Francisco Morato;Grande SP Norte;False;PARDA
40970;3545803.0;Santa Bárbara d'Oeste;Campinas;False;BRANCA
40971;3515707.0;Ferraz de Vasconcelos;Grande SP Leste;False;BRANCA
40972;3502101.0;Andradina;Araçatuba;False;BRANCA
40973;3548708.0;São Bernardo do Campo;Grande SP Sudeste;False;BRANCA
40974;3518800.0;Guarulhos;Grande SP Leste;True;PARDA
40975;3548708.0;São Bernardo do Campo;Grande SP Sudeste;False;PRETA
40976;3550308.0;São Paulo;Município de São Paulo;True;PARDA
40977;3528502.0;Mairiporã;Grande SP Norte;False;BRANCA
40978;3549904.0;São José dos Campos;Taubaté;False;IGNORADO
40979;3552502.0;Suzano;Grande SP Leste;False;NONE
40980;3506508.0;Birigui;Araçatuba;False;BRANCA
40981;3554102.0;Taubaté;Taubaté;False;BRANCA
40982;3526803.0;Lençóis Paulista;Bauru;False;BRANCA
40983;3502200.0;Angatuba;Sorocaba;False;IGNORADO
40984;3511508.0;Cerquilho;Sorocaba;False;BRANCA
40985;3541604.0;Promissão;Bauru;False;BRANCA
40986;3557006.0;Votorantim;Sorocaba;False;BRANCA
40987;3526803.0;Lençóis Paulista;Bauru;False;BRANCA
40988;3545803.0;Santa Bárbara d'Oeste;Campinas;False;BRANCA
40989;3526902.0;Limeira;Piracicaba;False;IGNORADO
40990;3522406.0;Itapeva;Sorocaba;False;IGNORADO
40991;3538709.0;Piracicaba;Piracicaba;False;BRANCA
40992;3555406.0;Ubatuba;Taubaté;False;BRANCA
40993;3519071.0;Hortolândia;Campinas;False;PARDA
40994;3538709.0;Piracicaba;Piracicaba;False;BRANCA
40995;3523602.0;Itirapina;Piracicaba;False;NONE
40996;3538709.0;Piracicaba;Piracicaba;False;BRANCA
40997;3500105.0;Adamantina;Marília;False;BRANCA
