17080;3537107.0;Pedreira;Campinas;False;IGNORADO
17081;3513801.0;Diadema;Grande SP Sudeste;False;
17082;3552205.0;Sorocaba;Sorocaba;False;BRANCA
17083;3524402.0;Jacareí;Taubaté;False;BRANCA
17084;3550308.0;São Paulo;Município de São Paulo;False;BRANCA
17085;3533403.0;Nova Odessa;Campinas;False;IGNORADO
17086;3518503.0;Guareí;Sorocaba;False;
17087;3509502.0;Campinas;Campinas;False;PARDA
17088;3551504.0;Serrana;Ribeirão Preto;False;BRANCA
17089;3504008.0;Assis;Marília;False;BRANCA
17090;3540903.0;Pradópolis;Ribeirão Preto;False;BRANCA
17091;3550308.0;São Paulo;Município de São Paulo;False;BRANCA
17092;3548807.0;São Caetano do Sul;Grande SP Sudeste;False;BRANCA
17093;3550308.0;São Paulo;Município de São Paulo;False;BRANCA
17094;3549102.0;São João da Boa Vista;São João da Boa Vista;False;IGNORADO
17095;3550308.0;São Paulo;Município de São Paulo;False;PARDA
17096;3544905.0;Sales Oliveira;Franca;False;BRANCA
17097;3506508.0;Birigui;Araçatuba;False;BRANCA
17098;3548708.0;São Bernardo do Campo;Grande SP Sudeste;False;BRANCA
17099;3516408.0;Franco da Rocha;Grande SP Norte;False;NONE
17100;3550308.0;São Paulo;Município de São Paulo;False;IGNORADO
17101;3518800.0;Guarulhos;Grande SP Leste;False;PARDA
17102;3538709.0;Piracicaba;Piracicaba;False;PARDA
17103;3511102.0;Catanduva;São José do Rio Preto;False;BRANCA
17104;3550308.0;São Paulo;Município de São Paulo;False;BRANCA
17105;3548708.0;São Bernardo do Campo;Grande SP Sudeste;False;BRANCA
17106;3531605.0;Monte Castelo;Presidente Prudente;False;BRANCA
17107;3552502.0;Suzano;Grande SP Leste;False;
17108;3518701.0;Guarujá;Baixada Santista;False;PARDA
17109;3550308.0;São Paulo;Município de São Paulo;False;BRANCA
17110;3513009.0;Cotia;Grande SP Sudoeste;False;BRANCA
17111;3547809.0;Santo André;Grande SP Sudeste;False;PRETA
17112;3543402.0;Ribeirão Preto;Ribeirão Preto;False;BRANCA
17113;3517406.0;Guaíra;Barretos;False;NONE
17114;3549904.0;São José dos Campos;Taubaté;False;BRANCA
17115;3521903.0;Itajobi;São José do Rio Preto;False;BRANCA
17116;3506508.0;Birigui;Araçatuba;False;BRANCA
17117;3548500.0;Santos;Baixada Santista;False;BRANCA
17118;3537602.0;Peruíbe;Baixada Santista;False;PARDA
17119;3550308.0;São Paulo;Município de São Paulo;False;BRANCA
17120;3550308.0;São Paulo;Município de São Paulo;False;BRANCA
17121;3550308.0;São Paulo;Município de São Paulo;False;PARDA
17122;3548500.0;Santos;Baixada Santista;False;BRANCA
17123;3502754.0;Araçariguama;Sorocaba;False;IGNORADO
17124;3550308.0;São Paulo;Município de São Paulo;False;PARDA
17125;3526902.0;Limeira;Piracicaba;False;BRANCA
17126;3548807.0;São Caetano do Sul;Grande SP Sudeste;False;BRANCA
17127;3506607.0;Biritiba Mirim;Grande SP Leste;False;BRANCA
17128;3550308.0;São Paulo;Município de São Paulo;False;BRANCA
17129;3548500.0;Santos;Baixada Santista;False;BRANCA
17130;3548906.0;São Carlos;Araraquara;False;IGNORADO
17131;3550308.0;São Paulo;Município de São Paulo;False;AMARELA
17132;3519600.0;Ibitinga;Araraquara;False;BRANCA
17133;3550308.0;São Paulo;Município de São Paulo;True;AMARELA
17134;3550308.0;São Paulo;Município de São Paulo;False;BRANCA
17135;3547809.0;Santo André;Grande SP Sudeste;False;PARDA
17136;3515657.0;Fernão;Marília;False;BRANCA
17137;3503208.0;Araraquara;Araraquara;False;BRANCA
17138;3550308.0;São Paulo;Município de São Paulo;False;BRANCA
17139;3552403.0;Sumaré;Campinas;False;BRANCA
17140;3500204.0;Adolfo;São José do Rio Preto;False;BRANCA
17141;3540903.0;Pradópolis;Ribeirão Preto;False;BRANCA
17142;3550308.0;São Paulo;Município de São Paulo;False;BRANCA
17143;3550308.0;São Paulo;Município de São Paulo;False;IGNORADO
17144;3522406.0;Itapeva;Sorocaba;False;PARDA
17145;3543402.0;Ribeirão Preto;Ribeirão Preto;False;BRANCA
17146;3526902.0;Limeira;Piracicaba;False;NONE
17147;3534401.0;Osasco;Grande SP Oeste;False;BRANCA
17148;3537107.0;Pedreira;Campinas;False;BRANCA
17149;3525300.0;Jaú;Bauru;False;PRETA
17150;3503802.0;Artur Nogueira;Campinas;False;BRANCA
17151;3529005.0;Marília;Marília;False;BRANCA
17152;3549805.0;São José do Rio Preto;São José do Rio Preto;False;BRANCA
17153;3525300.0;Jaú;Bauru;False;AMARELA
17154;3546801.0;Santa Isabel;Grande SP Leste;False;BRANCA
17155;3539806.0;Poá;Grande SP Leste;False;PARDA
17156;3550308.0;São Paulo;Município de São Paulo;False;NONE
17157;3516309.0;Francisco Morato;Grande SP Norte;False;BRANCA
17158;3524709.0;Jaguariúna;Campinas;False;BRANCA
17159;3550704.0;São Sebastião;Taubaté;False;BRANCA
17160;3510609.0;Carapicuíba;Grande SP Oeste;False;AMARELA
17161;3539202.0;Pirapozinho;Presidente Prudente;False;BRANCA
17162;3522307.0;Itapetininga;Sorocaba;False;BRANCA
17163;3543303.0;Ribeirão Pires;Grande SP Sudeste;False;BRANCA
17164;3505708.0;Barueri;Grande SP Oeste;False;PARDA
17165;3543808.0;Rinópolis;Marília;False;BRANCA
17166;3505500.0;Barretos;Barretos;False;BRANCA
17167;3526803.0;Lençóis Paulista;Bauru;False;BRANCA
17168;3553401.0;Tanabi;São José do Rio Preto;False;BRANCA
17169;3548906.0;São Carlos;Araraquara;False;IGNORADO
17170;3540705.0;Porto Ferreira;Araraquara;False;BRANCA
17171;3550308.0;São Paulo;Município de São Paulo;False;PRETA
17172;3550308.0;São Paulo;Município de São Paulo;False;
17173;3549904.0;São José dos Campos;Taubaté;False;BRANCA
17174;3543402.0;Ribeirão Preto;Ribeirão Preto;False;PARDA
17175;3548500.0;Santos;Baixada Santista;False;BRANCA
17176;3549805.0;São José do Rio Preto;São José do Rio Preto;False;BRANCA
17177;3550308.0;São Paulo;Município de São Paulo;False;PARDA
17178;3550308.0;São Paulo;Município de São Paulo;False;PARDA
17179;3549102.0;São João da Boa Vista;São João da Boa Vista;False;BRANCA
17180;3518800.0;Guarulhos;Grande SP Leste;False;PARDA
17181;3523909.0;Itu;Sorocaba;False;BRANCA
17182;3527603.0;Luís Antônio;Ribeirão Preto;False;IGNORADO
17183;3502804.0;Araçatuba;Araçatuba;False;BRANCA
17184;3551009.0;São Vicente;Baixada Santista;False;NONE
17185;3549102.0;São João da Boa Vista;São João da Boa Vista;False;BRANCA
17186;3526902.0;Limeira;Piracicaba;False;BRANCA
17187;3513504.0;Cubatão;Baixada Santista;False;PARDA
17188;3552205.0;Sorocaba;Sorocaba;False;BRANCA
17189;3550308.0;São Paulo;Município de São Paulo;False;IGNORADO
17190;3540200.0;Pontal;Ribeirão Preto;False;PARDA
17191;3504107.0;Atibaia;Campinas;False;IGNORADO
17192;3548500.0;Santos;Baixada Santista;False;NONE
17193;3541000.0;Praia Grande;Baixada Santista;False;BRANCA
17194;3550308.0;São Paulo;Município de São Paulo;False;PARDA
17195;3515152.0;Engenheiro Coelho;Piracicaba;False;BRANCA
17196;3549904.0;São José dos Campos;Taubaté;False;PARDA
17197;3550308.0;São Paulo;Município de São Paulo;False;NONE
17198;3541000.0;Praia Grande;Baixada Santista;False;PARDA
17199;3548500.0;Santos;Baixada Santista;False;NONE
17200;3518602.0;Guariba;Ribeirão Preto;False;AMARELA
17201;3536505.0;Paulínia;Campinas;False;BRANCA
17202;3516200.0;Franca;Franca;False;PARDA
17203;3507803.0;Brodowski;Ribeirão Preto;False;BRANCA
17204;3548500.0;Santos;Baixada Santista;False;NONE
17205;3547809.0;Santo André;Grande SP Sudeste;False;BRANCA
17206;3550308.0;São Paulo;Município de São Paulo;False;BRANCA
17207;3516200.0;Franca;Franca;False;IGNORADO
17208;3507001.0;Boituva;Sorocaba;False;IGNORADO
17209;3552205.0;Sorocaba;Sorocaba;False;PARDA
17210;3522505.0;Itapevi;Grande SP Oeste;False;
17211;3522901.0;Itapuí;Bauru;False;BRANCA
17212;3513801.0;Diadema;Grande SP Sudeste;False;BRANCA
17213;3548906.0;São Carlos;Araraquara;False;BRANCA
17214;3548807.0;São Caetano do Sul;Grande SP Sudeste;False;BRANCA
17215;3548500.0;Santos;Baixada Santista;False;BRANCA
17216;3550308.0;São Paulo;Município de São Paulo;False;PARDA
17217;3525904.0;Jundiaí;Campinas;False;BRANCA
17218;3550308.0;São Paulo;Município de São Paulo;False;BRANCA
17219;3548500.0;Santos;Baixada Santista;False;BRANCA
17220;3548500.0;Santos;Baixada Santista;False;PARDA
17221;3523909.0;Itu;Sorocaba;False;IGNORADO
17222;3552403.0;Sumaré;Campinas;False;IGNORADO
17223;3550308.0;São Paulo;Município de São Paulo;False;PARDA
17224;3518701.0;Guarujá;Baixada Santista;False;IGNORADO
17225;3550308.0;São Paulo;Município de São Paulo;False;NONE
