19106;3513504.0;Cubatão;Baixada Santista;False;BRANCA
19107;3547809.0;Santo André;Grande SP Sudeste;False;BRANCA
19108;3531100.0;Mongaguá;Baixada Santista;False;PARDA
19109;3549904.0;São José dos Campos;Taubaté;False;BRANCA
19110;3502804.0;Araçatuba;Araçatuba;False;BRANCA
19111;3550308.0;São Paulo;Município de São Paulo;False;IGNORADO
19112;3550308.0;São Paulo;Município de São Paulo;False;PARDA
19113;3548906.0;São Carlos;Araraquara;False;IGNORADO
19114;3510609.0;Carapicuíba;Grande SP Oeste;False;PARDA
19115;3506201.0;Bento de Abreu;Araçatuba;False;AMARELA
19116;3543303.0;Ribeirão Pires;Grande SP Sudeste;False;AMARELA
19117;3550308.0;São Paulo;Município de São Paulo;False;NONE
19118;3503307.0;Araras;Piracicaba;False;BRANCA
19119;3550308.0;São Paulo;Município de São Paulo;False;BRANCA
19120;3506003.0;Bauru;Bauru;False;BRANCA
19121;3550308.0;São Paulo;Município de São Paulo;False;NONE
19122;3550308.0;São Paulo;Município de São Paulo;False;PARDA
19123;3525904.0;Jundiaí;Campinas;False;BRANCA
19124;3509502.0;Campinas;Campinas;False;BRANCA
19125;3506359.0;Bertioga;Baixada Santista;False;PARDA
19126;3538006.0;Pindamonhangaba;Taubaté;False;BRANCA
19127;3550308.0;São Paulo;Município de São Paulo;False;PARDA
19128;3550308.0;São Paulo;Município de São Paulo;False;
19129;3550308.0;São Paulo;Município de São Paulo;False;BRANCA
19130;3550308.0;São Paulo;Município de São Paulo;False;PARDA
19131;3513801.0;Diadema;Grande SP Sudeste;False;AMARELA
19132;3550308.0;São Paulo;Município de São Paulo;False;BRANCA
19133;3548500.0;Santos;Baixada Santista;False;PARDA
19134;3525904.0;Jundiaí;Campinas;False;BRANCA
19135;3529401.0;Mauá;Grande SP Sudeste;True;BRANCA
19136;3532108.0;Murutinga do Sul;Araçatuba;True;BRANCA
19137;3513801.0;Diadema;Grande SP Sudeste;False;BRANCA
19138;3526209.0;Juquitiba;Grande SP Sudoeste;False;BRANCA
19139;3549409.0;São Joaquim da Barra;Franca;False;BRANCA
19140;3550308.0;São Paulo;Município de São Paulo;False;NONE
19141;3538709.0;Piracicaba;Piracicaba;False;IGNORADO
19142;3517505.0;Guapiaçu;São José do Rio Preto;False;BRANCA
19143;3534708.0;Ourinhos;Marília;False;PRETA
19144;3506508.0;Birigui;Araçatuba;False;IGNORADO
19145;3503901.0;Arujá;Grande SP Leste;False;PARDA
19146;3553658.0;Taquaral;Barretos;False;PARDA
19147;3548500.0;Santos;Baixada Santista;False;BRANCA
19148;3518701.0;Guarujá;Baixada Santista;False;BRANCA
19149;3550308.0;São Paulo;Município de São Paulo;False;BRANCA
19150;3519808.0;Icém;São José do Rio Preto;False;BRANCA
19151;3509502.0;Campinas;Campinas;False;BRANCA
19152;3510609.0;Carapicuíba;Grande SP Oeste;False;PARDA
19153;3545803.0;Santa Bárbara d'Oeste;Campinas;False;BRANCA
19154;3550308.0;São Paulo;Município de São Paulo;False;BRANCA
19155;3550308.0;São Paulo;Município de São Paulo;False;BRANCA
19156;3522703.0;Itápolis;Araraquara;False;BRANCA
19157;3506003.0;Bauru;Bauru;False;BRANCA
19158;3547809.0;Santo André;Grande SP Sudeste;False;BRANCA
19159;3518701.0;Guarujá;Baixada Santista;False;BRANCA
19160;3523909.0;Itu;Sorocaba;False;BRANCA
19161;3511102.0;Catanduva;São José do Rio Preto;False;BRANCA
19162;3545209.0;Salto;Sorocaba;False;IGNORADO
19163;3523404.0;Itatiba;Campinas;False;IGNORADO
19164;3525904.0;Jundiaí;Campinas;False;IGNORADO
19165;3504107.0;Atibaia;Campinas;False;BRANCA
19166;3529500.0;Mendonça;São José do Rio Preto;False;PARDA
19167;3550308.0;São Paulo;Município de São Paulo;False;NONE
19168;3548005.0;Santo Antônio de Posse;Campinas;False;IGNORADO
19169;3550308.0;São Paulo;Município de São Paulo;False;PARDA
19170;3550308.0;São Paulo;Município de São Paulo;True;AMARELA
19171;3549904.0;São José dos Campos;Taubaté;False;IGNORADO
19172;3548708.0;São Bernardo do Campo;Grande SP Sudeste;False;BRANCA
19173;3502804.0;Araçatuba;Araçatuba;False;AMARELA
19174;3550308.0;São Paulo;Município de São Paulo;False;PARDA
19175;3550308.0;São Paulo;Município de São Paulo;False;BRANCA
19176;3550308.0;São Paulo;Município de São Paulo;False;AMARELA
19177;3550308.0;São Paulo;Município de São Paulo;True;AMARELA
19178;3509502.0;Campinas;Campinas;False;PARDA
19179;3550308.0;São Paulo;Município de São Paulo;False;AMARELA
19180;3550308.0;São Paulo;Município de São Paulo;False;BRANCA
19181;3550308.0;São Paulo;Município de São Paulo;False;BRANCA
19182;3550308.0;São Paulo;Município de São Paulo;False;AMARELA
19183;3550308.0;São Paulo;Município de São Paulo;False;AMARELA
19184;3505708.0;Barueri;Grande SP Oeste;False;NONE
19185;3549953.0;São Lourenço da Serra;Grande SP Sudoeste;False;IGNORADO
19186;3550308.0;São Paulo;Município de São Paulo;False;PARDA
19187;3544004.0;Rio das Pedras;Piracicaba;False;BRANCA
19188;3550308.0;São Paulo;Município de São Paulo;False;PARDA
19189;3550308.0;São Paulo;Município de São Paulo;False;BRANCA
19190;3547809.0;Santo André;Grande SP Sudeste;False;BRANCA
19191;3550308.0;São Paulo;Município de São Paulo;False;BRANCA
19192;3550308.0;São Paulo;Município de São Paulo;False;AMARELA
19193;3513009.0;Cotia;Grande SP Sudoeste;False;BRANCA
19194;3510609.0;Carapicuíba;Grande SP Oeste;False;IGNORADO
19195;3549904.0;São José dos Campos;Taubaté;False;BRANCA
19196;3510302.0;Capela do Alto;Sorocaba;True;AMARELA
19197;3550308.0;São Paulo;Município de São Paulo;True;AMARELA
19198;3550308.0;São Paulo;Município de São Paulo;False;BRANCA
19199;3509502.0;Campinas;Campinas;False;IGNORADO
19200;3547809.0;Santo André;Grande SP Sudeste;False;BRANCA
19201;3550308.0;São Paulo;Município de São Paulo;False;PARDA
19202;3556701.0;Vinhedo;Campinas;False;BRANCA
19203;3548500.0;Santos;Baixada Santista;True;BRANCA
19204;3547809.0;Santo André;Grande SP Sudeste;False;BRANCA
19205;3526902.0;Limeira;Piracicaba;False;BRANCA
19206;3551009.0;São Vicente;Baixada Santista;False;AMARELA
19207;3550308.0;São Paulo;Município de São Paulo;False;
19208;3548708.0;São Bernardo do Campo;Grande SP Sudeste;False;BRANCA
19209;3520400.0;Ilhabela;Taubaté;False;IGNORADO
19210;3550308.0;São Paulo;Município de São Paulo;False;PARDA
19211;3552205.0;Sorocaba;Sorocaba;False;BRANCA
19212;3550308.0;São Paulo;Município de São Paulo;False;BRANCA
19213;3510302.0;Capela do Alto;Sorocaba;False;BRANCA
19214;3550308.0;São Paulo;Município de São Paulo;False;NONE
19215;3550308.0;São Paulo;Município de São Paulo;False;NONE
19216;3550308.0;São Paulo;Município de São Paulo;False;BRANCA
19217;3550308.0;São Paulo;Município de São Paulo;False;IGNORADO
19218;3543303.0;Ribeirão Pires;Grande SP Sudeste;False;BRANCA
19219;3550308.0;São Paulo;Município de São Paulo;False;PARDA
19220;3516408.0;Franco da Rocha;Grande SP Norte;False;PARDA
19221;3547809.0;Santo André;Grande SP Sudeste;False;IGNORADO
19222;3550308.0;São Paulo;Município de São Paulo;False;NONE
19223;3513009.0;Cotia;Grande SP Sudoeste;False;BRANCA
19224;3519071.0;Hortolândia;Campinas;False;BRANCA
19225;3525300.0;Jaú;Bauru;False;BRANCA
19226;3529005.0;Marília;Marília;False;PARDA
19227;3550308.0;São Paulo;Município de São Paulo;False;BRANCA
19228;3534708.0;Ourinhos;Marília;False;AMARELA
19229;3548807.0;São Caetano do Sul;Grande SP Sudeste;False;BRANCA
19230;3550308.0;São Paulo;Município de São Paulo;False;BRANCA
19231;3525904.0;Jundiaí;Campinas;False;BRANCA
19232;3549805.0;São José do Rio Preto;São José do Rio Preto;False;BRANCA
19233;3549805.0;São José do Rio Preto;São José do Rio Preto;False;BRANCA
19234;3513504.0;Cubatão;Baixada Santista;False;AMARELA
19235;3505500.0;Barretos;Barretos;False;PRETA
19236;3519055.0;Holambra;Campinas;False;PARDA
19237;3550308.0;São Paulo;Município de São Paulo;False;BRANCA
19238;3516200.0;Franca;Franca;False;BRANCA
19239;3534401.0;Osasco;Grande SP Oeste;False;BRANCA
19240;3549904.0;São José dos Campos;Taubaté;False;PRETA
19241;3550308.0;São Paulo;Município de São Paulo;False;BRANCA
19242;3552205.0;Sorocaba;Sorocaba;False;BRANCA
19243;3509502.0;Campinas;Campinas;False;BRANCA
19244;3550308.0;São Paulo;Município de São Paulo;False;IGNORADO
19245;3527405.0;Lucélia;Marília;False;BRANCA
19246;3550308.0;São Paulo;Município de São Paulo;False;BRANCA
19247;3549102.0;São João da Boa Vista;São João da Boa Vista;False;IGNORADO
