27974;3518800.0;Guarulhos;Grande SP Leste;False;IGNORADO
27975;3524402.0;Jacareí;Taubaté;False;BRANCA
27976;3526803.0;Lençóis Paulista;Bauru;True;BRANCA
27977;3556701.0;Vinhedo;Campinas;False;BRANCA
27978;3521408.0;Iracemápolis;Piracicaba;False;BRANCA
27979;3550100.0;São Manuel;Bauru;False;BRANCA
27980;3539301.0;Pirassununga;Piracicaba;False;BRANCA
27981;3516200.0;Franca;Franca;False;PRETA
27982;3550308.0;São Paulo;Município de São Paulo;False;PARDA
27983;3513801.0;Diadema;Grande SP Sudeste;False;PARDA
27984;3550308.0;São Paulo;Município de São Paulo;False;BRANCA
27985;3550308.0;São Paulo;Município de São Paulo;False;BRANCA
27986;3509502.0;Campinas;Campinas;False;IGNORADO
27987;3524105.0;Ituverava;Franca;False;BRANCA
27988;3549805.0;São José do Rio Preto;São José do Rio Preto;False;BRANCA
27989;3550308.0;São Paulo;Município de São Paulo;False;NONE
27990;3550308.0;São Paulo;Município de São Paulo;False;BRANCA
27991;3550308.0;São Paulo;Município de São Paulo;False;
27992;3515004.0;Embu das Artes;Grande SP Sudoeste;False;BRANCA
27993;3550308.0;São Paulo;Município de São Paulo;False;AMARELA
27994;3537800.0;Piedade;Sorocaba;False;BRANCA
27995;3550308.0;São Paulo;Município de São Paulo;False;BRANCA
27996;3505708.0;Barueri;Grande SP Oeste;False;BRANCA
27997;3551009.0;São Vicente;Baixada Santista;False;IGNORADO
27998;3548807.0;São Caetano do Sul;Grande SP Sudeste;False;IGNORADO
27999;3548807.0;São Caetano do Sul;Grande SP Sudeste;False;BRANCA
28000;3509254.0;Cajati;Registro;False;BRANCA
28001;3550308.0;São Paulo;Município de São Paulo;False;BRANCA
28002;3549805.0;São José do Rio Preto;São José do Rio Preto;False;BRANCA
28003;3518404.0;Guaratinguetá;Taubaté;False;BRANCA
28004;3518404.0;Guaratinguetá;Taubaté;False;BRANCA
28005;3552403.0;Sumaré;Campinas;True;BRANCA
28006;3543402.0;Ribeirão Preto;Ribeirão Preto;False;PARDA
28007;3543402.0;Ribeirão Preto;Ribeirão Preto;False;IGNORADO
28008;3549805.0;São José do Rio Preto;São José do Rio Preto;False;NONE
28009;3540200.0;Pontal;Ribeirão Preto;False;BRANCA
28010;3550308.0;São Paulo;Município de São Paulo;False;BRANCA
28011;3526704.0;Leme;Piracicaba;False;BRANCA
28012;3549102.0;São João da Boa Vista;São João da Boa Vista;False;BRANCA
28013;3526902.0;Limeira;Piracicaba;False;BRANCA
28014;3520509.0;Indaiatuba;Campinas;False;IGNORADO
28015;3550308.0;São Paulo;Município de São Paulo;False;BRANCA
28016;3556909.0;Vista Alegre do Alto;Barretos;True;BRANCA
28017;3522307.0;Itapetininga;Sorocaba;False;BRANCA
28018;3550308.0;São Paulo;Município de São Paulo;False;IGNORADO
28019;3550308.0;São Paulo;Município de São Paulo;False;NONE
28020;3543402.0;Ribeirão Preto;Ribeirão Preto;False;PARDA
28021;3543402.0;Ribeirão Preto;Ribeirão Preto;True;BRANCA
28022;3549805.0;São José do Rio Preto;São José do Rio Preto;False;IGNORADO
28023;3530607.0;Mogi das Cruzes;Grande SP Leste;False;IGNORADO
28024;3543402.0;Ribeirão Preto;Ribeirão Preto;False;IGNORADO
28025;3518800.0;Guarulhos;Grande SP Leste;False;PARDA
28026;3515103.0;Embu-Guaçu;Grande SP Sudoeste;False;BRANCA
28027;3549805.0;São José do Rio Preto;São José do Rio Preto;False;PARDA
28028;3518800.0;Guarulhos;Grande SP Leste;False;IGNORADO
28029;3500709.0;Agudos;Bauru;False;BRANCA
28030;3508504.0;Caçapava;Taubaté;False;PARDA
28031;3529005.0;Marília;Marília;False;BRANCA
28032;3543402.0;Ribeirão Preto;Ribeirão Preto;False;IGNORADO
28033;3513801.0;Diadema;Grande SP Sudeste;False;BRANCA
28034;3503208.0;Araraquara;Araraquara;False;BRANCA
28035;3548906.0;São Carlos;Araraquara;False;IGNORADO
28036;3536505.0;Paulínia;Campinas;False;BRANCA
28037;3550308.0;São Paulo;Município de São Paulo;False;BRANCA
28038;3543402.0;Ribeirão Preto;Ribeirão Preto;False;BRANCA
28039;3550308.0;São Paulo;Município de São Paulo;False;BRANCA
28040;3516408.0;Franco da Rocha;Grande SP Norte;False;PARDA
28041;3550308.0;São Paulo;Município de São Paulo;False;BRANCA
28042;3550308.0;São Paulo;Município de São Paulo;True;BRANCA
28043;3543402.0;Ribeirão Preto;Ribeirão Preto;False;BRANCA
28044;3519071.0;Hortolândia;Campinas;False;BRANCA
28045;3538709.0;Piracicaba;Piracicaba;False;IGNORADO
28046;3550308.0;São Paulo;Município de São Paulo;False;BRANCA
28047;3531308.0;Monte Alto;Ribeirão Preto;False;BRANCA
28048;3525904.0;Jundiaí;Campinas;False;BRANCA
28049;3530607.0;Mogi das Cruzes;Grande SP Leste;False;PARDA
28050;3517406.0;Guaíra;Barretos;False;PARDA
28051;3541000.0;Praia Grande;Baixada Santista;False;PARDA
28052;3510609.0;Carapicuíba;Grande SP Oeste;False;IGNORADO
28053;3547809.0;Santo André;Grande SP Sudeste;False;BRANCA
28054;3543402.0;Ribeirão Preto;Ribeirão Preto;False;IGNORADO
28055;3513009.0;Cotia;Grande SP Sudoeste;False;
28056;3547809.0;Santo André;Grande SP Sudeste;False;PARDA
28057;3547809.0;Santo André;Grande SP Sudeste;False;IGNORADO
28058;3543402.0;Ribeirão Preto;Ribeirão Preto;False;PARDA
28059;3551702.0;Sertãozinho;Ribeirão Preto;False;IGNORADO
28060;3530607.0;Mogi das Cruzes;Grande SP Leste;False;BRANCA
28061;3557105.0;Votuporanga;São José do Rio Preto;False;BRANCA
28062;3506359.0;Bertioga;Baixada Santista;False;PARDA
28063;3548708.0;São Bernardo do Campo;Grande SP Sudeste;False;NONE
28064;3538709.0;Piracicaba;Piracicaba;False;IGNORADO
28065;3509502.0;Campinas;Campinas;False;BRANCA
28066;3550308.0;São Paulo;Município de São Paulo;False;NONE
28067;3549805.0;São José do Rio Preto;São José do Rio Preto;False;IGNORADO
28068;3555604.0;Uchoa;São José do Rio Preto;False;BRANCA
28069;3557105.0;Votuporanga;São José do Rio Preto;False;BRANCA
28070;3550308.0;São Paulo;Município de São Paulo;False;PARDA
28071;3501202.0;Álvares Florence;São José do Rio Preto;False;BRANCA
28072;3556107.0;Valentim Gentil;São José do Rio Preto;False;BRANCA
28073;3557105.0;Votuporanga;São José do Rio Preto;False;BRANCA
28074;3557105.0;Votuporanga;São José do Rio Preto;False;BRANCA
28075;3553401.0;Tanabi;São José do Rio Preto;False;BRANCA
28076;3557105.0;Votuporanga;São José do Rio Preto;False;BRANCA
28077;3557105.0;Votuporanga;São José do Rio Preto;False;BRANCA
28078;3557105.0;Votuporanga;São José do Rio Preto;False;
28079;3552403.0;Sumaré;Campinas;False;BRANCA
28080;3557105.0;Votuporanga;São José do Rio Preto;False;BRANCA
28081;3550308.0;São Paulo;Município de São Paulo;False;NONE
28082;3539806.0;Poá;Grande SP Leste;False;
28083;3504008.0;Assis;Marília;False;BRANCA
28084;3550308.0;São Paulo;Município de São Paulo;False;NONE
28085;3550308.0;São Paulo;Município de São Paulo;False;PARDA
28086;3524402.0;Jacareí;Taubaté;False;BRANCA
28087;3543402.0;Ribeirão Preto;Ribeirão Preto;False;BRANCA
28088;3520509.0;Indaiatuba;Campinas;False;BRANCA
28089;3518800.0;Guarulhos;Grande SP Leste;False;IGNORADO
28090;3511003.0;Castilho;Araçatuba;False;PARDA
28091;3549003.0;São Francisco;São José do Rio Preto;False;BRANCA
28092;3515707.0;Ferraz de Vasconcelos;Grande SP Leste;False;BRANCA
28093;3554003.0;Tatuí;Sorocaba;False;BRANCA
28094;3556206.0;Valinhos;Campinas;False;PARDA
28095;3543402.0;Ribeirão Preto;Ribeirão Preto;False;BRANCA
28096;3509502.0;Campinas;Campinas;False;PARDA
28097;3523404.0;Itatiba;Campinas;False;IGNORADO
28098;3535606.0;Paraibuna;Taubaté;False;BRANCA
28099;3550308.0;São Paulo;Município de São Paulo;False;BRANCA
28100;3550308.0;São Paulo;Município de São Paulo;False;BRANCA
28101;3554102.0;Taubaté;Taubaté;False;BRANCA
28102;3550308.0;São Paulo;Município de São Paulo;False;BRANCA
28103;3550308.0;São Paulo;Município de São Paulo;False;BRANCA
28104;3550308.0;São Paulo;Município de São Paulo;False;BRANCA
28105;3549805.0;São José do Rio Preto;São José do Rio Preto;False;BRANCA
28106;3550308.0;São Paulo;Município de São Paulo;False;PARDA
28107;3550704.0;São Sebastião;Taubaté;False;BRANCA
28108;3519402.0;Ibirá;São José do Rio Preto;False;PARDA
28109;3550308.0;São Paulo;Município de São Paulo;False;PARDA
28110;3525300.0;Jaú;Bauru;True;BRANCA
28111;3557006.0;Votorantim;Sorocaba;False;BRANCA
28112;3550308.0;São Paulo;Município de São Paulo;False;NONE
28113;3527108.0;Lins;Bauru;False;BRANCA
28114;3540200.0;Pontal;Ribeirão Preto;False;BRANCA
