13532;3549805.0;São José do Rio Preto;São José do Rio Preto;False;PARDA
13533;3543402.0;Ribeirão Preto;Ribeirão Preto;True;NONE
13534;3529005.0;Marília;Marília;False;BRANCA
13535;3516200.0;Franca;Franca;False;PRETA
13536;3515509.0;Fernandópolis;São José do Rio Preto;False;BRANCA
13537;3552403.0;Sumaré;Campinas;False;AMARELA
13538;3512001.0;Colina;Barretos;False;BRANCA
13539;3522505.0;Itapevi;Grande SP Oeste;False;PARDA
13540;3549805.0;São José do Rio Preto;São José do Rio Preto;False;BRANCA
13541;3516200.0;Franca;Franca;False;BRANCA
13542;3536505.0;Paulínia;Campinas;False;BRANCA
13543;3550308.0;São Paulo;Município de São Paulo;False;IGNORADO
13544;3552205.0;Sorocaba;Sorocaba;False;BRANCA
13545;3552205.0;Sorocaba;Sorocaba;False;BRANCA
13546;3548708.0;São Bernardo do Campo;Grande SP Sudeste;False;BRANCA
13547;3538709.0;Piracicaba;Piracicaba;True;PRETA
13548;3504008.0;Assis;Marília;False;BRANCA
13549;3549904.0;São José dos Campos;Taubaté;False;BRANCA
13550;3529005.0;Marília;Marília;False;BRANCA
13551;3505708.0;Barueri;Grande SP Oeste;False;BRANCA
13552;3549805.0;São José do Rio Preto;São José do Rio Preto;True;BRANCA
13553;3547809.0;Santo André;Grande SP Sudeste;False;
13554;3544103.0;Rio Grande da Serra;Grande SP Sudeste;False;PARDA
13555;3557006.0;Votorantim;Sorocaba;False;BRANCA
13556;3509502.0;Campinas;Campinas;False;PRETA
13557;3540804.0;Potirendaba;São José do Rio Preto;False;BRANCA
13558;3550308.0;São Paulo;Município de São Paulo;False;BRANCA
13559;3544004.0;Rio das Pedras;Piracicaba;False;BRANCA
13560;3550308.0;São Paulo;Município de São Paulo;False;PRETA
13561;3546306.0;Santa Cruz das Palmeiras;São João da Boa Vista;False;PRETA
13562;3512902.0;Cosmorama;São José do Rio Preto;True;BRANCA
13563;3538709.0;Piracicaba;Piracicaba;False;BRANCA
13564;3533908.0;Olímpia;Barretos;False;BRANCA
13565;3552809.0;Taboão da Serra;Grande SP Sudoeste;False;AMARELA
13566;3523909.0;Itu;Sorocaba;False;BRANCA
13567;3518701.0;Guarujá;Baixada Santista;True;PARDA
13568;3548708.0;São Bernardo do Campo;Grande SP Sudeste;False;PARDA
13569;3503901.0;Arujá;Grande SP Leste;False;PARDA
13570;3549409.0;São Joaquim da Barra;Franca;False;BRANCA
13571;3552403.0;Sumaré;Campinas;False;BRANCA
13572;3505500.0;Barretos;Barretos;False;BRANCA
13573;3550308.0;São Paulo;Município de São Paulo;False;PARDA
13574;3513504.0;Cubatão;Baixada Santista;False;PARDA
13575;3523107.0;Itaquaquecetuba;Grande SP Leste;False;IGNORADO
13576;3550308.0;São Paulo;Município de São Paulo;False;PARDA
13577;3550308.0;São Paulo;Município de São Paulo;False;PARDA
13578;3550308.0;São Paulo;Município de São Paulo;False;BRANCA
13579;3506102.0;Bebedouro;Barretos;False;BRANCA
13580;3545803.0;Santa Bárbara d'Oeste;Campinas;False;BRANCA
13581;3534401.0;Osasco;Grande SP Oeste;True;BRANCA
13582;3506003.0;Bauru;Bauru;False;AMARELA
13583;3550308.0;São Paulo;Município de São Paulo;False;PARDA
13584;3535309.0;Palmital;Marília;False;PARDA
13585;3500402.0;Águas da Prata;São João da Boa Vista;False;BRANCA
13586;3506003.0;Bauru;Bauru;False;IGNORADO
13587;3550308.0;São Paulo;Município de São Paulo;False;BRANCA
13588;3504107.0;Atibaia;Campinas;False;BRANCA
13589;3557006.0;Votorantim;Sorocaba;False;BRANCA
13590;3541406.0;Presidente Prudente;Presidente Prudente;False;BRANCA
13591;3550308.0;São Paulo;Município de São Paulo;False;BRANCA
13592;3519600.0;Ibitinga;Araraquara;False;PARDA
13593;3550308.0;São Paulo;Município de São Paulo;False;BRANCA
13594;3550407.0;São Pedro;Piracicaba;False;BRANCA
13595;3518701.0;Guarujá;Baixada Santista;False;BRANCA
13596;3530607.0;Mogi das Cruzes;Grande SP Leste;False;PARDA
13597;3549805.0;São José do Rio Preto;São José do Rio Preto;True;BRANCA
13598;3550308.0;São Paulo;Município de São Paulo;False;BRANCA
13599;3550308.0;São Paulo;Município de São Paulo;False;BRANCA
13600;3550308.0;São Paulo;Município de São Paulo;False;IGNORADO
13601;3554953.0;Tuiuti;Campinas;False;BRANCA
13602;3502101.0;Andradina;Araçatuba;False;BRANCA
13603;3550308.0;São Paulo;Município de São Paulo;False;NONE
13604;3550308.0;São Paulo;Município de São Paulo;False;PRETA
13605;3549904.0;São José dos Campos;Taubaté;False;PARDA
13606;3557006.0;Votorantim;Sorocaba;False;IGNORADO
13607;3512209.0;Conchal;Piracicaba;False;PARDA
13608;3523909.0;Itu;Sorocaba;False;BRANCA
13609;3552809.0;Taboão da Serra;Grande SP Sudoeste;False;
13610;3550308.0;São Paulo;Município de São Paulo;True;PARDA
13611;3527306.0;Louveira;Campinas;False;BRANCA
13612;3550308.0;São Paulo;Município de São Paulo;False;BRANCA
13613;3507605.0;Bragança Paulista;Campinas;False;BRANCA
13614;3510401.0;Capivari;Piracicaba;False;PARDA
13615;3550308.0;São Paulo;Município de São Paulo;False;IGNORADO
13616;3556404.0;Vargem Grande do Sul;São João da Boa Vista;False;BRANCA
13617;3550308.0;São Paulo;Município de São Paulo;True;IGNORADO
13618;3548708.0;São Bernardo do Campo;Grande SP Sudeste;False;BRANCA
13619;3548708.0;São Bernardo do Campo;Grande SP Sudeste;False;AMARELA
13620;3550308.0;São Paulo;Município de São Paulo;False;AMARELA
13621;3520509.0;Indaiatuba;Campinas;False;BRANCA
13622;3550308.0;São Paulo;Município de São Paulo;False;IGNORADO
13623;3522604.0;Itapira;São João da Boa Vista;False;BRANCA
13624;3550308.0;São Paulo;Município de São Paulo;False;NONE
13625;3550308.0;São Paulo;Município de São Paulo;True;BRANCA
13626;3525904.0;Jundiaí;Campinas;False;BRANCA
13627;3550308.0;São Paulo;Município de São Paulo;False;
13628;3553708.0;Taquaritinga;Araraquara;False;PRETA
13629;3540200.0;Pontal;Ribeirão Preto;False;BRANCA
13630;3550308.0;São Paulo;Município de São Paulo;False;BRANCA
13631;3550308.0;São Paulo;Município de São Paulo;False;BRANCA
13632;3556503.0;Várzea Paulista;Campinas;True;BRANCA
13633;3550308.0;São Paulo;Município de São Paulo;True;IGNORADO
13634;3550308.0;São Paulo;Município de São Paulo;False;BRANCA
13635;3541406.0;Presidente Prudente;Presidente Prudente;False;PARDA
13636;3550308.0;São Paulo;Município de São Paulo;False;BRANCA
13637;3500105.0;Adamantina;Marília;False;BRANCA
13638;3506003.0;Bauru;Bauru;False;BRANCA
13639;3509502.0;Campinas;Campinas;False;BRANCA
13640;3549904.0;São José dos Campos;Taubaté;False;BRANCA
13641;3551009.0;São Vicente;Baixada Santista;False;BRANCA
13642;3519071.0;Hortolândia;Campinas;False;BRANCA
13643;3528007.0;Macatuba;Bauru;True;BRANCA
13644;3518800.0;Guarulhos;Grande SP Leste;False;BRANCA
13645;3543402.0;Ribeirão Preto;Ribeirão Preto;False;NONE
13646;3548708.0;São Bernardo do Campo;Grande SP Sudeste;False;
13647;3524402.0;Jacareí;Taubaté;False;
13648;3513801.0;Diadema;Grande SP Sudeste;False;IGNORADO
13649;3526100.0;Juquiá;Registro;False;BRANCA
13650;3550308.0;São Paulo;Município de São Paulo;False;PARDA
13651;3547809.0;Santo André;Grande SP Sudeste;False;PARDA
13652;3506508.0;Birigui;Araçatuba;False;IGNORADO
13653;3550308.0;São Paulo;Município de São Paulo;False;
13654;3545209.0;Salto;Sorocaba;False;BRANCA
13655;3550308.0;São Paulo;Município de São Paulo;False;PRETA
13656;3506508.0;Birigui;Araçatuba;False;BRANCA
13657;3518701.0;Guarujá;Baixada Santista;False;BRANCA
13658;3530409.0;Mirassolândia;São José do Rio Preto;False;BRANCA
13659;3557105.0;Votuporanga;São José do Rio Preto;False;BRANCA
13660;3550308.0;São Paulo;Município de São Paulo;False;BRANCA
13661;3541000.0;Praia Grande;Baixada Santista;False;PARDA
13662;3524303.0;Jaboticabal;Ribeirão Preto;False;IGNORADO
13663;3548500.0;Santos;Baixada Santista;False;BRANCA
13664;3549805.0;São José do Rio Preto;São José do Rio Preto;True;BRANCA
13665;3546405.0;Santa Cruz do Rio Pardo;Marília;False;BRANCA
13666;3501608.0;Americana;Campinas;False;BRANCA
13667;3550308.0;São Paulo;Município de São Paulo;True;IGNORADO
13668;3550308.0;São Paulo;Município de São Paulo;False;BRANCA
13669;3549904.0;São José dos Campos;Taubaté;False;BRANCA
13670;3522307.0;Itapetininga;Sorocaba;True;BRANCA
13671;3541000.0;Praia Grande;Baixada Santista;True;PARDA
13672;3531803.0;Monte Mor;Campinas;False;BRANCA
13673;3538709.0;Piracicaba;Piracicaba;False;BRANCA
13674;3515707.0;Ferraz de Vasconcelos;Grande SP Leste;False;BRANCA
