60685;3511300.0;Cedral;São José do Rio Preto;False;BRANCA
60686;3550308.0;São Paulo;Município de São Paulo;False;NONE
60687;3550308.0;São Paulo;Município de São Paulo;False;BRANCA
60688;3535200.0;Palmeira d'Oeste;São José do Rio Preto;False;BRANCA
60689;3534401.0;Osasco;Grande SP Oeste;False;BRANCA
60690;3550308.0;São Paulo;Município de São Paulo;False;BRANCA
60691;3548500.0;Santos;Baixada Santista;False;IGNORADO
60692;3523107.0;Itaquaquecetuba;Grande SP Leste;False;BRANCA
60693;3534401.0;Osasco;Grande SP Oeste;False;AMARELA
60694;3538709.0;Piracicaba;Piracicaba;False;BRANCA
60695;3522505.0;Itapevi;Grande SP Oeste;False;BRANCA
60696;3550308.0;São Paulo;Município de São Paulo;False;BRANCA
60697;3504602.0;Bady Bassitt;São José do Rio Preto;False;IGNORADO
60698;3550308.0;São Paulo;Município de São Paulo;False;BRANCA
60699;3548500.0;Santos;Baixada Santista;True;BRANCA
60700;3505203.0;Bariri;Bauru;False;BRANCA
60701;3554102.0;Taubaté;Taubaté;False;IGNORADO
60702;3550308.0;São Paulo;Município de São Paulo;False;BRANCA
60703;3550704.0;São Sebastião;Taubaté;False;NONE
60704;3527603.0;Luís Antônio;Ribeirão Preto;False;IGNORADO
60705;3506359.0;Bertioga;Baixada Santista;False;IGNORADO
60706;3545209.0;Salto;Sorocaba;False;PARDA
60707;3551009.0;São Vicente;Baixada Santista;False;NONE
60708;3550308.0;São Paulo;Município de São Paulo;False;NONE
60709;3548708.0;São Bernardo do Campo;Grande SP Sudeste;False;BRANCA
60710;3507605.0;Bragança Paulista;Campinas;False;BRANCA
60711;3541000.0;Praia Grande;Baixada Santista;False;PARDA
60712;3550308.0;São Paulo;Município de São Paulo;False;BRANCA
60713;3549805.0;São José do Rio Preto;São José do Rio Preto;False;BRANCA
60714;3548708.0;São Bernardo do Campo;Grande SP Sudeste;False;BRANCA
60715;3529401.0;Mauá;Grande SP Sudeste;False;BRANCA
60716;3510500.0;Caraguatatuba;Taubaté;False;PARDA
60717;3505500.0;Barretos;Barretos;False;
60718;3550308.0;São Paulo;Município de São Paulo;False;BRANCA
60719;3512407.0;Cordeirópolis;Piracicaba;False;PARDA
60720;3547809.0;Santo André;Grande SP Sudeste;False;BRANCA
60721;3548807.0;São Caetano do Sul;Grande SP Sudeste;False;BRANCA
60722;3526100.0;Juquiá;Registro;False;BRANCA
60723;3506359.0;Bertioga;Baixada Santista;False;BRANCA
60724;3548807.0;São Caetano do Sul;Grande SP Sudeste;False;BRANCA
60725;3507605.0;Bragança Paulista;Campinas;False;AMARELA
60726;3550308.0;São Paulo;Município de São Paulo;False;BRANCA
60727;3556206.0;Valinhos;Campinas;False;BRANCA
60728;3505500.0;Barretos;Barretos;False;BRANCA
60729;3550308.0;São Paulo;Município de São Paulo;False;IGNORADO
60730;3550308.0;São Paulo;Município de São Paulo;False;BRANCA
60731;3549805.0;São José do Rio Preto;São José do Rio Preto;False;AMARELA
60732;3550308.0;São Paulo;Município de São Paulo;False;PARDA
60733;3516200.0;Franca;Franca;False;BRANCA
60734;3518800.0;Guarulhos;Grande SP Leste;False;PARDA
60735;3523909.0;Itu;Sorocaba;False;PARDA
60736;3509502.0;Campinas;Campinas;False;BRANCA
60737;3550308.0;São Paulo;Município de São Paulo;False;PARDA
60738;3541000.0;Praia Grande;Baixada Santista;False;PARDA
60739;3550308.0;São Paulo;Município de São Paulo;False;IGNORADO
60740;3508504.0;Caçapava;Taubaté;False;BRANCA
60741;3550308.0;São Paulo;Município de São Paulo;False;PARDA
60742;3508405.0;Cabreúva;Campinas;False;BRANCA
60743;3552809.0;Taboão da Serra;Grande SP Sudoeste;False;
60744;3548708.0;São Bernardo do Campo;Grande SP Sudeste;False;PARDA
60745;3548500.0;Santos;Baixada Santista;False;IGNORADO
60746;3557105.0;Votuporanga;São José do Rio Preto;False;BRANCA
60747;3513009.0;Cotia;Grande SP Sudoeste;False;PARDA
60748;3550308.0;São Paulo;Município de São Paulo;False;PARDA
60749;3552601.0;Tabapuã;São José do Rio Preto;False;BRANCA
60750;3545803.0;Santa Bárbara d'Oeste;Campinas;False;BRANCA
60751;3552403.0;Sumaré;Campinas;False;BRANCA
60752;3507407.0;Borborema;Araraquara;False;BRANCA
60753;3550308.0;São Paulo;Município de São Paulo;False;BRANCA
60754;3529005.0;Marília;Marília;False;BRANCA
60755;3543402.0;Ribeirão Preto;Ribeirão Preto;False;BRANCA
60756;3511102.0;Catanduva;São José do Rio Preto;False;PARDA
60757;3543402.0;Ribeirão Preto;Ribeirão Preto;False;BRANCA
60758;3504800.0;Bálsamo;São José do Rio Preto;False;BRANCA
60759;3552106.0;Socorro;Campinas;False;PARDA
60760;3549805.0;São José do Rio Preto;São José do Rio Preto;False;BRANCA
60761;3550308.0;São Paulo;Município de São Paulo;False;PARDA
60762;3543402.0;Ribeirão Preto;Ribeirão Preto;False;IGNORADO
60763;3515202.0;Estrela d'Oeste;São José do Rio Preto;False;BRANCA
60764;3513504.0;Cubatão;Baixada Santista;False;BRANCA
60765;3522505.0;Itapevi;Grande SP Oeste;False;BRANCA
60766;3549805.0;São José do Rio Preto;São José do Rio Preto;False;BRANCA
60767;3525904.0;Jundiaí;Campinas;False;BRANCA
60768;3546306.0;Santa Cruz das Palmeiras;São João da Boa Vista;False;BRANCA
60769;3527306.0;Louveira;Campinas;False;BRANCA
60770;3550308.0;São Paulo;Município de São Paulo;False;BRANCA
60771;3550308.0;São Paulo;Município de São Paulo;True;PARDA
60772;3549805.0;São José do Rio Preto;São José do Rio Preto;True;BRANCA
60773;3506003.0;Bauru;Bauru;False;BRANCA
60774;3507605.0;Bragança Paulista;Campinas;False;IGNORADO
60775;3543402.0;Ribeirão Preto;Ribeirão Preto;False;BRANCA
60776;3509502.0;Campinas;Campinas;False;IGNORADO
60777;3549805.0;São José do Rio Preto;São José do Rio Preto;False;BRANCA
60778;3533908.0;Olímpia;Barretos;False;BRANCA
60779;3501608.0;Americana;Campinas;False;BRANCA
60780;3516200.0;Franca;Franca;False;PARDA
60781;3545803.0;Santa Bárbara d'Oeste;Campinas;False;BRANCA
60782;3553708.0;Taquaritinga;Araraquara;False;BRANCA
60783;3543907.0;Rio Claro;Piracicaba;False;BRANCA
60784;3554409.0;Terra Roxa;Barretos;False;BRANCA
60785;3503307.0;Araras;Piracicaba;False;BRANCA
60786;3532827.0;Nova Campina;Sorocaba;False;BRANCA
60787;3547809.0;Santo André;Grande SP Sudeste;False;BRANCA
60788;3519071.0;Hortolândia;Campinas;False;PARDA
60789;3550308.0;São Paulo;Município de São Paulo;False;AMARELA
60790;3550308.0;São Paulo;Município de São Paulo;False;BRANCA
60791;3501608.0;Americana;Campinas;False;BRANCA
60792;3549805.0;São José do Rio Preto;São José do Rio Preto;False;BRANCA
60793;3509601.0;Campo Limpo Paulista;Campinas;False;PRETA
60794;3506003.0;Bauru;Bauru;False;BRANCA
60795;3550308.0;São Paulo;Município de São Paulo;False;PARDA
60796;3540754.0;Potim;Taubaté;False;BRANCA
60797;3513504.0;Cubatão;Baixada Santista;False;BRANCA
60798;3548906.0;São Carlos;Araraquara;False;IGNORADO
60799;3550308.0;São Paulo;Município de São Paulo;False;AMARELA
60800;3533403.0;Nova Odessa;Campinas;False;AMARELA
60801;3509502.0;Campinas;Campinas;False;BRANCA
60802;3516200.0;Franca;Franca;False;IGNORADO
60803;3550308.0;São Paulo;Município de São Paulo;False;PRETA
60804;3502705.0;Apiaí;Sorocaba;False;BRANCA
60805;3538709.0;Piracicaba;Piracicaba;False;BRANCA
60806;3534401.0;Osasco;Grande SP Oeste;False;PARDA
60807;3545308.0;Salto de Pirapora;Sorocaba;False;BRANCA
60808;3548500.0;Santos;Baixada Santista;False;BRANCA
60809;3529401.0;Mauá;Grande SP Sudeste;False;BRANCA
60810;3529401.0;Mauá;Grande SP Sudeste;False;BRANCA
60811;3526803.0;Lençóis Paulista;Bauru;False;NONE
60812;3504107.0;Atibaia;Campinas;False;
60813;3504107.0;Atibaia;Campinas;False;BRANCA
60814;3549904.0;São José dos Campos;Taubaté;False;IGNORADO
60815;3522307.0;Itapetininga;Sorocaba;False;BRANCA
60816;3526704.0;Leme;Piracicaba;False;BRANCA
60817;3550308.0;São Paulo;Município de São Paulo;False;PARDA
60818;3511102.0;Catanduva;São José do Rio Preto;False;BRANCA
60819;3550308.0;São Paulo;Município de São Paulo;False;BRANCA
60820;3518701.0;Guarujá;Baixada Santista;False;BRANCA
60821;3550308.0;São Paulo;Município de São Paulo;False;BRANCA
60822;3550308.0;São Paulo;Município de São Paulo;False;IGNORADO
60823;3524402.0;Jacareí;Taubaté;False;IGNORADO
60824;3550308.0;São Paulo;Município de São Paulo;False;BRANCA
60825;3510609.0;Carapicuíba;Grande SP Oeste;False;BRANCA
60826;3520509.0;Indaiatuba;Campinas;False;BRANCA
60827;3519071.0;Hortolândia;Campinas;False;PRETA
60828;3550308.0;São Paulo;Município de São Paulo;False;BRANCA
