52203;3534302.0;Orlândia;Franca;False;BRANCA
52204;3550308.0;São Paulo;Município de São Paulo;True;IGNORADO
52205;3550308.0;São Paulo;Município de São Paulo;False;BRANCA
52206;3510609.0;Carapicuíba;Grande SP Oeste;False;PRETA
52207;3547809.0;Santo André;Grande SP Sudeste;True;IGNORADO
52208;3543402.0;Ribeirão Preto;Ribeirão Preto;False;IGNORADO
52209;3550308.0;São Paulo;Município de São Paulo;False;NONE
52210;3520426.0;Ilha Comprida;Registro;False;BRANCA
52211;3547304.0;Santana de Parnaíba;Grande SP Oeste;False;IGNORADO
52212;3509502.0;Campinas;Campinas;False;BRANCA
52213;3518800.0;Guarulhos;Grande SP Leste;False;IGNORADO
52214;3532108.0;Murutinga do Sul;Araçatuba;False;PARDA
52215;3538709.0;Piracicaba;Piracicaba;False;BRANCA
52216;3552205.0;Sorocaba;Sorocaba;False;BRANCA
52217;3550308.0;São Paulo;Município de São Paulo;False;BRANCA
52218;3543303.0;Ribeirão Pires;Grande SP Sudeste;False;NONE
52219;3550308.0;São Paulo;Município de São Paulo;True;PARDA
52220;3547809.0;Santo André;Grande SP Sudeste;False;PARDA
52221;3550308.0;São Paulo;Município de São Paulo;False;AMARELA
52222;3543402.0;Ribeirão Preto;Ribeirão Preto;False;PARDA
52223;3547809.0;Santo André;Grande SP Sudeste;False;PARDA
52224;3531308.0;Monte Alto;Ribeirão Preto;False;BRANCA
52225;3550605.0;São Roque;Sorocaba;False;PARDA
52226;3509254.0;Cajati;Registro;False;PARDA
52227;3517703.0;Guará;Franca;False;IGNORADO
52228;3530607.0;Mogi das Cruzes;Grande SP Leste;False;PARDA
52229;3550308.0;São Paulo;Município de São Paulo;False;BRANCA
52230;3550308.0;São Paulo;Município de São Paulo;False;PARDA
52231;3554102.0;Taubaté;Taubaté;False;IGNORADO
52232;3533908.0;Olímpia;Barretos;False;BRANCA
52233;3552403.0;Sumaré;Campinas;False;BRANCA
52234;3548500.0;Santos;Baixada Santista;False;NONE
52235;3549904.0;São José dos Campos;Taubaté;False;BRANCA
52236;3552502.0;Suzano;Grande SP Leste;False;BRANCA
52237;3548807.0;São Caetano do Sul;Grande SP Sudeste;False;BRANCA
52238;3509502.0;Campinas;Campinas;False;PARDA
52239;3525904.0;Jundiaí;Campinas;False;BRANCA
52240;3550308.0;São Paulo;Município de São Paulo;False;IGNORADO
52241;3509502.0;Campinas;Campinas;False;BRANCA
52242;3550308.0;São Paulo;Município de São Paulo;False;
52243;3550308.0;São Paulo;Município de São Paulo;False;PARDA
52244;3549904.0;São José dos Campos;Taubaté;False;IGNORADO
52245;3556503.0;Várzea Paulista;Campinas;False;BRANCA
52246;3552809.0;Taboão da Serra;Grande SP Sudoeste;False;BRANCA
52247;3550308.0;São Paulo;Município de São Paulo;False;BRANCA
52248;3548807.0;São Caetano do Sul;Grande SP Sudeste;False;BRANCA
52249;3548708.0;São Bernardo do Campo;Grande SP Sudeste;False;BRANCA
52250;3513504.0;Cubatão;Baixada Santista;False;BRANCA
52251;3550308.0;São Paulo;Município de São Paulo;False;
52252;3550308.0;São Paulo;Município de São Paulo;False;BRANCA
52253;3518800.0;Guarulhos;Grande SP Leste;False;BRANCA
52254;3502804.0;Araçatuba;Araçatuba;False;BRANCA
52255;3543402.0;Ribeirão Preto;Ribeirão Preto;False;PARDA
52256;3534401.0;Osasco;Grande SP Oeste;False;IGNORADO
52257;3543402.0;Ribeirão Preto;Ribeirão Preto;False;IGNORADO
52258;3540606.0;Porto Feliz;Sorocaba;False;BRANCA
52259;3549904.0;São José dos Campos;Taubaté;False;BRANCA
52260;3548807.0;São Caetano do Sul;Grande SP Sudeste;False;BRANCA
52261;3525904.0;Jundiaí;Campinas;False;BRANCA
52262;3550308.0;São Paulo;Município de São Paulo;False;PARDA
52263;3550308.0;São Paulo;Município de São Paulo;False;
52264;3522505.0;Itapevi;Grande SP Oeste;False;BRANCA
52265;3549904.0;São José dos Campos;Taubaté;False;BRANCA
52266;3507308.0;Boracéia;Bauru;False;BRANCA
52267;3549805.0;São José do Rio Preto;São José do Rio Preto;False;BRANCA
52268;3550308.0;São Paulo;Município de São Paulo;False;BRANCA
52269;3554102.0;Taubaté;Taubaté;False;BRANCA
52270;3513009.0;Cotia;Grande SP Sudoeste;False;PARDA
52271;3550308.0;São Paulo;Município de São Paulo;False;IGNORADO
52272;3522307.0;Itapetininga;Sorocaba;False;
52273;3552502.0;Suzano;Grande SP Leste;False;
52274;3552502.0;Suzano;Grande SP Leste;False;BRANCA
52275;3516200.0;Franca;Franca;False;IGNORADO
52276;3550308.0;São Paulo;Município de São Paulo;False;BRANCA
52277;3534302.0;Orlândia;Franca;False;IGNORADO
52278;3513504.0;Cubatão;Baixada Santista;False;IGNORADO
52279;3552205.0;Sorocaba;Sorocaba;False;BRANCA
52280;3506102.0;Bebedouro;Barretos;False;BRANCA
52281;3553005.0;Taguaí;Bauru;False;BRANCA
52282;3525003.0;Jandira;Grande SP Oeste;False;PARDA
52283;3550209.0;São Miguel Arcanjo;Sorocaba;False;BRANCA
52284;3518800.0;Guarulhos;Grande SP Leste;True;IGNORADO
52285;3550308.0;São Paulo;Município de São Paulo;False;NONE
52286;3506003.0;Bauru;Bauru;False;BRANCA
52287;3509502.0;Campinas;Campinas;False;PRETA
52288;3550308.0;São Paulo;Município de São Paulo;False;BRANCA
52289;3502804.0;Araçatuba;Araçatuba;False;BRANCA
52290;3512902.0;Cosmorama;São José do Rio Preto;False;BRANCA
52291;3505708.0;Barueri;Grande SP Oeste;False;
52292;3501152.0;Alumínio;Sorocaba;False;BRANCA
52293;3526803.0;Lençóis Paulista;Bauru;False;BRANCA
52294;3507605.0;Bragança Paulista;Campinas;False;BRANCA
52295;3502804.0;Araçatuba;Araçatuba;False;IGNORADO
52296;3518503.0;Guareí;Sorocaba;False;BRANCA
52297;3524402.0;Jacareí;Taubaté;False;BRANCA
52298;3549805.0;São José do Rio Preto;São José do Rio Preto;False;PRETA
52299;3550308.0;São Paulo;Município de São Paulo;True;NONE
52300;3550308.0;São Paulo;Município de São Paulo;False;PARDA
52301;3538006.0;Pindamonhangaba;Taubaté;False;IGNORADO
52302;3550308.0;São Paulo;Município de São Paulo;False;NONE
52303;3550308.0;São Paulo;Município de São Paulo;False;
52304;3510500.0;Caraguatatuba;Taubaté;False;BRANCA
52305;3524402.0;Jacareí;Taubaté;False;BRANCA
52306;3525102.0;Jardinópolis;Ribeirão Preto;False;PARDA
52307;3503208.0;Araraquara;Araraquara;False;PARDA
52308;3548807.0;São Caetano do Sul;Grande SP Sudeste;False;BRANCA
52309;3550308.0;São Paulo;Município de São Paulo;False;PARDA
52310;3550308.0;São Paulo;Município de São Paulo;False;BRANCA
52311;3550308.0;São Paulo;Município de São Paulo;False;PARDA
52312;3518800.0;Guarulhos;Grande SP Leste;False;IGNORADO
52313;3550308.0;São Paulo;Município de São Paulo;False;BRANCA
52314;3507001.0;Boituva;Sorocaba;False;BRANCA
52315;3549805.0;São José do Rio Preto;São José do Rio Preto;False;IGNORADO
52316;3550308.0;São Paulo;Município de São Paulo;False;PRETA
52317;3550308.0;São Paulo;Município de São Paulo;False;NONE
52318;3516408.0;Franco da Rocha;Grande SP Norte;False;BRANCA
52319;3550308.0;São Paulo;Município de São Paulo;False;PARDA
52320;3507506.0;Botucatu;Bauru;False;BRANCA
52321;3537503.0;Pereiras;Bauru;False;BRANCA
52322;3534401.0;Osasco;Grande SP Oeste;False;NONE
52323;3550308.0;São Paulo;Município de São Paulo;False;BRANCA
52324;3518701.0;Guarujá;Baixada Santista;False;PARDA
52325;3526704.0;Leme;Piracicaba;False;PARDA
52326;3552502.0;Suzano;Grande SP Leste;False;BRANCA
52327;3547809.0;Santo André;Grande SP Sudeste;False;BRANCA
52328;3550308.0;São Paulo;Município de São Paulo;False;PARDA
52329;3530300.0;Mirassol;São José do Rio Preto;False;BRANCA
52330;3541000.0;Praia Grande;Baixada Santista;False;PARDA
52331;3550308.0;São Paulo;Município de São Paulo;False;BRANCA
52332;3553708.0;Taquaritinga;Araraquara;False;PARDA
52333;3550308.0;São Paulo;Município de São Paulo;False;PARDA
52334;3510609.0;Carapicuíba;Grande SP Oeste;False;BRANCA
52335;3523305.0;Itariri;Registro;False;PARDA
52336;3554102.0;Taubaté;Taubaté;False;IGNORADO
52337;3552403.0;Sumaré;Campinas;False;BRANCA
52338;3550308.0;São Paulo;Município de São Paulo;False;PARDA
52339;3550308.0;São Paulo;Município de São Paulo;False;PARDA
52340;3506508.0;Birigui;Araçatuba;False;BRANCA
52341;3503307.0;Araras;Piracicaba;False;PARDA
52342;3509007.0;Caieiras;Grande SP Norte;False;PARDA
52343;3550308.0;São Paulo;Município de São Paulo;False;BRANCA
52344;3530607.0;Mogi das Cruzes;Grande SP Leste;False;BRANCA
52345;3550308.0;São Paulo;Município de São Paulo;False;PARDA
52346;3520509.0;Indaiatuba;Campinas;False;BRANCA
52347;3548500.0;Santos;Baixada Santista;False;
