47419;3550308.0;São Paulo;Município de São Paulo;False;IGNORADO
47420;3542909.0;Ribeirão Bonito;Araraquara;False;BRANCA
47421;3538808.0;Piraju;Bauru;False;BRANCA
47422;3526704.0;Leme;Piracicaba;False;BRANCA
47423;3552205.0;Sorocaba;Sorocaba;False;IGNORADO
47424;3548500.0;Santos;Baixada Santista;False;IGNORADO
47425;3539806.0;Poá;Grande SP Leste;False;BRANCA
47426;3547809.0;Santo André;Grande SP Sudeste;False;BRANCA
47427;3525003.0;Jandira;Grande SP Oeste;False;BRANCA
47428;3534609.0;Osvaldo Cruz;Marília;False;BRANCA
47429;3529401.0;Mauá;Grande SP Sudeste;False;BRANCA
47430;3529401.0;Mauá;Grande SP Sudeste;False;BRANCA
47431;3538709.0;Piracicaba;Piracicaba;False;
47432;3506003.0;Bauru;Bauru;False;BRANCA
47433;3509502.0;Campinas;Campinas;False;BRANCA
47434;3545308.0;Salto de Pirapora;Sorocaba;False;BRANCA
47435;3550308.0;São Paulo;Município de São Paulo;False;BRANCA
47436;3550308.0;São Paulo;Município de São Paulo;False;BRANCA
47437;3529401.0;Mauá;Grande SP Sudeste;False;PARDA
47438;3550308.0;São Paulo;Município de São Paulo;False;BRANCA
47439;3551009.0;São Vicente;Baixada Santista;False;PARDA
47440;3513504.0;Cubatão;Baixada Santista;False;PARDA
47441;3518503.0;Guareí;Sorocaba;False;
47442;3545407.0;Salto Grande;Marília;False;BRANCA
47443;3545803.0;Santa Bárbara d'Oeste;Campinas;False;AMARELA
47444;3516408.0;Franco da Rocha;Grande SP Norte;False;BRANCA
47445;3550308.0;São Paulo;Município de São Paulo;False;IGNORADO
47446;3550100.0;São Manuel;Bauru;False;BRANCA
47447;3513504.0;Cubatão;Baixada Santista;False;PRETA
47448;3513504.0;Cubatão;Baixada Santista;False;PARDA
47449;3518503.0;Guareí;Sorocaba;False;BRANCA
47450;3550308.0;São Paulo;Município de São Paulo;False;BRANCA
47451;3520509.0;Indaiatuba;Campinas;False;BRANCA
47452;3520509.0;Indaiatuba;Campinas;False;BRANCA
47453;3548500.0;Santos;Baixada Santista;False;IGNORADO
47454;3551801.0;Sete Barras;Registro;False;BRANCA
47455;3550308.0;São Paulo;Município de São Paulo;False;BRANCA
47456;3550308.0;São Paulo;Município de São Paulo;False;BRANCA
47457;3539509.0;Pitangueiras;Ribeirão Preto;False;BRANCA
47458;3550308.0;São Paulo;Município de São Paulo;False;BRANCA
47459;3512803.0;Cosmópolis;Campinas;False;BRANCA
47460;3550308.0;São Paulo;Município de São Paulo;False;BRANCA
47461;3519402.0;Ibirá;São José do Rio Preto;False;AMARELA
47462;3534708.0;Ourinhos;Marília;False;IGNORADO
47463;3550308.0;São Paulo;Município de São Paulo;False;NONE
47464;3550308.0;São Paulo;Município de São Paulo;False;PARDA
47465;3550308.0;São Paulo;Município de São Paulo;False;BRANCA
47466;3515707.0;Ferraz de Vasconcelos;Grande SP Leste;False;PARDA
47467;3550308.0;São Paulo;Município de São Paulo;False;PRETA
47468;3548708.0;São Bernardo do Campo;Grande SP Sudeste;False;NONE
47469;3550308.0;São Paulo;Município de São Paulo;False;BRANCA
47470;3550308.0;São Paulo;Município de São Paulo;False;IGNORADO
47471;3508405.0;Cabreúva;Campinas;False;BRANCA
47472;3552809.0;Taboão da Serra;Grande SP Sudoeste;False;BRANCA
47473;3552700.0;Tabatinga;Araraquara;False;BRANCA
47474;3505708.0;Barueri;Grande SP Oeste;False;BRANCA
47475;3520509.0;Indaiatuba;Campinas;False;BRANCA
47476;3550308.0;São Paulo;Município de São Paulo;False;BRANCA
47477;3550308.0;São Paulo;Município de São Paulo;False;BRANCA
47478;3550308.0;São Paulo;Município de São Paulo;False;BRANCA
47479;3550308.0;São Paulo;Município de São Paulo;True;BRANCA
47480;3550308.0;São Paulo;Município de São Paulo;False;BRANCA
47481;3550308.0;São Paulo;Município de São Paulo;False;PRETA
47482;3550308.0;São Paulo;Município de São Paulo;True;BRANCA
47483;3526902.0;Limeira;Piracicaba;False;BRANCA
47484;3548708.0;São Bernardo do Campo;Grande SP Sudeste;True;BRANCA
47485;3552403.0;Sumaré;Campinas;True;BRANCA
47486;3515509.0;Fernandópolis;São José do Rio Preto;False;IGNORADO
47487;3521408.0;Iracemápolis;Piracicaba;False;BRANCA
47488;3505708.0;Barueri;Grande SP Oeste;True;PARDA
47489;3550308.0;São Paulo;Município de São Paulo;False;AMARELA
47490;3507605.0;Bragança Paulista;Campinas;False;BRANCA
47491;3556701.0;Vinhedo;Campinas;False;IGNORADO
47492;3502101.0;Andradina;Araçatuba;True;BRANCA
47493;3523305.0;Itariri;Registro;False;BRANCA
47494;3550308.0;São Paulo;Município de São Paulo;False;BRANCA
47495;3550308.0;São Paulo;Município de São Paulo;True;PARDA
47496;3505500.0;Barretos;Barretos;True;BRANCA
47497;3550308.0;São Paulo;Município de São Paulo;False;BRANCA
47498;3549805.0;São José do Rio Preto;São José do Rio Preto;False;BRANCA
47499;3550308.0;São Paulo;Município de São Paulo;False;AMARELA
47500;3518800.0;Guarulhos;Grande SP Leste;False;PARDA
47501;3550308.0;São Paulo;Município de São Paulo;False;IGNORADO
47502;3550308.0;São Paulo;Município de São Paulo;False;NONE
47503;3542503.0;Reginópolis;Bauru;False;BRANCA
47504;3554102.0;Taubaté;Taubaté;False;BRANCA
47505;3549805.0;São José do Rio Preto;São José do Rio Preto;False;PRETA
47506;3528502.0;Mairiporã;Grande SP Norte;True;PARDA
47507;3550308.0;São Paulo;Município de São Paulo;False;AMARELA
47508;3524501.0;Jaci;São José do Rio Preto;False;BRANCA
47509;3551009.0;São Vicente;Baixada Santista;False;PRETA
47510;3550308.0;São Paulo;Município de São Paulo;False;BRANCA
47511;3522802.0;Itaporanga;Bauru;False;AMARELA
47512;3543402.0;Ribeirão Preto;Ribeirão Preto;False;PARDA
47513;3550308.0;São Paulo;Município de São Paulo;False;PARDA
47514;3557105.0;Votuporanga;São José do Rio Preto;False;BRANCA
47515;3550308.0;São Paulo;Município de São Paulo;False;PARDA
47516;3509502.0;Campinas;Campinas;True;BRANCA
47517;3550308.0;São Paulo;Município de São Paulo;False;BRANCA
47518;3549904.0;São José dos Campos;Taubaté;False;IGNORADO
47519;3529401.0;Mauá;Grande SP Sudeste;False;BRANCA
47520;3550308.0;São Paulo;Município de São Paulo;False;IGNORADO
47521;3550308.0;São Paulo;Município de São Paulo;False;BRANCA
47522;3549904.0;São José dos Campos;Taubaté;False;AMARELA
47523;3526209.0;Juquitiba;Grande SP Sudoeste;False;BRANCA
47524;3549805.0;São José do Rio Preto;São José do Rio Preto;False;PARDA
47525;3550308.0;São Paulo;Município de São Paulo;False;AMARELA
47526;3552205.0;Sorocaba;Sorocaba;False;IGNORADO
47527;3556206.0;Valinhos;Campinas;False;BRANCA
47528;3541000.0;Praia Grande;Baixada Santista;False;BRANCA
47529;3552106.0;Socorro;Campinas;False;BRANCA
47530;3538709.0;Piracicaba;Piracicaba;False;BRANCA
47531;3509007.0;Caieiras;Grande SP Norte;False;BRANCA
47532;3550308.0;São Paulo;Município de São Paulo;False;IGNORADO
47533;3550308.0;São Paulo;Município de São Paulo;False;IGNORADO
47534;3552809.0;Taboão da Serra;Grande SP Sudoeste;False;BRANCA
47535;3530607.0;Mogi das Cruzes;Grande SP Leste;True;BRANCA
47536;3509502.0;Campinas;Campinas;False;BRANCA
47537;3546405.0;Santa Cruz do Rio Pardo;Marília;False;BRANCA
47538;3552205.0;Sorocaba;Sorocaba;True;PARDA
47539;3550308.0;São Paulo;Município de São Paulo;False;PARDA
47540;3543402.0;Ribeirão Preto;Ribeirão Preto;False;BRANCA
47541;3556503.0;Várzea Paulista;Campinas;False;BRANCA
47542;3550308.0;São Paulo;Município de São Paulo;False;IGNORADO
47543;3532405.0;Nazaré Paulista;Campinas;False;BRANCA
47544;3550308.0;São Paulo;Município de São Paulo;False;BRANCA
47545;3550308.0;São Paulo;Município de São Paulo;False;BRANCA
47546;3550308.0;São Paulo;Município de São Paulo;False;BRANCA
47547;3552403.0;Sumaré;Campinas;True;PRETA
47548;3545209.0;Salto;Sorocaba;False;BRANCA
47549;3550308.0;São Paulo;Município de São Paulo;False;PARDA
47550;3550308.0;São Paulo;Município de São Paulo;False;PARDA
47551;3507001.0;Boituva;Sorocaba;False;BRANCA
47552;3550308.0;São Paulo;Município de São Paulo;False;INDIGENA
47553;3502804.0;Araçatuba;Araçatuba;False;PARDA
47554;3513850.0;Dirce Reis;São José do Rio Preto;False;BRANCA
47555;3548500.0;Santos;Baixada Santista;False;BRANCA
47556;3539509.0;Pitangueiras;Ribeirão Preto;False;BRANCA
47557;3543402.0;Ribeirão Preto;Ribeirão Preto;False;PARDA
47558;3509601.0;Campo Limpo Paulista;Campinas;False;PARDA
47559;3550308.0;São Paulo;Município de São Paulo;False;PARDA
47560;3548500.0;Santos;Baixada Santista;False;AMARELA
