32242;3550308.0;São Paulo;Município de São Paulo;False;IGNORADO
32243;3549805.0;São José do Rio Preto;São José do Rio Preto;False;BRANCA
32244;3513009.0;Cotia;Grande SP Sudoeste;False;BRANCA
32245;3548708.0;São Bernardo do Campo;Grande SP Sudeste;False;BRANCA
32246;3550308.0;São Paulo;Município de São Paulo;False;PARDA
32247;3517000.0;Getulina;Bauru;False;PRETA
32248;3554003.0;Tatuí;Sorocaba;False;BRANCA
32249;3503307.0;Araras;Piracicaba;False;PARDA
32250;3550308.0;São Paulo;Município de São Paulo;False;BRANCA
32251;3556503.0;Várzea Paulista;Campinas;False;PARDA
32252;3531308.0;Monte Alto;Ribeirão Preto;False;BRANCA
32253;3550308.0;São Paulo;Município de São Paulo;False;BRANCA
32254;3550308.0;São Paulo;Município de São Paulo;False;BRANCA
32255;3518404.0;Guaratinguetá;Taubaté;False;BRANCA
32256;3550308.0;São Paulo;Município de São Paulo;False;
32257;3548500.0;Santos;Baixada Santista;False;
32258;3511003.0;Castilho;Araçatuba;False;BRANCA
32259;3504107.0;Atibaia;Campinas;False;PARDA
32260;3513009.0;Cotia;Grande SP Sudoeste;False;BRANCA
32261;3519055.0;Holambra;Campinas;False;IGNORADO
32262;3525904.0;Jundiaí;Campinas;False;BRANCA
32263;3524006.0;Itupeva;Campinas;False;BRANCA
32264;3518909.0;Guzolândia;Araçatuba;False;BRANCA
32265;3547809.0;Santo André;Grande SP Sudeste;False;BRANCA
32266;3550308.0;São Paulo;Município de São Paulo;False;PRETA
32267;3548906.0;São Carlos;Araraquara;False;NONE
32268;3550308.0;São Paulo;Município de São Paulo;False;BRANCA
32269;3506805.0;Bocaina;Bauru;False;BRANCA
32270;3550308.0;São Paulo;Município de São Paulo;False;PARDA
32271;3547809.0;Santo André;Grande SP Sudeste;False;PARDA
32272;3547809.0;Santo André;Grande SP Sudeste;False;NONE
32273;3550308.0;São Paulo;Município de São Paulo;False;AMARELA
32274;3549805.0;São José do Rio Preto;São José do Rio Preto;False;PARDA
32275;3510609.0;Carapicuíba;Grande SP Oeste;False;BRANCA
32276;3543402.0;Ribeirão Preto;Ribeirão Preto;False;PRETA
32277;3550308.0;São Paulo;Município de São Paulo;False;PARDA
32278;3549904.0;São José dos Campos;Taubaté;False;BRANCA
32279;3513801.0;Diadema;Grande SP Sudeste;False;
32280;3552205.0;Sorocaba;Sorocaba;False;IGNORADO
32281;3520301.0;Iguape;Registro;False;BRANCA
32282;3550308.0;São Paulo;Município de São Paulo;False;PARDA
32283;3543402.0;Ribeirão Preto;Ribeirão Preto;False;IGNORADO
32284;3511102.0;Catanduva;São José do Rio Preto;False;BRANCA
32285;3533908.0;Olímpia;Barretos;False;BRANCA
32286;3554102.0;Taubaté;Taubaté;False;PARDA
32287;3550308.0;São Paulo;Município de São Paulo;False;IGNORADO
32288;3552205.0;Sorocaba;Sorocaba;False;AMARELA
32289;3548708.0;São Bernardo do Campo;Grande SP Sudeste;False;PARDA
32290;3554102.0;Taubaté;Taubaté;False;IGNORADO
32291;3520509.0;Indaiatuba;Campinas;False;BRANCA
32292;3550308.0;São Paulo;Município de São Paulo;False;IGNORADO
32293;3530300.0;Mirassol;São José do Rio Preto;False;BRANCA
32294;3510609.0;Carapicuíba;Grande SP Oeste;False;PARDA
32295;3523107.0;Itaquaquecetuba;Grande SP Leste;False;PARDA
32296;3550308.0;São Paulo;Município de São Paulo;False;BRANCA
32297;3550308.0;São Paulo;Município de São Paulo;False;PARDA
32298;3513009.0;Cotia;Grande SP Sudoeste;False;
32299;3516200.0;Franca;Franca;False;BRANCA
32300;3509502.0;Campinas;Campinas;False;PRETA
32301;3543303.0;Ribeirão Pires;Grande SP Sudeste;False;BRANCA
32302;3552403.0;Sumaré;Campinas;False;BRANCA
32303;3550308.0;São Paulo;Município de São Paulo;False;BRANCA
32304;3550308.0;São Paulo;Município de São Paulo;True;PARDA
32305;3532405.0;Nazaré Paulista;Campinas;False;BRANCA
32306;3513801.0;Diadema;Grande SP Sudeste;False;PARDA
32307;3513801.0;Diadema;Grande SP Sudeste;False;IGNORADO
32308;3510609.0;Carapicuíba;Grande SP Oeste;False;BRANCA
32309;3534708.0;Ourinhos;Marília;False;BRANCA
32310;3548708.0;São Bernardo do Campo;Grande SP Sudeste;False;BRANCA
32311;3548807.0;São Caetano do Sul;Grande SP Sudeste;False;NONE
32312;3515004.0;Embu das Artes;Grande SP Sudoeste;False;PRETA
32313;3524105.0;Ituverava;Franca;False;IGNORADO
32314;3550308.0;São Paulo;Município de São Paulo;False;BRANCA
32315;3529401.0;Mauá;Grande SP Sudeste;False;BRANCA
32316;3550308.0;São Paulo;Município de São Paulo;True;PARDA
32317;3550308.0;São Paulo;Município de São Paulo;False;NONE
32318;3550308.0;São Paulo;Município de São Paulo;False;BRANCA
32319;3510609.0;Carapicuíba;Grande SP Oeste;False;PRETA
32320;3552809.0;Taboão da Serra;Grande SP Sudoeste;False;IGNORADO
32321;3534401.0;Osasco;Grande SP Oeste;False;PRETA
32322;3550308.0;São Paulo;Município de São Paulo;False;PRETA
32323;3520509.0;Indaiatuba;Campinas;False;BRANCA
32324;3529005.0;Marília;Marília;True;BRANCA
32325;3550308.0;São Paulo;Município de São Paulo;True;BRANCA
32326;3518701.0;Guarujá;Baixada Santista;False;PARDA
32327;3513504.0;Cubatão;Baixada Santista;False;PARDA
32328;3508405.0;Cabreúva;Campinas;False;AMARELA
32329;3550308.0;São Paulo;Município de São Paulo;False;NONE
32330;3554102.0;Taubaté;Taubaté;False;BRANCA
32331;3550308.0;São Paulo;Município de São Paulo;False;BRANCA
32332;3550308.0;São Paulo;Município de São Paulo;False;BRANCA
32333;3519808.0;Icém;São José do Rio Preto;False;AMARELA
32334;3552502.0;Suzano;Grande SP Leste;False;
32335;3547809.0;Santo André;Grande SP Sudeste;False;AMARELA
32336;3547809.0;Santo André;Grande SP Sudeste;False;AMARELA
32337;3548906.0;São Carlos;Araraquara;False;PARDA
32338;3550407.0;São Pedro;Piracicaba;False;BRANCA
32339;3550308.0;São Paulo;Município de São Paulo;False;BRANCA
32340;3552502.0;Suzano;Grande SP Leste;False;BRANCA
32341;3552502.0;Suzano;Grande SP Leste;False;BRANCA
32342;3550308.0;São Paulo;Município de São Paulo;False;NONE
32343;3548708.0;São Bernardo do Campo;Grande SP Sudeste;True;AMARELA
32344;3541406.0;Presidente Prudente;Presidente Prudente;False;BRANCA
32345;3551009.0;São Vicente;Baixada Santista;False;
32346;3505807.0;Bastos;Marília;False;BRANCA
32347;3550308.0;São Paulo;Município de São Paulo;False;PARDA
32348;3525003.0;Jandira;Grande SP Oeste;False;BRANCA
32349;3517406.0;Guaíra;Barretos;False;BRANCA
32350;3522505.0;Itapevi;Grande SP Oeste;True;PARDA
32351;3550308.0;São Paulo;Município de São Paulo;False;NONE
32352;3550308.0;São Paulo;Município de São Paulo;False;AMARELA
32353;3509502.0;Campinas;Campinas;False;PARDA
32354;3522208.0;Itapecerica da Serra;Grande SP Sudoeste;False;
32355;3550308.0;São Paulo;Município de São Paulo;False;IGNORADO
32356;3509502.0;Campinas;Campinas;False;BRANCA
32357;3518800.0;Guarulhos;Grande SP Leste;False;AMARELA
32358;3509601.0;Campo Limpo Paulista;Campinas;False;NONE
32359;3550308.0;São Paulo;Município de São Paulo;False;
32360;3509502.0;Campinas;Campinas;False;BRANCA
32361;3530706.0;Mogi Guaçu;São João da Boa Vista;False;PARDA
32362;3513009.0;Cotia;Grande SP Sudoeste;True;PARDA
32363;3543303.0;Ribeirão Pires;Grande SP Sudeste;False;BRANCA
32364;3550308.0;São Paulo;Município de São Paulo;False;NONE
32365;3509502.0;Campinas;Campinas;False;PARDA
32366;3520004.0;Igaraçu do Tietê;Bauru;False;BRANCA
32367;3550308.0;São Paulo;Município de São Paulo;False;PARDA
32368;3550308.0;São Paulo;Município de São Paulo;False;BRANCA
32369;3551009.0;São Vicente;Baixada Santista;False;PARDA
32370;3550308.0;São Paulo;Município de São Paulo;False;IGNORADO
32371;3538709.0;Piracicaba;Piracicaba;False;BRANCA
32372;3504602.0;Bady Bassitt;São José do Rio Preto;False;BRANCA
32373;3550308.0;São Paulo;Município de São Paulo;False;BRANCA
32374;3556206.0;Valinhos;Campinas;False;BRANCA
32375;3550308.0;São Paulo;Município de São Paulo;False;NONE
32376;3550308.0;São Paulo;Município de São Paulo;False;BRANCA
32377;3520301.0;Iguape;Registro;False;BRANCA
32378;3527108.0;Lins;Bauru;False;BRANCA
32379;3550308.0;São Paulo;Município de São Paulo;False;BRANCA
32380;3550308.0;São Paulo;Município de São Paulo;False;PARDA
32381;3516309.0;Francisco Morato;Grande SP Norte;False;BRANCA
32382;3550308.0;São Paulo;Município de São Paulo;False;PARDA
32383;3550308.0;São Paulo;Município de São Paulo;False;IGNORADO
32384;3550308.0;São Paulo;Município de São Paulo;False;IGNORADO
