24423;3526902.0;Limeira;Piracicaba;False;IGNORADO
24424;3511607.0;Cesário Lange;Sorocaba;False;BRANCA
24425;3556800.0;Viradouro;Barretos;False;PARDA
24426;3552106.0;Socorro;Campinas;False;PRETA
24427;3534401.0;Osasco;Grande SP Oeste;False;BRANCA
24428;3522307.0;Itapetininga;Sorocaba;False;BRANCA
24429;3522406.0;Itapeva;Sorocaba;False;BRANCA
24430;3520509.0;Indaiatuba;Campinas;False;BRANCA
24431;3550308.0;São Paulo;Município de São Paulo;False;BRANCA
24432;3549904.0;São José dos Campos;Taubaté;False;PRETA
24433;3550308.0;São Paulo;Município de São Paulo;False;BRANCA
24434;3511102.0;Catanduva;São José do Rio Preto;False;AMARELA
24435;3552502.0;Suzano;Grande SP Leste;False;BRANCA
24436;3549904.0;São José dos Campos;Taubaté;False;BRANCA
24437;3538006.0;Pindamonhangaba;Taubaté;False;BRANCA
24438;3541505.0;Presidente Venceslau;Presidente Prudente;False;BRANCA
24439;3525508.0;Joanópolis;Campinas;True;BRANCA
24440;3550308.0;São Paulo;Município de São Paulo;False;PARDA
24441;3525854.0;Jumirim;Sorocaba;False;PARDA
24442;3550308.0;São Paulo;Município de São Paulo;True;BRANCA
24443;3538709.0;Piracicaba;Piracicaba;False;BRANCA
24444;3550308.0;São Paulo;Município de São Paulo;False;BRANCA
24445;3538006.0;Pindamonhangaba;Taubaté;False;BRANCA
24446;3539806.0;Poá;Grande SP Leste;False;AMARELA
24447;3506003.0;Bauru;Bauru;False;PARDA
24448;3550407.0;São Pedro;Piracicaba;False;BRANCA
24449;3503208.0;Araraquara;Araraquara;False;BRANCA
24450;3524006.0;Itupeva;Campinas;False;BRANCA
24451;3502507.0;Aparecida;Taubaté;False;IGNORADO
24452;3550308.0;São Paulo;Município de São Paulo;False;AMARELA
24453;3522604.0;Itapira;São João da Boa Vista;False;IGNORADO
24454;3540903.0;Pradópolis;Ribeirão Preto;False;BRANCA
24455;3550308.0;São Paulo;Município de São Paulo;False;PARDA
24456;3552809.0;Taboão da Serra;Grande SP Sudoeste;False;BRANCA
24457;3524709.0;Jaguariúna;Campinas;False;BRANCA
24458;3550308.0;São Paulo;Município de São Paulo;False;BRANCA
24459;3523909.0;Itu;Sorocaba;False;IGNORADO
24460;3502507.0;Aparecida;Taubaté;False;PRETA
24461;3511102.0;Catanduva;São José do Rio Preto;True;BRANCA
24462;3550308.0;São Paulo;Município de São Paulo;False;PARDA
24463;3526704.0;Leme;Piracicaba;False;BRANCA
24464;3515152.0;Engenheiro Coelho;Piracicaba;False;BRANCA
24465;3505708.0;Barueri;Grande SP Oeste;False;PARDA
24466;3501806.0;Américo de Campos;São José do Rio Preto;False;PARDA
24467;3554102.0;Taubaté;Taubaté;False;BRANCA
24468;3550704.0;São Sebastião;Taubaté;False;BRANCA
24469;3516309.0;Francisco Morato;Grande SP Norte;True;BRANCA
24470;3543402.0;Ribeirão Preto;Ribeirão Preto;False;PRETA
24471;3546801.0;Santa Isabel;Grande SP Leste;True;BRANCA
24472;3550308.0;São Paulo;Município de São Paulo;False;INDIGENA
24473;3543402.0;Ribeirão Preto;Ribeirão Preto;False;PRETA
24474;3516200.0;Franca;Franca;False;
24475;3505708.0;Barueri;Grande SP Oeste;False;NONE
24476;3501905.0;Amparo;Campinas;False;BRANCA
24477;3509205.0;Cajamar;Grande SP Norte;False;BRANCA
24478;3528007.0;Macatuba;Bauru;False;BRANCA
24479;3550308.0;São Paulo;Município de São Paulo;False;BRANCA
24480;3550308.0;São Paulo;Município de São Paulo;False;BRANCA
24481;3505708.0;Barueri;Grande SP Oeste;False;PARDA
24482;3523909.0;Itu;Sorocaba;False;IGNORADO
24483;3550308.0;São Paulo;Município de São Paulo;False;IGNORADO
24484;3550308.0;São Paulo;Município de São Paulo;False;BRANCA
24485;3527108.0;Lins;Bauru;False;PARDA
24486;3522208.0;Itapecerica da Serra;Grande SP Sudoeste;False;PARDA
24487;3552205.0;Sorocaba;Sorocaba;False;PARDA
24488;3513504.0;Cubatão;Baixada Santista;False;PARDA
24489;3549904.0;São José dos Campos;Taubaté;False;BRANCA
24490;3550308.0;São Paulo;Município de São Paulo;False;BRANCA
24491;3552205.0;Sorocaba;Sorocaba;False;PARDA
24492;3523404.0;Itatiba;Campinas;False;BRANCA
24493;3550308.0;São Paulo;Município de São Paulo;False;PARDA
24494;3515707.0;Ferraz de Vasconcelos;Grande SP Leste;False;BRANCA
24495;3548708.0;São Bernardo do Campo;Grande SP Sudeste;False;BRANCA
24496;3550308.0;São Paulo;Município de São Paulo;False;PARDA
24497;3522307.0;Itapetininga;Sorocaba;False;BRANCA
24498;3550100.0;São Manuel;Bauru;False;BRANCA
24499;3550308.0;São Paulo;Município de São Paulo;False;BRANCA
24500;3550308.0;São Paulo;Município de São Paulo;False;PRETA
24501;3547809.0;Santo André;Grande SP Sudeste;False;PARDA
24502;3522406.0;Itapeva;Sorocaba;False;BRANCA
24503;3534401.0;Osasco;Grande SP Oeste;False;PARDA
24504;3530607.0;Mogi das Cruzes;Grande SP Leste;False;PARDA
24505;3543402.0;Ribeirão Preto;Ribeirão Preto;False;BRANCA
24506;3506003.0;Bauru;Bauru;False;IGNORADO
24507;3554102.0;Taubaté;Taubaté;False;BRANCA
24508;3549805.0;São José do Rio Preto;São José do Rio Preto;False;BRANCA
24509;3550308.0;São Paulo;Município de São Paulo;False;BRANCA
24510;3557105.0;Votuporanga;São José do Rio Preto;False;BRANCA
24511;3549805.0;São José do Rio Preto;São José do Rio Preto;False;BRANCA
24512;3506003.0;Bauru;Bauru;False;BRANCA
24513;3509502.0;Campinas;Campinas;False;PRETA
24514;3512803.0;Cosmópolis;Campinas;False;BRANCA
24515;3550308.0;São Paulo;Município de São Paulo;False;BRANCA
24516;3549805.0;São José do Rio Preto;São José do Rio Preto;False;AMARELA
24517;3530805.0;Mogi Mirim;São João da Boa Vista;False;BRANCA
24518;3518800.0;Guarulhos;Grande SP Leste;False;IGNORADO
24519;3550308.0;São Paulo;Município de São Paulo;False;IGNORADO
24520;3544103.0;Rio Grande da Serra;Grande SP Sudeste;False;PARDA
24521;3556206.0;Valinhos;Campinas;False;IGNORADO
24522;3515004.0;Embu das Artes;Grande SP Sudoeste;False;BRANCA
24523;3546306.0;Santa Cruz das Palmeiras;São João da Boa Vista;False;BRANCA
24524;3549805.0;São José do Rio Preto;São José do Rio Preto;False;AMARELA
24525;3550308.0;São Paulo;Município de São Paulo;False;PARDA
24526;3550308.0;São Paulo;Município de São Paulo;False;BRANCA
24527;3554102.0;Taubaté;Taubaté;False;BRANCA
24528;3536703.0;Pederneiras;Bauru;False;BRANCA
24529;3526803.0;Lençóis Paulista;Bauru;False;BRANCA
24530;3525706.0;José Bonifácio;São José do Rio Preto;False;BRANCA
24531;3506706.0;Boa Esperança do Sul;Araraquara;False;BRANCA
24532;3534401.0;Osasco;Grande SP Oeste;False;PARDA
24533;3549953.0;São Lourenço da Serra;Grande SP Sudoeste;False;PARDA
24534;3541000.0;Praia Grande;Baixada Santista;False;PRETA
24535;3550308.0;São Paulo;Município de São Paulo;False;BRANCA
24536;3550308.0;São Paulo;Município de São Paulo;False;BRANCA
24537;3550308.0;São Paulo;Município de São Paulo;False;NONE
24538;3550308.0;São Paulo;Município de São Paulo;False;AMARELA
24539;3548708.0;São Bernardo do Campo;Grande SP Sudeste;False;
24540;3550308.0;São Paulo;Município de São Paulo;False;PARDA
24541;3539103.0;Pirapora do Bom Jesus;Grande SP Oeste;False;BRANCA
24542;3517505.0;Guapiaçu;São José do Rio Preto;False;AMARELA
24543;3550308.0;São Paulo;Município de São Paulo;False;BRANCA
24544;3550308.0;São Paulo;Município de São Paulo;False;NONE
24545;3530607.0;Mogi das Cruzes;Grande SP Leste;False;BRANCA
24546;3550308.0;São Paulo;Município de São Paulo;False;BRANCA
24547;3552205.0;Sorocaba;Sorocaba;False;BRANCA
24548;3552809.0;Taboão da Serra;Grande SP Sudoeste;False;AMARELA
24549;3533205.0;Nova Independência;Araçatuba;False;BRANCA
24550;3550308.0;São Paulo;Município de São Paulo;False;PARDA
24551;3550308.0;São Paulo;Município de São Paulo;False;IGNORADO
24552;3515004.0;Embu das Artes;Grande SP Sudoeste;False;BRANCA
24553;3509502.0;Campinas;Campinas;False;PARDA
24554;3518701.0;Guarujá;Baixada Santista;False;BRANCA
24555;3509601.0;Campo Limpo Paulista;Campinas;False;BRANCA
24556;3534401.0;Osasco;Grande SP Oeste;False;BRANCA
24557;3502804.0;Araçatuba;Araçatuba;False;IGNORADO
24558;3509502.0;Campinas;Campinas;False;PARDA
24559;3550704.0;São Sebastião;Taubaté;False;AMARELA
24560;3543402.0;Ribeirão Preto;Ribeirão Preto;False;PARDA
24561;3524600.0;Jacupiranga;Registro;False;PARDA
24562;3552502.0;Suzano;Grande SP Leste;False;BRANCA
24563;3506508.0;Birigui;Araçatuba;False;BRANCA
24564;3526704.0;Leme;Piracicaba;False;BRANCA
24565;3550308.0;São Paulo;Município de São Paulo;False;
