42498;3543402.0;Ribeirão Preto;Ribeirão Preto;True;BRANCA
42499;3545803.0;Santa Bárbara d'Oeste;Campinas;False;BRANCA
42500;3549805.0;São José do Rio Preto;São José do Rio Preto;False;BRANCA
42501;3550308.0;São Paulo;Município de São Paulo;False;BRANCA
42502;3516309.0;Francisco Morato;Grande SP Norte;False;BRANCA
42503;3550308.0;São Paulo;Município de São Paulo;False;BRANCA
42504;3550308.0;São Paulo;Município de São Paulo;False;IGNORADO
42505;3516408.0;Franco da Rocha;Grande SP Norte;False;BRANCA
42506;3502804.0;Araçatuba;Araçatuba;False;PARDA
42507;3531308.0;Monte Alto;Ribeirão Preto;False;BRANCA
42508;3503802.0;Artur Nogueira;Campinas;False;BRANCA
42509;3550308.0;São Paulo;Município de São Paulo;False;IGNORADO
42510;3529005.0;Marília;Marília;False;AMARELA
42511;3525904.0;Jundiaí;Campinas;False;AMARELA
42512;3550308.0;São Paulo;Município de São Paulo;False;PRETA
42513;3515707.0;Ferraz de Vasconcelos;Grande SP Leste;False;BRANCA
42514;3550308.0;São Paulo;Município de São Paulo;False;
42515;3550308.0;São Paulo;Município de São Paulo;False;PARDA
42516;3551009.0;São Vicente;Baixada Santista;False;BRANCA
42517;3513009.0;Cotia;Grande SP Sudoeste;False;PARDA
42518;3550308.0;São Paulo;Município de São Paulo;False;PARDA
42519;3539004.0;Pirangi;São José do Rio Preto;False;BRANCA
42520;3518800.0;Guarulhos;Grande SP Leste;False;BRANCA
42521;3504008.0;Assis;Marília;False;BRANCA
42522;3550308.0;São Paulo;Município de São Paulo;False;PRETA
42523;3501608.0;Americana;Campinas;False;BRANCA
42524;3550308.0;São Paulo;Município de São Paulo;False;BRANCA
42525;3550308.0;São Paulo;Município de São Paulo;False;BRANCA
42526;3548708.0;São Bernardo do Campo;Grande SP Sudeste;False;BRANCA
42527;3509502.0;Campinas;Campinas;False;BRANCA
42528;3543907.0;Rio Claro;Piracicaba;False;BRANCA
42529;3543402.0;Ribeirão Preto;Ribeirão Preto;False;IGNORADO
42530;3505500.0;Barretos;Barretos;False;BRANCA
42531;3518800.0;Guarulhos;Grande SP Leste;False;IGNORADO
42532;3549805.0;São José do Rio Preto;São José do Rio Preto;False;BRANCA
42533;3500105.0;Adamantina;Marília;False;BRANCA
42534;3500709.0;Agudos;Bauru;False;BRANCA
42535;3550308.0;São Paulo;Município de São Paulo;False;BRANCA
42536;3550308.0;São Paulo;Município de São Paulo;False;BRANCA
42537;3550407.0;São Pedro;Piracicaba;False;BRANCA
42538;3550308.0;São Paulo;Município de São Paulo;False;AMARELA
42539;3530607.0;Mogi das Cruzes;Grande SP Leste;False;IGNORADO
42540;3550308.0;São Paulo;Município de São Paulo;False;BRANCA
42541;3550308.0;São Paulo;Município de São Paulo;False;PARDA
42542;3550308.0;São Paulo;Município de São Paulo;False;BRANCA
42543;3506003.0;Bauru;Bauru;False;IGNORADO
42544;3547809.0;Santo André;Grande SP Sudeste;False;IGNORADO
42545;3534708.0;Ourinhos;Marília;False;BRANCA
42546;3538709.0;Piracicaba;Piracicaba;False;BRANCA
42547;3550308.0;São Paulo;Município de São Paulo;False;BRANCA
42548;3550308.0;São Paulo;Município de São Paulo;False;BRANCA
42549;3550308.0;São Paulo;Município de São Paulo;False;IGNORADO
42550;3522307.0;Itapetininga;Sorocaba;False;BRANCA
42551;3551009.0;São Vicente;Baixada Santista;False;NONE
42552;3520509.0;Indaiatuba;Campinas;False;BRANCA
42553;3547809.0;Santo André;Grande SP Sudeste;False;IGNORADO
42554;3550308.0;São Paulo;Município de São Paulo;False;BRANCA
42555;3550308.0;São Paulo;Município de São Paulo;False;PRETA
42556;3524709.0;Jaguariúna;Campinas;False;BRANCA
42557;3550308.0;São Paulo;Município de São Paulo;False;BRANCA
42558;3547809.0;Santo André;Grande SP Sudeste;False;BRANCA
42559;3550308.0;São Paulo;Município de São Paulo;False;BRANCA
42560;3505708.0;Barueri;Grande SP Oeste;False;BRANCA
42561;3550308.0;São Paulo;Município de São Paulo;False;NONE
42562;3541406.0;Presidente Prudente;Presidente Prudente;False;BRANCA
42563;3509502.0;Campinas;Campinas;False;BRANCA
42564;3541406.0;Presidente Prudente;Presidente Prudente;False;IGNORADO
42565;3550308.0;São Paulo;Município de São Paulo;False;PARDA
42566;3508405.0;Cabreúva;Campinas;False;BRANCA
42567;3534708.0;Ourinhos;Marília;False;BRANCA
42568;3556701.0;Vinhedo;Campinas;False;IGNORADO
42569;3550308.0;São Paulo;Município de São Paulo;False;IGNORADO
42570;3552502.0;Suzano;Grande SP Leste;False;NONE
42571;3517505.0;Guapiaçu;São José do Rio Preto;False;BRANCA
42572;3552205.0;Sorocaba;Sorocaba;False;AMARELA
42573;3506508.0;Birigui;Araçatuba;False;BRANCA
42574;3541000.0;Praia Grande;Baixada Santista;False;BRANCA
42575;3547809.0;Santo André;Grande SP Sudeste;False;PRETA
42576;3508405.0;Cabreúva;Campinas;False;PARDA
42577;3557105.0;Votuporanga;São José do Rio Preto;False;BRANCA
42578;3543402.0;Ribeirão Preto;Ribeirão Preto;False;BRANCA
42579;3550308.0;São Paulo;Município de São Paulo;False;PARDA
42580;3550308.0;São Paulo;Município de São Paulo;False;BRANCA
42581;3550308.0;São Paulo;Município de São Paulo;False;PARDA
42582;3510609.0;Carapicuíba;Grande SP Oeste;False;IGNORADO
42583;3552205.0;Sorocaba;Sorocaba;False;PARDA
42584;3552205.0;Sorocaba;Sorocaba;False;BRANCA
42585;3550308.0;São Paulo;Município de São Paulo;False;PARDA
42586;3550308.0;São Paulo;Município de São Paulo;False;BRANCA
42587;3552809.0;Taboão da Serra;Grande SP Sudoeste;False;IGNORADO
42588;3520400.0;Ilhabela;Taubaté;False;BRANCA
42589;3510609.0;Carapicuíba;Grande SP Oeste;False;BRANCA
42590;3550308.0;São Paulo;Município de São Paulo;False;IGNORADO
42591;3543402.0;Ribeirão Preto;Ribeirão Preto;False;BRANCA
42592;3503307.0;Araras;Piracicaba;False;PARDA
42593;3550308.0;São Paulo;Município de São Paulo;False;BRANCA
42594;3538709.0;Piracicaba;Piracicaba;False;BRANCA
42595;3550308.0;São Paulo;Município de São Paulo;True;IGNORADO
42596;3550308.0;São Paulo;Município de São Paulo;False;BRANCA
42597;3552403.0;Sumaré;Campinas;False;PARDA
42598;3518859.0;Guatapará;Ribeirão Preto;False;BRANCA
42599;3510500.0;Caraguatatuba;Taubaté;False;BRANCA
42600;3510500.0;Caraguatatuba;Taubaté;False;BRANCA
42601;3550308.0;São Paulo;Município de São Paulo;False;BRANCA
42602;3548500.0;Santos;Baixada Santista;False;IGNORADO
42603;3554102.0;Taubaté;Taubaté;False;AMARELA
42604;3541000.0;Praia Grande;Baixada Santista;False;BRANCA
42605;3552205.0;Sorocaba;Sorocaba;False;BRANCA
42606;3515004.0;Embu das Artes;Grande SP Sudoeste;False;PARDA
42607;3551009.0;São Vicente;Baixada Santista;False;PARDA
42608;3550308.0;São Paulo;Município de São Paulo;False;BRANCA
42609;3534401.0;Osasco;Grande SP Oeste;False;BRANCA
42610;3510609.0;Carapicuíba;Grande SP Oeste;False;IGNORADO
42611;3543402.0;Ribeirão Preto;Ribeirão Preto;False;PARDA
42612;3553401.0;Tanabi;São José do Rio Preto;False;BRANCA
42613;3525904.0;Jundiaí;Campinas;False;PARDA
42614;3550308.0;São Paulo;Município de São Paulo;False;NONE
42615;3510609.0;Carapicuíba;Grande SP Oeste;False;BRANCA
42616;3540606.0;Porto Feliz;Sorocaba;False;PRETA
42617;3510500.0;Caraguatatuba;Taubaté;False;BRANCA
42618;3547809.0;Santo André;Grande SP Sudeste;False;PRETA
42619;3518404.0;Guaratinguetá;Taubaté;False;BRANCA
42620;3556107.0;Valentim Gentil;São José do Rio Preto;False;BRANCA
42621;3556453.0;Vargem Grande Paulista;Grande SP Sudoeste;False;BRANCA
42622;3556453.0;Vargem Grande Paulista;Grande SP Sudoeste;False;BRANCA
42623;3550308.0;São Paulo;Município de São Paulo;False;BRANCA
42624;3550308.0;São Paulo;Município de São Paulo;False;BRANCA
42625;3509502.0;Campinas;Campinas;False;BRANCA
42626;3550308.0;São Paulo;Município de São Paulo;False;NONE
42627;3519600.0;Ibitinga;Araraquara;False;BRANCA
42628;3550308.0;São Paulo;Município de São Paulo;False;BRANCA
42629;3550308.0;São Paulo;Município de São Paulo;False;BRANCA
42630;3504800.0;Bálsamo;São José do Rio Preto;False;BRANCA
42631;3529005.0;Marília;Marília;False;PARDA
42632;3550308.0;São Paulo;Município de São Paulo;False;BRANCA
42633;3554003.0;Tatuí;Sorocaba;False;BRANCA
42634;3509502.0;Campinas;Campinas;False;BRANCA
42635;3516408.0;Franco da Rocha;Grande SP Norte;False;BRANCA
42636;3541307.0;Presidente Epitácio;Presidente Prudente;False;BRANCA
42637;3550308.0;São Paulo;Município de São Paulo;False;PARDA
42638;3555208.0;Turiúba;Araçatuba;False;BRANCA
