32237;3548500.0;Santos;Baixada Santista;False;BRANCA
32238;3503208.0;Araraquara;Araraquara;False;BRANCA
32239;3520509.0;Indaiatuba;Campinas;False;AMARELA
32240;3514601.0;Dumont;Ribeirão Preto;False;PARDA
32241;3523404.0;Itatiba;Campinas;False;IGNORADO
32242;3509254.0;Cajati;Registro;False;PARDA
32243;3556800.0;Viradouro;Barretos;False;BRANCA
32244;3509007.0;Caieiras;Grande SP Norte;False;PARDA
32245;3512209.0;Conchal;Piracicaba;False;BRANCA
32246;3554003.0;Tatuí;Sorocaba;False;BRANCA
32247;3550308.0;São Paulo;Município de São Paulo;False;IGNORADO
32248;3522604.0;Itapira;São João da Boa Vista;False;BRANCA
32249;3550308.0;São Paulo;Município de São Paulo;False;BRANCA
32250;3512308.0;Conchas;Bauru;False;BRANCA
32251;3550308.0;São Paulo;Município de São Paulo;True;IGNORADO
32252;3550308.0;São Paulo;Município de São Paulo;False;BRANCA
32253;3529401.0;Mauá;Grande SP Sudeste;False;BRANCA
32254;3524808.0;Jales;São José do Rio Preto;False;BRANCA
32255;3551702.0;Sertãozinho;Ribeirão Preto;False;IGNORADO
32256;3550308.0;São Paulo;Município de São Paulo;False;IGNORADO
32257;3515509.0;Fernandópolis;São José do Rio Preto;False;BRANCA
32258;3519071.0;Hortolândia;Campinas;False;
32259;3549904.0;São José dos Campos;Taubaté;False;BRANCA
32260;3545803.0;Santa Bárbara d'Oeste;Campinas;False;BRANCA
32261;3534401.0;Osasco;Grande SP Oeste;False;AMARELA
32262;3520442.0;Ilha Solteira;Araçatuba;False;PARDA
32263;3554102.0;Taubaté;Taubaté;False;PARDA
32264;3550308.0;São Paulo;Município de São Paulo;False;BRANCA
32265;3550308.0;São Paulo;Município de São Paulo;False;PRETA
32266;3550308.0;São Paulo;Município de São Paulo;False;PARDA
32267;3550308.0;São Paulo;Município de São Paulo;False;PARDA
32268;3547809.0;Santo André;Grande SP Sudeste;False;IGNORADO
32269;3518800.0;Guarulhos;Grande SP Leste;False;IGNORADO
32270;3548708.0;São Bernardo do Campo;Grande SP Sudeste;False;PARDA
32271;3550308.0;São Paulo;Município de São Paulo;False;INDIGENA
32272;3543402.0;Ribeirão Preto;Ribeirão Preto;False;PARDA
32273;3509502.0;Campinas;Campinas;False;BRANCA
32274;3536505.0;Paulínia;Campinas;False;BRANCA
32275;3541000.0;Praia Grande;Baixada Santista;False;PARDA
32276;3549805.0;São José do Rio Preto;São José do Rio Preto;False;BRANCA
32277;3550308.0;São Paulo;Município de São Paulo;False;PARDA
32278;3549953.0;São Lourenço da Serra;Grande SP Sudoeste;False;BRANCA
32279;3512407.0;Cordeirópolis;Piracicaba;False;BRANCA
32280;3525904.0;Jundiaí;Campinas;False;NONE
32281;3550308.0;São Paulo;Município de São Paulo;False;BRANCA
32282;3550308.0;São Paulo;Município de São Paulo;False;PARDA
32283;3550308.0;São Paulo;Município de São Paulo;True;BRANCA
32284;3548807.0;São Caetano do Sul;Grande SP Sudeste;False;BRANCA
32285;3501707.0;Américo Brasiliense;Araraquara;False;PRETA
32286;3507605.0;Bragança Paulista;Campinas;False;PARDA
32287;3556206.0;Valinhos;Campinas;False;BRANCA
32288;3509502.0;Campinas;Campinas;False;BRANCA
32289;3550308.0;São Paulo;Município de São Paulo;False;BRANCA
32290;3534401.0;Osasco;Grande SP Oeste;False;IGNORADO
32291;3548500.0;Santos;Baixada Santista;False;BRANCA
32292;3509502.0;Campinas;Campinas;False;BRANCA
32293;3519303.0;Ibaté;Araraquara;False;IGNORADO
32294;3551900.0;Severínia;Barretos;False;AMARELA
32295;3525904.0;Jundiaí;Campinas;False;BRANCA
32296;3524808.0;Jales;São José do Rio Preto;False;BRANCA
32297;3550308.0;São Paulo;Município de São Paulo;False;PARDA
32298;3534401.0;Osasco;Grande SP Oeste;False;PARDA
32299;3525904.0;Jundiaí;Campinas;False;NONE
32300;3550308.0;São Paulo;Município de São Paulo;False;BRANCA
32301;3533007.0;Nova Granada;São José do Rio Preto;False;BRANCA
32302;3522307.0;Itapetininga;Sorocaba;False;BRANCA
32303;3509502.0;Campinas;Campinas;False;BRANCA
32304;3516309.0;Francisco Morato;Grande SP Norte;False;PARDA
32305;3537800.0;Piedade;Sorocaba;False;PARDA
32306;3550308.0;São Paulo;Município de São Paulo;False;IGNORADO
32307;3504602.0;Bady Bassitt;São José do Rio Preto;False;BRANCA
32308;3509502.0;Campinas;Campinas;False;IGNORADO
32309;3548500.0;Santos;Baixada Santista;False;BRANCA
32310;3543402.0;Ribeirão Preto;Ribeirão Preto;False;PRETA
32311;3547809.0;Santo André;Grande SP Sudeste;False;IGNORADO
32312;3550308.0;São Paulo;Município de São Paulo;False;PARDA
32313;3552502.0;Suzano;Grande SP Leste;False;BRANCA
32314;3506805.0;Bocaina;Bauru;False;BRANCA
32315;3550308.0;São Paulo;Município de São Paulo;False;PRETA
32316;3550308.0;São Paulo;Município de São Paulo;False;PRETA
32317;3547809.0;Santo André;Grande SP Sudeste;False;PRETA
32318;3550308.0;São Paulo;Município de São Paulo;True;PRETA
32319;3552403.0;Sumaré;Campinas;False;PARDA
32320;3550308.0;São Paulo;Município de São Paulo;False;BRANCA
32321;3515707.0;Ferraz de Vasconcelos;Grande SP Leste;False;PRETA
32322;3523909.0;Itu;Sorocaba;False;IGNORADO
32323;3513801.0;Diadema;Grande SP Sudeste;False;BRANCA
32324;3529005.0;Marília;Marília;False;PARDA
32325;3550308.0;São Paulo;Município de São Paulo;False;IGNORADO
32326;3504503.0;Avaré;Bauru;False;BRANCA
32327;3550308.0;São Paulo;Município de São Paulo;False;BRANCA
32328;3530607.0;Mogi das Cruzes;Grande SP Leste;False;
32329;3550308.0;São Paulo;Município de São Paulo;False;PARDA
32330;3522208.0;Itapecerica da Serra;Grande SP Sudoeste;True;BRANCA
32331;3550308.0;São Paulo;Município de São Paulo;False;NONE
32332;3541307.0;Presidente Epitácio;Presidente Prudente;False;BRANCA
32333;3523107.0;Itaquaquecetuba;Grande SP Leste;False;PARDA
32334;3516903.0;General Salgado;São José do Rio Preto;False;PRETA
32335;3509700.0;Campos do Jordão;Taubaté;False;BRANCA
32336;3547809.0;Santo André;Grande SP Sudeste;False;BRANCA
32337;3506904.0;Bofete;Bauru;False;BRANCA
32338;3541406.0;Presidente Prudente;Presidente Prudente;False;
32339;3518404.0;Guaratinguetá;Taubaté;False;BRANCA
32340;3541406.0;Presidente Prudente;Presidente Prudente;False;AMARELA
32341;3506359.0;Bertioga;Baixada Santista;False;PRETA
32342;3550308.0;São Paulo;Município de São Paulo;False;BRANCA
32343;3504008.0;Assis;Marília;False;BRANCA
32344;3550308.0;São Paulo;Município de São Paulo;False;BRANCA
32345;3552205.0;Sorocaba;Sorocaba;True;BRANCA
32346;3515707.0;Ferraz de Vasconcelos;Grande SP Leste;False;BRANCA
32347;3550308.0;São Paulo;Município de São Paulo;False;PARDA
32348;3550308.0;São Paulo;Município de São Paulo;False;BRANCA
32349;3513801.0;Diadema;Grande SP Sudeste;False;NONE
32350;3518800.0;Guarulhos;Grande SP Leste;True;IGNORADO
32351;3550308.0;São Paulo;Município de São Paulo;False;IGNORADO
32352;3532827.0;Nova Campina;Sorocaba;False;BRANCA
32353;3528502.0;Mairiporã;Grande SP Norte;False;BRANCA
32354;3557006.0;Votorantim;Sorocaba;False;IGNORADO
32355;3509502.0;Campinas;Campinas;False;BRANCA
32356;3522307.0;Itapetininga;Sorocaba;False;BRANCA
32357;3550308.0;São Paulo;Município de São Paulo;False;BRANCA
32358;3550308.0;São Paulo;Município de São Paulo;False;PRETA
32359;3550308.0;São Paulo;Município de São Paulo;False;BRANCA
32360;3547809.0;Santo André;Grande SP Sudeste;False;BRANCA
32361;3538709.0;Piracicaba;Piracicaba;False;BRANCA
32362;3511409.0;Cerqueira César;Bauru;False;BRANCA
32363;3525904.0;Jundiaí;Campinas;False;BRANCA
32364;3549805.0;São José do Rio Preto;São José do Rio Preto;False;BRANCA
32365;3552809.0;Taboão da Serra;Grande SP Sudoeste;False;
32366;3550308.0;São Paulo;Município de São Paulo;False;BRANCA
32367;3550902.0;São Simão;Ribeirão Preto;False;IGNORADO
32368;3534906.0;Pacaembu;Marília;False;BRANCA
32369;3509502.0;Campinas;Campinas;False;IGNORADO
32370;3509502.0;Campinas;Campinas;False;IGNORADO
32371;3518404.0;Guaratinguetá;Taubaté;False;PRETA
32372;3549805.0;São José do Rio Preto;São José do Rio Preto;False;BRANCA
32373;3530706.0;Mogi Guaçu;São João da Boa Vista;False;AMARELA
32374;3543907.0;Rio Claro;Piracicaba;False;BRANCA
32375;3550308.0;São Paulo;Município de São Paulo;False;BRANCA
32376;3512209.0;Conchal;Piracicaba;False;BRANCA
32377;3510609.0;Carapicuíba;Grande SP Oeste;False;IGNORADO
32378;3538709.0;Piracicaba;Piracicaba;False;AMARELA
32379;3550308.0;São Paulo;Município de São Paulo;False;BRANCA
