39621;3524006.0;Itupeva;Campinas;False;BRANCA
39622;3542602.0;Registro;Registro;False;BRANCA
39623;3550308.0;São Paulo;Município de São Paulo;False;BRANCA
39624;3514809.0;Eldorado;Registro;False;PARDA
39625;3550308.0;São Paulo;Município de São Paulo;False;AMARELA
39626;3510609.0;Carapicuíba;Grande SP Oeste;False;BRANCA
39627;3513009.0;Cotia;Grande SP Sudoeste;False;IGNORADO
39628;3548906.0;São Carlos;Araraquara;False;IGNORADO
39629;3554003.0;Tatuí;Sorocaba;False;IGNORADO
39630;3546702.0;Santa Gertrudes;Piracicaba;False;BRANCA
39631;3550308.0;São Paulo;Município de São Paulo;False;IGNORADO
39632;3550308.0;São Paulo;Município de São Paulo;False;PARDA
39633;3548906.0;São Carlos;Araraquara;False;IGNORADO
39634;3551405.0;Serra Azul;Ribeirão Preto;False;PARDA
39635;3552205.0;Sorocaba;Sorocaba;False;PARDA
39636;3510609.0;Carapicuíba;Grande SP Oeste;False;PARDA
39637;3530706.0;Mogi Guaçu;São João da Boa Vista;False;BRANCA
39638;3535804.0;Paranapanema;Bauru;False;BRANCA
39639;3523107.0;Itaquaquecetuba;Grande SP Leste;False;NONE
39640;3503208.0;Araraquara;Araraquara;False;PARDA
39641;3528007.0;Macatuba;Bauru;False;BRANCA
39642;3515202.0;Estrela d'Oeste;São José do Rio Preto;False;BRANCA
39643;3520509.0;Indaiatuba;Campinas;False;IGNORADO
39644;3535507.0;Paraguaçu Paulista;Marília;False;BRANCA
39645;3550308.0;São Paulo;Município de São Paulo;False;PARDA
39646;3550308.0;São Paulo;Município de São Paulo;False;PARDA
39647;3550308.0;São Paulo;Município de São Paulo;False;BRANCA
39648;3507605.0;Bragança Paulista;Campinas;False;BRANCA
39649;3516200.0;Franca;Franca;False;BRANCA
39650;3550308.0;São Paulo;Município de São Paulo;False;BRANCA
39651;3519071.0;Hortolândia;Campinas;False;
39652;3519071.0;Hortolândia;Campinas;False;PARDA
39653;3504107.0;Atibaia;Campinas;False;BRANCA
39654;3534401.0;Osasco;Grande SP Oeste;False;PRETA
39655;3550308.0;São Paulo;Município de São Paulo;False;NONE
39656;3554904.0;Três Fronteiras;São José do Rio Preto;False;BRANCA
39657;3510609.0;Carapicuíba;Grande SP Oeste;False;BRANCA
39658;3518701.0;Guarujá;Baixada Santista;False;AMARELA
39659;3505708.0;Barueri;Grande SP Oeste;False;BRANCA
39660;3505708.0;Barueri;Grande SP Oeste;False;PARDA
39661;3555406.0;Ubatuba;Taubaté;False;BRANCA
39662;3555406.0;Ubatuba;Taubaté;True;BRANCA
39663;3520509.0;Indaiatuba;Campinas;False;BRANCA
39664;3547502.0;Santa Rita do Passa Quatro;Ribeirão Preto;False;BRANCA
39665;3523602.0;Itirapina;Piracicaba;False;IGNORADO
39666;3547809.0;Santo André;Grande SP Sudeste;False;BRANCA
39667;3537305.0;Penápolis;Araçatuba;False;BRANCA
39668;3550308.0;São Paulo;Município de São Paulo;False;
39669;3538709.0;Piracicaba;Piracicaba;False;BRANCA
39670;3542602.0;Registro;Registro;False;BRANCA
39671;3550308.0;São Paulo;Município de São Paulo;False;BRANCA
39672;3550308.0;São Paulo;Município de São Paulo;False;BRANCA
39673;3541109.0;Presidente Alves;Bauru;False;BRANCA
39674;3550308.0;São Paulo;Município de São Paulo;False;BRANCA
39675;3525102.0;Jardinópolis;Ribeirão Preto;True;PARDA
39676;3552205.0;Sorocaba;Sorocaba;False;BRANCA
39677;3550704.0;São Sebastião;Taubaté;False;PARDA
39678;3543402.0;Ribeirão Preto;Ribeirão Preto;False;BRANCA
39679;3548708.0;São Bernardo do Campo;Grande SP Sudeste;False;PARDA
39680;3509502.0;Campinas;Campinas;False;BRANCA
39681;3556701.0;Vinhedo;Campinas;False;IGNORADO
39682;3510609.0;Carapicuíba;Grande SP Oeste;False;IGNORADO
39683;3550308.0;São Paulo;Município de São Paulo;False;NONE
39684;3541406.0;Presidente Prudente;Presidente Prudente;False;BRANCA
39685;3518602.0;Guariba;Ribeirão Preto;False;PARDA
39686;3550308.0;São Paulo;Município de São Paulo;False;PARDA
39687;3511102.0;Catanduva;São José do Rio Preto;False;BRANCA
39688;3552809.0;Taboão da Serra;Grande SP Sudoeste;False;PARDA
39689;3533908.0;Olímpia;Barretos;False;BRANCA
39690;3506508.0;Birigui;Araçatuba;False;BRANCA
39691;3509502.0;Campinas;Campinas;False;BRANCA
39692;3550308.0;São Paulo;Município de São Paulo;False;BRANCA
39693;3556503.0;Várzea Paulista;Campinas;False;PRETA
39694;3538709.0;Piracicaba;Piracicaba;False;BRANCA
39695;3550308.0;São Paulo;Município de São Paulo;True;BRANCA
39696;3509502.0;Campinas;Campinas;False;PARDA
39697;3549805.0;São José do Rio Preto;São José do Rio Preto;False;BRANCA
39698;3529401.0;Mauá;Grande SP Sudeste;True;PARDA
39699;3551306.0;Sebastianópolis do Sul;São José do Rio Preto;False;BRANCA
39700;3555802.0;Urânia;São José do Rio Preto;False;BRANCA
39701;3549805.0;São José do Rio Preto;São José do Rio Preto;False;PARDA
39702;3550308.0;São Paulo;Município de São Paulo;False;PARDA
39703;3523909.0;Itu;Sorocaba;False;PRETA
39704;3519071.0;Hortolândia;Campinas;False;PARDA
39705;3550308.0;São Paulo;Município de São Paulo;False;NONE
39706;3509502.0;Campinas;Campinas;False;BRANCA
39707;3540804.0;Potirendaba;São José do Rio Preto;False;BRANCA
39708;3510609.0;Carapicuíba;Grande SP Oeste;False;AMARELA
39709;3538709.0;Piracicaba;Piracicaba;False;BRANCA
39710;3550308.0;São Paulo;Município de São Paulo;False;PARDA
39711;3550308.0;São Paulo;Município de São Paulo;False;BRANCA
39712;3543402.0;Ribeirão Preto;Ribeirão Preto;False;PARDA
39713;3550308.0;São Paulo;Município de São Paulo;False;PARDA
39714;3530300.0;Mirassol;São José do Rio Preto;False;BRANCA
39715;3543402.0;Ribeirão Preto;Ribeirão Preto;False;BRANCA
39716;3550308.0;São Paulo;Município de São Paulo;False;BRANCA
39717;3550308.0;São Paulo;Município de São Paulo;False;IGNORADO
39718;3547601.0;Santa Rosa de Viterbo;Ribeirão Preto;False;BRANCA
39719;3516200.0;Franca;Franca;False;BRANCA
39720;3520509.0;Indaiatuba;Campinas;False;BRANCA
39721;3550308.0;São Paulo;Município de São Paulo;False;BRANCA
39722;3518800.0;Guarulhos;Grande SP Leste;False;AMARELA
39723;3530607.0;Mogi das Cruzes;Grande SP Leste;False;PARDA
39724;3530300.0;Mirassol;São José do Rio Preto;False;BRANCA
39725;3530607.0;Mogi das Cruzes;Grande SP Leste;False;BRANCA
39726;3550308.0;São Paulo;Município de São Paulo;False;PRETA
39727;3547809.0;Santo André;Grande SP Sudeste;False;BRANCA
39728;3550308.0;São Paulo;Município de São Paulo;False;
39729;3511102.0;Catanduva;São José do Rio Preto;False;BRANCA
39730;3550308.0;São Paulo;Município de São Paulo;False;PARDA
39731;3502804.0;Araçatuba;Araçatuba;False;BRANCA
39732;3529401.0;Mauá;Grande SP Sudeste;False;BRANCA
39733;3550308.0;São Paulo;Município de São Paulo;False;AMARELA
39734;3548500.0;Santos;Baixada Santista;False;
39735;3547809.0;Santo André;Grande SP Sudeste;False;BRANCA
39736;3530003.0;Mira Estrela;São José do Rio Preto;False;BRANCA
39737;3541406.0;Presidente Prudente;Presidente Prudente;False;BRANCA
39738;3534401.0;Osasco;Grande SP Oeste;False;BRANCA
39739;3549805.0;São José do Rio Preto;São José do Rio Preto;True;BRANCA
39740;3513801.0;Diadema;Grande SP Sudeste;False;NONE
39741;3520400.0;Ilhabela;Taubaté;False;IGNORADO
39742;3552205.0;Sorocaba;Sorocaba;False;BRANCA
39743;3550308.0;São Paulo;Município de São Paulo;False;
39744;3550308.0;São Paulo;Município de São Paulo;False;BRANCA
39745;3550308.0;São Paulo;Município de São Paulo;True;NONE
39746;3543907.0;Rio Claro;Piracicaba;False;BRANCA
39747;3550308.0;São Paulo;Município de São Paulo;False;
39748;3554102.0;Taubaté;Taubaté;False;BRANCA
39749;3510609.0;Carapicuíba;Grande SP Oeste;False;NONE
39750;3552809.0;Taboão da Serra;Grande SP Sudoeste;False;PARDA
39751;3550308.0;São Paulo;Município de São Paulo;False;PARDA
39752;3547809.0;Santo André;Grande SP Sudeste;False;
39753;3550308.0;São Paulo;Município de São Paulo;False;PARDA
39754;3501152.0;Alumínio;Sorocaba;False;BRANCA
39755;3526902.0;Limeira;Piracicaba;False;IGNORADO
39756;3502804.0;Araçatuba;Araçatuba;False;BRANCA
39757;3541406.0;Presidente Prudente;Presidente Prudente;False;BRANCA
39758;3550308.0;São Paulo;Município de São Paulo;False;BRANCA
39759;3518701.0;Guarujá;Baixada Santista;False;BRANCA
39760;3506003.0;Bauru;Bauru;False;PARDA
39761;3549904.0;São José dos Campos;Taubaté;False;BRANCA
39762;3518800.0;Guarulhos;Grande SP Leste;False;BRANCA
39763;3526803.0;Lençóis Paulista;Bauru;False;BRANCA
39764;3550308.0;São Paulo;Município de São Paulo;False;AMARELA
