51013;3550308.0;São Paulo;Município de São Paulo;False;PARDA
51014;3501905.0;Amparo;Campinas;False;BRANCA
51015;3513504.0;Cubatão;Baixada Santista;False;BRANCA
51016;3517208.0;Guaiçara;Bauru;False;PRETA
51017;3550308.0;São Paulo;Município de São Paulo;False;PRETA
51018;3515707.0;Ferraz de Vasconcelos;Grande SP Leste;False;BRANCA
51019;3548500.0;Santos;Baixada Santista;False;NONE
51020;3518800.0;Guarulhos;Grande SP Leste;False;PARDA
51021;3525904.0;Jundiaí;Campinas;False;BRANCA
51022;3541000.0;Praia Grande;Baixada Santista;False;PARDA
51023;3541000.0;Praia Grande;Baixada Santista;False;IGNORADO
51024;3550308.0;São Paulo;Município de São Paulo;False;PARDA
51025;3550308.0;São Paulo;Município de São Paulo;False;PARDA
51026;3550308.0;São Paulo;Município de São Paulo;False;BRANCA
51027;3522505.0;Itapevi;Grande SP Oeste;False;BRANCA
51028;3548500.0;Santos;Baixada Santista;False;IGNORADO
51029;3550308.0;São Paulo;Município de São Paulo;False;NONE
51030;3548708.0;São Bernardo do Campo;Grande SP Sudeste;False;BRANCA
51031;3550308.0;São Paulo;Município de São Paulo;False;BRANCA
51032;3550308.0;São Paulo;Município de São Paulo;False;
51033;3510609.0;Carapicuíba;Grande SP Oeste;False;IGNORADO
51034;3550308.0;São Paulo;Município de São Paulo;False;PARDA
51035;3542602.0;Registro;Registro;False;PARDA
51036;3550308.0;São Paulo;Município de São Paulo;False;BRANCA
51037;3534708.0;Ourinhos;Marília;False;BRANCA
51038;3530706.0;Mogi Guaçu;São João da Boa Vista;False;BRANCA
51039;3548708.0;São Bernardo do Campo;Grande SP Sudeste;False;BRANCA
51040;3507605.0;Bragança Paulista;Campinas;False;BRANCA
51041;3538709.0;Piracicaba;Piracicaba;False;BRANCA
51042;3509502.0;Campinas;Campinas;False;BRANCA
51043;3550308.0;São Paulo;Município de São Paulo;False;IGNORADO
51044;3543402.0;Ribeirão Preto;Ribeirão Preto;False;PARDA
51045;3522505.0;Itapevi;Grande SP Oeste;False;IGNORADO
51046;3551009.0;São Vicente;Baixada Santista;False;PARDA
51047;3506003.0;Bauru;Bauru;False;IGNORADO
51048;3550308.0;São Paulo;Município de São Paulo;False;IGNORADO
51049;3550308.0;São Paulo;Município de São Paulo;False;NONE
51050;3547809.0;Santo André;Grande SP Sudeste;False;PARDA
51051;3550308.0;São Paulo;Município de São Paulo;False;PARDA
51052;3518800.0;Guarulhos;Grande SP Leste;False;
51053;3518503.0;Guareí;Sorocaba;False;
51054;3512803.0;Cosmópolis;Campinas;False;BRANCA
51055;3550308.0;São Paulo;Município de São Paulo;False;PARDA
51056;3541000.0;Praia Grande;Baixada Santista;False;PARDA
51057;3550308.0;São Paulo;Município de São Paulo;False;PRETA
51058;3541000.0;Praia Grande;Baixada Santista;False;BRANCA
51059;3550308.0;São Paulo;Município de São Paulo;False;PARDA
51060;3550308.0;São Paulo;Município de São Paulo;False;BRANCA
51061;3550308.0;São Paulo;Município de São Paulo;False;PARDA
51062;3533403.0;Nova Odessa;Campinas;False;BRANCA
51063;3543402.0;Ribeirão Preto;Ribeirão Preto;False;IGNORADO
51064;3548708.0;São Bernardo do Campo;Grande SP Sudeste;False;BRANCA
51065;3533908.0;Olímpia;Barretos;False;BRANCA
51066;3548500.0;Santos;Baixada Santista;False;IGNORADO
51067;3550308.0;São Paulo;Município de São Paulo;False;IGNORADO
51068;3550100.0;São Manuel;Bauru;False;BRANCA
51069;3545803.0;Santa Bárbara d'Oeste;Campinas;False;BRANCA
51070;3506003.0;Bauru;Bauru;False;BRANCA
51071;3516309.0;Francisco Morato;Grande SP Norte;False;BRANCA
51072;3550308.0;São Paulo;Município de São Paulo;False;PARDA
51073;3548500.0;Santos;Baixada Santista;False;PARDA
51074;3548500.0;Santos;Baixada Santista;False;BRANCA
51075;3506003.0;Bauru;Bauru;False;BRANCA
51076;3550308.0;São Paulo;Município de São Paulo;False;PARDA
51077;3515103.0;Embu-Guaçu;Grande SP Sudoeste;False;BRANCA
51078;3550308.0;São Paulo;Município de São Paulo;False;BRANCA
51079;3509502.0;Campinas;Campinas;False;BRANCA
51080;3513009.0;Cotia;Grande SP Sudoeste;False;PARDA
51081;3505708.0;Barueri;Grande SP Oeste;False;IGNORADO
51082;3550308.0;São Paulo;Município de São Paulo;False;PARDA
51083;3550308.0;São Paulo;Município de São Paulo;False;IGNORADO
51084;3548500.0;Santos;Baixada Santista;False;BRANCA
51085;3550308.0;São Paulo;Município de São Paulo;False;BRANCA
51086;3550308.0;São Paulo;Município de São Paulo;False;IGNORADO
51087;3513009.0;Cotia;Grande SP Sudoeste;False;IGNORADO
51088;3510609.0;Carapicuíba;Grande SP Oeste;False;IGNORADO
51089;3550308.0;São Paulo;Município de São Paulo;False;IGNORADO
51090;3546801.0;Santa Isabel;Grande SP Leste;False;BRANCA
51091;3528502.0;Mairiporã;Grande SP Norte;False;PARDA
51092;3552601.0;Tabapuã;São José do Rio Preto;False;BRANCA
51093;3550308.0;São Paulo;Município de São Paulo;False;BRANCA
51094;3550308.0;São Paulo;Município de São Paulo;False;PARDA
51095;3550308.0;São Paulo;Município de São Paulo;False;AMARELA
51096;3552809.0;Taboão da Serra;Grande SP Sudoeste;True;BRANCA
51097;3552502.0;Suzano;Grande SP Leste;False;PARDA
51098;3550308.0;São Paulo;Município de São Paulo;True;BRANCA
51099;3509502.0;Campinas;Campinas;False;NONE
51100;3550308.0;São Paulo;Município de São Paulo;False;IGNORADO
51101;3534401.0;Osasco;Grande SP Oeste;False;PARDA
51102;3550308.0;São Paulo;Município de São Paulo;False;BRANCA
51103;3556206.0;Valinhos;Campinas;False;NONE
51104;3532603.0;Nhandeara;São José do Rio Preto;False;PRETA
51105;3550308.0;São Paulo;Município de São Paulo;False;BRANCA
51106;3550308.0;São Paulo;Município de São Paulo;False;BRANCA
51107;3546801.0;Santa Isabel;Grande SP Leste;False;PARDA
51108;3530607.0;Mogi das Cruzes;Grande SP Leste;False;BRANCA
51109;3516200.0;Franca;Franca;False;PRETA
51110;3515509.0;Fernandópolis;São José do Rio Preto;False;BRANCA
51111;3548708.0;São Bernardo do Campo;Grande SP Sudeste;False;
51112;3550308.0;São Paulo;Município de São Paulo;False;IGNORADO
51113;3550308.0;São Paulo;Município de São Paulo;False;BRANCA
51114;3529401.0;Mauá;Grande SP Sudeste;False;PRETA
51115;3549805.0;São José do Rio Preto;São José do Rio Preto;False;IGNORADO
51116;3548500.0;Santos;Baixada Santista;False;BRANCA
51117;3550308.0;São Paulo;Município de São Paulo;False;BRANCA
51118;3550308.0;São Paulo;Município de São Paulo;False;IGNORADO
51119;3550308.0;São Paulo;Município de São Paulo;False;PARDA
51120;3550308.0;São Paulo;Município de São Paulo;False;
51121;3530607.0;Mogi das Cruzes;Grande SP Leste;False;BRANCA
51122;3550308.0;São Paulo;Município de São Paulo;False;BRANCA
51123;3550308.0;São Paulo;Município de São Paulo;True;IGNORADO
51124;3537503.0;Pereiras;Bauru;False;BRANCA
51125;3552403.0;Sumaré;Campinas;False;BRANCA
51126;3515509.0;Fernandópolis;São José do Rio Preto;False;
51127;3552809.0;Taboão da Serra;Grande SP Sudoeste;False;BRANCA
51128;3543402.0;Ribeirão Preto;Ribeirão Preto;False;IGNORADO
51129;3550308.0;São Paulo;Município de São Paulo;False;IGNORADO
51130;3550308.0;São Paulo;Município de São Paulo;False;IGNORADO
51131;3548708.0;São Bernardo do Campo;Grande SP Sudeste;False;IGNORADO
51132;3538808.0;Piraju;Bauru;False;BRANCA
51133;3552809.0;Taboão da Serra;Grande SP Sudoeste;True;IGNORADO
51134;3550308.0;São Paulo;Município de São Paulo;False;PRETA
51135;3522703.0;Itápolis;Araraquara;False;BRANCA
51136;3550308.0;São Paulo;Município de São Paulo;False;PARDA
51137;3550308.0;São Paulo;Município de São Paulo;False;BRANCA
51138;3547809.0;Santo André;Grande SP Sudeste;False;BRANCA
51139;3550308.0;São Paulo;Município de São Paulo;False;PARDA
51140;3509502.0;Campinas;Campinas;False;AMARELA
51141;3552809.0;Taboão da Serra;Grande SP Sudoeste;False;BRANCA
51142;3524006.0;Itupeva;Campinas;False;BRANCA
51143;3551009.0;São Vicente;Baixada Santista;False;IGNORADO
51144;3534401.0;Osasco;Grande SP Oeste;False;BRANCA
51145;3519071.0;Hortolândia;Campinas;False;
51146;3549805.0;São José do Rio Preto;São José do Rio Preto;False;BRANCA
51147;3502804.0;Araçatuba;Araçatuba;False;BRANCA
51148;3550308.0;São Paulo;Município de São Paulo;False;BRANCA
51149;3513009.0;Cotia;Grande SP Sudoeste;False;BRANCA
51150;3507506.0;Botucatu;Bauru;False;BRANCA
51151;3507506.0;Botucatu;Bauru;False;BRANCA
51152;3552809.0;Taboão da Serra;Grande SP Sudoeste;False;BRANCA
