41062;3506003.0;Bauru;Bauru;False;BRANCA
41063;3507803.0;Brodowski;Ribeirão Preto;False;BRANCA
41064;3550308.0;São Paulo;Município de São Paulo;False;PARDA
41065;3554102.0;Taubaté;Taubaté;False;BRANCA
41066;3505203.0;Bariri;Bauru;False;BRANCA
41067;3518800.0;Guarulhos;Grande SP Leste;False;PARDA
41068;3547809.0;Santo André;Grande SP Sudeste;False;IGNORADO
41069;3547809.0;Santo André;Grande SP Sudeste;False;PARDA
41070;3510609.0;Carapicuíba;Grande SP Oeste;False;PRETA
41071;3541000.0;Praia Grande;Baixada Santista;False;BRANCA
41072;3539202.0;Pirapozinho;Presidente Prudente;False;BRANCA
41073;3509502.0;Campinas;Campinas;False;PARDA
41074;3535309.0;Palmital;Marília;False;BRANCA
41075;3509502.0;Campinas;Campinas;False;AMARELA
41076;3534401.0;Osasco;Grande SP Oeste;False;PARDA
41077;3526209.0;Juquitiba;Grande SP Sudoeste;False;BRANCA
41078;3549904.0;São José dos Campos;Taubaté;False;IGNORADO
41079;3523206.0;Itararé;Sorocaba;False;BRANCA
41080;3525102.0;Jardinópolis;Ribeirão Preto;False;PARDA
41081;3547809.0;Santo André;Grande SP Sudeste;False;BRANCA
41082;3550308.0;São Paulo;Município de São Paulo;False;
41083;3543402.0;Ribeirão Preto;Ribeirão Preto;False;AMARELA
41084;3548906.0;São Carlos;Araraquara;False;IGNORADO
41085;3538709.0;Piracicaba;Piracicaba;False;BRANCA
41086;3534401.0;Osasco;Grande SP Oeste;False;BRANCA
41087;3550308.0;São Paulo;Município de São Paulo;False;
41088;3509700.0;Campos do Jordão;Taubaté;False;BRANCA
41089;3550308.0;São Paulo;Município de São Paulo;False;IGNORADO
41090;3505500.0;Barretos;Barretos;False;BRANCA
41091;3548500.0;Santos;Baixada Santista;False;IGNORADO
41092;3548708.0;São Bernardo do Campo;Grande SP Sudeste;False;BRANCA
41093;3550308.0;São Paulo;Município de São Paulo;False;PARDA
41094;3550308.0;São Paulo;Município de São Paulo;False;PARDA
41095;3550308.0;São Paulo;Município de São Paulo;False;IGNORADO
41096;3548500.0;Santos;Baixada Santista;False;PARDA
41097;3548708.0;São Bernardo do Campo;Grande SP Sudeste;False;BRANCA
41098;3522109.0;Itanhaém;Baixada Santista;False;BRANCA
41099;3503802.0;Artur Nogueira;Campinas;False;BRANCA
41100;3539301.0;Pirassununga;Piracicaba;False;BRANCA
41101;3549805.0;São José do Rio Preto;São José do Rio Preto;False;BRANCA
41102;3507605.0;Bragança Paulista;Campinas;False;BRANCA
41103;3554102.0;Taubaté;Taubaté;False;BRANCA
41104;3518800.0;Guarulhos;Grande SP Leste;False;PARDA
41105;3510401.0;Capivari;Piracicaba;False;PARDA
41106;3548500.0;Santos;Baixada Santista;False;NONE
41107;3550308.0;São Paulo;Município de São Paulo;False;BRANCA
41108;3550308.0;São Paulo;Município de São Paulo;False;BRANCA
41109;3504503.0;Avaré;Bauru;False;BRANCA
41110;3554102.0;Taubaté;Taubaté;False;BRANCA
41111;3541406.0;Presidente Prudente;Presidente Prudente;False;BRANCA
41112;3548500.0;Santos;Baixada Santista;False;BRANCA
41113;3550308.0;São Paulo;Município de São Paulo;False;IGNORADO
41114;3549805.0;São José do Rio Preto;São José do Rio Preto;False;BRANCA
41115;3516309.0;Francisco Morato;Grande SP Norte;False;BRANCA
41116;3524105.0;Ituverava;Franca;False;PARDA
41117;3550308.0;São Paulo;Município de São Paulo;False;BRANCA
41118;3552601.0;Tabapuã;São José do Rio Preto;False;BRANCA
41119;3550308.0;São Paulo;Município de São Paulo;False;AMARELA
41120;3550308.0;São Paulo;Município de São Paulo;False;IGNORADO
41121;3543907.0;Rio Claro;Piracicaba;False;BRANCA
41122;3548708.0;São Bernardo do Campo;Grande SP Sudeste;False;AMARELA
41123;3501152.0;Alumínio;Sorocaba;False;PRETA
41124;3550308.0;São Paulo;Município de São Paulo;False;NONE
41125;3550308.0;São Paulo;Município de São Paulo;False;AMARELA
41126;3550308.0;São Paulo;Município de São Paulo;False;AMARELA
41127;3515103.0;Embu-Guaçu;Grande SP Sudoeste;False;
41128;3550308.0;São Paulo;Município de São Paulo;False;BRANCA
41129;3550308.0;São Paulo;Município de São Paulo;False;IGNORADO
41130;3548500.0;Santos;Baixada Santista;False;BRANCA
41131;3550308.0;São Paulo;Município de São Paulo;False;PARDA
41132;3523107.0;Itaquaquecetuba;Grande SP Leste;False;AMARELA
41133;3518800.0;Guarulhos;Grande SP Leste;False;PARDA
41134;3526704.0;Leme;Piracicaba;False;IGNORADO
41135;3509908.0;Cananéia;Registro;False;BRANCA
41136;3503901.0;Arujá;Grande SP Leste;False;IGNORADO
41137;3550308.0;São Paulo;Município de São Paulo;False;PARDA
41138;3543907.0;Rio Claro;Piracicaba;False;BRANCA
41139;3511508.0;Cerquilho;Sorocaba;False;AMARELA
41140;3552205.0;Sorocaba;Sorocaba;False;BRANCA
41141;3550308.0;São Paulo;Município de São Paulo;False;BRANCA
41142;3546306.0;Santa Cruz das Palmeiras;São João da Boa Vista;False;BRANCA
41143;3550308.0;São Paulo;Município de São Paulo;False;NONE
41144;3543402.0;Ribeirão Preto;Ribeirão Preto;False;PRETA
41145;3550308.0;São Paulo;Município de São Paulo;False;BRANCA
41146;3513504.0;Cubatão;Baixada Santista;False;PARDA
41147;3550308.0;São Paulo;Município de São Paulo;False;PARDA
41148;3550308.0;São Paulo;Município de São Paulo;False;PARDA
41149;3550308.0;São Paulo;Município de São Paulo;False;NONE
41150;3550308.0;São Paulo;Município de São Paulo;False;BRANCA
41151;3514403.0;Dracena;Presidente Prudente;False;BRANCA
41152;3518800.0;Guarulhos;Grande SP Leste;False;
41153;3550308.0;São Paulo;Município de São Paulo;False;PRETA
41154;3550308.0;São Paulo;Município de São Paulo;False;BRANCA
41155;3550308.0;São Paulo;Município de São Paulo;False;PARDA
41156;3550308.0;São Paulo;Município de São Paulo;False;IGNORADO
41157;3545803.0;Santa Bárbara d'Oeste;Campinas;False;BRANCA
41158;3550308.0;São Paulo;Município de São Paulo;False;PARDA
41159;3550308.0;São Paulo;Município de São Paulo;False;BRANCA
41160;3518701.0;Guarujá;Baixada Santista;False;AMARELA
41161;3504701.0;Balbinos;Bauru;False;BRANCA
41162;3550308.0;São Paulo;Município de São Paulo;False;BRANCA
41163;3548708.0;São Bernardo do Campo;Grande SP Sudeste;True;BRANCA
41164;3554003.0;Tatuí;Sorocaba;False;
41165;3550308.0;São Paulo;Município de São Paulo;False;PARDA
41166;3552205.0;Sorocaba;Sorocaba;False;BRANCA
41167;3550308.0;São Paulo;Município de São Paulo;False;IGNORADO
41168;3548500.0;Santos;Baixada Santista;False;BRANCA
41169;3550308.0;São Paulo;Município de São Paulo;False;NONE
41170;3522604.0;Itapira;São João da Boa Vista;False;AMARELA
41171;3526209.0;Juquitiba;Grande SP Sudoeste;False;BRANCA
41172;3546306.0;Santa Cruz das Palmeiras;São João da Boa Vista;False;PARDA
41173;3530706.0;Mogi Guaçu;São João da Boa Vista;False;
41174;3548708.0;São Bernardo do Campo;Grande SP Sudeste;False;BRANCA
41175;3548906.0;São Carlos;Araraquara;True;BRANCA
41176;3552809.0;Taboão da Serra;Grande SP Sudoeste;False;PARDA
41177;3550308.0;São Paulo;Município de São Paulo;True;NONE
41178;3548708.0;São Bernardo do Campo;Grande SP Sudeste;False;PARDA
41179;3515707.0;Ferraz de Vasconcelos;Grande SP Leste;False;BRANCA
41180;3550308.0;São Paulo;Município de São Paulo;False;IGNORADO
41181;3550308.0;São Paulo;Município de São Paulo;False;PARDA
41182;3550308.0;São Paulo;Município de São Paulo;False;PARDA
41183;3512803.0;Cosmópolis;Campinas;False;AMARELA
41184;3550308.0;São Paulo;Município de São Paulo;False;IGNORADO
41185;3548500.0;Santos;Baixada Santista;False;IGNORADO
41186;3550308.0;São Paulo;Município de São Paulo;False;PARDA
41187;3549904.0;São José dos Campos;Taubaté;False;PARDA
41188;3550308.0;São Paulo;Município de São Paulo;False;PARDA
41189;3523107.0;Itaquaquecetuba;Grande SP Leste;False;AMARELA
41190;3548500.0;Santos;Baixada Santista;False;BRANCA
41191;3550308.0;São Paulo;Município de São Paulo;True;NONE
41192;3550308.0;São Paulo;Município de São Paulo;False;PARDA
41193;3550308.0;São Paulo;Município de São Paulo;False;PARDA
41194;3550308.0;São Paulo;Município de São Paulo;False;IGNORADO
41195;3522505.0;Itapevi;Grande SP Oeste;False;BRANCA
41196;3550308.0;São Paulo;Município de São Paulo;False;AMARELA
41197;3550308.0;São Paulo;Município de São Paulo;False;PARDA
41198;3550308.0;São Paulo;Município de São Paulo;False;IGNORADO
41199;3550308.0;São Paulo;Município de São Paulo;False;BRANCA
41200;3548500.0;Santos;Baixada Santista;False;BRANCA
