68593;3550308.0;São Paulo;Município de São Paulo;False;BRANCA
68594;3548500.0;Santos;Baixada Santista;False;
68595;3550308.0;São Paulo;Município de São Paulo;False;NONE
68596;3545803.0;Santa Bárbara d'Oeste;Campinas;False;PARDA
68597;3548708.0;São Bernardo do Campo;Grande SP Sudeste;False;PARDA
68598;3550308.0;São Paulo;Município de São Paulo;False;BRANCA
68599;3506508.0;Birigui;Araçatuba;False;BRANCA
68600;3510807.0;Casa Branca;São João da Boa Vista;False;BRANCA
68601;3550308.0;São Paulo;Município de São Paulo;False;PRETA
68602;3550308.0;São Paulo;Município de São Paulo;False;PARDA
68603;3550308.0;São Paulo;Município de São Paulo;False;PARDA
68604;3550308.0;São Paulo;Município de São Paulo;False;BRANCA
68605;3520509.0;Indaiatuba;Campinas;False;PRETA
68606;3518701.0;Guarujá;Baixada Santista;False;BRANCA
68607;3549805.0;São José do Rio Preto;São José do Rio Preto;False;BRANCA
68608;3511706.0;Charqueada;Piracicaba;False;IGNORADO
68609;3507506.0;Botucatu;Bauru;False;BRANCA
68610;3550308.0;São Paulo;Município de São Paulo;False;PARDA
68611;3550308.0;São Paulo;Município de São Paulo;False;BRANCA
68612;3552205.0;Sorocaba;Sorocaba;False;BRANCA
68613;3500501.0;Águas de Lindóia;Campinas;False;BRANCA
68614;3518800.0;Guarulhos;Grande SP Leste;False;BRANCA
68615;3554102.0;Taubaté;Taubaté;False;BRANCA
68616;3552403.0;Sumaré;Campinas;False;IGNORADO
68617;3513009.0;Cotia;Grande SP Sudoeste;False;AMARELA
68618;3543303.0;Ribeirão Pires;Grande SP Sudeste;False;BRANCA
68619;3549904.0;São José dos Campos;Taubaté;False;NONE
68620;3543402.0;Ribeirão Preto;Ribeirão Preto;False;BRANCA
68621;3511508.0;Cerquilho;Sorocaba;False;IGNORADO
68622;3509502.0;Campinas;Campinas;False;BRANCA
68623;3550308.0;São Paulo;Município de São Paulo;False;NONE
68624;3530102.0;Mirandópolis;Araçatuba;False;BRANCA
68625;3538709.0;Piracicaba;Piracicaba;False;AMARELA
68626;3539509.0;Pitangueiras;Ribeirão Preto;False;BRANCA
68627;3525904.0;Jundiaí;Campinas;False;BRANCA
68628;3505708.0;Barueri;Grande SP Oeste;False;AMARELA
68629;3550308.0;São Paulo;Município de São Paulo;False;BRANCA
68630;3550308.0;São Paulo;Município de São Paulo;False;PARDA
68631;3550308.0;São Paulo;Município de São Paulo;False;BRANCA
68632;3516200.0;Franca;Franca;False;IGNORADO
68633;3534401.0;Osasco;Grande SP Oeste;False;IGNORADO
68634;3552205.0;Sorocaba;Sorocaba;False;BRANCA
68635;3538709.0;Piracicaba;Piracicaba;False;IGNORADO
68636;3530607.0;Mogi das Cruzes;Grande SP Leste;False;PARDA
68637;3550308.0;São Paulo;Município de São Paulo;False;
68638;3505500.0;Barretos;Barretos;False;PRETA
68639;3550308.0;São Paulo;Município de São Paulo;False;AMARELA
68640;3554102.0;Taubaté;Taubaté;False;BRANCA
68641;3550308.0;São Paulo;Município de São Paulo;False;IGNORADO
68642;3518701.0;Guarujá;Baixada Santista;False;PARDA
68643;3527702.0;Luiziânia;Araçatuba;False;BRANCA
68644;3548500.0;Santos;Baixada Santista;False;PARDA
68645;3518800.0;Guarulhos;Grande SP Leste;False;BRANCA
68646;3550308.0;São Paulo;Município de São Paulo;False;AMARELA
68647;3501707.0;Américo Brasiliense;Araraquara;False;IGNORADO
68648;3548807.0;São Caetano do Sul;Grande SP Sudeste;False;
68649;3547809.0;Santo André;Grande SP Sudeste;False;BRANCA
68650;3550308.0;São Paulo;Município de São Paulo;False;PARDA
68651;3550308.0;São Paulo;Município de São Paulo;False;PARDA
68652;3506359.0;Bertioga;Baixada Santista;False;IGNORADO
68653;3555802.0;Urânia;São José do Rio Preto;False;BRANCA
68654;3515707.0;Ferraz de Vasconcelos;Grande SP Leste;False;PARDA
68655;3515707.0;Ferraz de Vasconcelos;Grande SP Leste;False;IGNORADO
68656;3549706.0;São José do Rio Pardo;São João da Boa Vista;False;BRANCA
68657;3550308.0;São Paulo;Município de São Paulo;False;BRANCA
68658;3550308.0;São Paulo;Município de São Paulo;False;BRANCA
68659;3524808.0;Jales;São José do Rio Preto;False;BRANCA
68660;3510609.0;Carapicuíba;Grande SP Oeste;False;BRANCA
68661;3509502.0;Campinas;Campinas;False;BRANCA
68662;3550308.0;São Paulo;Município de São Paulo;False;PARDA
68663;3543402.0;Ribeirão Preto;Ribeirão Preto;False;BRANCA
68664;3550308.0;São Paulo;Município de São Paulo;False;BRANCA
68665;3538709.0;Piracicaba;Piracicaba;False;BRANCA
68666;3555000.0;Tupã;Marília;False;IGNORADO
68667;3536505.0;Paulínia;Campinas;False;BRANCA
68668;3530607.0;Mogi das Cruzes;Grande SP Leste;False;PARDA
68669;3550308.0;São Paulo;Município de São Paulo;False;AMARELA
68670;3539301.0;Pirassununga;Piracicaba;False;BRANCA
68671;3510609.0;Carapicuíba;Grande SP Oeste;False;BRANCA
68672;3550308.0;São Paulo;Município de São Paulo;False;IGNORADO
68673;3550308.0;São Paulo;Município de São Paulo;False;PARDA
68674;3550308.0;São Paulo;Município de São Paulo;False;BRANCA
68675;3525003.0;Jandira;Grande SP Oeste;False;BRANCA
68676;3550308.0;São Paulo;Município de São Paulo;False;NONE
68677;3550308.0;São Paulo;Município de São Paulo;False;PARDA
68678;3550308.0;São Paulo;Município de São Paulo;False;PARDA
68679;3550308.0;São Paulo;Município de São Paulo;True;BRANCA
68680;3513009.0;Cotia;Grande SP Sudoeste;False;AMARELA
68681;3545803.0;Santa Bárbara d'Oeste;Campinas;False;PARDA
68682;3550308.0;São Paulo;Município de São Paulo;False;PARDA
68683;3549904.0;São José dos Campos;Taubaté;False;PARDA
68684;3548708.0;São Bernardo do Campo;Grande SP Sudeste;False;PARDA
68685;3541307.0;Presidente Epitácio;Presidente Prudente;False;PARDA
68686;3518800.0;Guarulhos;Grande SP Leste;False;
68687;3548500.0;Santos;Baixada Santista;False;PARDA
68688;3550308.0;São Paulo;Município de São Paulo;False;PARDA
68689;3525904.0;Jundiaí;Campinas;False;PARDA
68690;3505708.0;Barueri;Grande SP Oeste;False;BRANCA
68691;3505708.0;Barueri;Grande SP Oeste;False;PARDA
68692;3505708.0;Barueri;Grande SP Oeste;False;IGNORADO
68693;3549805.0;São José do Rio Preto;São José do Rio Preto;False;PARDA
68694;3503307.0;Araras;Piracicaba;False;IGNORADO
68695;3547700.0;Santo Anastácio;Presidente Prudente;False;BRANCA
68696;3540200.0;Pontal;Ribeirão Preto;False;AMARELA
68697;3552205.0;Sorocaba;Sorocaba;False;BRANCA
68698;3506003.0;Bauru;Bauru;False;BRANCA
68699;3509502.0;Campinas;Campinas;False;PARDA
68700;3524402.0;Jacareí;Taubaté;False;BRANCA
68701;3517604.0;Guapiara;Sorocaba;False;BRANCA
68702;3504008.0;Assis;Marília;False;BRANCA
68703;3518800.0;Guarulhos;Grande SP Leste;False;BRANCA
68704;3509502.0;Campinas;Campinas;False;BRANCA
68705;3501707.0;Américo Brasiliense;Araraquara;True;BRANCA
68706;3518800.0;Guarulhos;Grande SP Leste;False;BRANCA
68707;3550308.0;São Paulo;Município de São Paulo;False;AMARELA
68708;3510609.0;Carapicuíba;Grande SP Oeste;False;PARDA
68709;3528403.0;Mairinque;Sorocaba;False;BRANCA
68710;3525904.0;Jundiaí;Campinas;False;BRANCA
68711;3550308.0;São Paulo;Município de São Paulo;False;AMARELA
68712;3547809.0;Santo André;Grande SP Sudeste;True;BRANCA
68713;3547304.0;Santana de Parnaíba;Grande SP Oeste;True;PARDA
68714;3555802.0;Urânia;São José do Rio Preto;True;PARDA
68715;3520707.0;Indiaporã;São José do Rio Preto;False;BRANCA
68716;3533502.0;Novo Horizonte;São José do Rio Preto;False;BRANCA
68717;3550308.0;São Paulo;Município de São Paulo;False;BRANCA
68718;3550308.0;São Paulo;Município de São Paulo;False;BRANCA
68719;3538709.0;Piracicaba;Piracicaba;False;BRANCA
68720;3519071.0;Hortolândia;Campinas;False;PARDA
68721;3552403.0;Sumaré;Campinas;False;BRANCA
68722;3523107.0;Itaquaquecetuba;Grande SP Leste;False;PARDA
68723;3520103.0;Igarapava;Franca;False;PARDA
68724;3534401.0;Osasco;Grande SP Oeste;False;BRANCA
68725;3516408.0;Franco da Rocha;Grande SP Norte;False;BRANCA
68726;3546405.0;Santa Cruz do Rio Pardo;Marília;False;BRANCA
68727;3503208.0;Araraquara;Araraquara;False;BRANCA
68728;3550308.0;São Paulo;Município de São Paulo;False;PARDA
68729;3550308.0;São Paulo;Município de São Paulo;False;PARDA
68730;3548708.0;São Bernardo do Campo;Grande SP Sudeste;False;PRETA
68731;3510609.0;Carapicuíba;Grande SP Oeste;False;IGNORADO
68732;3508504.0;Caçapava;Taubaté;False;BRANCA
68733;3554102.0;Taubaté;Taubaté;False;PARDA
68734;3550308.0;São Paulo;Município de São Paulo;False;PARDA
68735;3534401.0;Osasco;Grande SP Oeste;False;BRANCA
