23319;3511102.0;Catanduva;São José do Rio Preto;False;BRANCA
23320;3534401.0;Osasco;Grande SP Oeste;False;PARDA
23321;3550308.0;São Paulo;Município de São Paulo;False;NONE
23322;3538709.0;Piracicaba;Piracicaba;False;NONE
23323;3548708.0;São Bernardo do Campo;Grande SP Sudeste;False;
23324;3529203.0;Martinópolis;Presidente Prudente;False;BRANCA
23325;3543402.0;Ribeirão Preto;Ribeirão Preto;False;BRANCA
23326;3550308.0;São Paulo;Município de São Paulo;False;PARDA
23327;3552205.0;Sorocaba;Sorocaba;False;IGNORADO
23328;3548708.0;São Bernardo do Campo;Grande SP Sudeste;False;
23329;3547304.0;Santana de Parnaíba;Grande SP Oeste;False;BRANCA
23330;3506805.0;Bocaina;Bauru;False;BRANCA
23331;3509502.0;Campinas;Campinas;False;IGNORADO
23332;3510609.0;Carapicuíba;Grande SP Oeste;False;BRANCA
23333;3539301.0;Pirassununga;Piracicaba;False;BRANCA
23334;3508504.0;Caçapava;Taubaté;False;BRANCA
23335;3509502.0;Campinas;Campinas;True;BRANCA
23336;3549805.0;São José do Rio Preto;São José do Rio Preto;False;PRETA
23337;3550308.0;São Paulo;Município de São Paulo;False;BRANCA
23338;3518701.0;Guarujá;Baixada Santista;True;BRANCA
23339;3553302.0;Tambaú;São João da Boa Vista;False;BRANCA
23340;3550308.0;São Paulo;Município de São Paulo;False;NONE
23341;3513009.0;Cotia;Grande SP Sudoeste;False;AMARELA
23342;3552502.0;Suzano;Grande SP Leste;False;AMARELA
23343;3518701.0;Guarujá;Baixada Santista;False;PARDA
23344;3551504.0;Serrana;Ribeirão Preto;False;PARDA
23345;3514809.0;Eldorado;Registro;False;BRANCA
23346;3548500.0;Santos;Baixada Santista;False;AMARELA
23347;3503208.0;Araraquara;Araraquara;False;BRANCA
23348;3548708.0;São Bernardo do Campo;Grande SP Sudeste;True;BRANCA
23349;3525904.0;Jundiaí;Campinas;False;BRANCA
23350;3550308.0;São Paulo;Município de São Paulo;True;BRANCA
23351;3507506.0;Botucatu;Bauru;False;BRANCA
23352;3552205.0;Sorocaba;Sorocaba;False;PRETA
23353;3516309.0;Francisco Morato;Grande SP Norte;False;BRANCA
23354;3556206.0;Valinhos;Campinas;False;AMARELA
23355;3509502.0;Campinas;Campinas;False;PARDA
23356;3529302.0;Matão;Araraquara;False;BRANCA
23357;3509502.0;Campinas;Campinas;False;BRANCA
23358;3544202.0;Riolândia;São José do Rio Preto;False;BRANCA
23359;3505708.0;Barueri;Grande SP Oeste;False;PARDA
23360;3550308.0;São Paulo;Município de São Paulo;False;BRANCA
23361;3550308.0;São Paulo;Município de São Paulo;False;PARDA
23362;3511102.0;Catanduva;São José do Rio Preto;False;PARDA
23363;3514908.0;Elias Fausto;Piracicaba;False;BRANCA
23364;3544905.0;Sales Oliveira;Franca;False;BRANCA
23365;3528007.0;Macatuba;Bauru;False;BRANCA
23366;3550308.0;São Paulo;Município de São Paulo;False;NONE
23367;3550308.0;São Paulo;Município de São Paulo;False;IGNORADO
23368;3550308.0;São Paulo;Município de São Paulo;False;PARDA
23369;3550308.0;São Paulo;Município de São Paulo;False;PARDA
23370;3550308.0;São Paulo;Município de São Paulo;False;BRANCA
23371;3550308.0;São Paulo;Município de São Paulo;False;PRETA
23372;3556206.0;Valinhos;Campinas;False;BRANCA
23373;3513009.0;Cotia;Grande SP Sudoeste;False;BRANCA
23374;3519071.0;Hortolândia;Campinas;False;BRANCA
23375;3550308.0;São Paulo;Município de São Paulo;False;BRANCA
23376;3503307.0;Araras;Piracicaba;False;BRANCA
23377;3522505.0;Itapevi;Grande SP Oeste;False;PARDA
23378;3515707.0;Ferraz de Vasconcelos;Grande SP Leste;False;BRANCA
23379;3549904.0;São José dos Campos;Taubaté;False;BRANCA
23380;3515004.0;Embu das Artes;Grande SP Sudoeste;False;PARDA
23381;3543303.0;Ribeirão Pires;Grande SP Sudeste;False;IGNORADO
23382;3548708.0;São Bernardo do Campo;Grande SP Sudeste;False;BRANCA
23383;3534302.0;Orlândia;Franca;False;PARDA
23384;3550308.0;São Paulo;Município de São Paulo;False;BRANCA
23385;3505351.0;Barra do Chapéu;Sorocaba;False;BRANCA
23386;3510500.0;Caraguatatuba;Taubaté;False;BRANCA
23387;3543402.0;Ribeirão Preto;Ribeirão Preto;False;PRETA
23388;3549904.0;São José dos Campos;Taubaté;False;PARDA
23389;3501608.0;Americana;Campinas;False;BRANCA
23390;3550308.0;São Paulo;Município de São Paulo;False;PARDA
23391;3550308.0;São Paulo;Município de São Paulo;False;PRETA
23392;3518800.0;Guarulhos;Grande SP Leste;False;
23393;3548500.0;Santos;Baixada Santista;False;BRANCA
23394;3543402.0;Ribeirão Preto;Ribeirão Preto;False;IGNORADO
23395;3550308.0;São Paulo;Município de São Paulo;False;PARDA
23396;3541000.0;Praia Grande;Baixada Santista;True;PARDA
23397;3550308.0;São Paulo;Município de São Paulo;False;PARDA
23398;3550308.0;São Paulo;Município de São Paulo;False;PARDA
23399;3527306.0;Louveira;Campinas;False;BRANCA
23400;3550308.0;São Paulo;Município de São Paulo;False;BRANCA
23401;3550308.0;São Paulo;Município de São Paulo;False;IGNORADO
23402;3503208.0;Araraquara;Araraquara;False;PARDA
23403;3549805.0;São José do Rio Preto;São José do Rio Preto;False;BRANCA
23404;3540804.0;Potirendaba;São José do Rio Preto;False;BRANCA
23405;3541000.0;Praia Grande;Baixada Santista;False;PARDA
23406;3549805.0;São José do Rio Preto;São José do Rio Preto;False;BRANCA
23407;3502507.0;Aparecida;Taubaté;False;PARDA
23408;3525201.0;Jarinu;Campinas;False;
23409;3550308.0;São Paulo;Município de São Paulo;False;PARDA
23410;3548906.0;São Carlos;Araraquara;False;BRANCA
23411;3552403.0;Sumaré;Campinas;False;IGNORADO
23412;3534401.0;Osasco;Grande SP Oeste;False;PRETA
23413;3506003.0;Bauru;Bauru;False;PRETA
23414;3546702.0;Santa Gertrudes;Piracicaba;False;BRANCA
23415;3505500.0;Barretos;Barretos;False;
23416;3539301.0;Pirassununga;Piracicaba;False;BRANCA
23417;3508504.0;Caçapava;Taubaté;False;IGNORADO
23418;3525706.0;José Bonifácio;São José do Rio Preto;False;BRANCA
23419;3554706.0;Torrinha;Bauru;False;BRANCA
23420;3557105.0;Votuporanga;São José do Rio Preto;False;BRANCA
23421;3509502.0;Campinas;Campinas;False;IGNORADO
23422;3505302.0;Barra Bonita;Bauru;False;BRANCA
23423;3546405.0;Santa Cruz do Rio Pardo;Marília;False;NONE
23424;3520509.0;Indaiatuba;Campinas;False;IGNORADO
23425;3529708.0;Miguelópolis;Franca;False;BRANCA
23426;3549805.0;São José do Rio Preto;São José do Rio Preto;False;BRANCA
23427;3549805.0;São José do Rio Preto;São José do Rio Preto;False;IGNORADO
23428;3543402.0;Ribeirão Preto;Ribeirão Preto;False;BRANCA
23429;3542206.0;Rancharia;Presidente Prudente;False;PARDA
23430;3544806.0;Sales;São José do Rio Preto;False;BRANCA
23431;3533502.0;Novo Horizonte;São José do Rio Preto;False;BRANCA
23432;3550308.0;São Paulo;Município de São Paulo;False;IGNORADO
23433;3534401.0;Osasco;Grande SP Oeste;True;PARDA
23434;3540606.0;Porto Feliz;Sorocaba;False;BRANCA
23435;3508405.0;Cabreúva;Campinas;False;NONE
23436;3514403.0;Dracena;Presidente Prudente;False;BRANCA
23437;3526902.0;Limeira;Piracicaba;False;PRETA
23438;3549805.0;São José do Rio Preto;São José do Rio Preto;False;IGNORADO
23439;3545209.0;Salto;Sorocaba;False;PARDA
23440;3545209.0;Salto;Sorocaba;False;BRANCA
23441;3510203.0;Capão Bonito;Sorocaba;False;BRANCA
23442;3505401.0;Barra do Turvo;Registro;False;BRANCA
23443;3543402.0;Ribeirão Preto;Ribeirão Preto;False;BRANCA
23444;3550308.0;São Paulo;Município de São Paulo;False;NONE
23445;3552205.0;Sorocaba;Sorocaba;False;BRANCA
23446;3551702.0;Sertãozinho;Ribeirão Preto;False;BRANCA
23447;3534757.0;Ouroeste;São José do Rio Preto;False;BRANCA
23448;3527603.0;Luís Antônio;Ribeirão Preto;False;
23449;3538907.0;Pirajuí;Bauru;False;BRANCA
23450;3529005.0;Marília;Marília;False;IGNORADO
23451;3524402.0;Jacareí;Taubaté;False;BRANCA
23452;3509502.0;Campinas;Campinas;False;PARDA
23453;3506003.0;Bauru;Bauru;False;BRANCA
23454;3503307.0;Araras;Piracicaba;False;BRANCA
23455;3509502.0;Campinas;Campinas;False;BRANCA
23456;3543907.0;Rio Claro;Piracicaba;False;BRANCA
23457;3550308.0;São Paulo;Município de São Paulo;False;AMARELA
23458;3538709.0;Piracicaba;Piracicaba;False;BRANCA
23459;3526902.0;Limeira;Piracicaba;False;BRANCA
23460;3526902.0;Limeira;Piracicaba;False;BRANCA
23461;3530607.0;Mogi das Cruzes;Grande SP Leste;False;BRANCA
23462;3509502.0;Campinas;Campinas;False;BRANCA
23463;3538709.0;Piracicaba;Piracicaba;False;PARDA
23464;3530508.0;Mococa;São João da Boa Vista;False;BRANCA
23465;3501905.0;Amparo;Campinas;False;BRANCA
