48098;3502804.0;Araçatuba;Araçatuba;False;BRANCA
48099;3549805.0;São José do Rio Preto;São José do Rio Preto;False;BRANCA
48100;3509007.0;Caieiras;Grande SP Norte;False;PARDA
48101;3550308.0;São Paulo;Município de São Paulo;False;AMARELA
48102;3550308.0;São Paulo;Município de São Paulo;False;IGNORADO
48103;3550308.0;São Paulo;Município de São Paulo;False;AMARELA
48104;3516309.0;Francisco Morato;Grande SP Norte;False;PARDA
48105;3550308.0;São Paulo;Município de São Paulo;False;PARDA
48106;3550308.0;São Paulo;Município de São Paulo;False;IGNORADO
48107;3550308.0;São Paulo;Município de São Paulo;False;IGNORADO
48108;3550308.0;São Paulo;Município de São Paulo;False;PRETA
48109;3520400.0;Ilhabela;Taubaté;False;PARDA
48110;3547809.0;Santo André;Grande SP Sudeste;False;BRANCA
48111;3547809.0;Santo André;Grande SP Sudeste;False;BRANCA
48112;3550308.0;São Paulo;Município de São Paulo;False;BRANCA
48113;3550308.0;São Paulo;Município de São Paulo;False;NONE
48114;3536208.0;Pariquera-Açu;Registro;False;PARDA
48115;3550308.0;São Paulo;Município de São Paulo;False;BRANCA
48116;3550308.0;São Paulo;Município de São Paulo;False;PARDA
48117;3550308.0;São Paulo;Município de São Paulo;True;IGNORADO
48118;3556404.0;Vargem Grande do Sul;São João da Boa Vista;False;BRANCA
48119;3547809.0;Santo André;Grande SP Sudeste;False;NONE
48120;3550308.0;São Paulo;Município de São Paulo;False;BRANCA
48121;3548500.0;Santos;Baixada Santista;False;IGNORADO
48122;3552809.0;Taboão da Serra;Grande SP Sudoeste;False;PRETA
48123;3525904.0;Jundiaí;Campinas;False;BRANCA
48124;3533007.0;Nova Granada;São José do Rio Preto;False;BRANCA
48125;3548807.0;São Caetano do Sul;Grande SP Sudeste;False;BRANCA
48126;3552502.0;Suzano;Grande SP Leste;False;PARDA
48127;3550308.0;São Paulo;Município de São Paulo;False;AMARELA
48128;3530706.0;Mogi Guaçu;São João da Boa Vista;False;BRANCA
48129;3550308.0;São Paulo;Município de São Paulo;False;PARDA
48130;3510609.0;Carapicuíba;Grande SP Oeste;False;BRANCA
48131;3513504.0;Cubatão;Baixada Santista;False;PARDA
48132;3517703.0;Guará;Franca;False;AMARELA
48133;3541000.0;Praia Grande;Baixada Santista;False;PARDA
48134;3554409.0;Terra Roxa;Barretos;False;BRANCA
48135;3550308.0;São Paulo;Município de São Paulo;False;BRANCA
48136;3550308.0;São Paulo;Município de São Paulo;False;IGNORADO
48137;3550308.0;São Paulo;Município de São Paulo;True;IGNORADO
48138;3509700.0;Campos do Jordão;Taubaté;True;BRANCA
48139;3550308.0;São Paulo;Município de São Paulo;False;PARDA
48140;3510906.0;Cássia dos Coqueiros;Ribeirão Preto;False;BRANCA
48141;3531902.0;Morro Agudo;Franca;False;PRETA
48142;3509502.0;Campinas;Campinas;False;BRANCA
48143;3543402.0;Ribeirão Preto;Ribeirão Preto;False;PRETA
48144;3550308.0;São Paulo;Município de São Paulo;False;BRANCA
48145;3515707.0;Ferraz de Vasconcelos;Grande SP Leste;False;BRANCA
48146;3550308.0;São Paulo;Município de São Paulo;False;BRANCA
48147;3549904.0;São José dos Campos;Taubaté;False;IGNORADO
48148;3525904.0;Jundiaí;Campinas;False;IGNORADO
48149;3526902.0;Limeira;Piracicaba;False;BRANCA
48150;3550308.0;São Paulo;Município de São Paulo;False;IGNORADO
48151;3549805.0;São José do Rio Preto;São José do Rio Preto;False;BRANCA
48152;3550308.0;São Paulo;Município de São Paulo;False;BRANCA
48153;3548500.0;Santos;Baixada Santista;False;BRANCA
48154;3521309.0;Ipuã;Franca;False;BRANCA
48155;3549805.0;São José do Rio Preto;São José do Rio Preto;False;PARDA
48156;3526704.0;Leme;Piracicaba;False;AMARELA
48157;3514304.0;Dourado;Araraquara;False;BRANCA
48158;3518800.0;Guarulhos;Grande SP Leste;False;BRANCA
48159;3516200.0;Franca;Franca;False;BRANCA
48160;3506003.0;Bauru;Bauru;False;BRANCA
48161;3549805.0;São José do Rio Preto;São José do Rio Preto;False;BRANCA
48162;3539806.0;Poá;Grande SP Leste;False;PARDA
48163;3509502.0;Campinas;Campinas;False;BRANCA
48164;3523107.0;Itaquaquecetuba;Grande SP Leste;False;PARDA
48165;3548500.0;Santos;Baixada Santista;False;NONE
48166;3526803.0;Lençóis Paulista;Bauru;False;BRANCA
48167;3550308.0;São Paulo;Município de São Paulo;False;PARDA
48168;3550308.0;São Paulo;Município de São Paulo;False;PARDA
48169;3510609.0;Carapicuíba;Grande SP Oeste;False;BRANCA
48170;3548500.0;Santos;Baixada Santista;False;PARDA
48171;3542602.0;Registro;Registro;False;BRANCA
48172;3515004.0;Embu das Artes;Grande SP Sudoeste;False;PARDA
48173;3550308.0;São Paulo;Município de São Paulo;False;PARDA
48174;3541406.0;Presidente Prudente;Presidente Prudente;False;BRANCA
48175;3513801.0;Diadema;Grande SP Sudeste;False;BRANCA
48176;3545803.0;Santa Bárbara d'Oeste;Campinas;False;PARDA
48177;3550308.0;São Paulo;Município de São Paulo;False;BRANCA
48178;3510005.0;Cândido Mota;Marília;False;BRANCA
48179;3550308.0;São Paulo;Município de São Paulo;False;BRANCA
48180;3515004.0;Embu das Artes;Grande SP Sudoeste;False;BRANCA
48181;3550308.0;São Paulo;Município de São Paulo;False;BRANCA
48182;3505500.0;Barretos;Barretos;False;BRANCA
48183;3541406.0;Presidente Prudente;Presidente Prudente;False;AMARELA
48184;3522505.0;Itapevi;Grande SP Oeste;False;AMARELA
48185;3550308.0;São Paulo;Município de São Paulo;False;BRANCA
48186;3550308.0;São Paulo;Município de São Paulo;False;PARDA
48187;3550308.0;São Paulo;Município de São Paulo;False;PARDA
48188;3543402.0;Ribeirão Preto;Ribeirão Preto;False;PRETA
48189;3509502.0;Campinas;Campinas;False;PARDA
48190;3543402.0;Ribeirão Preto;Ribeirão Preto;False;BRANCA
48191;3527306.0;Louveira;Campinas;False;PARDA
48192;3550308.0;São Paulo;Município de São Paulo;False;BRANCA
48193;3553906.0;Tarabai;Presidente Prudente;False;IGNORADO
48194;3525904.0;Jundiaí;Campinas;False;BRANCA
48195;3549904.0;São José dos Campos;Taubaté;False;BRANCA
48196;3509502.0;Campinas;Campinas;False;PARDA
48197;3505401.0;Barra do Turvo;Registro;False;PARDA
48198;3550308.0;São Paulo;Município de São Paulo;False;NONE
48199;3551009.0;São Vicente;Baixada Santista;False;IGNORADO
48200;3505708.0;Barueri;Grande SP Oeste;False;NONE
48201;3510609.0;Carapicuíba;Grande SP Oeste;False;PRETA
48202;3552502.0;Suzano;Grande SP Leste;False;BRANCA
48203;3549805.0;São José do Rio Preto;São José do Rio Preto;False;BRANCA
48204;3550308.0;São Paulo;Município de São Paulo;False;BRANCA
48205;3534401.0;Osasco;Grande SP Oeste;False;
48206;3509007.0;Caieiras;Grande SP Norte;False;IGNORADO
48207;3520509.0;Indaiatuba;Campinas;False;BRANCA
48208;3549904.0;São José dos Campos;Taubaté;False;IGNORADO
48209;3547809.0;Santo André;Grande SP Sudeste;False;BRANCA
48210;3509502.0;Campinas;Campinas;False;BRANCA
48211;3505708.0;Barueri;Grande SP Oeste;False;BRANCA
48212;3525706.0;José Bonifácio;São José do Rio Preto;False;BRANCA
48213;3548708.0;São Bernardo do Campo;Grande SP Sudeste;False;NONE
48214;3525607.0;João Ramalho;Presidente Prudente;False;PARDA
48215;3514403.0;Dracena;Presidente Prudente;False;IGNORADO
48216;3552205.0;Sorocaba;Sorocaba;False;BRANCA
48217;3500501.0;Águas de Lindóia;Campinas;False;BRANCA
48218;3509502.0;Campinas;Campinas;False;BRANCA
48219;3534609.0;Osvaldo Cruz;Marília;False;BRANCA
48220;3513009.0;Cotia;Grande SP Sudoeste;False;AMARELA
48221;3511102.0;Catanduva;São José do Rio Preto;False;BRANCA
48222;3520400.0;Ilhabela;Taubaté;False;PARDA
48223;3512407.0;Cordeirópolis;Piracicaba;False;BRANCA
48224;3550308.0;São Paulo;Município de São Paulo;False;BRANCA
48225;3520103.0;Igarapava;Franca;False;PARDA
48226;3504503.0;Avaré;Bauru;False;IGNORADO
48227;3525904.0;Jundiaí;Campinas;False;PARDA
48228;3506102.0;Bebedouro;Barretos;False;
48229;3502804.0;Araçatuba;Araçatuba;False;BRANCA
48230;3518701.0;Guarujá;Baixada Santista;True;PARDA
48231;3515186.0;Espírito Santo do Pinhal;São João da Boa Vista;False;BRANCA
48232;3543402.0;Ribeirão Preto;Ribeirão Preto;False;NONE
48233;3515608.0;Fernando Prestes;São José do Rio Preto;False;BRANCA
48234;3525904.0;Jundiaí;Campinas;False;PRETA
48235;3548500.0;Santos;Baixada Santista;False;IGNORADO
48236;3550308.0;São Paulo;Município de São Paulo;False;PARDA
48237;3543303.0;Ribeirão Pires;Grande SP Sudeste;False;AMARELA
48238;3550308.0;São Paulo;Município de São Paulo;False;
