53641;3548500.0;Santos;Baixada Santista;False;BRANCA
53642;3503901.0;Arujá;Grande SP Leste;False;BRANCA
53643;3550308.0;São Paulo;Município de São Paulo;False;IGNORADO
53644;3510500.0;Caraguatatuba;Taubaté;False;PARDA
53645;3551702.0;Sertãozinho;Ribeirão Preto;False;BRANCA
53646;3548500.0;Santos;Baixada Santista;False;PRETA
53647;3530805.0;Mogi Mirim;São João da Boa Vista;False;BRANCA
53648;3552502.0;Suzano;Grande SP Leste;False;IGNORADO
53649;3509502.0;Campinas;Campinas;False;PARDA
53650;3503208.0;Araraquara;Araraquara;False;BRANCA
53651;3550308.0;São Paulo;Município de São Paulo;False;AMARELA
53652;3505708.0;Barueri;Grande SP Oeste;False;PARDA
53653;3507506.0;Botucatu;Bauru;False;PRETA
53654;3525300.0;Jaú;Bauru;False;IGNORADO
53655;3550308.0;São Paulo;Município de São Paulo;False;AMARELA
53656;3550308.0;São Paulo;Município de São Paulo;False;NONE
53657;3520509.0;Indaiatuba;Campinas;False;NONE
53658;3509502.0;Campinas;Campinas;False;BRANCA
53659;3550308.0;São Paulo;Município de São Paulo;False;BRANCA
53660;3550308.0;São Paulo;Município de São Paulo;True;IGNORADO
53661;3523701.0;Itirapuã;Franca;False;IGNORADO
53662;3550308.0;São Paulo;Município de São Paulo;False;BRANCA
53663;3503307.0;Araras;Piracicaba;False;BRANCA
53664;3549904.0;São José dos Campos;Taubaté;False;IGNORADO
53665;3501608.0;Americana;Campinas;False;BRANCA
53666;3557105.0;Votuporanga;São José do Rio Preto;False;PARDA
53667;3514924.0;Elisiário;São José do Rio Preto;False;BRANCA
53668;3522307.0;Itapetininga;Sorocaba;False;AMARELA
53669;3511102.0;Catanduva;São José do Rio Preto;False;BRANCA
53670;3503307.0;Araras;Piracicaba;False;BRANCA
53671;3505708.0;Barueri;Grande SP Oeste;False;BRANCA
53672;3502200.0;Angatuba;Sorocaba;False;BRANCA
53673;3550308.0;São Paulo;Município de São Paulo;False;PARDA
53674;3511102.0;Catanduva;São José do Rio Preto;False;BRANCA
53675;3529005.0;Marília;Marília;False;
53676;3550308.0;São Paulo;Município de São Paulo;False;PARDA
53677;3525003.0;Jandira;Grande SP Oeste;False;IGNORADO
53678;3535101.0;Palmares Paulista;São José do Rio Preto;False;AMARELA
53679;3550308.0;São Paulo;Município de São Paulo;False;PRETA
53680;3549904.0;São José dos Campos;Taubaté;False;PARDA
53681;3549805.0;São José do Rio Preto;São José do Rio Preto;False;BRANCA
53682;3509502.0;Campinas;Campinas;False;BRANCA
53683;3537305.0;Penápolis;Araçatuba;False;BRANCA
53684;3534401.0;Osasco;Grande SP Oeste;False;
53685;3549904.0;São José dos Campos;Taubaté;False;BRANCA
53686;3548500.0;Santos;Baixada Santista;False;PARDA
53687;3518701.0;Guarujá;Baixada Santista;False;IGNORADO
53688;3518800.0;Guarulhos;Grande SP Leste;False;
53689;3548708.0;São Bernardo do Campo;Grande SP Sudeste;False;BRANCA
53690;3516309.0;Francisco Morato;Grande SP Norte;False;PARDA
53691;3548500.0;Santos;Baixada Santista;False;PRETA
53692;3550308.0;São Paulo;Município de São Paulo;False;PRETA
53693;3550308.0;São Paulo;Município de São Paulo;False;PARDA
53694;3550308.0;São Paulo;Município de São Paulo;False;IGNORADO
53695;3513801.0;Diadema;Grande SP Sudeste;True;BRANCA
53696;3534906.0;Pacaembu;Marília;False;
53697;3550308.0;São Paulo;Município de São Paulo;False;BRANCA
53698;3502705.0;Apiaí;Sorocaba;False;PRETA
53699;3513801.0;Diadema;Grande SP Sudeste;False;PRETA
53700;3507605.0;Bragança Paulista;Campinas;False;BRANCA
53701;3516408.0;Franco da Rocha;Grande SP Norte;False;BRANCA
53702;3528403.0;Mairinque;Sorocaba;False;IGNORADO
53703;3502804.0;Araçatuba;Araçatuba;False;BRANCA
53704;3550308.0;São Paulo;Município de São Paulo;False;BRANCA
53705;3547304.0;Santana de Parnaíba;Grande SP Oeste;False;BRANCA
53706;3556206.0;Valinhos;Campinas;False;IGNORADO
53707;3543402.0;Ribeirão Preto;Ribeirão Preto;False;BRANCA
53708;3555406.0;Ubatuba;Taubaté;False;BRANCA
53709;3510609.0;Carapicuíba;Grande SP Oeste;False;PARDA
53710;3552809.0;Taboão da Serra;Grande SP Sudoeste;False;
53711;3519303.0;Ibaté;Araraquara;False;AMARELA
53712;3537909.0;Pilar do Sul;Sorocaba;False;BRANCA
53713;3550308.0;São Paulo;Município de São Paulo;False;PRETA
53714;3536505.0;Paulínia;Campinas;False;AMARELA
53715;3526902.0;Limeira;Piracicaba;False;BRANCA
53716;3550308.0;São Paulo;Município de São Paulo;False;PARDA
53717;3509502.0;Campinas;Campinas;False;BRANCA
53718;3527108.0;Lins;Bauru;False;BRANCA
53719;3550308.0;São Paulo;Município de São Paulo;False;PARDA
53720;3550308.0;São Paulo;Município de São Paulo;False;
53721;3548708.0;São Bernardo do Campo;Grande SP Sudeste;False;IGNORADO
53722;3522208.0;Itapecerica da Serra;Grande SP Sudoeste;True;PARDA
53723;3550308.0;São Paulo;Município de São Paulo;False;PARDA
53724;3501608.0;Americana;Campinas;False;IGNORADO
53725;3550308.0;São Paulo;Município de São Paulo;False;PARDA
53726;3550308.0;São Paulo;Município de São Paulo;False;PARDA
53727;3529401.0;Mauá;Grande SP Sudeste;False;BRANCA
53728;3543402.0;Ribeirão Preto;Ribeirão Preto;False;IGNORADO
53729;3550308.0;São Paulo;Município de São Paulo;False;NONE
53730;3538709.0;Piracicaba;Piracicaba;False;IGNORADO
53731;3550308.0;São Paulo;Município de São Paulo;True;BRANCA
53732;3548708.0;São Bernardo do Campo;Grande SP Sudeste;False;
53733;3518404.0;Guaratinguetá;Taubaté;False;BRANCA
53734;3556008.0;Urupês;São José do Rio Preto;True;BRANCA
53735;3502804.0;Araçatuba;Araçatuba;True;BRANCA
53736;3554508.0;Tietê;Sorocaba;False;BRANCA
53737;3509502.0;Campinas;Campinas;False;PRETA
53738;3548708.0;São Bernardo do Campo;Grande SP Sudeste;False;PARDA
53739;3550308.0;São Paulo;Município de São Paulo;True;BRANCA
53740;3541505.0;Presidente Venceslau;Presidente Prudente;False;BRANCA
53741;3546603.0;Santa Fé do Sul;São José do Rio Preto;True;BRANCA
53742;3526902.0;Limeira;Piracicaba;False;BRANCA
53743;3551009.0;São Vicente;Baixada Santista;False;BRANCA
53744;3531902.0;Morro Agudo;Franca;False;BRANCA
53745;3509502.0;Campinas;Campinas;False;BRANCA
53746;3543402.0;Ribeirão Preto;Ribeirão Preto;False;IGNORADO
53747;3550308.0;São Paulo;Município de São Paulo;False;PARDA
53748;3524709.0;Jaguariúna;Campinas;False;BRANCA
53749;3550308.0;São Paulo;Município de São Paulo;False;NONE
53750;3550308.0;São Paulo;Município de São Paulo;True;BRANCA
53751;3541406.0;Presidente Prudente;Presidente Prudente;False;PARDA
53752;3556800.0;Viradouro;Barretos;False;BRANCA
53753;3556800.0;Viradouro;Barretos;False;NONE
53754;3550308.0;São Paulo;Município de São Paulo;True;BRANCA
53755;3539301.0;Pirassununga;Piracicaba;False;BRANCA
53756;3538709.0;Piracicaba;Piracicaba;False;BRANCA
53757;3552403.0;Sumaré;Campinas;False;
53758;3528809.0;Maracaí;Marília;False;PRETA
53759;3513801.0;Diadema;Grande SP Sudeste;True;BRANCA
53760;3552502.0;Suzano;Grande SP Leste;True;IGNORADO
53761;3550308.0;São Paulo;Município de São Paulo;True;NONE
53762;3543402.0;Ribeirão Preto;Ribeirão Preto;True;BRANCA
53763;3538709.0;Piracicaba;Piracicaba;False;PARDA
53764;3540804.0;Potirendaba;São José do Rio Preto;False;PARDA
53765;3524402.0;Jacareí;Taubaté;False;PARDA
53766;3518701.0;Guarujá;Baixada Santista;False;NONE
53767;3551801.0;Sete Barras;Registro;False;PRETA
53768;3543303.0;Ribeirão Pires;Grande SP Sudeste;False;BRANCA
53769;3521002.0;Iperó;Sorocaba;False;PARDA
53770;3548708.0;São Bernardo do Campo;Grande SP Sudeste;False;PARDA
53771;3550308.0;São Paulo;Município de São Paulo;False;PARDA
53772;3550308.0;São Paulo;Município de São Paulo;False;BRANCA
53773;3538204.0;Pinhalzinho;Campinas;False;PRETA
53774;3542602.0;Registro;Registro;False;IGNORADO
53775;3509502.0;Campinas;Campinas;False;BRANCA
53776;3552809.0;Taboão da Serra;Grande SP Sudoeste;False;PARDA
53777;3550308.0;São Paulo;Município de São Paulo;False;AMARELA
53778;3513009.0;Cotia;Grande SP Sudoeste;False;BRANCA
53779;3546306.0;Santa Cruz das Palmeiras;São João da Boa Vista;False;PARDA
53780;3520509.0;Indaiatuba;Campinas;False;PARDA
53781;3547809.0;Santo André;Grande SP Sudeste;False;BRANCA
53782;3548807.0;São Caetano do Sul;Grande SP Sudeste;False;BRANCA
53783;3518800.0;Guarulhos;Grande SP Leste;False;PARDA
53784;3518800.0;Guarulhos;Grande SP Leste;False;BRANCA
53785;3549805.0;São José do Rio Preto;São José do Rio Preto;False;BRANCA
