29078;3510609.0;Carapicuíba;Grande SP Oeste;False;PARDA
29079;3550308.0;São Paulo;Município de São Paulo;False;
29080;3550308.0;São Paulo;Município de São Paulo;False;PARDA
29081;3524808.0;Jales;São José do Rio Preto;False;BRANCA
29082;3545209.0;Salto;Sorocaba;False;IGNORADO
29083;3546603.0;Santa Fé do Sul;São José do Rio Preto;False;BRANCA
29084;3509502.0;Campinas;Campinas;False;BRANCA
29085;3549904.0;São José dos Campos;Taubaté;False;BRANCA
29086;3546801.0;Santa Isabel;Grande SP Leste;False;BRANCA
29087;3514502.0;Duartina;Bauru;False;BRANCA
29088;3539202.0;Pirapozinho;Presidente Prudente;False;PARDA
29089;3505906.0;Batatais;Ribeirão Preto;False;PARDA
29090;3519071.0;Hortolândia;Campinas;False;PARDA
29091;3538709.0;Piracicaba;Piracicaba;False;PRETA
29092;3552403.0;Sumaré;Campinas;False;PARDA
29093;3550308.0;São Paulo;Município de São Paulo;True;PARDA
29094;3548708.0;São Bernardo do Campo;Grande SP Sudeste;False;BRANCA
29095;3550308.0;São Paulo;Município de São Paulo;False;IGNORADO
29096;3550308.0;São Paulo;Município de São Paulo;False;PARDA
29097;3529906.0;Miracatu;Registro;False;BRANCA
29098;3550308.0;São Paulo;Município de São Paulo;False;BRANCA
29099;3552205.0;Sorocaba;Sorocaba;False;PARDA
29100;3554102.0;Taubaté;Taubaté;False;BRANCA
29101;3550308.0;São Paulo;Município de São Paulo;False;PARDA
29102;3550308.0;São Paulo;Município de São Paulo;False;BRANCA
29103;3557006.0;Votorantim;Sorocaba;False;
29104;3548708.0;São Bernardo do Campo;Grande SP Sudeste;False;BRANCA
29105;3533403.0;Nova Odessa;Campinas;False;PARDA
29106;3550308.0;São Paulo;Município de São Paulo;False;BRANCA
29107;3518800.0;Guarulhos;Grande SP Leste;False;PARDA
29108;3548807.0;São Caetano do Sul;Grande SP Sudeste;False;IGNORADO
29109;3545209.0;Salto;Sorocaba;False;AMARELA
29110;3524402.0;Jacareí;Taubaté;False;BRANCA
29111;3552809.0;Taboão da Serra;Grande SP Sudoeste;False;PARDA
29112;3550308.0;São Paulo;Município de São Paulo;False;PARDA
29113;3522208.0;Itapecerica da Serra;Grande SP Sudoeste;False;PARDA
29114;3552809.0;Taboão da Serra;Grande SP Sudoeste;False;
29115;3550308.0;São Paulo;Município de São Paulo;False;PARDA
29116;3550308.0;São Paulo;Município de São Paulo;False;BRANCA
29117;3549805.0;São José do Rio Preto;São José do Rio Preto;False;BRANCA
29118;3550308.0;São Paulo;Município de São Paulo;False;PARDA
29119;3550308.0;São Paulo;Município de São Paulo;True;BRANCA
29120;3505708.0;Barueri;Grande SP Oeste;False;PARDA
29121;3550308.0;São Paulo;Município de São Paulo;False;BRANCA
29122;3550308.0;São Paulo;Município de São Paulo;True;BRANCA
29123;3550308.0;São Paulo;Município de São Paulo;False;PRETA
29124;3522505.0;Itapevi;Grande SP Oeste;False;PARDA
29125;3550308.0;São Paulo;Município de São Paulo;True;BRANCA
29126;3546801.0;Santa Isabel;Grande SP Leste;False;BRANCA
29127;3539806.0;Poá;Grande SP Leste;False;IGNORADO
29128;3534203.0;Orindiúva;São José do Rio Preto;False;BRANCA
29129;3521804.0;Itaí;Bauru;False;BRANCA
29130;3550308.0;São Paulo;Município de São Paulo;False;IGNORADO
29131;3550308.0;São Paulo;Município de São Paulo;False;BRANCA
29132;3550308.0;São Paulo;Município de São Paulo;False;BRANCA
29133;3550308.0;São Paulo;Município de São Paulo;False;BRANCA
29134;3548708.0;São Bernardo do Campo;Grande SP Sudeste;False;
29135;3552403.0;Sumaré;Campinas;False;BRANCA
29136;3555703.0;União Paulista;São José do Rio Preto;False;BRANCA
29137;3548708.0;São Bernardo do Campo;Grande SP Sudeste;False;
29138;3523107.0;Itaquaquecetuba;Grande SP Leste;False;BRANCA
29139;3510807.0;Casa Branca;São João da Boa Vista;True;PARDA
29140;3525904.0;Jundiaí;Campinas;False;BRANCA
29141;3525904.0;Jundiaí;Campinas;True;BRANCA
29142;3550308.0;São Paulo;Município de São Paulo;False;PARDA
29143;3529005.0;Marília;Marília;False;BRANCA
29144;3531100.0;Mongaguá;Baixada Santista;False;PARDA
29145;3506508.0;Birigui;Araçatuba;False;AMARELA
29146;3548807.0;São Caetano do Sul;Grande SP Sudeste;False;BRANCA
29147;3557105.0;Votuporanga;São José do Rio Preto;False;BRANCA
29148;3505500.0;Barretos;Barretos;False;PRETA
29149;3548708.0;São Bernardo do Campo;Grande SP Sudeste;False;BRANCA
29150;3502804.0;Araçatuba;Araçatuba;False;PARDA
29151;3550308.0;São Paulo;Município de São Paulo;False;PARDA
29152;3550308.0;São Paulo;Município de São Paulo;False;IGNORADO
29153;3555109.0;Tupi Paulista;Presidente Prudente;False;BRANCA
29154;3547304.0;Santana de Parnaíba;Grande SP Oeste;False;PARDA
29155;3550308.0;São Paulo;Município de São Paulo;False;BRANCA
29156;3550308.0;São Paulo;Município de São Paulo;False;AMARELA
29157;3511508.0;Cerquilho;Sorocaba;False;BRANCA
29158;3520509.0;Indaiatuba;Campinas;False;IGNORADO
29159;3523909.0;Itu;Sorocaba;False;IGNORADO
29160;3550308.0;São Paulo;Município de São Paulo;False;BRANCA
29161;3507803.0;Brodowski;Ribeirão Preto;False;PARDA
29162;3528403.0;Mairinque;Sorocaba;False;PARDA
29163;3550308.0;São Paulo;Município de São Paulo;False;BRANCA
29164;3535309.0;Palmital;Marília;False;AMARELA
29165;3549904.0;São José dos Campos;Taubaté;False;PRETA
29166;3550308.0;São Paulo;Município de São Paulo;False;NONE
29167;3529401.0;Mauá;Grande SP Sudeste;False;BRANCA
29168;3550308.0;São Paulo;Município de São Paulo;False;PARDA
29169;3530706.0;Mogi Guaçu;São João da Boa Vista;False;BRANCA
29170;3513801.0;Diadema;Grande SP Sudeste;False;BRANCA
29171;3550308.0;São Paulo;Município de São Paulo;False;IGNORADO
29172;3530607.0;Mogi das Cruzes;Grande SP Leste;False;BRANCA
29173;3509502.0;Campinas;Campinas;False;NONE
29174;3554102.0;Taubaté;Taubaté;False;PARDA
29175;3552205.0;Sorocaba;Sorocaba;False;BRANCA
29176;3536505.0;Paulínia;Campinas;False;BRANCA
29177;3538709.0;Piracicaba;Piracicaba;False;BRANCA
29178;3529005.0;Marília;Marília;False;BRANCA
29179;3513504.0;Cubatão;Baixada Santista;False;PARDA
29180;3548500.0;Santos;Baixada Santista;False;AMARELA
29181;3518800.0;Guarulhos;Grande SP Leste;False;BRANCA
29182;3548708.0;São Bernardo do Campo;Grande SP Sudeste;False;BRANCA
29183;3548500.0;Santos;Baixada Santista;False;BRANCA
29184;3525904.0;Jundiaí;Campinas;False;BRANCA
29185;3550308.0;São Paulo;Município de São Paulo;False;IGNORADO
29186;3550308.0;São Paulo;Município de São Paulo;False;BRANCA
29187;3513009.0;Cotia;Grande SP Sudoeste;False;PARDA
29188;3548807.0;São Caetano do Sul;Grande SP Sudeste;False;IGNORADO
29189;3541307.0;Presidente Epitácio;Presidente Prudente;False;BRANCA
29190;3509502.0;Campinas;Campinas;False;BRANCA
29191;3543402.0;Ribeirão Preto;Ribeirão Preto;False;PARDA
29192;3547809.0;Santo André;Grande SP Sudeste;False;PARDA
29193;3531902.0;Morro Agudo;Franca;False;PARDA
29194;3550308.0;São Paulo;Município de São Paulo;False;NONE
29195;3548500.0;Santos;Baixada Santista;False;BRANCA
29196;3548500.0;Santos;Baixada Santista;False;BRANCA
29197;3549805.0;São José do Rio Preto;São José do Rio Preto;False;PARDA
29198;3550308.0;São Paulo;Município de São Paulo;False;IGNORADO
29199;3501608.0;Americana;Campinas;False;BRANCA
29200;3549904.0;São José dos Campos;Taubaté;False;PARDA
29201;3550308.0;São Paulo;Município de São Paulo;False;PARDA
29202;3509502.0;Campinas;Campinas;False;BRANCA
29203;3510401.0;Capivari;Piracicaba;False;BRANCA
29204;3509502.0;Campinas;Campinas;False;IGNORADO
29205;3525300.0;Jaú;Bauru;False;BRANCA
29206;3552403.0;Sumaré;Campinas;False;IGNORADO
29207;3529005.0;Marília;Marília;False;BRANCA
29208;3506003.0;Bauru;Bauru;False;IGNORADO
29209;3533502.0;Novo Horizonte;São José do Rio Preto;False;BRANCA
29210;3509502.0;Campinas;Campinas;False;BRANCA
29211;3543402.0;Ribeirão Preto;Ribeirão Preto;False;BRANCA
29212;3530607.0;Mogi das Cruzes;Grande SP Leste;False;BRANCA
29213;3518800.0;Guarulhos;Grande SP Leste;False;BRANCA
29214;3550704.0;São Sebastião;Taubaté;False;BRANCA
29215;3548500.0;Santos;Baixada Santista;False;NONE
29216;3550308.0;São Paulo;Município de São Paulo;False;
29217;3520509.0;Indaiatuba;Campinas;False;PRETA
29218;3550308.0;São Paulo;Município de São Paulo;False;BRANCA
29219;3524402.0;Jacareí;Taubaté;False;BRANCA
29220;3550308.0;São Paulo;Município de São Paulo;False;BRANCA
