42224;3518800.0;Guarulhos;Grande SP Leste;False;IGNORADO
42225;3550308.0;São Paulo;Município de São Paulo;False;NONE
42226;3502804.0;Araçatuba;Araçatuba;False;BRANCA
42227;3547809.0;Santo André;Grande SP Sudeste;False;BRANCA
42228;3513108.0;Cravinhos;Ribeirão Preto;False;IGNORADO
42229;3518800.0;Guarulhos;Grande SP Leste;False;BRANCA
42230;3526902.0;Limeira;Piracicaba;False;IGNORADO
42231;3522208.0;Itapecerica da Serra;Grande SP Sudoeste;False;BRANCA
42232;3550308.0;São Paulo;Município de São Paulo;False;PARDA
42233;3543402.0;Ribeirão Preto;Ribeirão Preto;False;PARDA
42234;3550308.0;São Paulo;Município de São Paulo;False;
42235;3518701.0;Guarujá;Baixada Santista;False;PARDA
42236;3522505.0;Itapevi;Grande SP Oeste;False;IGNORADO
42237;3548708.0;São Bernardo do Campo;Grande SP Sudeste;False;PARDA
42238;3550308.0;São Paulo;Município de São Paulo;False;IGNORADO
42239;3550308.0;São Paulo;Município de São Paulo;True;PARDA
42240;3529203.0;Martinópolis;Presidente Prudente;False;BRANCA
42241;3550308.0;São Paulo;Município de São Paulo;False;BRANCA
42242;3524402.0;Jacareí;Taubaté;False;PARDA
42243;3518800.0;Guarulhos;Grande SP Leste;False;PRETA
42244;3541406.0;Presidente Prudente;Presidente Prudente;False;BRANCA
42245;3513504.0;Cubatão;Baixada Santista;False;PRETA
42246;3520509.0;Indaiatuba;Campinas;False;BRANCA
42247;3550308.0;São Paulo;Município de São Paulo;False;PARDA
42248;3543303.0;Ribeirão Pires;Grande SP Sudeste;False;PARDA
42249;3538709.0;Piracicaba;Piracicaba;False;PRETA
42250;3531902.0;Morro Agudo;Franca;False;BRANCA
42251;3507803.0;Brodowski;Ribeirão Preto;True;BRANCA
42252;3538709.0;Piracicaba;Piracicaba;False;PARDA
42253;3550308.0;São Paulo;Município de São Paulo;False;BRANCA
42254;3548708.0;São Bernardo do Campo;Grande SP Sudeste;False;BRANCA
42255;3516002.0;Flórida Paulista;Marília;False;PARDA
42256;3546702.0;Santa Gertrudes;Piracicaba;False;BRANCA
42257;3550308.0;São Paulo;Município de São Paulo;False;BRANCA
42258;3509502.0;Campinas;Campinas;False;BRANCA
42259;3535200.0;Palmeira d'Oeste;São José do Rio Preto;False;BRANCA
42260;3545209.0;Salto;Sorocaba;True;IGNORADO
42261;3518800.0;Guarulhos;Grande SP Leste;False;BRANCA
42262;3510203.0;Capão Bonito;Sorocaba;False;BRANCA
42263;3548708.0;São Bernardo do Campo;Grande SP Sudeste;False;BRANCA
42264;3550308.0;São Paulo;Município de São Paulo;False;PARDA
42265;3548807.0;São Caetano do Sul;Grande SP Sudeste;True;BRANCA
42266;3548500.0;Santos;Baixada Santista;False;NONE
42267;3509007.0;Caieiras;Grande SP Norte;True;PARDA
42268;3509007.0;Caieiras;Grande SP Norte;True;PARDA
42269;3549904.0;São José dos Campos;Taubaté;False;IGNORADO
42270;3549904.0;São José dos Campos;Taubaté;False;IGNORADO
42271;3529401.0;Mauá;Grande SP Sudeste;False;PARDA
42272;3555000.0;Tupã;Marília;False;BRANCA
42273;3505708.0;Barueri;Grande SP Oeste;False;PARDA
42274;3550308.0;São Paulo;Município de São Paulo;False;IGNORADO
42275;3520103.0;Igarapava;Franca;False;PARDA
42276;3509502.0;Campinas;Campinas;False;BRANCA
42277;3534708.0;Ourinhos;Marília;False;BRANCA
42278;3510609.0;Carapicuíba;Grande SP Oeste;False;IGNORADO
42279;3529401.0;Mauá;Grande SP Sudeste;True;IGNORADO
42280;3550308.0;São Paulo;Município de São Paulo;False;NONE
42281;3503901.0;Arujá;Grande SP Leste;True;BRANCA
42282;3526902.0;Limeira;Piracicaba;False;BRANCA
42283;3550308.0;São Paulo;Município de São Paulo;False;PARDA
42284;3529401.0;Mauá;Grande SP Sudeste;False;BRANCA
42285;3526407.0;Laranjal Paulista;Bauru;False;BRANCA
42286;3523107.0;Itaquaquecetuba;Grande SP Leste;False;PARDA
42287;3531407.0;Monte Aprazível;São José do Rio Preto;False;IGNORADO
42288;3538709.0;Piracicaba;Piracicaba;False;IGNORADO
42289;3550308.0;São Paulo;Município de São Paulo;False;IGNORADO
42290;3518602.0;Guariba;Ribeirão Preto;False;PARDA
42291;3501608.0;Americana;Campinas;False;BRANCA
42292;3501608.0;Americana;Campinas;False;BRANCA
42293;3548708.0;São Bernardo do Campo;Grande SP Sudeste;False;PARDA
42294;3538709.0;Piracicaba;Piracicaba;False;BRANCA
42295;3519709.0;Ibiúna;Sorocaba;False;PARDA
42296;3547809.0;Santo André;Grande SP Sudeste;False;PARDA
42297;3555703.0;União Paulista;São José do Rio Preto;False;BRANCA
42298;3552205.0;Sorocaba;Sorocaba;False;IGNORADO
42299;3519303.0;Ibaté;Araraquara;False;BRANCA
42300;3527108.0;Lins;Bauru;False;BRANCA
42301;3543303.0;Ribeirão Pires;Grande SP Sudeste;False;IGNORADO
42302;3550308.0;São Paulo;Município de São Paulo;False;NONE
42303;3550308.0;São Paulo;Município de São Paulo;False;PRETA
42304;3505708.0;Barueri;Grande SP Oeste;False;PARDA
42305;3550308.0;São Paulo;Município de São Paulo;False;BRANCA
42306;3550308.0;São Paulo;Município de São Paulo;False;BRANCA
42307;3510500.0;Caraguatatuba;Taubaté;True;NONE
42308;3533403.0;Nova Odessa;Campinas;False;BRANCA
42309;3509502.0;Campinas;Campinas;False;BRANCA
42310;3550308.0;São Paulo;Município de São Paulo;False;PARDA
42311;3525300.0;Jaú;Bauru;False;BRANCA
42312;3550308.0;São Paulo;Município de São Paulo;True;PARDA
42313;3505500.0;Barretos;Barretos;False;
42314;3520509.0;Indaiatuba;Campinas;False;BRANCA
42315;3553104.0;Taiaçu;Barretos;False;BRANCA
42316;3548708.0;São Bernardo do Campo;Grande SP Sudeste;True;BRANCA
42317;3511102.0;Catanduva;São José do Rio Preto;False;BRANCA
42318;3548708.0;São Bernardo do Campo;Grande SP Sudeste;False;BRANCA
42319;3551009.0;São Vicente;Baixada Santista;False;NONE
42320;3509502.0;Campinas;Campinas;False;PARDA
42321;3555802.0;Urânia;São José do Rio Preto;False;BRANCA
42322;3538709.0;Piracicaba;Piracicaba;False;AMARELA
42323;3552809.0;Taboão da Serra;Grande SP Sudoeste;False;
42324;3548708.0;São Bernardo do Campo;Grande SP Sudeste;False;
42325;3550308.0;São Paulo;Município de São Paulo;False;BRANCA
42326;3513009.0;Cotia;Grande SP Sudoeste;False;PARDA
42327;3525904.0;Jundiaí;Campinas;False;BRANCA
42328;3552809.0;Taboão da Serra;Grande SP Sudoeste;False;PARDA
42329;3524808.0;Jales;São José do Rio Preto;False;BRANCA
42330;3530706.0;Mogi Guaçu;São João da Boa Vista;False;PRETA
42331;3550100.0;São Manuel;Bauru;True;BRANCA
42332;3549805.0;São José do Rio Preto;São José do Rio Preto;False;PARDA
42333;3509502.0;Campinas;Campinas;False;BRANCA
42334;3501608.0;Americana;Campinas;False;BRANCA
42335;3548708.0;São Bernardo do Campo;Grande SP Sudeste;False;AMARELA
42336;3508108.0;Buritama;Araçatuba;False;BRANCA
42337;3550308.0;São Paulo;Município de São Paulo;False;NONE
42338;3547809.0;Santo André;Grande SP Sudeste;False;BRANCA
42339;3506508.0;Birigui;Araçatuba;False;BRANCA
42340;3525904.0;Jundiaí;Campinas;False;BRANCA
42341;3550308.0;São Paulo;Município de São Paulo;False;BRANCA
42342;3550308.0;São Paulo;Município de São Paulo;True;PRETA
42343;3550308.0;São Paulo;Município de São Paulo;False;BRANCA
42344;3550308.0;São Paulo;Município de São Paulo;False;NONE
42345;3550308.0;São Paulo;Município de São Paulo;False;BRANCA
42346;3503208.0;Araraquara;Araraquara;False;BRANCA
42347;3550308.0;São Paulo;Município de São Paulo;False;PRETA
42348;3550704.0;São Sebastião;Taubaté;False;BRANCA
42349;3524600.0;Jacupiranga;Registro;False;IGNORADO
42350;3509502.0;Campinas;Campinas;True;PARDA
42351;3506003.0;Bauru;Bauru;False;PARDA
42352;3550308.0;São Paulo;Município de São Paulo;False;BRANCA
42353;3501608.0;Americana;Campinas;False;BRANCA
42354;3550308.0;São Paulo;Município de São Paulo;False;NONE
42355;3550308.0;São Paulo;Município de São Paulo;False;AMARELA
42356;3524808.0;Jales;São José do Rio Preto;True;BRANCA
42357;3514304.0;Dourado;Araraquara;False;BRANCA
42358;3550308.0;São Paulo;Município de São Paulo;False;IGNORADO
42359;3503802.0;Artur Nogueira;Campinas;False;BRANCA
42360;3550308.0;São Paulo;Município de São Paulo;False;IGNORADO
42361;3518701.0;Guarujá;Baixada Santista;False;AMARELA
42362;3550308.0;São Paulo;Município de São Paulo;False;BRANCA
42363;3550308.0;São Paulo;Município de São Paulo;False;BRANCA
42364;3541406.0;Presidente Prudente;Presidente Prudente;False;BRANCA
42365;3548807.0;São Caetano do Sul;Grande SP Sudeste;False;BRANCA
42366;3530300.0;Mirassol;São José do Rio Preto;False;BRANCA
42367;3548807.0;São Caetano do Sul;Grande SP Sudeste;False;BRANCA
