66785;3530607.0;Mogi das Cruzes;Grande SP Leste;False;PARDA
66786;3548906.0;São Carlos;Araraquara;False;IGNORADO
66787;3550308.0;São Paulo;Município de São Paulo;False;PARDA
66788;3510500.0;Caraguatatuba;Taubaté;False;BRANCA
66789;3510609.0;Carapicuíba;Grande SP Oeste;False;IGNORADO
66790;3550308.0;São Paulo;Município de São Paulo;False;AMARELA
66791;3549904.0;São José dos Campos;Taubaté;False;IGNORADO
66792;3536505.0;Paulínia;Campinas;False;BRANCA
66793;3538709.0;Piracicaba;Piracicaba;False;BRANCA
66794;3538709.0;Piracicaba;Piracicaba;False;BRANCA
66795;3536505.0;Paulínia;Campinas;False;IGNORADO
66796;3550308.0;São Paulo;Município de São Paulo;False;IGNORADO
66797;3518701.0;Guarujá;Baixada Santista;False;BRANCA
66798;3550308.0;São Paulo;Município de São Paulo;False;PARDA
66799;3515509.0;Fernandópolis;São José do Rio Preto;False;BRANCA
66800;3529401.0;Mauá;Grande SP Sudeste;False;BRANCA
66801;3550308.0;São Paulo;Município de São Paulo;False;PRETA
66802;3546405.0;Santa Cruz do Rio Pardo;Marília;False;BRANCA
66803;3550308.0;São Paulo;Município de São Paulo;False;PARDA
66804;3545803.0;Santa Bárbara d'Oeste;Campinas;False;BRANCA
66805;3548708.0;São Bernardo do Campo;Grande SP Sudeste;False;IGNORADO
66806;3556206.0;Valinhos;Campinas;False;IGNORADO
66807;3519253.0;Iaras;Bauru;False;BRANCA
66808;3547809.0;Santo André;Grande SP Sudeste;False;BRANCA
66809;3511508.0;Cerquilho;Sorocaba;False;BRANCA
66810;3523404.0;Itatiba;Campinas;False;BRANCA
66811;3550308.0;São Paulo;Município de São Paulo;False;PARDA
66812;3547809.0;Santo André;Grande SP Sudeste;False;IGNORADO
66813;3526902.0;Limeira;Piracicaba;False;BRANCA
66814;3515509.0;Fernandópolis;São José do Rio Preto;False;BRANCA
66815;3541406.0;Presidente Prudente;Presidente Prudente;False;BRANCA
66816;3524808.0;Jales;São José do Rio Preto;False;BRANCA
66817;3525706.0;José Bonifácio;São José do Rio Preto;False;BRANCA
66818;3550308.0;São Paulo;Município de São Paulo;False;BRANCA
66819;3548500.0;Santos;Baixada Santista;False;BRANCA
66820;3551702.0;Sertãozinho;Ribeirão Preto;False;BRANCA
66821;3524808.0;Jales;São José do Rio Preto;False;BRANCA
66822;3543402.0;Ribeirão Preto;Ribeirão Preto;False;PARDA
66823;3550308.0;São Paulo;Município de São Paulo;False;PARDA
66824;3526803.0;Lençóis Paulista;Bauru;False;NONE
66825;3503208.0;Araraquara;Araraquara;False;BRANCA
66826;3552205.0;Sorocaba;Sorocaba;False;BRANCA
66827;3517000.0;Getulina;Bauru;False;PARDA
66828;3527702.0;Luiziânia;Araçatuba;False;BRANCA
66829;3548500.0;Santos;Baixada Santista;False;NONE
66830;3549805.0;São José do Rio Preto;São José do Rio Preto;False;BRANCA
66831;3503208.0;Araraquara;Araraquara;False;AMARELA
66832;3556404.0;Vargem Grande do Sul;São João da Boa Vista;True;BRANCA
66833;3549805.0;São José do Rio Preto;São José do Rio Preto;False;BRANCA
66834;3547809.0;Santo André;Grande SP Sudeste;False;BRANCA
66835;3538907.0;Pirajuí;Bauru;False;BRANCA
66836;3506003.0;Bauru;Bauru;False;BRANCA
66837;3550308.0;São Paulo;Município de São Paulo;False;NONE
66838;3522307.0;Itapetininga;Sorocaba;False;IGNORADO
66839;3509502.0;Campinas;Campinas;True;PRETA
66840;3524402.0;Jacareí;Taubaté;False;IGNORADO
66841;3550308.0;São Paulo;Município de São Paulo;True;IGNORADO
66842;3550308.0;São Paulo;Município de São Paulo;False;BRANCA
66843;3518503.0;Guareí;Sorocaba;False;
66844;3513405.0;Cruzeiro;Taubaté;False;BRANCA
66845;3548500.0;Santos;Baixada Santista;False;
66846;3550308.0;São Paulo;Município de São Paulo;False;AMARELA
66847;3535002.0;Palestina;São José do Rio Preto;False;BRANCA
66848;3522604.0;Itapira;São João da Boa Vista;False;IGNORADO
66849;3550308.0;São Paulo;Município de São Paulo;False;IGNORADO
66850;3549904.0;São José dos Campos;Taubaté;False;BRANCA
66851;3545803.0;Santa Bárbara d'Oeste;Campinas;False;PARDA
66852;3552205.0;Sorocaba;Sorocaba;False;NONE
66853;3522406.0;Itapeva;Sorocaba;False;IGNORADO
66854;3515707.0;Ferraz de Vasconcelos;Grande SP Leste;False;IGNORADO
66855;3550308.0;São Paulo;Município de São Paulo;False;BRANCA
66856;3550308.0;São Paulo;Município de São Paulo;False;BRANCA
66857;3548708.0;São Bernardo do Campo;Grande SP Sudeste;False;BRANCA
66858;3541000.0;Praia Grande;Baixada Santista;False;BRANCA
66859;3518800.0;Guarulhos;Grande SP Leste;False;IGNORADO
66860;3549904.0;São José dos Campos;Taubaté;False;BRANCA
66861;3550308.0;São Paulo;Município de São Paulo;False;PARDA
66862;3552205.0;Sorocaba;Sorocaba;False;BRANCA
66863;3519055.0;Holambra;Campinas;False;BRANCA
66864;3536703.0;Pederneiras;Bauru;False;BRANCA
66865;3526209.0;Juquitiba;Grande SP Sudoeste;False;BRANCA
66866;3525904.0;Jundiaí;Campinas;False;PRETA
66867;3550308.0;São Paulo;Município de São Paulo;False;IGNORADO
66868;3550308.0;São Paulo;Município de São Paulo;False;BRANCA
66869;3550308.0;São Paulo;Município de São Paulo;False;PRETA
66870;3532827.0;Nova Campina;Sorocaba;False;BRANCA
66871;3550308.0;São Paulo;Município de São Paulo;False;NONE
66872;3550308.0;São Paulo;Município de São Paulo;False;BRANCA
66873;3550308.0;São Paulo;Município de São Paulo;False;PARDA
66874;3550308.0;São Paulo;Município de São Paulo;False;BRANCA
66875;3524402.0;Jacareí;Taubaté;False;PARDA
66876;3550308.0;São Paulo;Município de São Paulo;False;PARDA
66877;3541406.0;Presidente Prudente;Presidente Prudente;False;BRANCA
66878;3552502.0;Suzano;Grande SP Leste;False;IGNORADO
66879;3550308.0;São Paulo;Município de São Paulo;False;BRANCA
66880;3550308.0;São Paulo;Município de São Paulo;False;BRANCA
66881;3550308.0;São Paulo;Município de São Paulo;False;PARDA
66882;3550308.0;São Paulo;Município de São Paulo;False;BRANCA
66883;3506003.0;Bauru;Bauru;False;BRANCA
66884;3528007.0;Macatuba;Bauru;False;BRANCA
66885;3503208.0;Araraquara;Araraquara;False;BRANCA
66886;3550308.0;São Paulo;Município de São Paulo;False;IGNORADO
66887;3550308.0;São Paulo;Município de São Paulo;False;PARDA
66888;3523404.0;Itatiba;Campinas;False;IGNORADO
66889;3538709.0;Piracicaba;Piracicaba;False;BRANCA
66890;3551702.0;Sertãozinho;Ribeirão Preto;False;BRANCA
66891;3549805.0;São José do Rio Preto;São José do Rio Preto;False;BRANCA
66892;3549805.0;São José do Rio Preto;São José do Rio Preto;False;BRANCA
66893;3547809.0;Santo André;Grande SP Sudeste;False;PARDA
66894;3542602.0;Registro;Registro;False;PARDA
66895;3518800.0;Guarulhos;Grande SP Leste;False;IGNORADO
66896;3552403.0;Sumaré;Campinas;False;BRANCA
66897;3547809.0;Santo André;Grande SP Sudeste;False;BRANCA
66898;3541000.0;Praia Grande;Baixada Santista;False;BRANCA
66899;3524402.0;Jacareí;Taubaté;False;BRANCA
66900;3549904.0;São José dos Campos;Taubaté;False;BRANCA
66901;3550308.0;São Paulo;Município de São Paulo;False;IGNORADO
66902;3554003.0;Tatuí;Sorocaba;False;BRANCA
66903;3550308.0;São Paulo;Município de São Paulo;False;IGNORADO
66904;3554102.0;Taubaté;Taubaté;False;BRANCA
66905;3548500.0;Santos;Baixada Santista;False;BRANCA
66906;3550308.0;São Paulo;Município de São Paulo;False;BRANCA
66907;3550308.0;São Paulo;Município de São Paulo;False;IGNORADO
66908;3548708.0;São Bernardo do Campo;Grande SP Sudeste;False;PARDA
66909;3550308.0;São Paulo;Município de São Paulo;False;BRANCA
66910;3550308.0;São Paulo;Município de São Paulo;False;IGNORADO
66911;3501608.0;Americana;Campinas;False;BRANCA
66912;3550308.0;São Paulo;Município de São Paulo;False;BRANCA
66913;3509502.0;Campinas;Campinas;False;IGNORADO
66914;3546405.0;Santa Cruz do Rio Pardo;Marília;False;BRANCA
66915;3550308.0;São Paulo;Município de São Paulo;False;BRANCA
66916;3550308.0;São Paulo;Município de São Paulo;False;BRANCA
66917;3550308.0;São Paulo;Município de São Paulo;False;IGNORADO
66918;3508702.0;Caconde;São João da Boa Vista;False;BRANCA
66919;3550308.0;São Paulo;Município de São Paulo;False;BRANCA
66920;3550308.0;São Paulo;Município de São Paulo;False;BRANCA
66921;3548708.0;São Bernardo do Campo;Grande SP Sudeste;False;BRANCA
66922;3545308.0;Salto de Pirapora;Sorocaba;False;BRANCA
66923;3549904.0;São José dos Campos;Taubaté;False;BRANCA
66924;3510302.0;Capela do Alto;Sorocaba;False;BRANCA
66925;3550308.0;São Paulo;Município de São Paulo;False;IGNORADO
