30096;3550308.0;São Paulo;Município de São Paulo;False;BRANCA
30097;3554102.0;Taubaté;Taubaté;False;BRANCA
30098;3549904.0;São José dos Campos;Taubaté;False;PARDA
30099;3549904.0;São José dos Campos;Taubaté;False;IGNORADO
30100;3550308.0;São Paulo;Município de São Paulo;False;BRANCA
30101;3547809.0;Santo André;Grande SP Sudeste;False;AMARELA
30102;3550308.0;São Paulo;Município de São Paulo;False;IGNORADO
30103;3507605.0;Bragança Paulista;Campinas;False;BRANCA
30104;3550308.0;São Paulo;Município de São Paulo;False;PARDA
30105;3550308.0;São Paulo;Município de São Paulo;False;PARDA
30106;3550308.0;São Paulo;Município de São Paulo;False;IGNORADO
30107;3506003.0;Bauru;Bauru;False;IGNORADO
30108;3530607.0;Mogi das Cruzes;Grande SP Leste;False;BRANCA
30109;3552403.0;Sumaré;Campinas;False;BRANCA
30110;3548708.0;São Bernardo do Campo;Grande SP Sudeste;False;
30111;3515186.0;Espírito Santo do Pinhal;São João da Boa Vista;False;BRANCA
30112;3509700.0;Campos do Jordão;Taubaté;False;BRANCA
30113;3504107.0;Atibaia;Campinas;False;IGNORADO
30114;3550308.0;São Paulo;Município de São Paulo;False;PRETA
30115;3521705.0;Itaberá;Sorocaba;False;BRANCA
30116;3515004.0;Embu das Artes;Grande SP Sudoeste;False;PARDA
30117;3550308.0;São Paulo;Município de São Paulo;False;BRANCA
30118;3542206.0;Rancharia;Presidente Prudente;False;PARDA
30119;3509502.0;Campinas;Campinas;False;NONE
30120;3526803.0;Lençóis Paulista;Bauru;False;BRANCA
30121;3529005.0;Marília;Marília;False;PARDA
30122;3530607.0;Mogi das Cruzes;Grande SP Leste;False;IGNORADO
30123;3529005.0;Marília;Marília;False;BRANCA
30124;3510807.0;Casa Branca;São João da Boa Vista;False;BRANCA
30125;3505500.0;Barretos;Barretos;False;PARDA
30126;3549904.0;São José dos Campos;Taubaté;False;BRANCA
30127;3528502.0;Mairiporã;Grande SP Norte;False;BRANCA
30128;3552205.0;Sorocaba;Sorocaba;False;BRANCA
30129;3553955.0;Tarumã;Marília;False;PARDA
30130;3549904.0;São José dos Campos;Taubaté;False;BRANCA
30131;3550308.0;São Paulo;Município de São Paulo;False;IGNORADO
30132;3550308.0;São Paulo;Município de São Paulo;False;BRANCA
30133;3550308.0;São Paulo;Município de São Paulo;False;NONE
30134;3552205.0;Sorocaba;Sorocaba;False;IGNORADO
30135;3516408.0;Franco da Rocha;Grande SP Norte;False;
30136;3550308.0;São Paulo;Município de São Paulo;False;PRETA
30137;3552205.0;Sorocaba;Sorocaba;False;BRANCA
30138;3509502.0;Campinas;Campinas;False;PARDA
30139;3526803.0;Lençóis Paulista;Bauru;False;BRANCA
30140;3550308.0;São Paulo;Município de São Paulo;False;
30141;3550308.0;São Paulo;Município de São Paulo;False;PRETA
30142;3523909.0;Itu;Sorocaba;True;BRANCA
30143;3526704.0;Leme;Piracicaba;True;BRANCA
30144;3503901.0;Arujá;Grande SP Leste;False;BRANCA
30145;3518800.0;Guarulhos;Grande SP Leste;True;PARDA
30146;3530706.0;Mogi Guaçu;São João da Boa Vista;False;BRANCA
30147;3550308.0;São Paulo;Município de São Paulo;False;BRANCA
30148;3504503.0;Avaré;Bauru;False;
30149;3549102.0;São João da Boa Vista;São João da Boa Vista;False;BRANCA
30150;3510807.0;Casa Branca;São João da Boa Vista;False;PARDA
30151;3552205.0;Sorocaba;Sorocaba;False;BRANCA
30152;3545407.0;Salto Grande;Marília;False;PARDA
30153;3515152.0;Engenheiro Coelho;Piracicaba;False;PARDA
30154;3552205.0;Sorocaba;Sorocaba;False;BRANCA
30155;3552205.0;Sorocaba;Sorocaba;False;BRANCA
30156;3530300.0;Mirassol;São José do Rio Preto;False;BRANCA
30157;3555406.0;Ubatuba;Taubaté;True;IGNORADO
30158;3509502.0;Campinas;Campinas;False;PARDA
30159;3550308.0;São Paulo;Município de São Paulo;False;
30160;3507506.0;Botucatu;Bauru;False;BRANCA
30161;3549805.0;São José do Rio Preto;São José do Rio Preto;False;BRANCA
30162;3505500.0;Barretos;Barretos;True;BRANCA
30163;3521705.0;Itaberá;Sorocaba;False;BRANCA
30164;3524709.0;Jaguariúna;Campinas;False;BRANCA
30165;3522208.0;Itapecerica da Serra;Grande SP Sudoeste;False;BRANCA
30166;3518800.0;Guarulhos;Grande SP Leste;False;PARDA
30167;3550308.0;São Paulo;Município de São Paulo;True;IGNORADO
30168;3530805.0;Mogi Mirim;São João da Boa Vista;False;BRANCA
30169;3550308.0;São Paulo;Município de São Paulo;False;BRANCA
30170;3522505.0;Itapevi;Grande SP Oeste;False;BRANCA
30171;3536208.0;Pariquera-Açu;Registro;False;BRANCA
30172;3509205.0;Cajamar;Grande SP Norte;False;BRANCA
30173;3556453.0;Vargem Grande Paulista;Grande SP Sudoeste;False;PARDA
30174;3519303.0;Ibaté;Araraquara;False;BRANCA
30175;3550605.0;São Roque;Sorocaba;False;BRANCA
30176;3509908.0;Cananéia;Registro;False;PARDA
30177;3554102.0;Taubaté;Taubaté;True;BRANCA
30178;3552205.0;Sorocaba;Sorocaba;False;BRANCA
30179;3550308.0;São Paulo;Município de São Paulo;False;NONE
30180;3550308.0;São Paulo;Município de São Paulo;True;BRANCA
30181;3530508.0;Mococa;São João da Boa Vista;True;BRANCA
30182;3554102.0;Taubaté;Taubaté;True;BRANCA
30183;3547809.0;Santo André;Grande SP Sudeste;False;BRANCA
30184;3527207.0;Lorena;Taubaté;True;BRANCA
30185;3509502.0;Campinas;Campinas;True;BRANCA
30186;3516200.0;Franca;Franca;False;BRANCA
30187;3503307.0;Araras;Piracicaba;False;BRANCA
30188;3524402.0;Jacareí;Taubaté;False;IGNORADO
30189;3552403.0;Sumaré;Campinas;False;PARDA
30190;3539806.0;Poá;Grande SP Leste;False;BRANCA
30191;3545209.0;Salto;Sorocaba;False;AMARELA
30192;3526407.0;Laranjal Paulista;Bauru;False;BRANCA
30193;3525904.0;Jundiaí;Campinas;False;AMARELA
30194;3502804.0;Araçatuba;Araçatuba;True;PRETA
30195;3548906.0;São Carlos;Araraquara;False;IGNORADO
30196;3522208.0;Itapecerica da Serra;Grande SP Sudoeste;False;IGNORADO
30197;3550308.0;São Paulo;Município de São Paulo;True;IGNORADO
30198;3516853.0;Gavião Peixoto;Araraquara;False;BRANCA
30199;3552700.0;Tabatinga;Araraquara;False;AMARELA
30200;3504008.0;Assis;Marília;False;BRANCA
30201;3534302.0;Orlândia;Franca;False;BRANCA
30202;3550308.0;São Paulo;Município de São Paulo;False;IGNORADO
30203;3541406.0;Presidente Prudente;Presidente Prudente;False;BRANCA
30204;3533502.0;Novo Horizonte;São José do Rio Preto;False;PARDA
30205;3509502.0;Campinas;Campinas;False;PARDA
30206;3525300.0;Jaú;Bauru;False;PRETA
30207;3550308.0;São Paulo;Município de São Paulo;False;BRANCA
30208;3515202.0;Estrela d'Oeste;São José do Rio Preto;True;IGNORADO
30209;3547304.0;Santana de Parnaíba;Grande SP Oeste;False;IGNORADO
30210;3550308.0;São Paulo;Município de São Paulo;False;BRANCA
30211;3552205.0;Sorocaba;Sorocaba;False;BRANCA
30212;3502804.0;Araçatuba;Araçatuba;False;BRANCA
30213;3522802.0;Itaporanga;Bauru;False;BRANCA
30214;3520509.0;Indaiatuba;Campinas;False;PRETA
30215;3549904.0;São José dos Campos;Taubaté;False;BRANCA
30216;3513801.0;Diadema;Grande SP Sudeste;False;NONE
30217;3505500.0;Barretos;Barretos;False;PARDA
30218;3548005.0;Santo Antônio de Posse;Campinas;False;BRANCA
30219;3550308.0;São Paulo;Município de São Paulo;False;BRANCA
30220;3526902.0;Limeira;Piracicaba;True;BRANCA
30221;3531902.0;Morro Agudo;Franca;True;BRANCA
30222;3518800.0;Guarulhos;Grande SP Leste;False;BRANCA
30223;3550308.0;São Paulo;Município de São Paulo;False;PARDA
30224;3557105.0;Votuporanga;São José do Rio Preto;False;BRANCA
30225;3553005.0;Taguaí;Bauru;False;BRANCA
30226;3524402.0;Jacareí;Taubaté;False;PRETA
30227;3509502.0;Campinas;Campinas;False;BRANCA
30228;3549805.0;São José do Rio Preto;São José do Rio Preto;False;BRANCA
30229;3554607.0;Timburi;Marília;True;PRETA
30230;3554003.0;Tatuí;Sorocaba;False;IGNORADO
30231;3550308.0;São Paulo;Município de São Paulo;True;BRANCA
30232;3512308.0;Conchas;Bauru;False;BRANCA
30233;3506003.0;Bauru;Bauru;False;BRANCA
30234;3521705.0;Itaberá;Sorocaba;False;BRANCA
30235;3550308.0;São Paulo;Município de São Paulo;False;BRANCA
30236;3531506.0;Monte Azul Paulista;Barretos;False;NONE
30237;3526100.0;Juquiá;Registro;False;AMARELA
30238;3539509.0;Pitangueiras;Ribeirão Preto;False;BRANCA
30239;3500402.0;Águas da Prata;São João da Boa Vista;False;PARDA
30240;3518800.0;Guarulhos;Grande SP Leste;False;NONE
30241;3541000.0;Praia Grande;Baixada Santista;False;BRANCA
30242;3541000.0;Praia Grande;Baixada Santista;True;PARDA
30243;3550308.0;São Paulo;Município de São Paulo;False;BRANCA
30244;3502903.0;Araçoiaba da Serra;Sorocaba;False;
