16676;3543402.0;Ribeirão Preto;Ribeirão Preto;True;PARDA
16677;3548500.0;Santos;Baixada Santista;False;BRANCA
16678;3550308.0;São Paulo;Município de São Paulo;False;BRANCA
16679;3517604.0;Guapiara;Sorocaba;False;PARDA
16680;3546306.0;Santa Cruz das Palmeiras;São João da Boa Vista;False;PARDA
16681;3520509.0;Indaiatuba;Campinas;False;PARDA
16682;3510401.0;Capivari;Piracicaba;False;PARDA
16683;3509700.0;Campos do Jordão;Taubaté;False;BRANCA
16684;3505708.0;Barueri;Grande SP Oeste;True;BRANCA
16685;3526704.0;Leme;Piracicaba;False;BRANCA
16686;3528502.0;Mairiporã;Grande SP Norte;False;BRANCA
16687;3508405.0;Cabreúva;Campinas;False;PARDA
16688;3541000.0;Praia Grande;Baixada Santista;True;PARDA
16689;3550308.0;São Paulo;Município de São Paulo;False;BRANCA
16690;3550308.0;São Paulo;Município de São Paulo;False;IGNORADO
16691;3551009.0;São Vicente;Baixada Santista;False;IGNORADO
16692;3544004.0;Rio das Pedras;Piracicaba;False;BRANCA
16693;3531902.0;Morro Agudo;Franca;False;PARDA
16694;3551702.0;Sertãozinho;Ribeirão Preto;False;BRANCA
16695;3557006.0;Votorantim;Sorocaba;False;PARDA
16696;3527108.0;Lins;Bauru;False;PARDA
16697;3550308.0;São Paulo;Município de São Paulo;False;PARDA
16698;3550308.0;São Paulo;Município de São Paulo;False;BRANCA
16699;3550308.0;São Paulo;Município de São Paulo;False;NONE
16700;3526803.0;Lençóis Paulista;Bauru;False;BRANCA
16701;3549904.0;São José dos Campos;Taubaté;False;BRANCA
16702;3526704.0;Leme;Piracicaba;False;BRANCA
16703;3550308.0;São Paulo;Município de São Paulo;False;AMARELA
16704;3556453.0;Vargem Grande Paulista;Grande SP Sudoeste;False;PARDA
16705;3550308.0;São Paulo;Município de São Paulo;False;BRANCA
16706;3534401.0;Osasco;Grande SP Oeste;False;BRANCA
16707;3515004.0;Embu das Artes;Grande SP Sudoeste;False;BRANCA
16708;3518800.0;Guarulhos;Grande SP Leste;False;PARDA
16709;3550308.0;São Paulo;Município de São Paulo;False;
16710;3518701.0;Guarujá;Baixada Santista;False;AMARELA
16711;3550308.0;São Paulo;Município de São Paulo;False;PRETA
16712;3548807.0;São Caetano do Sul;Grande SP Sudeste;False;BRANCA
16713;3528007.0;Macatuba;Bauru;False;AMARELA
16714;3547809.0;Santo André;Grande SP Sudeste;False;PARDA
16715;3550308.0;São Paulo;Município de São Paulo;False;PRETA
16716;3550308.0;São Paulo;Município de São Paulo;False;PARDA
16717;3550308.0;São Paulo;Município de São Paulo;False;BRANCA
16718;3518404.0;Guaratinguetá;Taubaté;False;PARDA
16719;3549904.0;São José dos Campos;Taubaté;False;PARDA
16720;3529401.0;Mauá;Grande SP Sudeste;False;IGNORADO
16721;3550308.0;São Paulo;Município de São Paulo;False;PARDA
16722;3529401.0;Mauá;Grande SP Sudeste;False;
16723;3548708.0;São Bernardo do Campo;Grande SP Sudeste;False;BRANCA
16724;3550308.0;São Paulo;Município de São Paulo;False;PRETA
16725;3523909.0;Itu;Sorocaba;False;BRANCA
16726;3543402.0;Ribeirão Preto;Ribeirão Preto;False;AMARELA
16727;3529005.0;Marília;Marília;False;PARDA
16728;3550308.0;São Paulo;Município de São Paulo;False;BRANCA
16729;3543907.0;Rio Claro;Piracicaba;False;BRANCA
16730;3524006.0;Itupeva;Campinas;False;BRANCA
16731;3518800.0;Guarulhos;Grande SP Leste;False;BRANCA
16732;3548500.0;Santos;Baixada Santista;False;BRANCA
16733;3513009.0;Cotia;Grande SP Sudoeste;False;PARDA
16734;3548500.0;Santos;Baixada Santista;False;PARDA
16735;3549805.0;São José do Rio Preto;São José do Rio Preto;False;BRANCA
16736;3524402.0;Jacareí;Taubaté;False;IGNORADO
16737;3547809.0;Santo André;Grande SP Sudeste;False;BRANCA
16738;3541000.0;Praia Grande;Baixada Santista;False;BRANCA
16739;3549904.0;São José dos Campos;Taubaté;False;BRANCA
16740;3548500.0;Santos;Baixada Santista;False;
16741;3550308.0;São Paulo;Município de São Paulo;False;PARDA
16742;3548500.0;Santos;Baixada Santista;False;BRANCA
16743;3550308.0;São Paulo;Município de São Paulo;False;BRANCA
16744;3549805.0;São José do Rio Preto;São José do Rio Preto;False;BRANCA
16745;3550308.0;São Paulo;Município de São Paulo;False;BRANCA
16746;3550308.0;São Paulo;Município de São Paulo;False;BRANCA
16747;3525904.0;Jundiaí;Campinas;False;IGNORADO
16748;3547304.0;Santana de Parnaíba;Grande SP Oeste;False;BRANCA
16749;3541406.0;Presidente Prudente;Presidente Prudente;False;BRANCA
16750;3504107.0;Atibaia;Campinas;False;IGNORADO
16751;3525904.0;Jundiaí;Campinas;False;BRANCA
16752;3550308.0;São Paulo;Município de São Paulo;False;BRANCA
16753;3552205.0;Sorocaba;Sorocaba;False;BRANCA
16754;3502804.0;Araçatuba;Araçatuba;False;BRANCA
16755;3516408.0;Franco da Rocha;Grande SP Norte;False;IGNORADO
16756;3513009.0;Cotia;Grande SP Sudoeste;False;PARDA
16757;3541000.0;Praia Grande;Baixada Santista;False;PARDA
16758;3550308.0;São Paulo;Município de São Paulo;False;BRANCA
16759;3551009.0;São Vicente;Baixada Santista;False;IGNORADO
16760;3523107.0;Itaquaquecetuba;Grande SP Leste;False;PARDA
16761;3550308.0;São Paulo;Município de São Paulo;False;PARDA
16762;3550308.0;São Paulo;Município de São Paulo;False;PARDA
16763;3550308.0;São Paulo;Município de São Paulo;False;IGNORADO
16764;3515004.0;Embu das Artes;Grande SP Sudoeste;False;PRETA
16765;3550308.0;São Paulo;Município de São Paulo;False;BRANCA
16766;3522208.0;Itapecerica da Serra;Grande SP Sudoeste;False;BRANCA
16767;3547809.0;Santo André;Grande SP Sudeste;False;BRANCA
16768;3550308.0;São Paulo;Município de São Paulo;False;BRANCA
16769;3550308.0;São Paulo;Município de São Paulo;True;BRANCA
16770;3534401.0;Osasco;Grande SP Oeste;False;PARDA
16771;3529401.0;Mauá;Grande SP Sudeste;False;BRANCA
16772;3516200.0;Franca;Franca;False;BRANCA
16773;3554003.0;Tatuí;Sorocaba;False;BRANCA
16774;3541000.0;Praia Grande;Baixada Santista;False;BRANCA
16775;3525102.0;Jardinópolis;Ribeirão Preto;False;BRANCA
16776;3510609.0;Carapicuíba;Grande SP Oeste;False;IGNORADO
16777;3548500.0;Santos;Baixada Santista;False;BRANCA
16778;3525300.0;Jaú;Bauru;False;BRANCA
16779;3550308.0;São Paulo;Município de São Paulo;False;BRANCA
16780;3509502.0;Campinas;Campinas;False;BRANCA
16781;3505302.0;Barra Bonita;Bauru;False;PARDA
16782;3519600.0;Ibitinga;Araraquara;False;IGNORADO
16783;3540606.0;Porto Feliz;Sorocaba;False;BRANCA
16784;3549805.0;São José do Rio Preto;São José do Rio Preto;False;PRETA
16785;3548500.0;Santos;Baixada Santista;False;PARDA
16786;3550308.0;São Paulo;Município de São Paulo;False;
16787;3550308.0;São Paulo;Município de São Paulo;False;BRANCA
16788;3529401.0;Mauá;Grande SP Sudeste;False;BRANCA
16789;3551702.0;Sertãozinho;Ribeirão Preto;False;BRANCA
16790;3550308.0;São Paulo;Município de São Paulo;False;BRANCA
16791;3518701.0;Guarujá;Baixada Santista;False;BRANCA
16792;3501608.0;Americana;Campinas;False;BRANCA
16793;3506003.0;Bauru;Bauru;False;IGNORADO
16794;3550308.0;São Paulo;Município de São Paulo;False;PARDA
16795;3505708.0;Barueri;Grande SP Oeste;False;PARDA
16796;3543402.0;Ribeirão Preto;Ribeirão Preto;False;IGNORADO
16797;3512803.0;Cosmópolis;Campinas;False;PARDA
16798;3548500.0;Santos;Baixada Santista;False;PARDA
16799;3506508.0;Birigui;Araçatuba;False;IGNORADO
16800;3510609.0;Carapicuíba;Grande SP Oeste;False;BRANCA
16801;3548500.0;Santos;Baixada Santista;False;BRANCA
16802;3550308.0;São Paulo;Município de São Paulo;False;
16803;3554805.0;Tremembé;Taubaté;False;BRANCA
16804;3551009.0;São Vicente;Baixada Santista;False;NONE
16805;3525706.0;José Bonifácio;São José do Rio Preto;False;BRANCA
16806;3525102.0;Jardinópolis;Ribeirão Preto;False;IGNORADO
16807;3550308.0;São Paulo;Município de São Paulo;False;BRANCA
16808;3549805.0;São José do Rio Preto;São José do Rio Preto;False;BRANCA
16809;3550308.0;São Paulo;Município de São Paulo;False;
16810;3533502.0;Novo Horizonte;São José do Rio Preto;False;BRANCA
16811;3557204.0;Chavantes;Marília;False;BRANCA
16812;3509601.0;Campo Limpo Paulista;Campinas;False;BRANCA
16813;3515707.0;Ferraz de Vasconcelos;Grande SP Leste;False;BRANCA
16814;3549805.0;São José do Rio Preto;São José do Rio Preto;False;BRANCA
16815;3503208.0;Araraquara;Araraquara;False;BRANCA
16816;3513801.0;Diadema;Grande SP Sudeste;False;PARDA
16817;3513504.0;Cubatão;Baixada Santista;False;PARDA
16818;3552205.0;Sorocaba;Sorocaba;False;BRANCA
