27513;3527504.0;Lucianópolis;Bauru;False;BRANCA
27514;3550308.0;São Paulo;Município de São Paulo;False;BRANCA
27515;3512803.0;Cosmópolis;Campinas;False;AMARELA
27516;3549805.0;São José do Rio Preto;São José do Rio Preto;False;BRANCA
27517;3550308.0;São Paulo;Município de São Paulo;False;BRANCA
27518;3549102.0;São João da Boa Vista;São João da Boa Vista;False;BRANCA
27519;3520509.0;Indaiatuba;Campinas;False;IGNORADO
27520;3548708.0;São Bernardo do Campo;Grande SP Sudeste;False;PARDA
27521;3526803.0;Lençóis Paulista;Bauru;False;NONE
27522;3539806.0;Poá;Grande SP Leste;False;IGNORADO
27523;3522208.0;Itapecerica da Serra;Grande SP Sudoeste;False;PARDA
27524;3550308.0;São Paulo;Município de São Paulo;False;PARDA
27525;3522505.0;Itapevi;Grande SP Oeste;False;PRETA
27526;3546702.0;Santa Gertrudes;Piracicaba;False;BRANCA
27527;3505708.0;Barueri;Grande SP Oeste;False;BRANCA
27528;3518800.0;Guarulhos;Grande SP Leste;False;BRANCA
27529;3524402.0;Jacareí;Taubaté;False;IGNORADO
27530;3550308.0;São Paulo;Município de São Paulo;False;PARDA
27531;3512407.0;Cordeirópolis;Piracicaba;False;BRANCA
27532;3552403.0;Sumaré;Campinas;False;PRETA
27533;3555406.0;Ubatuba;Taubaté;False;BRANCA
27534;3513801.0;Diadema;Grande SP Sudeste;False;BRANCA
27535;3506003.0;Bauru;Bauru;False;IGNORADO
27536;3542602.0;Registro;Registro;False;PARDA
27537;3508405.0;Cabreúva;Campinas;False;PARDA
27538;3548708.0;São Bernardo do Campo;Grande SP Sudeste;False;PARDA
27539;3552205.0;Sorocaba;Sorocaba;False;BRANCA
27540;3550308.0;São Paulo;Município de São Paulo;False;AMARELA
27541;3518800.0;Guarulhos;Grande SP Leste;False;PARDA
27542;3526902.0;Limeira;Piracicaba;False;PRETA
27543;3550704.0;São Sebastião;Taubaté;False;AMARELA
27544;3509502.0;Campinas;Campinas;False;IGNORADO
27545;3538709.0;Piracicaba;Piracicaba;False;NONE
27546;3538709.0;Piracicaba;Piracicaba;False;IGNORADO
27547;3511102.0;Catanduva;São José do Rio Preto;False;BRANCA
27548;3549805.0;São José do Rio Preto;São José do Rio Preto;False;BRANCA
27549;3549904.0;São José dos Campos;Taubaté;False;NONE
27550;3520400.0;Ilhabela;Taubaté;False;PARDA
27551;3525003.0;Jandira;Grande SP Oeste;False;BRANCA
27552;3548708.0;São Bernardo do Campo;Grande SP Sudeste;False;BRANCA
27553;3550308.0;São Paulo;Município de São Paulo;True;BRANCA
27554;3550308.0;São Paulo;Município de São Paulo;False;PARDA
27555;3550308.0;São Paulo;Município de São Paulo;False;IGNORADO
27556;3509502.0;Campinas;Campinas;True;BRANCA
27557;3518701.0;Guarujá;Baixada Santista;False;PARDA
27558;3550308.0;São Paulo;Município de São Paulo;False;PRETA
27559;3523107.0;Itaquaquecetuba;Grande SP Leste;True;PARDA
27560;3534708.0;Ourinhos;Marília;False;BRANCA
27561;3552403.0;Sumaré;Campinas;False;AMARELA
27562;3528007.0;Macatuba;Bauru;False;PRETA
27563;3501608.0;Americana;Campinas;False;PARDA
27564;3550308.0;São Paulo;Município de São Paulo;False;IGNORADO
27565;3524402.0;Jacareí;Taubaté;False;BRANCA
27566;3530607.0;Mogi das Cruzes;Grande SP Leste;False;BRANCA
27567;3556305.0;Valparaíso;Araçatuba;False;PARDA
27568;3550308.0;São Paulo;Município de São Paulo;False;PRETA
27569;3509502.0;Campinas;Campinas;False;BRANCA
27570;3509502.0;Campinas;Campinas;False;PRETA
27571;3518800.0;Guarulhos;Grande SP Leste;False;PARDA
27572;3550308.0;São Paulo;Município de São Paulo;False;PARDA
27573;3547809.0;Santo André;Grande SP Sudeste;False;BRANCA
27574;3551009.0;São Vicente;Baixada Santista;False;PARDA
27575;3550308.0;São Paulo;Município de São Paulo;False;NONE
27576;3550308.0;São Paulo;Município de São Paulo;False;PARDA
27577;3550308.0;São Paulo;Município de São Paulo;False;NONE
27578;3550308.0;São Paulo;Município de São Paulo;False;PARDA
27579;3550308.0;São Paulo;Município de São Paulo;False;AMARELA
27580;3550308.0;São Paulo;Município de São Paulo;False;PRETA
27581;3526100.0;Juquiá;Registro;False;AMARELA
27582;3548500.0;Santos;Baixada Santista;False;BRANCA
27583;3515707.0;Ferraz de Vasconcelos;Grande SP Leste;False;PARDA
27584;3522505.0;Itapevi;Grande SP Oeste;False;PARDA
27585;3527306.0;Louveira;Campinas;False;BRANCA
27586;3523909.0;Itu;Sorocaba;False;BRANCA
27587;3515707.0;Ferraz de Vasconcelos;Grande SP Leste;False;PARDA
27588;3550308.0;São Paulo;Município de São Paulo;True;NONE
27589;3550308.0;São Paulo;Município de São Paulo;True;BRANCA
27590;3529401.0;Mauá;Grande SP Sudeste;False;PARDA
27591;3506003.0;Bauru;Bauru;False;BRANCA
27592;3549805.0;São José do Rio Preto;São José do Rio Preto;False;BRANCA
27593;3550308.0;São Paulo;Município de São Paulo;True;BRANCA
27594;3552205.0;Sorocaba;Sorocaba;False;PARDA
27595;3504800.0;Bálsamo;São José do Rio Preto;False;PRETA
27596;3550308.0;São Paulo;Município de São Paulo;False;
27597;3515004.0;Embu das Artes;Grande SP Sudoeste;True;IGNORADO
27598;3551009.0;São Vicente;Baixada Santista;False;PARDA
27599;3550308.0;São Paulo;Município de São Paulo;False;PARDA
27600;3552205.0;Sorocaba;Sorocaba;False;BRANCA
27601;3550308.0;São Paulo;Município de São Paulo;False;IGNORADO
27602;3543907.0;Rio Claro;Piracicaba;False;BRANCA
27603;3550308.0;São Paulo;Município de São Paulo;False;PARDA
27604;3507407.0;Borborema;Araraquara;False;BRANCA
27605;3534401.0;Osasco;Grande SP Oeste;False;BRANCA
27606;3525904.0;Jundiaí;Campinas;False;IGNORADO
27607;3550308.0;São Paulo;Município de São Paulo;False;BRANCA
27608;3550308.0;São Paulo;Município de São Paulo;False;PARDA
27609;3550308.0;São Paulo;Município de São Paulo;False;BRANCA
27610;3550704.0;São Sebastião;Taubaté;False;BRANCA
27611;3550308.0;São Paulo;Município de São Paulo;False;BRANCA
27612;3507605.0;Bragança Paulista;Campinas;False;BRANCA
27613;3502705.0;Apiaí;Sorocaba;False;BRANCA
27614;3550308.0;São Paulo;Município de São Paulo;False;BRANCA
27615;3547809.0;Santo André;Grande SP Sudeste;False;BRANCA
27616;3550308.0;São Paulo;Município de São Paulo;False;
27617;3549409.0;São Joaquim da Barra;Franca;False;BRANCA
27618;3547809.0;Santo André;Grande SP Sudeste;False;IGNORADO
27619;3550308.0;São Paulo;Município de São Paulo;False;PARDA
27620;3523107.0;Itaquaquecetuba;Grande SP Leste;False;PARDA
27621;3506102.0;Bebedouro;Barretos;False;BRANCA
27622;3534302.0;Orlândia;Franca;True;BRANCA
27623;3541406.0;Presidente Prudente;Presidente Prudente;False;BRANCA
27624;3530607.0;Mogi das Cruzes;Grande SP Leste;False;PARDA
27625;3550308.0;São Paulo;Município de São Paulo;False;IGNORADO
27626;3547809.0;Santo André;Grande SP Sudeste;False;PARDA
27627;3516309.0;Francisco Morato;Grande SP Norte;False;NONE
27628;3538709.0;Piracicaba;Piracicaba;False;BRANCA
27629;3550308.0;São Paulo;Município de São Paulo;False;INDIGENA
27630;3552106.0;Socorro;Campinas;False;BRANCA
27631;3551009.0;São Vicente;Baixada Santista;False;BRANCA
27632;3503901.0;Arujá;Grande SP Leste;False;
27633;3513801.0;Diadema;Grande SP Sudeste;False;IGNORADO
27634;3550308.0;São Paulo;Município de São Paulo;False;PARDA
27635;3534401.0;Osasco;Grande SP Oeste;False;PARDA
27636;3509502.0;Campinas;Campinas;False;BRANCA
27637;3543402.0;Ribeirão Preto;Ribeirão Preto;False;BRANCA
27638;3518800.0;Guarulhos;Grande SP Leste;False;BRANCA
27639;3527108.0;Lins;Bauru;False;IGNORADO
27640;3543402.0;Ribeirão Preto;Ribeirão Preto;False;BRANCA
27641;3549904.0;São José dos Campos;Taubaté;False;IGNORADO
27642;3550308.0;São Paulo;Município de São Paulo;False;PARDA
27643;3534401.0;Osasco;Grande SP Oeste;False;PARDA
27644;3547809.0;Santo André;Grande SP Sudeste;False;IGNORADO
27645;3512407.0;Cordeirópolis;Piracicaba;False;IGNORADO
27646;3548708.0;São Bernardo do Campo;Grande SP Sudeste;False;BRANCA
27647;3551405.0;Serra Azul;Ribeirão Preto;False;PARDA
27648;3550308.0;São Paulo;Município de São Paulo;False;PARDA
27649;3534708.0;Ourinhos;Marília;False;BRANCA
27650;3533908.0;Olímpia;Barretos;False;BRANCA
27651;3511300.0;Cedral;São José do Rio Preto;True;BRANCA
27652;3553708.0;Taquaritinga;Araraquara;False;BRANCA
27653;3550308.0;São Paulo;Município de São Paulo;False;PARDA
27654;3534401.0;Osasco;Grande SP Oeste;False;BRANCA
27655;3522000.0;Itaju;Bauru;False;PARDA
27656;3511607.0;Cesário Lange;Sorocaba;False;BRANCA
27657;3505500.0;Barretos;Barretos;False;BRANCA
