44900;3554102.0;Taubaté;Taubaté;False;IGNORADO
44901;3552403.0;Sumaré;Campinas;False;BRANCA
44902;3550308.0;São Paulo;Município de São Paulo;False;PARDA
44903;3550308.0;São Paulo;Município de São Paulo;False;PARDA
44904;3506508.0;Birigui;Araçatuba;False;BRANCA
44905;3503307.0;Araras;Piracicaba;False;PARDA
44906;3550308.0;São Paulo;Município de São Paulo;False;BRANCA
44907;3543907.0;Rio Claro;Piracicaba;False;
44908;3547809.0;Santo André;Grande SP Sudeste;False;PARDA
44909;3535606.0;Paraibuna;Taubaté;False;BRANCA
44910;3548500.0;Santos;Baixada Santista;False;
44911;3518800.0;Guarulhos;Grande SP Leste;False;PARDA
44912;3518800.0;Guarulhos;Grande SP Leste;False;BRANCA
44913;3513504.0;Cubatão;Baixada Santista;False;PARDA
44914;3550308.0;São Paulo;Município de São Paulo;False;BRANCA
44915;3548500.0;Santos;Baixada Santista;False;AMARELA
44916;3550308.0;São Paulo;Município de São Paulo;False;BRANCA
44917;3548500.0;Santos;Baixada Santista;False;BRANCA
44918;3554102.0;Taubaté;Taubaté;False;IGNORADO
44919;3547809.0;Santo André;Grande SP Sudeste;False;BRANCA
44920;3548708.0;São Bernardo do Campo;Grande SP Sudeste;False;BRANCA
44921;3529401.0;Mauá;Grande SP Sudeste;False;PARDA
44922;3502804.0;Araçatuba;Araçatuba;False;BRANCA
44923;3550308.0;São Paulo;Município de São Paulo;False;BRANCA
44924;3547809.0;Santo André;Grande SP Sudeste;False;BRANCA
44925;3548104.0;Santo Antônio do Jardim;São João da Boa Vista;False;BRANCA
44926;3554102.0;Taubaté;Taubaté;False;BRANCA
44927;3548708.0;São Bernardo do Campo;Grande SP Sudeste;False;PRETA
44928;3549904.0;São José dos Campos;Taubaté;False;IGNORADO
44929;3550308.0;São Paulo;Município de São Paulo;False;IGNORADO
44930;3501608.0;Americana;Campinas;False;BRANCA
44931;3513801.0;Diadema;Grande SP Sudeste;False;PARDA
44932;3547007.0;Santa Maria da Serra;Piracicaba;False;BRANCA
44933;3550308.0;São Paulo;Município de São Paulo;False;PARDA
44934;3550308.0;São Paulo;Município de São Paulo;False;BRANCA
44935;3520509.0;Indaiatuba;Campinas;False;BRANCA
44936;3549805.0;São José do Rio Preto;São José do Rio Preto;False;PRETA
44937;3550308.0;São Paulo;Município de São Paulo;False;BRANCA
44938;3509502.0;Campinas;Campinas;False;IGNORADO
44939;3550308.0;São Paulo;Município de São Paulo;False;AMARELA
44940;3550308.0;São Paulo;Município de São Paulo;False;BRANCA
44941;3510500.0;Caraguatatuba;Taubaté;False;BRANCA
44942;3516408.0;Franco da Rocha;Grande SP Norte;False;PARDA
44943;3518800.0;Guarulhos;Grande SP Leste;False;BRANCA
44944;3548708.0;São Bernardo do Campo;Grande SP Sudeste;False;
44945;3518800.0;Guarulhos;Grande SP Leste;False;PARDA
44946;3509007.0;Caieiras;Grande SP Norte;False;BRANCA
44947;3511102.0;Catanduva;São José do Rio Preto;False;AMARELA
44948;3511102.0;Catanduva;São José do Rio Preto;False;BRANCA
44949;3518800.0;Guarulhos;Grande SP Leste;False;PRETA
44950;3518701.0;Guarujá;Baixada Santista;False;PARDA
44951;3544103.0;Rio Grande da Serra;Grande SP Sudeste;False;PARDA
44952;3510500.0;Caraguatatuba;Taubaté;True;BRANCA
44953;3518404.0;Guaratinguetá;Taubaté;False;BRANCA
44954;3552502.0;Suzano;Grande SP Leste;False;BRANCA
44955;3509502.0;Campinas;Campinas;False;PRETA
44956;3550308.0;São Paulo;Município de São Paulo;False;PARDA
44957;3552205.0;Sorocaba;Sorocaba;False;BRANCA
44958;3508504.0;Caçapava;Taubaté;False;PARDA
44959;3549805.0;São José do Rio Preto;São José do Rio Preto;False;BRANCA
44960;3518800.0;Guarulhos;Grande SP Leste;False;BRANCA
44961;3552205.0;Sorocaba;Sorocaba;False;BRANCA
44962;3552403.0;Sumaré;Campinas;False;BRANCA
44963;3547809.0;Santo André;Grande SP Sudeste;False;PARDA
44964;3505005.0;Barão de Antonina;Bauru;False;BRANCA
44965;3550308.0;São Paulo;Município de São Paulo;False;
44966;3526803.0;Lençóis Paulista;Bauru;False;PARDA
44967;3505708.0;Barueri;Grande SP Oeste;False;PARDA
44968;3510203.0;Capão Bonito;Sorocaba;False;BRANCA
44969;3550308.0;São Paulo;Município de São Paulo;False;
44970;3544806.0;Sales;São José do Rio Preto;False;BRANCA
44971;3541000.0;Praia Grande;Baixada Santista;False;BRANCA
44972;3548500.0;Santos;Baixada Santista;False;PARDA
44973;3549805.0;São José do Rio Preto;São José do Rio Preto;False;IGNORADO
44974;3550308.0;São Paulo;Município de São Paulo;False;PARDA
44975;3556453.0;Vargem Grande Paulista;Grande SP Sudoeste;False;BRANCA
44976;3506003.0;Bauru;Bauru;False;BRANCA
44977;3550308.0;São Paulo;Município de São Paulo;False;BRANCA
44978;3523909.0;Itu;Sorocaba;False;BRANCA
44979;3506003.0;Bauru;Bauru;False;IGNORADO
44980;3509502.0;Campinas;Campinas;False;BRANCA
44981;3557006.0;Votorantim;Sorocaba;False;BRANCA
44982;3527702.0;Luiziânia;Araçatuba;False;AMARELA
44983;3509502.0;Campinas;Campinas;False;IGNORADO
44984;3523404.0;Itatiba;Campinas;False;IGNORADO
44985;3524006.0;Itupeva;Campinas;False;AMARELA
44986;3550308.0;São Paulo;Município de São Paulo;False;BRANCA
44987;3539806.0;Poá;Grande SP Leste;False;IGNORADO
44988;3519071.0;Hortolândia;Campinas;False;IGNORADO
44989;3519055.0;Holambra;Campinas;False;BRANCA
44990;3526100.0;Juquiá;Registro;False;BRANCA
44991;3550308.0;São Paulo;Município de São Paulo;False;BRANCA
44992;3503901.0;Arujá;Grande SP Leste;False;BRANCA
44993;3538709.0;Piracicaba;Piracicaba;False;PARDA
44994;3539202.0;Pirapozinho;Presidente Prudente;False;PARDA
44995;3550308.0;São Paulo;Município de São Paulo;False;IGNORADO
44996;3548708.0;São Bernardo do Campo;Grande SP Sudeste;False;BRANCA
44997;3530607.0;Mogi das Cruzes;Grande SP Leste;False;BRANCA
44998;3554102.0;Taubaté;Taubaté;False;BRANCA
44999;3529302.0;Matão;Araraquara;False;BRANCA
45000;3548500.0;Santos;Baixada Santista;False;IGNORADO
45001;3534401.0;Osasco;Grande SP Oeste;False;PARDA
45002;3550308.0;São Paulo;Município de São Paulo;False;BRANCA
45003;3550308.0;São Paulo;Município de São Paulo;False;BRANCA
45004;3547304.0;Santana de Parnaíba;Grande SP Oeste;False;BRANCA
45005;3503901.0;Arujá;Grande SP Leste;False;BRANCA
45006;3548500.0;Santos;Baixada Santista;False;NONE
45007;3552809.0;Taboão da Serra;Grande SP Sudoeste;False;PARDA
45008;3550308.0;São Paulo;Município de São Paulo;False;BRANCA
45009;3518800.0;Guarulhos;Grande SP Leste;False;PARDA
45010;3550308.0;São Paulo;Município de São Paulo;False;NONE
45011;3550308.0;São Paulo;Município de São Paulo;False;BRANCA
45012;3554003.0;Tatuí;Sorocaba;False;BRANCA
45013;3550308.0;São Paulo;Município de São Paulo;False;BRANCA
45014;3537305.0;Penápolis;Araçatuba;False;BRANCA
45015;3508405.0;Cabreúva;Campinas;False;BRANCA
45016;3550308.0;São Paulo;Município de São Paulo;False;NONE
45017;3554102.0;Taubaté;Taubaté;False;PARDA
45018;3550308.0;São Paulo;Município de São Paulo;False;BRANCA
45019;3550308.0;São Paulo;Município de São Paulo;False;BRANCA
45020;3509502.0;Campinas;Campinas;False;IGNORADO
45021;3510609.0;Carapicuíba;Grande SP Oeste;False;AMARELA
45022;3550308.0;São Paulo;Município de São Paulo;False;IGNORADO
45023;3552502.0;Suzano;Grande SP Leste;False;BRANCA
45024;3548005.0;Santo Antônio de Posse;Campinas;False;PARDA
45025;3547809.0;Santo André;Grande SP Sudeste;False;PARDA
45026;3550308.0;São Paulo;Município de São Paulo;False;IGNORADO
45027;3519709.0;Ibiúna;Sorocaba;False;BRANCA
45028;3550308.0;São Paulo;Município de São Paulo;False;PARDA
45029;3509502.0;Campinas;Campinas;False;BRANCA
45030;3550308.0;São Paulo;Município de São Paulo;False;BRANCA
45031;3533403.0;Nova Odessa;Campinas;False;BRANCA
45032;3505708.0;Barueri;Grande SP Oeste;False;BRANCA
45033;3529401.0;Mauá;Grande SP Sudeste;False;BRANCA
45034;3548500.0;Santos;Baixada Santista;False;PARDA
45035;3548708.0;São Bernardo do Campo;Grande SP Sudeste;False;BRANCA
45036;3550308.0;São Paulo;Município de São Paulo;False;
45037;3508504.0;Caçapava;Taubaté;False;BRANCA
45038;3556503.0;Várzea Paulista;Campinas;False;BRANCA
45039;3523909.0;Itu;Sorocaba;False;BRANCA
45040;3548500.0;Santos;Baixada Santista;False;BRANCA
45041;3550308.0;São Paulo;Município de São Paulo;False;BRANCA
45042;3550308.0;São Paulo;Município de São Paulo;False;BRANCA
45043;3509502.0;Campinas;Campinas;False;BRANCA
45044;3549805.0;São José do Rio Preto;São José do Rio Preto;False;IGNORADO
