5536;3550308.0;São Paulo;Município de São Paulo;False;BRANCA
5537;3550308.0;São Paulo;Município de São Paulo;False;BRANCA
5538;3550308.0;São Paulo;Município de São Paulo;False;PARDA
5539;3550308.0;São Paulo;Município de São Paulo;False;NONE
5540;3543402.0;Ribeirão Preto;Ribeirão Preto;False;PRETA
5541;3543402.0;Ribeirão Preto;Ribeirão Preto;False;PARDA
5542;3508009.0;Buri;Sorocaba;False;BRANCA
5543;3503307.0;Araras;Piracicaba;False;IGNORADO
5544;3513009.0;Cotia;Grande SP Sudoeste;False;BRANCA
5545;3543402.0;Ribeirão Preto;Ribeirão Preto;False;
5546;3549904.0;São José dos Campos;Taubaté;False;BRANCA
5547;3550308.0;São Paulo;Município de São Paulo;False;IGNORADO
5548;3550308.0;São Paulo;Município de São Paulo;False;BRANCA
5549;3550308.0;São Paulo;Município de São Paulo;False;
5550;3549904.0;São José dos Campos;Taubaté;False;IGNORADO
5551;3553401.0;Tanabi;São José do Rio Preto;False;BRANCA
5552;3552502.0;Suzano;Grande SP Leste;False;IGNORADO
5553;3552403.0;Sumaré;Campinas;False;PARDA
5554;3548708.0;São Bernardo do Campo;Grande SP Sudeste;False;BRANCA
5555;3549805.0;São José do Rio Preto;São José do Rio Preto;False;BRANCA
5556;3552205.0;Sorocaba;Sorocaba;False;BRANCA
5557;3525201.0;Jarinu;Campinas;False;BRANCA
5558;3511102.0;Catanduva;São José do Rio Preto;False;BRANCA
5559;3533908.0;Olímpia;Barretos;False;IGNORADO
5560;3502804.0;Araçatuba;Araçatuba;False;BRANCA
5561;3526902.0;Limeira;Piracicaba;False;PRETA
5562;3511102.0;Catanduva;São José do Rio Preto;False;BRANCA
5563;3549805.0;São José do Rio Preto;São José do Rio Preto;False;PARDA
5564;3528403.0;Mairinque;Sorocaba;False;IGNORADO
5565;3526902.0;Limeira;Piracicaba;False;BRANCA
5566;3550308.0;São Paulo;Município de São Paulo;False;PARDA
5567;3553401.0;Tanabi;São José do Rio Preto;False;PRETA
5568;3530706.0;Mogi Guaçu;São João da Boa Vista;False;BRANCA
5569;3550308.0;São Paulo;Município de São Paulo;False;BRANCA
5570;3550308.0;São Paulo;Município de São Paulo;False;BRANCA
5571;3510609.0;Carapicuíba;Grande SP Oeste;False;IGNORADO
5572;3543402.0;Ribeirão Preto;Ribeirão Preto;False;PARDA
5573;3550308.0;São Paulo;Município de São Paulo;False;PARDA
5574;3548708.0;São Bernardo do Campo;Grande SP Sudeste;False;PARDA
5575;3515707.0;Ferraz de Vasconcelos;Grande SP Leste;False;PARDA
5576;3518800.0;Guarulhos;Grande SP Leste;False;PARDA
5577;3506508.0;Birigui;Araçatuba;False;BRANCA
5578;3550308.0;São Paulo;Município de São Paulo;False;PARDA
5579;3502804.0;Araçatuba;Araçatuba;False;IGNORADO
5580;3523206.0;Itararé;Sorocaba;False;BRANCA
5581;3505708.0;Barueri;Grande SP Oeste;False;PRETA
5582;3550308.0;São Paulo;Município de São Paulo;False;BRANCA
5583;3530508.0;Mococa;São João da Boa Vista;False;BRANCA
5584;3552205.0;Sorocaba;Sorocaba;False;PARDA
5585;3518800.0;Guarulhos;Grande SP Leste;False;PARDA
5586;3538709.0;Piracicaba;Piracicaba;False;IGNORADO
5587;3539301.0;Pirassununga;Piracicaba;False;BRANCA
5588;3550308.0;São Paulo;Município de São Paulo;False;BRANCA
5589;3551009.0;São Vicente;Baixada Santista;False;PARDA
5590;3550308.0;São Paulo;Município de São Paulo;False;BRANCA
5591;3525102.0;Jardinópolis;Ribeirão Preto;False;PARDA
5592;3525102.0;Jardinópolis;Ribeirão Preto;False;BRANCA
5593;3549805.0;São José do Rio Preto;São José do Rio Preto;False;BRANCA
5594;3525300.0;Jaú;Bauru;False;BRANCA
5595;3550308.0;São Paulo;Município de São Paulo;False;NONE
5596;3506003.0;Bauru;Bauru;False;BRANCA
5597;3544301.0;Roseira;Taubaté;False;BRANCA
5598;3518602.0;Guariba;Ribeirão Preto;False;BRANCA
5599;3510401.0;Capivari;Piracicaba;False;PRETA
5600;3548708.0;São Bernardo do Campo;Grande SP Sudeste;False;IGNORADO
5601;3543402.0;Ribeirão Preto;Ribeirão Preto;False;BRANCA
5602;3549102.0;São João da Boa Vista;São João da Boa Vista;False;BRANCA
5603;3549904.0;São José dos Campos;Taubaté;False;BRANCA
5604;3538709.0;Piracicaba;Piracicaba;False;BRANCA
5605;3505500.0;Barretos;Barretos;False;
5606;3549805.0;São José do Rio Preto;São José do Rio Preto;False;BRANCA
5607;3509502.0;Campinas;Campinas;False;BRANCA
5608;3549102.0;São João da Boa Vista;São João da Boa Vista;False;IGNORADO
5609;3550308.0;São Paulo;Município de São Paulo;False;PARDA
5610;3550308.0;São Paulo;Município de São Paulo;False;
5611;3539004.0;Pirangi;São José do Rio Preto;False;BRANCA
5612;3538709.0;Piracicaba;Piracicaba;False;BRANCA
5613;3552403.0;Sumaré;Campinas;False;BRANCA
5614;3530300.0;Mirassol;São José do Rio Preto;False;BRANCA
5615;3531308.0;Monte Alto;Ribeirão Preto;False;BRANCA
5616;3538709.0;Piracicaba;Piracicaba;False;IGNORADO
5617;3513009.0;Cotia;Grande SP Sudoeste;False;BRANCA
5618;3551900.0;Severínia;Barretos;False;BRANCA
5619;3550308.0;São Paulo;Município de São Paulo;False;PARDA
5620;3518800.0;Guarulhos;Grande SP Leste;False;BRANCA
5621;3518503.0;Guareí;Sorocaba;False;BRANCA
5622;3550308.0;São Paulo;Município de São Paulo;False;PRETA
5623;3515129.0;Emilianópolis;Presidente Prudente;False;BRANCA
5624;3550308.0;São Paulo;Município de São Paulo;False;PARDA
5625;3543402.0;Ribeirão Preto;Ribeirão Preto;False;PARDA
5626;3515202.0;Estrela d'Oeste;São José do Rio Preto;False;BRANCA
5627;3543402.0;Ribeirão Preto;Ribeirão Preto;False;BRANCA
5628;3539301.0;Pirassununga;Piracicaba;False;BRANCA
5629;3541406.0;Presidente Prudente;Presidente Prudente;False;BRANCA
5630;3543402.0;Ribeirão Preto;Ribeirão Preto;False;BRANCA
5631;3550308.0;São Paulo;Município de São Paulo;False;PARDA
5632;3538709.0;Piracicaba;Piracicaba;False;BRANCA
5633;3550308.0;São Paulo;Município de São Paulo;False;AMARELA
5634;3550308.0;São Paulo;Município de São Paulo;False;IGNORADO
5635;3556206.0;Valinhos;Campinas;False;BRANCA
5636;3547304.0;Santana de Parnaíba;Grande SP Oeste;False;BRANCA
5637;3550308.0;São Paulo;Município de São Paulo;False;BRANCA
5638;3541406.0;Presidente Prudente;Presidente Prudente;False;IGNORADO
5639;3548500.0;Santos;Baixada Santista;False;AMARELA
5640;3550308.0;São Paulo;Município de São Paulo;False;BRANCA
5641;3547809.0;Santo André;Grande SP Sudeste;False;BRANCA
5642;3518800.0;Guarulhos;Grande SP Leste;False;PARDA
5643;3517208.0;Guaiçara;Bauru;False;BRANCA
5644;3549904.0;São José dos Campos;Taubaté;False;BRANCA
5645;3550308.0;São Paulo;Município de São Paulo;False;PARDA
5646;3533403.0;Nova Odessa;Campinas;False;BRANCA
5647;3538709.0;Piracicaba;Piracicaba;False;BRANCA
5648;3554102.0;Taubaté;Taubaté;False;PARDA
5649;3525003.0;Jandira;Grande SP Oeste;False;PARDA
5650;3523107.0;Itaquaquecetuba;Grande SP Leste;False;PARDA
5651;3550308.0;São Paulo;Município de São Paulo;False;NONE
5652;3514601.0;Dumont;Ribeirão Preto;False;BRANCA
5653;3537305.0;Penápolis;Araçatuba;False;BRANCA
5654;3550308.0;São Paulo;Município de São Paulo;False;NONE
5655;3545209.0;Salto;Sorocaba;False;PARDA
5656;3532009.0;Morungaba;Campinas;False;IGNORADO
5657;3552502.0;Suzano;Grande SP Leste;False;BRANCA
5658;3550308.0;São Paulo;Município de São Paulo;False;IGNORADO
5659;3557006.0;Votorantim;Sorocaba;False;IGNORADO
5660;3550308.0;São Paulo;Município de São Paulo;False;BRANCA
5661;3550308.0;São Paulo;Município de São Paulo;False;PARDA
5662;3511102.0;Catanduva;São José do Rio Preto;False;BRANCA
5663;3523107.0;Itaquaquecetuba;Grande SP Leste;False;BRANCA
5664;3508504.0;Caçapava;Taubaté;False;PARDA
5665;3529005.0;Marília;Marília;False;IGNORADO
5666;3550308.0;São Paulo;Município de São Paulo;False;
5667;3550308.0;São Paulo;Município de São Paulo;False;PARDA
5668;3550308.0;São Paulo;Município de São Paulo;False;PARDA
5669;3534401.0;Osasco;Grande SP Oeste;False;AMARELA
5670;3550308.0;São Paulo;Município de São Paulo;False;BRANCA
5671;3550308.0;São Paulo;Município de São Paulo;False;BRANCA
5672;3525904.0;Jundiaí;Campinas;False;BRANCA
5673;3547809.0;Santo André;Grande SP Sudeste;False;BRANCA
5674;3550308.0;São Paulo;Município de São Paulo;False;BRANCA
5675;3550308.0;São Paulo;Município de São Paulo;False;BRANCA
5676;3550308.0;São Paulo;Município de São Paulo;False;BRANCA
5677;3554003.0;Tatuí;Sorocaba;False;BRANCA
5678;3554003.0;Tatuí;Sorocaba;False;BRANCA
5679;3549805.0;São José do Rio Preto;São José do Rio Preto;False;BRANCA
