22980;3550308.0;São Paulo;Município de São Paulo;False;PRETA
22981;3548500.0;Santos;Baixada Santista;False;AMARELA
22982;3509700.0;Campos do Jordão;Taubaté;False;BRANCA
22983;3552205.0;Sorocaba;Sorocaba;False;BRANCA
22984;3527207.0;Lorena;Taubaté;False;BRANCA
22985;3550308.0;São Paulo;Município de São Paulo;False;BRANCA
22986;3506003.0;Bauru;Bauru;False;PARDA
22987;3550308.0;São Paulo;Município de São Paulo;False;BRANCA
22988;3524303.0;Jaboticabal;Ribeirão Preto;False;BRANCA
22989;3520202.0;Igaratá;Taubaté;False;BRANCA
22990;3510609.0;Carapicuíba;Grande SP Oeste;False;IGNORADO
22991;3552007.0;Silveiras;Taubaté;False;BRANCA
22992;3555406.0;Ubatuba;Taubaté;False;BRANCA
22993;3518701.0;Guarujá;Baixada Santista;False;IGNORADO
22994;3550308.0;São Paulo;Município de São Paulo;False;PARDA
22995;3512209.0;Conchal;Piracicaba;False;PARDA
22996;3550308.0;São Paulo;Município de São Paulo;False;BRANCA
22997;3515004.0;Embu das Artes;Grande SP Sudoeste;False;PARDA
22998;3550308.0;São Paulo;Município de São Paulo;False;PARDA
22999;3550308.0;São Paulo;Município de São Paulo;False;PARDA
23000;3548708.0;São Bernardo do Campo;Grande SP Sudeste;False;PRETA
23001;3513801.0;Diadema;Grande SP Sudeste;False;IGNORADO
23002;3550308.0;São Paulo;Município de São Paulo;False;BRANCA
23003;3522208.0;Itapecerica da Serra;Grande SP Sudoeste;False;PRETA
23004;3524402.0;Jacareí;Taubaté;False;BRANCA
23005;3530607.0;Mogi das Cruzes;Grande SP Leste;False;IGNORADO
23006;3548500.0;Santos;Baixada Santista;False;BRANCA
23007;3516200.0;Franca;Franca;False;PARDA
23008;3548807.0;São Caetano do Sul;Grande SP Sudeste;False;NONE
23009;3535804.0;Paranapanema;Bauru;False;PRETA
23010;3552502.0;Suzano;Grande SP Leste;False;PARDA
23011;3520202.0;Igaratá;Taubaté;False;BRANCA
23012;3506508.0;Birigui;Araçatuba;False;IGNORADO
23013;3530607.0;Mogi das Cruzes;Grande SP Leste;False;PRETA
23014;3549805.0;São José do Rio Preto;São José do Rio Preto;False;BRANCA
23015;3512704.0;Corumbataí;Piracicaba;True;BRANCA
23016;3529906.0;Miracatu;Registro;False;INDIGENA
23017;3548500.0;Santos;Baixada Santista;False;BRANCA
23018;3551009.0;São Vicente;Baixada Santista;False;BRANCA
23019;3503208.0;Araraquara;Araraquara;False;PRETA
23020;3550308.0;São Paulo;Município de São Paulo;False;BRANCA
23021;3539202.0;Pirapozinho;Presidente Prudente;False;PARDA
23022;3550308.0;São Paulo;Município de São Paulo;False;IGNORADO
23023;3522505.0;Itapevi;Grande SP Oeste;True;IGNORADO
23024;3550308.0;São Paulo;Município de São Paulo;False;BRANCA
23025;3550308.0;São Paulo;Município de São Paulo;False;NONE
23026;3550308.0;São Paulo;Município de São Paulo;False;BRANCA
23027;3513801.0;Diadema;Grande SP Sudeste;False;PRETA
23028;3513504.0;Cubatão;Baixada Santista;False;PARDA
23029;3531100.0;Mongaguá;Baixada Santista;False;BRANCA
23030;3534401.0;Osasco;Grande SP Oeste;False;IGNORADO
23031;3550308.0;São Paulo;Município de São Paulo;False;BRANCA
23032;3550308.0;São Paulo;Município de São Paulo;False;NONE
23033;3515707.0;Ferraz de Vasconcelos;Grande SP Leste;False;BRANCA
23034;3550308.0;São Paulo;Município de São Paulo;False;BRANCA
23035;3550308.0;São Paulo;Município de São Paulo;False;
23036;3550308.0;São Paulo;Município de São Paulo;False;
23037;3518800.0;Guarulhos;Grande SP Leste;False;BRANCA
23038;3550308.0;São Paulo;Município de São Paulo;False;PARDA
23039;3509502.0;Campinas;Campinas;False;BRANCA
23040;3550308.0;São Paulo;Município de São Paulo;False;IGNORADO
23041;3542602.0;Registro;Registro;False;AMARELA
23042;3550308.0;São Paulo;Município de São Paulo;False;BRANCA
23043;3549805.0;São José do Rio Preto;São José do Rio Preto;False;BRANCA
23044;3503307.0;Araras;Piracicaba;False;BRANCA
23045;3508009.0;Buri;Sorocaba;False;BRANCA
23046;3534401.0;Osasco;Grande SP Oeste;False;IGNORADO
23047;3548500.0;Santos;Baixada Santista;False;BRANCA
23048;3540903.0;Pradópolis;Ribeirão Preto;False;BRANCA
23049;3507605.0;Bragança Paulista;Campinas;False;BRANCA
23050;3529005.0;Marília;Marília;False;BRANCA
23051;3523107.0;Itaquaquecetuba;Grande SP Leste;False;NONE
23052;3549805.0;São José do Rio Preto;São José do Rio Preto;False;PARDA
23053;3513801.0;Diadema;Grande SP Sudeste;False;BRANCA
23054;3525904.0;Jundiaí;Campinas;False;BRANCA
23055;3552205.0;Sorocaba;Sorocaba;False;BRANCA
23056;3505708.0;Barueri;Grande SP Oeste;False;BRANCA
23057;3510807.0;Casa Branca;São João da Boa Vista;False;BRANCA
23058;3549805.0;São José do Rio Preto;São José do Rio Preto;False;BRANCA
23059;3550308.0;São Paulo;Município de São Paulo;False;NONE
23060;3550308.0;São Paulo;Município de São Paulo;False;
23061;3519071.0;Hortolândia;Campinas;False;BRANCA
23062;3550308.0;São Paulo;Município de São Paulo;False;PARDA
23063;3540606.0;Porto Feliz;Sorocaba;False;BRANCA
23064;3553807.0;Taquarituba;Bauru;False;BRANCA
23065;3550308.0;São Paulo;Município de São Paulo;False;AMARELA
23066;3550308.0;São Paulo;Município de São Paulo;False;BRANCA
23067;3550308.0;São Paulo;Município de São Paulo;False;BRANCA
23068;3550308.0;São Paulo;Município de São Paulo;False;BRANCA
23069;3536505.0;Paulínia;Campinas;False;PARDA
23070;3550308.0;São Paulo;Município de São Paulo;False;BRANCA
23071;3534401.0;Osasco;Grande SP Oeste;False;PARDA
23072;3550308.0;São Paulo;Município de São Paulo;False;NONE
23073;3508504.0;Caçapava;Taubaté;False;BRANCA
23074;3541307.0;Presidente Epitácio;Presidente Prudente;False;BRANCA
23075;3547809.0;Santo André;Grande SP Sudeste;False;BRANCA
23076;3529401.0;Mauá;Grande SP Sudeste;False;BRANCA
23077;3527108.0;Lins;Bauru;False;BRANCA
23078;3520509.0;Indaiatuba;Campinas;False;BRANCA
23079;3550308.0;São Paulo;Município de São Paulo;False;PARDA
23080;3550308.0;São Paulo;Município de São Paulo;False;BRANCA
23081;3522208.0;Itapecerica da Serra;Grande SP Sudoeste;False;IGNORADO
23082;3509502.0;Campinas;Campinas;False;BRANCA
23083;3550308.0;São Paulo;Município de São Paulo;False;PARDA
23084;3536505.0;Paulínia;Campinas;False;
23085;3552205.0;Sorocaba;Sorocaba;False;BRANCA
23086;3522109.0;Itanhaém;Baixada Santista;False;IGNORADO
23087;3502507.0;Aparecida;Taubaté;False;BRANCA
23088;3550308.0;São Paulo;Município de São Paulo;False;BRANCA
23089;3511508.0;Cerquilho;Sorocaba;False;BRANCA
23090;3502804.0;Araçatuba;Araçatuba;False;IGNORADO
23091;3550308.0;São Paulo;Município de São Paulo;False;IGNORADO
23092;3547205.0;Santana da Ponte Pensa;São José do Rio Preto;False;BRANCA
23093;3534401.0;Osasco;Grande SP Oeste;False;BRANCA
23094;3534807.0;Ouro Verde;Presidente Prudente;False;BRANCA
23095;3501608.0;Americana;Campinas;False;IGNORADO
23096;3550308.0;São Paulo;Município de São Paulo;False;BRANCA
23097;3538709.0;Piracicaba;Piracicaba;False;BRANCA
23098;3509502.0;Campinas;Campinas;False;BRANCA
23099;3548708.0;São Bernardo do Campo;Grande SP Sudeste;False;
23100;3509502.0;Campinas;Campinas;False;IGNORADO
23101;3557006.0;Votorantim;Sorocaba;False;PARDA
23102;3534708.0;Ourinhos;Marília;False;BRANCA
23103;3550308.0;São Paulo;Município de São Paulo;False;IGNORADO
23104;3524402.0;Jacareí;Taubaté;False;IGNORADO
23105;3523909.0;Itu;Sorocaba;False;BRANCA
23106;3548500.0;Santos;Baixada Santista;False;IGNORADO
23107;3507506.0;Botucatu;Bauru;False;IGNORADO
23108;3543402.0;Ribeirão Preto;Ribeirão Preto;False;BRANCA
23109;3534401.0;Osasco;Grande SP Oeste;False;PARDA
23110;3553807.0;Taquarituba;Bauru;False;BRANCA
23111;3554003.0;Tatuí;Sorocaba;False;BRANCA
23112;3518800.0;Guarulhos;Grande SP Leste;False;
23113;3556206.0;Valinhos;Campinas;False;BRANCA
23114;3556206.0;Valinhos;Campinas;False;BRANCA
23115;3549805.0;São José do Rio Preto;São José do Rio Preto;False;
23116;3550308.0;São Paulo;Município de São Paulo;False;IGNORADO
23117;3522406.0;Itapeva;Sorocaba;False;BRANCA
23118;3545209.0;Salto;Sorocaba;False;BRANCA
23119;3509502.0;Campinas;Campinas;False;BRANCA
23120;3550308.0;São Paulo;Município de São Paulo;False;BRANCA
23121;3550308.0;São Paulo;Município de São Paulo;False;
23122;3550308.0;São Paulo;Município de São Paulo;False;BRANCA
23123;3550308.0;São Paulo;Município de São Paulo;False;PARDA
23124;3520400.0;Ilhabela;Taubaté;False;BRANCA
