54601;3543402.0;Ribeirão Preto;Ribeirão Preto;False;BRANCA
54602;3518701.0;Guarujá;Baixada Santista;False;AMARELA
54603;3519071.0;Hortolândia;Campinas;False;PARDA
54604;3550308.0;São Paulo;Município de São Paulo;False;IGNORADO
54605;3506359.0;Bertioga;Baixada Santista;False;AMARELA
54606;3550308.0;São Paulo;Município de São Paulo;False;PARDA
54607;3513801.0;Diadema;Grande SP Sudeste;False;NONE
54608;3525300.0;Jaú;Bauru;False;BRANCA
54609;3526100.0;Juquiá;Registro;False;AMARELA
54610;3554607.0;Timburi;Marília;False;BRANCA
54611;3543402.0;Ribeirão Preto;Ribeirão Preto;False;PARDA
54612;3550308.0;São Paulo;Município de São Paulo;False;BRANCA
54613;3550308.0;São Paulo;Município de São Paulo;False;BRANCA
54614;3550308.0;São Paulo;Município de São Paulo;False;BRANCA
54615;3501608.0;Americana;Campinas;False;IGNORADO
54616;3547809.0;Santo André;Grande SP Sudeste;False;BRANCA
54617;3556701.0;Vinhedo;Campinas;False;BRANCA
54618;3548708.0;São Bernardo do Campo;Grande SP Sudeste;False;BRANCA
54619;3550308.0;São Paulo;Município de São Paulo;False;IGNORADO
54620;3549904.0;São José dos Campos;Taubaté;False;BRANCA
54621;3550308.0;São Paulo;Município de São Paulo;False;BRANCA
54622;3510500.0;Caraguatatuba;Taubaté;False;PARDA
54623;3550308.0;São Paulo;Município de São Paulo;False;PARDA
54624;3554102.0;Taubaté;Taubaté;False;BRANCA
54625;3550308.0;São Paulo;Município de São Paulo;False;BRANCA
54626;3550308.0;São Paulo;Município de São Paulo;False;BRANCA
54627;3550308.0;São Paulo;Município de São Paulo;False;BRANCA
54628;3549904.0;São José dos Campos;Taubaté;False;BRANCA
54629;3550308.0;São Paulo;Município de São Paulo;True;IGNORADO
54630;3508504.0;Caçapava;Taubaté;False;IGNORADO
54631;3548500.0;Santos;Baixada Santista;False;BRANCA
54632;3516408.0;Franco da Rocha;Grande SP Norte;False;PARDA
54633;3515152.0;Engenheiro Coelho;Piracicaba;False;PARDA
54634;3541000.0;Praia Grande;Baixada Santista;False;BRANCA
54635;3526803.0;Lençóis Paulista;Bauru;False;BRANCA
54636;3512803.0;Cosmópolis;Campinas;False;BRANCA
54637;3550308.0;São Paulo;Município de São Paulo;False;
54638;3545803.0;Santa Bárbara d'Oeste;Campinas;False;BRANCA
54639;3526902.0;Limeira;Piracicaba;False;PRETA
54640;3507506.0;Botucatu;Bauru;False;BRANCA
54641;3545803.0;Santa Bárbara d'Oeste;Campinas;False;BRANCA
54642;3524006.0;Itupeva;Campinas;False;BRANCA
54643;3547809.0;Santo André;Grande SP Sudeste;False;BRANCA
54644;3551009.0;São Vicente;Baixada Santista;False;PARDA
54645;3552809.0;Taboão da Serra;Grande SP Sudoeste;True;PARDA
54646;3502804.0;Araçatuba;Araçatuba;False;BRANCA
54647;3504206.0;Auriflama;Araçatuba;False;BRANCA
54648;3518800.0;Guarulhos;Grande SP Leste;False;
54649;3518800.0;Guarulhos;Grande SP Leste;False;PRETA
54650;3550308.0;São Paulo;Município de São Paulo;False;BRANCA
54651;3550308.0;São Paulo;Município de São Paulo;False;
54652;3510302.0;Capela do Alto;Sorocaba;True;BRANCA
54653;3523107.0;Itaquaquecetuba;Grande SP Leste;False;BRANCA
54654;3534401.0;Osasco;Grande SP Oeste;False;BRANCA
54655;3547304.0;Santana de Parnaíba;Grande SP Oeste;False;BRANCA
54656;3522406.0;Itapeva;Sorocaba;False;BRANCA
54657;3505708.0;Barueri;Grande SP Oeste;False;BRANCA
54658;3519071.0;Hortolândia;Campinas;False;BRANCA
54659;3545209.0;Salto;Sorocaba;False;BRANCA
54660;3548500.0;Santos;Baixada Santista;False;BRANCA
54661;3545803.0;Santa Bárbara d'Oeste;Campinas;False;IGNORADO
54662;3518800.0;Guarulhos;Grande SP Leste;True;BRANCA
54663;3541604.0;Promissão;Bauru;False;BRANCA
54664;3550308.0;São Paulo;Município de São Paulo;False;BRANCA
54665;3525904.0;Jundiaí;Campinas;False;BRANCA
54666;3550308.0;São Paulo;Município de São Paulo;False;IGNORADO
54667;3548500.0;Santos;Baixada Santista;False;BRANCA
54668;3513801.0;Diadema;Grande SP Sudeste;False;IGNORADO
54669;3548708.0;São Bernardo do Campo;Grande SP Sudeste;False;
54670;3518800.0;Guarulhos;Grande SP Leste;False;AMARELA
54671;3543402.0;Ribeirão Preto;Ribeirão Preto;False;PARDA
54672;3533403.0;Nova Odessa;Campinas;False;BRANCA
54673;3543402.0;Ribeirão Preto;Ribeirão Preto;False;BRANCA
54674;3548807.0;São Caetano do Sul;Grande SP Sudeste;False;IGNORADO
54675;3550308.0;São Paulo;Município de São Paulo;False;PARDA
54676;3519402.0;Ibirá;São José do Rio Preto;False;PARDA
54677;3503604.0;Areiópolis;Bauru;False;BRANCA
54678;3518800.0;Guarulhos;Grande SP Leste;False;PARDA
54679;3543402.0;Ribeirão Preto;Ribeirão Preto;False;BRANCA
54680;3548708.0;São Bernardo do Campo;Grande SP Sudeste;False;BRANCA
54681;3537909.0;Pilar do Sul;Sorocaba;False;BRANCA
54682;3518800.0;Guarulhos;Grande SP Leste;False;BRANCA
54683;3522208.0;Itapecerica da Serra;Grande SP Sudoeste;False;BRANCA
54684;3550308.0;São Paulo;Município de São Paulo;False;BRANCA
54685;3513009.0;Cotia;Grande SP Sudoeste;False;AMARELA
54686;3540200.0;Pontal;Ribeirão Preto;False;BRANCA
54687;3547809.0;Santo André;Grande SP Sudeste;False;BRANCA
54688;3509502.0;Campinas;Campinas;False;BRANCA
54689;3541604.0;Promissão;Bauru;False;AMARELA
54690;3554102.0;Taubaté;Taubaté;False;BRANCA
54691;3550308.0;São Paulo;Município de São Paulo;False;
54692;3550308.0;São Paulo;Município de São Paulo;False;PARDA
54693;3524402.0;Jacareí;Taubaté;False;BRANCA
54694;3520004.0;Igaraçu do Tietê;Bauru;False;BRANCA
54695;3540606.0;Porto Feliz;Sorocaba;False;PARDA
54696;3550308.0;São Paulo;Município de São Paulo;False;BRANCA
54697;3550308.0;São Paulo;Município de São Paulo;False;BRANCA
54698;3548708.0;São Bernardo do Campo;Grande SP Sudeste;False;PARDA
54699;3518206.0;Guararapes;Araçatuba;False;BRANCA
54700;3550308.0;São Paulo;Município de São Paulo;False;NONE
54701;3534401.0;Osasco;Grande SP Oeste;False;PARDA
54702;3500709.0;Agudos;Bauru;False;BRANCA
54703;3529005.0;Marília;Marília;False;BRANCA
54704;3550308.0;São Paulo;Município de São Paulo;False;
54705;3518800.0;Guarulhos;Grande SP Leste;False;PARDA
54706;3550308.0;São Paulo;Município de São Paulo;False;BRANCA
54707;3550308.0;São Paulo;Município de São Paulo;False;BRANCA
54708;3527108.0;Lins;Bauru;False;BRANCA
54709;3550308.0;São Paulo;Município de São Paulo;False;PARDA
54710;3551009.0;São Vicente;Baixada Santista;False;BRANCA
54711;3543402.0;Ribeirão Preto;Ribeirão Preto;True;BRANCA
54712;3551801.0;Sete Barras;Registro;False;PRETA
54713;3523107.0;Itaquaquecetuba;Grande SP Leste;False;BRANCA
54714;3502101.0;Andradina;Araçatuba;False;BRANCA
54715;3532827.0;Nova Campina;Sorocaba;False;IGNORADO
54716;3505708.0;Barueri;Grande SP Oeste;False;PARDA
54717;3520202.0;Igaratá;Taubaté;False;BRANCA
54718;3501608.0;Americana;Campinas;True;BRANCA
54719;3542602.0;Registro;Registro;False;BRANCA
54720;3543303.0;Ribeirão Pires;Grande SP Sudeste;False;BRANCA
54721;3519071.0;Hortolândia;Campinas;False;BRANCA
54722;3543402.0;Ribeirão Preto;Ribeirão Preto;False;BRANCA
54723;3557105.0;Votuporanga;São José do Rio Preto;False;BRANCA
54724;3550308.0;São Paulo;Município de São Paulo;False;BRANCA
54725;3547809.0;Santo André;Grande SP Sudeste;False;BRANCA
54726;3550308.0;São Paulo;Município de São Paulo;False;NONE
54727;3548906.0;São Carlos;Araraquara;False;BRANCA
54728;3507506.0;Botucatu;Bauru;False;BRANCA
54729;3547809.0;Santo André;Grande SP Sudeste;False;PARDA
54730;3501608.0;Americana;Campinas;False;IGNORADO
54731;3552809.0;Taboão da Serra;Grande SP Sudoeste;False;BRANCA
54732;3543402.0;Ribeirão Preto;Ribeirão Preto;False;BRANCA
54733;3547007.0;Santa Maria da Serra;Piracicaba;False;BRANCA
54734;3550308.0;São Paulo;Município de São Paulo;False;PARDA
54735;3518800.0;Guarulhos;Grande SP Leste;False;BRANCA
54736;3550308.0;São Paulo;Município de São Paulo;False;BRANCA
54737;3541505.0;Presidente Venceslau;Presidente Prudente;False;BRANCA
54738;3550308.0;São Paulo;Município de São Paulo;False;BRANCA
54739;3550308.0;São Paulo;Município de São Paulo;False;IGNORADO
54740;3506003.0;Bauru;Bauru;False;BRANCA
54741;3550308.0;São Paulo;Município de São Paulo;False;NONE
54742;3507001.0;Boituva;Sorocaba;False;BRANCA
54743;3543402.0;Ribeirão Preto;Ribeirão Preto;False;BRANCA
54744;3549805.0;São José do Rio Preto;São José do Rio Preto;False;BRANCA
54745;3526902.0;Limeira;Piracicaba;False;BRANCA
