21482;3548500.0;Santos;Baixada Santista;False;BRANCA
21483;3549409.0;São Joaquim da Barra;Franca;False;BRANCA
21484;3550308.0;São Paulo;Município de São Paulo;False;BRANCA
21485;3505708.0;Barueri;Grande SP Oeste;False;BRANCA
21486;3538808.0;Piraju;Bauru;False;BRANCA
21487;3552205.0;Sorocaba;Sorocaba;False;BRANCA
21488;3509502.0;Campinas;Campinas;False;BRANCA
21489;3551702.0;Sertãozinho;Ribeirão Preto;False;IGNORADO
21490;3501608.0;Americana;Campinas;False;BRANCA
21491;3550308.0;São Paulo;Município de São Paulo;False;PARDA
21492;3550308.0;São Paulo;Município de São Paulo;False;IGNORADO
21493;3552205.0;Sorocaba;Sorocaba;False;BRANCA
21494;3513702.0;Descalvado;Araraquara;False;BRANCA
21495;3550308.0;São Paulo;Município de São Paulo;False;PARDA
21496;3552502.0;Suzano;Grande SP Leste;True;PARDA
21497;3551009.0;São Vicente;Baixada Santista;False;BRANCA
21498;3550308.0;São Paulo;Município de São Paulo;True;PARDA
21499;3550308.0;São Paulo;Município de São Paulo;False;PARDA
21500;3548708.0;São Bernardo do Campo;Grande SP Sudeste;False;PARDA
21501;3525904.0;Jundiaí;Campinas;False;BRANCA
21502;3550308.0;São Paulo;Município de São Paulo;False;PARDA
21503;3504909.0;Bananal;Taubaté;False;BRANCA
21504;3550308.0;São Paulo;Município de São Paulo;False;NONE
21505;3550308.0;São Paulo;Município de São Paulo;False;IGNORADO
21506;3526209.0;Juquitiba;Grande SP Sudoeste;False;PARDA
21507;3550308.0;São Paulo;Município de São Paulo;False;
21508;3550308.0;São Paulo;Município de São Paulo;False;PRETA
21509;3547304.0;Santana de Parnaíba;Grande SP Oeste;False;IGNORADO
21510;3549904.0;São José dos Campos;Taubaté;False;BRANCA
21511;3550308.0;São Paulo;Município de São Paulo;False;PARDA
21512;3550308.0;São Paulo;Município de São Paulo;False;PARDA
21513;3550308.0;São Paulo;Município de São Paulo;False;BRANCA
21514;3515004.0;Embu das Artes;Grande SP Sudoeste;True;PARDA
21515;3527306.0;Louveira;Campinas;False;IGNORADO
21516;3518701.0;Guarujá;Baixada Santista;False;NONE
21517;3530706.0;Mogi Guaçu;São João da Boa Vista;False;BRANCA
21518;3528403.0;Mairinque;Sorocaba;False;BRANCA
21519;3550308.0;São Paulo;Município de São Paulo;False;PRETA
21520;3525904.0;Jundiaí;Campinas;False;BRANCA
21521;3540002.0;Pompéia;Marília;False;BRANCA
21522;3520509.0;Indaiatuba;Campinas;False;BRANCA
21523;3550308.0;São Paulo;Município de São Paulo;False;AMARELA
21524;3550308.0;São Paulo;Município de São Paulo;False;BRANCA
21525;3509007.0;Caieiras;Grande SP Norte;False;IGNORADO
21526;3536208.0;Pariquera-Açu;Registro;False;BRANCA
21527;3549904.0;São José dos Campos;Taubaté;False;IGNORADO
21528;3543303.0;Ribeirão Pires;Grande SP Sudeste;False;BRANCA
21529;3503208.0;Araraquara;Araraquara;False;BRANCA
21530;3522307.0;Itapetininga;Sorocaba;False;BRANCA
21531;3552205.0;Sorocaba;Sorocaba;False;BRANCA
21532;3508504.0;Caçapava;Taubaté;False;BRANCA
21533;3522406.0;Itapeva;Sorocaba;False;IGNORADO
21534;3530805.0;Mogi Mirim;São João da Boa Vista;False;BRANCA
21535;3512803.0;Cosmópolis;Campinas;False;BRANCA
21536;3526407.0;Laranjal Paulista;Bauru;False;BRANCA
21537;3520004.0;Igaraçu do Tietê;Bauru;False;BRANCA
21538;3513801.0;Diadema;Grande SP Sudeste;False;BRANCA
21539;3503802.0;Artur Nogueira;Campinas;False;BRANCA
21540;3506003.0;Bauru;Bauru;False;
21541;3525904.0;Jundiaí;Campinas;False;BRANCA
21542;3550308.0;São Paulo;Município de São Paulo;False;PARDA
21543;3549904.0;São José dos Campos;Taubaté;False;NONE
21544;3550308.0;São Paulo;Município de São Paulo;False;IGNORADO
21545;3511102.0;Catanduva;São José do Rio Preto;False;BRANCA
21546;3548906.0;São Carlos;Araraquara;False;BRANCA
21547;3517000.0;Getulina;Bauru;False;BRANCA
21548;3521606.0;Irapuru;Presidente Prudente;False;PRETA
21549;3510609.0;Carapicuíba;Grande SP Oeste;False;PARDA
21550;3550308.0;São Paulo;Município de São Paulo;False;NONE
21551;3518800.0;Guarulhos;Grande SP Leste;False;
21552;3543402.0;Ribeirão Preto;Ribeirão Preto;False;BRANCA
21553;3543303.0;Ribeirão Pires;Grande SP Sudeste;False;IGNORADO
21554;3550308.0;São Paulo;Município de São Paulo;True;PARDA
21555;3550308.0;São Paulo;Município de São Paulo;False;PRETA
21556;3527108.0;Lins;Bauru;False;BRANCA
21557;3550308.0;São Paulo;Município de São Paulo;False;PARDA
21558;3532108.0;Murutinga do Sul;Araçatuba;False;BRANCA
21559;3518800.0;Guarulhos;Grande SP Leste;False;BRANCA
21560;3550308.0;São Paulo;Município de São Paulo;False;PARDA
21561;3505500.0;Barretos;Barretos;False;BRANCA
21562;3550308.0;São Paulo;Município de São Paulo;False;IGNORADO
21563;3529401.0;Mauá;Grande SP Sudeste;False;BRANCA
21564;3530706.0;Mogi Guaçu;São João da Boa Vista;False;BRANCA
21565;3530706.0;Mogi Guaçu;São João da Boa Vista;False;BRANCA
21566;3550308.0;São Paulo;Município de São Paulo;False;BRANCA
21567;3548708.0;São Bernardo do Campo;Grande SP Sudeste;False;PARDA
21568;3543907.0;Rio Claro;Piracicaba;False;AMARELA
21569;3550308.0;São Paulo;Município de São Paulo;False;NONE
21570;3550308.0;São Paulo;Município de São Paulo;True;NONE
21571;3522109.0;Itanhaém;Baixada Santista;False;BRANCA
21572;3550308.0;São Paulo;Município de São Paulo;False;BRANCA
21573;3534401.0;Osasco;Grande SP Oeste;False;PARDA
21574;3503208.0;Araraquara;Araraquara;False;PRETA
21575;3550308.0;São Paulo;Município de São Paulo;False;IGNORADO
21576;3552809.0;Taboão da Serra;Grande SP Sudoeste;False;
21577;3550308.0;São Paulo;Município de São Paulo;False;PARDA
21578;3548500.0;Santos;Baixada Santista;False;BRANCA
21579;3519600.0;Ibitinga;Araraquara;False;BRANCA
21580;3510609.0;Carapicuíba;Grande SP Oeste;False;NONE
21581;3550308.0;São Paulo;Município de São Paulo;False;BRANCA
21582;3550308.0;São Paulo;Município de São Paulo;False;PARDA
21583;3550308.0;São Paulo;Município de São Paulo;False;PARDA
21584;3540705.0;Porto Ferreira;Araraquara;False;BRANCA
21585;3549904.0;São José dos Campos;Taubaté;False;PRETA
21586;3554003.0;Tatuí;Sorocaba;False;BRANCA
21587;3550308.0;São Paulo;Município de São Paulo;False;PARDA
21588;3540200.0;Pontal;Ribeirão Preto;False;BRANCA
21589;3550308.0;São Paulo;Município de São Paulo;False;PARDA
21590;3552809.0;Taboão da Serra;Grande SP Sudoeste;False;PARDA
21591;3547809.0;Santo André;Grande SP Sudeste;False;IGNORADO
21592;3516408.0;Franco da Rocha;Grande SP Norte;False;PARDA
21593;3509502.0;Campinas;Campinas;False;BRANCA
21594;3550308.0;São Paulo;Município de São Paulo;False;PARDA
21595;3550308.0;São Paulo;Município de São Paulo;False;AMARELA
21596;3504008.0;Assis;Marília;False;BRANCA
21597;3550308.0;São Paulo;Município de São Paulo;False;
21598;3505708.0;Barueri;Grande SP Oeste;False;PARDA
21599;3548500.0;Santos;Baixada Santista;False;BRANCA
21600;3548500.0;Santos;Baixada Santista;False;PARDA
21601;3530508.0;Mococa;São João da Boa Vista;False;IGNORADO
21602;3518800.0;Guarulhos;Grande SP Leste;True;IGNORADO
21603;3543402.0;Ribeirão Preto;Ribeirão Preto;True;IGNORADO
21604;3515004.0;Embu das Artes;Grande SP Sudoeste;False;BRANCA
21605;3550308.0;São Paulo;Município de São Paulo;True;BRANCA
21606;3501905.0;Amparo;Campinas;False;NONE
21607;3522505.0;Itapevi;Grande SP Oeste;False;PARDA
21608;3510500.0;Caraguatatuba;Taubaté;False;PARDA
21609;3550308.0;São Paulo;Município de São Paulo;True;PARDA
21610;3550308.0;São Paulo;Município de São Paulo;False;BRANCA
21611;3526902.0;Limeira;Piracicaba;True;PARDA
21612;3550308.0;São Paulo;Município de São Paulo;False;AMARELA
21613;3538709.0;Piracicaba;Piracicaba;False;AMARELA
21614;3554003.0;Tatuí;Sorocaba;False;BRANCA
21615;3518800.0;Guarulhos;Grande SP Leste;False;PARDA
21616;3550308.0;São Paulo;Município de São Paulo;True;BRANCA
21617;3522208.0;Itapecerica da Serra;Grande SP Sudoeste;False;BRANCA
21618;3550308.0;São Paulo;Município de São Paulo;False;BRANCA
21619;3554102.0;Taubaté;Taubaté;False;IGNORADO
21620;3550308.0;São Paulo;Município de São Paulo;False;BRANCA
21621;3550308.0;São Paulo;Município de São Paulo;False;NONE
21622;3510609.0;Carapicuíba;Grande SP Oeste;False;
21623;3539301.0;Pirassununga;Piracicaba;True;BRANCA
21624;3548708.0;São Bernardo do Campo;Grande SP Sudeste;False;PARDA
