56949;3550308.0;São Paulo;Município de São Paulo;False;BRANCA
56950;3550308.0;São Paulo;Município de São Paulo;False;BRANCA
56951;3515004.0;Embu das Artes;Grande SP Sudoeste;False;BRANCA
56952;3501707.0;Américo Brasiliense;Araraquara;False;BRANCA
56953;3543402.0;Ribeirão Preto;Ribeirão Preto;False;BRANCA
56954;3552205.0;Sorocaba;Sorocaba;False;BRANCA
56955;3550308.0;São Paulo;Município de São Paulo;False;BRANCA
56956;3524402.0;Jacareí;Taubaté;False;BRANCA
56957;3518800.0;Guarulhos;Grande SP Leste;False;PARDA
56958;3550308.0;São Paulo;Município de São Paulo;False;BRANCA
56959;3548708.0;São Bernardo do Campo;Grande SP Sudeste;False;AMARELA
56960;3550704.0;São Sebastião;Taubaté;False;BRANCA
56961;3543402.0;Ribeirão Preto;Ribeirão Preto;False;IGNORADO
56962;3550308.0;São Paulo;Município de São Paulo;False;PRETA
56963;3549805.0;São José do Rio Preto;São José do Rio Preto;False;BRANCA
56964;3505609.0;Barrinha;Ribeirão Preto;False;BRANCA
56965;3540606.0;Porto Feliz;Sorocaba;False;BRANCA
56966;3532009.0;Morungaba;Campinas;False;BRANCA
56967;3548500.0;Santos;Baixada Santista;False;
56968;3515004.0;Embu das Artes;Grande SP Sudoeste;False;AMARELA
56969;3522208.0;Itapecerica da Serra;Grande SP Sudoeste;False;PARDA
56970;3516309.0;Francisco Morato;Grande SP Norte;False;BRANCA
56971;3550308.0;São Paulo;Município de São Paulo;False;PRETA
56972;3513108.0;Cravinhos;Ribeirão Preto;False;BRANCA
56973;3550803.0;São Sebastião da Grama;São João da Boa Vista;False;BRANCA
56974;3541000.0;Praia Grande;Baixada Santista;False;AMARELA
56975;3549805.0;São José do Rio Preto;São José do Rio Preto;False;BRANCA
56976;3550308.0;São Paulo;Município de São Paulo;False;PARDA
56977;3550308.0;São Paulo;Município de São Paulo;False;PRETA
56978;3541000.0;Praia Grande;Baixada Santista;False;BRANCA
56979;3522307.0;Itapetininga;Sorocaba;False;BRANCA
56980;3542107.0;Rafard;Piracicaba;False;BRANCA
56981;3550308.0;São Paulo;Município de São Paulo;False;
56982;3515707.0;Ferraz de Vasconcelos;Grande SP Leste;False;IGNORADO
56983;3518800.0;Guarulhos;Grande SP Leste;False;PARDA
56984;3516200.0;Franca;Franca;False;PARDA
56985;3550308.0;São Paulo;Município de São Paulo;False;PARDA
56986;3557105.0;Votuporanga;São José do Rio Preto;False;BRANCA
56987;3536208.0;Pariquera-Açu;Registro;False;BRANCA
56988;3550308.0;São Paulo;Município de São Paulo;False;BRANCA
56989;3550308.0;São Paulo;Município de São Paulo;False;BRANCA
56990;3550308.0;São Paulo;Município de São Paulo;False;PARDA
56991;3550308.0;São Paulo;Município de São Paulo;False;PARDA
56992;3550308.0;São Paulo;Município de São Paulo;False;PARDA
56993;3540903.0;Pradópolis;Ribeirão Preto;False;BRANCA
56994;3531308.0;Monte Alto;Ribeirão Preto;False;BRANCA
56995;3552205.0;Sorocaba;Sorocaba;False;IGNORADO
56996;3510609.0;Carapicuíba;Grande SP Oeste;False;BRANCA
56997;3552809.0;Taboão da Serra;Grande SP Sudoeste;False;
56998;3550308.0;São Paulo;Município de São Paulo;False;BRANCA
56999;3550308.0;São Paulo;Município de São Paulo;False;IGNORADO
57000;3534401.0;Osasco;Grande SP Oeste;False;AMARELA
57001;3549805.0;São José do Rio Preto;São José do Rio Preto;False;IGNORADO
57002;3542404.0;Regente Feijó;Presidente Prudente;False;BRANCA
57003;3550308.0;São Paulo;Município de São Paulo;False;PARDA
57004;3550308.0;São Paulo;Município de São Paulo;False;PARDA
57005;3518404.0;Guaratinguetá;Taubaté;False;BRANCA
57006;3550308.0;São Paulo;Município de São Paulo;False;BRANCA
57007;3550308.0;São Paulo;Município de São Paulo;False;IGNORADO
57008;3550308.0;São Paulo;Município de São Paulo;False;NONE
57009;3550308.0;São Paulo;Município de São Paulo;False;
57010;3543402.0;Ribeirão Preto;Ribeirão Preto;False;BRANCA
57011;3551702.0;Sertãozinho;Ribeirão Preto;False;BRANCA
57012;3503307.0;Araras;Piracicaba;False;BRANCA
57013;3550308.0;São Paulo;Município de São Paulo;False;PARDA
57014;3527108.0;Lins;Bauru;False;BRANCA
57015;3537701.0;Piacatu;Araçatuba;False;BRANCA
57016;3516705.0;Garça;Marília;False;BRANCA
57017;3510609.0;Carapicuíba;Grande SP Oeste;False;PARDA
57018;3522505.0;Itapevi;Grande SP Oeste;False;PARDA
57019;3548708.0;São Bernardo do Campo;Grande SP Sudeste;False;BRANCA
57020;3539400.0;Piratininga;Bauru;False;BRANCA
57021;3550308.0;São Paulo;Município de São Paulo;False;PRETA
57022;3547809.0;Santo André;Grande SP Sudeste;False;NONE
57023;3550308.0;São Paulo;Município de São Paulo;False;PARDA
57024;3501905.0;Amparo;Campinas;False;BRANCA
57025;3503901.0;Arujá;Grande SP Leste;False;AMARELA
57026;3509502.0;Campinas;Campinas;False;BRANCA
57027;3550308.0;São Paulo;Município de São Paulo;False;IGNORADO
57028;3525904.0;Jundiaí;Campinas;False;BRANCA
57029;3549904.0;São José dos Campos;Taubaté;False;NONE
57030;3550308.0;São Paulo;Município de São Paulo;False;PRETA
57031;3548807.0;São Caetano do Sul;Grande SP Sudeste;False;IGNORADO
57032;3548906.0;São Carlos;Araraquara;False;BRANCA
57033;3550308.0;São Paulo;Município de São Paulo;True;BRANCA
57034;3550308.0;São Paulo;Município de São Paulo;False;NONE
57035;3550308.0;São Paulo;Município de São Paulo;True;PARDA
57036;3539202.0;Pirapozinho;Presidente Prudente;False;BRANCA
57037;3549904.0;São José dos Campos;Taubaté;False;IGNORADO
57038;3522208.0;Itapecerica da Serra;Grande SP Sudoeste;False;AMARELA
57039;3550308.0;São Paulo;Município de São Paulo;False;IGNORADO
57040;3553708.0;Taquaritinga;Araraquara;False;BRANCA
57041;3543402.0;Ribeirão Preto;Ribeirão Preto;False;PARDA
57042;3550308.0;São Paulo;Município de São Paulo;False;BRANCA
57043;3518800.0;Guarulhos;Grande SP Leste;False;
57044;3506003.0;Bauru;Bauru;False;IGNORADO
57045;3527108.0;Lins;Bauru;False;BRANCA
57046;3527108.0;Lins;Bauru;False;BRANCA
57047;3529302.0;Matão;Araraquara;False;PARDA
57048;3529401.0;Mauá;Grande SP Sudeste;False;BRANCA
57049;3541406.0;Presidente Prudente;Presidente Prudente;False;IGNORADO
57050;3550308.0;São Paulo;Município de São Paulo;False;PARDA
57051;3511201.0;Catiguá;São José do Rio Preto;False;BRANCA
57052;3504701.0;Balbinos;Bauru;False;BRANCA
57053;3550308.0;São Paulo;Município de São Paulo;False;BRANCA
57054;3550308.0;São Paulo;Município de São Paulo;False;PARDA
57055;3531308.0;Monte Alto;Ribeirão Preto;False;BRANCA
57056;3511102.0;Catanduva;São José do Rio Preto;False;BRANCA
57057;3552809.0;Taboão da Serra;Grande SP Sudoeste;False;PRETA
57058;3547809.0;Santo André;Grande SP Sudeste;False;IGNORADO
57059;3550308.0;São Paulo;Município de São Paulo;False;AMARELA
57060;3541000.0;Praia Grande;Baixada Santista;False;PARDA
57061;3509403.0;Cajuru;Ribeirão Preto;False;BRANCA
57062;3506003.0;Bauru;Bauru;True;BRANCA
57063;3536505.0;Paulínia;Campinas;False;BRANCA
57064;3524402.0;Jacareí;Taubaté;False;IGNORADO
57065;3550308.0;São Paulo;Município de São Paulo;False;BRANCA
57066;3526704.0;Leme;Piracicaba;False;PARDA
57067;3550308.0;São Paulo;Município de São Paulo;False;PARDA
57068;3536703.0;Pederneiras;Bauru;False;IGNORADO
57069;3527108.0;Lins;Bauru;False;BRANCA
57070;3556503.0;Várzea Paulista;Campinas;False;BRANCA
57071;3509502.0;Campinas;Campinas;False;BRANCA
57072;3509502.0;Campinas;Campinas;False;BRANCA
57073;3509502.0;Campinas;Campinas;False;BRANCA
57074;3547809.0;Santo André;Grande SP Sudeste;False;PRETA
57075;3550308.0;São Paulo;Município de São Paulo;False;BRANCA
57076;3550308.0;São Paulo;Município de São Paulo;False;IGNORADO
57077;3550308.0;São Paulo;Município de São Paulo;False;PARDA
57078;3548500.0;Santos;Baixada Santista;False;BRANCA
57079;3523107.0;Itaquaquecetuba;Grande SP Leste;False;PARDA
57080;3550308.0;São Paulo;Município de São Paulo;False;PARDA
57081;3519071.0;Hortolândia;Campinas;False;IGNORADO
57082;3534401.0;Osasco;Grande SP Oeste;False;AMARELA
57083;3550308.0;São Paulo;Município de São Paulo;False;IGNORADO
57084;3541307.0;Presidente Epitácio;Presidente Prudente;False;PARDA
57085;3549805.0;São José do Rio Preto;São José do Rio Preto;False;BRANCA
57086;3549904.0;São José dos Campos;Taubaté;False;IGNORADO
57087;3545308.0;Salto de Pirapora;Sorocaba;False;BRANCA
57088;3510609.0;Carapicuíba;Grande SP Oeste;False;PARDA
57089;3550308.0;São Paulo;Município de São Paulo;False;PARDA
