11638;3537107.0;Pedreira;Campinas;False;PRETA
11639;3505302.0;Barra Bonita;Bauru;False;BRANCA
11640;3537107.0;Pedreira;Campinas;False;BRANCA
11641;3504800.0;Bálsamo;São José do Rio Preto;False;BRANCA
11642;3552502.0;Suzano;Grande SP Leste;False;BRANCA
11643;3555406.0;Ubatuba;Taubaté;False;AMARELA
11644;3527306.0;Louveira;Campinas;False;BRANCA
11645;3550308.0;São Paulo;Município de São Paulo;False;AMARELA
11646;3538709.0;Piracicaba;Piracicaba;False;PARDA
11647;3546801.0;Santa Isabel;Grande SP Leste;False;PARDA
11648;3552205.0;Sorocaba;Sorocaba;False;BRANCA
11649;3539509.0;Pitangueiras;Ribeirão Preto;False;BRANCA
11650;3550308.0;São Paulo;Município de São Paulo;False;BRANCA
11651;3550308.0;São Paulo;Município de São Paulo;False;BRANCA
11652;3545209.0;Salto;Sorocaba;False;PARDA
11653;3502705.0;Apiaí;Sorocaba;False;PRETA
11654;3513504.0;Cubatão;Baixada Santista;False;PARDA
11655;3525003.0;Jandira;Grande SP Oeste;False;BRANCA
11656;3502804.0;Araçatuba;Araçatuba;False;BRANCA
11657;3541406.0;Presidente Prudente;Presidente Prudente;False;
11658;3515103.0;Embu-Guaçu;Grande SP Sudoeste;False;BRANCA
11659;3550308.0;São Paulo;Município de São Paulo;False;BRANCA
11660;3524808.0;Jales;São José do Rio Preto;False;BRANCA
11661;3550308.0;São Paulo;Município de São Paulo;False;
11662;3525300.0;Jaú;Bauru;False;AMARELA
11663;3552502.0;Suzano;Grande SP Leste;False;PARDA
11664;3524808.0;Jales;São José do Rio Preto;False;BRANCA
11665;3503307.0;Araras;Piracicaba;False;BRANCA
11666;3556206.0;Valinhos;Campinas;False;BRANCA
11667;3501707.0;Américo Brasiliense;Araraquara;False;PARDA
11668;3509502.0;Campinas;Campinas;False;BRANCA
11669;3520509.0;Indaiatuba;Campinas;False;IGNORADO
11670;3552403.0;Sumaré;Campinas;False;BRANCA
11671;3549805.0;São José do Rio Preto;São José do Rio Preto;False;PARDA
11672;3543402.0;Ribeirão Preto;Ribeirão Preto;False;BRANCA
11673;3510401.0;Capivari;Piracicaba;False;BRANCA
11674;3555604.0;Uchoa;São José do Rio Preto;False;NONE
11675;3506003.0;Bauru;Bauru;False;BRANCA
11676;3550308.0;São Paulo;Município de São Paulo;False;PARDA
11677;3550308.0;São Paulo;Município de São Paulo;False;PARDA
11678;3526803.0;Lençóis Paulista;Bauru;False;PARDA
11679;3503208.0;Araraquara;Araraquara;False;BRANCA
11680;3550308.0;São Paulo;Município de São Paulo;False;PARDA
11681;3541406.0;Presidente Prudente;Presidente Prudente;False;IGNORADO
11682;3504008.0;Assis;Marília;False;BRANCA
11683;3506508.0;Birigui;Araçatuba;False;BRANCA
11684;3509502.0;Campinas;Campinas;False;BRANCA
11685;3543402.0;Ribeirão Preto;Ribeirão Preto;False;AMARELA
11686;3557105.0;Votuporanga;São José do Rio Preto;False;BRANCA
11687;3520509.0;Indaiatuba;Campinas;False;BRANCA
11688;3545803.0;Santa Bárbara d'Oeste;Campinas;False;PRETA
11689;3529005.0;Marília;Marília;False;BRANCA
11690;3520509.0;Indaiatuba;Campinas;False;BRANCA
11691;3550308.0;São Paulo;Município de São Paulo;False;PARDA
11692;3505708.0;Barueri;Grande SP Oeste;False;IGNORADO
11693;3506508.0;Birigui;Araçatuba;False;BRANCA
11694;3506300.0;Bernardino de Campos;Marília;False;BRANCA
11695;3552205.0;Sorocaba;Sorocaba;False;BRANCA
11696;3504503.0;Avaré;Bauru;False;BRANCA
11697;3504008.0;Assis;Marília;False;PARDA
11698;3543402.0;Ribeirão Preto;Ribeirão Preto;False;IGNORADO
11699;3518701.0;Guarujá;Baixada Santista;False;PARDA
11700;3541604.0;Promissão;Bauru;False;BRANCA
11701;3545803.0;Santa Bárbara d'Oeste;Campinas;False;BRANCA
11702;3543006.0;Ribeirão Branco;Sorocaba;False;BRANCA
11703;3518859.0;Guatapará;Ribeirão Preto;False;BRANCA
11704;3526902.0;Limeira;Piracicaba;False;BRANCA
11705;3556206.0;Valinhos;Campinas;False;BRANCA
11706;3555802.0;Urânia;São José do Rio Preto;False;PARDA
11707;3551702.0;Sertãozinho;Ribeirão Preto;False;PARDA
11708;3501608.0;Americana;Campinas;False;BRANCA
11709;3523404.0;Itatiba;Campinas;False;BRANCA
11710;3534708.0;Ourinhos;Marília;False;IGNORADO
11711;3507001.0;Boituva;Sorocaba;False;BRANCA
11712;3505500.0;Barretos;Barretos;False;PARDA
11713;3518206.0;Guararapes;Araçatuba;False;BRANCA
11714;3550308.0;São Paulo;Município de São Paulo;False;PRETA
11715;3505500.0;Barretos;Barretos;False;PARDA
11716;3538709.0;Piracicaba;Piracicaba;False;IGNORADO
11717;3530300.0;Mirassol;São José do Rio Preto;False;PARDA
11718;3514403.0;Dracena;Presidente Prudente;False;BRANCA
11719;3525904.0;Jundiaí;Campinas;False;BRANCA
11720;3519402.0;Ibirá;São José do Rio Preto;False;AMARELA
11721;3525904.0;Jundiaí;Campinas;False;BRANCA
11722;3552403.0;Sumaré;Campinas;False;AMARELA
11723;3520202.0;Igaratá;Taubaté;False;PARDA
11724;3542008.0;Quintana;Marília;False;BRANCA
11725;3523404.0;Itatiba;Campinas;False;BRANCA
11726;3529005.0;Marília;Marília;False;BRANCA
11727;3548203.0;Santo Antônio do Pinhal;Taubaté;False;IGNORADO
11728;3538204.0;Pinhalzinho;Campinas;False;BRANCA
11729;3550308.0;São Paulo;Município de São Paulo;False;BRANCA
11730;3552205.0;Sorocaba;Sorocaba;False;IGNORADO
11731;3555802.0;Urânia;São José do Rio Preto;False;BRANCA
11732;3504008.0;Assis;Marília;False;BRANCA
11733;3547809.0;Santo André;Grande SP Sudeste;False;BRANCA
11734;3551702.0;Sertãozinho;Ribeirão Preto;False;BRANCA
11735;3515509.0;Fernandópolis;São José do Rio Preto;False;BRANCA
11736;3515509.0;Fernandópolis;São José do Rio Preto;False;PARDA
11737;3549805.0;São José do Rio Preto;São José do Rio Preto;False;IGNORADO
11738;3522604.0;Itapira;São João da Boa Vista;False;BRANCA
11739;3537305.0;Penápolis;Araçatuba;False;BRANCA
11740;3536208.0;Pariquera-Açu;Registro;False;AMARELA
11741;3550308.0;São Paulo;Município de São Paulo;False;BRANCA
11742;3531803.0;Monte Mor;Campinas;False;BRANCA
11743;3513207.0;Cristais Paulista;Franca;False;BRANCA
11744;3520905.0;Ipaussu;Marília;False;BRANCA
11745;3552106.0;Socorro;Campinas;False;BRANCA
11746;3518602.0;Guariba;Ribeirão Preto;False;BRANCA
11747;3550308.0;São Paulo;Município de São Paulo;False;BRANCA
11748;3550308.0;São Paulo;Município de São Paulo;False;BRANCA
11749;3533908.0;Olímpia;Barretos;False;BRANCA
11750;3515509.0;Fernandópolis;São José do Rio Preto;False;AMARELA
11751;3517505.0;Guapiaçu;São José do Rio Preto;False;PRETA
11752;3522307.0;Itapetininga;Sorocaba;False;BRANCA
11753;3529005.0;Marília;Marília;False;PARDA
11754;3504107.0;Atibaia;Campinas;False;BRANCA
11755;3519501.0;Ibirarema;Marília;False;BRANCA
11756;3510401.0;Capivari;Piracicaba;False;BRANCA
11757;3506003.0;Bauru;Bauru;False;BRANCA
11758;3539806.0;Poá;Grande SP Leste;False;BRANCA
11759;3550308.0;São Paulo;Município de São Paulo;False;AMARELA
11760;3502804.0;Araçatuba;Araçatuba;False;BRANCA
11761;3506508.0;Birigui;Araçatuba;False;IGNORADO
11762;3522604.0;Itapira;São João da Boa Vista;False;PARDA
11763;3519071.0;Hortolândia;Campinas;False;PARDA
11764;3507605.0;Bragança Paulista;Campinas;False;BRANCA
11765;3550704.0;São Sebastião;Taubaté;False;PARDA
11766;3553807.0;Taquarituba;Bauru;False;BRANCA
11767;3509502.0;Campinas;Campinas;False;BRANCA
11768;3509502.0;Campinas;Campinas;False;IGNORADO
11769;3509502.0;Campinas;Campinas;False;IGNORADO
11770;3550308.0;São Paulo;Município de São Paulo;False;AMARELA
11771;3549805.0;São José do Rio Preto;São José do Rio Preto;False;BRANCA
11772;3549805.0;São José do Rio Preto;São José do Rio Preto;False;BRANCA
11773;3530300.0;Mirassol;São José do Rio Preto;False;BRANCA
11774;3543402.0;Ribeirão Preto;Ribeirão Preto;False;BRANCA
11775;3545209.0;Salto;Sorocaba;False;BRANCA
11776;3505302.0;Barra Bonita;Bauru;False;BRANCA
11777;3509502.0;Campinas;Campinas;False;PARDA
11778;3509502.0;Campinas;Campinas;False;PARDA
11779;3523206.0;Itararé;Sorocaba;False;PARDA
11780;3502200.0;Angatuba;Sorocaba;False;IGNORADO
11781;3502200.0;Angatuba;Sorocaba;False;BRANCA
11782;3530300.0;Mirassol;São José do Rio Preto;False;IGNORADO
11783;3552809.0;Taboão da Serra;Grande SP Sudoeste;False;IGNORADO
11784;3548906.0;São Carlos;Araraquara;False;BRANCA
11785;3518602.0;Guariba;Ribeirão Preto;False;PARDA
11786;3533908.0;Olímpia;Barretos;False;BRANCA
11787;3515004.0;Embu das Artes;Grande SP Sudoeste;False;IGNORADO
11788;3517505.0;Guapiaçu;São José do Rio Preto;False;BRANCA
11789;3550308.0;São Paulo;Município de São Paulo;False;IGNORADO
