4387;3518701.0;Guarujá;Baixada Santista;False;BRANCA
4388;3550308.0;São Paulo;Município de São Paulo;False;BRANCA
4389;3550308.0;São Paulo;Município de São Paulo;False;BRANCA
4390;3525003.0;Jandira;Grande SP Oeste;False;BRANCA
4391;3555109.0;Tupi Paulista;Presidente Prudente;False;BRANCA
4392;3550308.0;São Paulo;Município de São Paulo;False;BRANCA
4393;3509502.0;Campinas;Campinas;False;IGNORADO
4394;3510609.0;Carapicuíba;Grande SP Oeste;False;AMARELA
4395;3505500.0;Barretos;Barretos;False;PARDA
4396;3521408.0;Iracemápolis;Piracicaba;False;BRANCA
4397;3550308.0;São Paulo;Município de São Paulo;False;BRANCA
4398;3530607.0;Mogi das Cruzes;Grande SP Leste;False;BRANCA
4399;3550308.0;São Paulo;Município de São Paulo;False;BRANCA
4400;3515707.0;Ferraz de Vasconcelos;Grande SP Leste;False;PRETA
4401;3501608.0;Americana;Campinas;False;IGNORADO
4402;3550308.0;São Paulo;Município de São Paulo;False;BRANCA
4403;3550308.0;São Paulo;Município de São Paulo;False;PARDA
4404;3550308.0;São Paulo;Município de São Paulo;False;BRANCA
4405;3550308.0;São Paulo;Município de São Paulo;False;BRANCA
4406;3549805.0;São José do Rio Preto;São José do Rio Preto;False;PARDA
4407;3554102.0;Taubaté;Taubaté;False;BRANCA
4408;3547809.0;Santo André;Grande SP Sudeste;False;IGNORADO
4409;3551009.0;São Vicente;Baixada Santista;True;PRETA
4410;3550308.0;São Paulo;Município de São Paulo;False;BRANCA
4411;3550308.0;São Paulo;Município de São Paulo;False;
4412;3550308.0;São Paulo;Município de São Paulo;False;BRANCA
4413;3548708.0;São Bernardo do Campo;Grande SP Sudeste;False;BRANCA
4414;3550308.0;São Paulo;Município de São Paulo;False;AMARELA
4415;3518800.0;Guarulhos;Grande SP Leste;False;PARDA
4416;3552205.0;Sorocaba;Sorocaba;False;BRANCA
4417;3550308.0;São Paulo;Município de São Paulo;False;BRANCA
4418;3550308.0;São Paulo;Município de São Paulo;False;PARDA
4419;3550308.0;São Paulo;Município de São Paulo;False;NONE
4420;3550308.0;São Paulo;Município de São Paulo;False;NONE
4421;3504107.0;Atibaia;Campinas;False;BRANCA
4422;3550308.0;São Paulo;Município de São Paulo;False;IGNORADO
4423;3503208.0;Araraquara;Araraquara;False;IGNORADO
4424;3550308.0;São Paulo;Município de São Paulo;False;IGNORADO
4425;3528007.0;Macatuba;Bauru;False;BRANCA
4426;3502804.0;Araçatuba;Araçatuba;False;BRANCA
4427;3526902.0;Limeira;Piracicaba;False;BRANCA
4428;3522406.0;Itapeva;Sorocaba;False;BRANCA
4429;3550704.0;São Sebastião;Taubaté;False;BRANCA
4430;3550704.0;São Sebastião;Taubaté;False;BRANCA
4431;3503802.0;Artur Nogueira;Campinas;False;BRANCA
4432;3538709.0;Piracicaba;Piracicaba;False;IGNORADO
4433;3548906.0;São Carlos;Araraquara;False;BRANCA
4434;3515509.0;Fernandópolis;São José do Rio Preto;False;BRANCA
4435;3550308.0;São Paulo;Município de São Paulo;False;BRANCA
4436;3550308.0;São Paulo;Município de São Paulo;False;BRANCA
4437;3505708.0;Barueri;Grande SP Oeste;False;BRANCA
4438;3550308.0;São Paulo;Município de São Paulo;False;BRANCA
4439;3547809.0;Santo André;Grande SP Sudeste;False;IGNORADO
4440;3525706.0;José Bonifácio;São José do Rio Preto;False;BRANCA
4441;3506003.0;Bauru;Bauru;False;BRANCA
4442;3539509.0;Pitangueiras;Ribeirão Preto;False;BRANCA
4443;3538709.0;Piracicaba;Piracicaba;False;BRANCA
4444;3522307.0;Itapetininga;Sorocaba;False;BRANCA
4445;3538709.0;Piracicaba;Piracicaba;False;BRANCA
4446;3555356.0;Ubarana;São José do Rio Preto;False;BRANCA
4447;3527306.0;Louveira;Campinas;False;BRANCA
4448;3524402.0;Jacareí;Taubaté;False;PARDA
4449;3550308.0;São Paulo;Município de São Paulo;False;BRANCA
4450;3518800.0;Guarulhos;Grande SP Leste;False;BRANCA
4451;3550308.0;São Paulo;Município de São Paulo;False;PARDA
4452;3520004.0;Igaraçu do Tietê;Bauru;False;BRANCA
4453;3547809.0;Santo André;Grande SP Sudeste;False;BRANCA
4454;3520608.0;Indiana;Presidente Prudente;False;BRANCA
4455;3550308.0;São Paulo;Município de São Paulo;False;IGNORADO
4456;3543402.0;Ribeirão Preto;Ribeirão Preto;False;BRANCA
4457;3550308.0;São Paulo;Município de São Paulo;False;BRANCA
4458;3541406.0;Presidente Prudente;Presidente Prudente;False;BRANCA
4459;3552205.0;Sorocaba;Sorocaba;False;BRANCA
4460;3550308.0;São Paulo;Município de São Paulo;False;BRANCA
4461;3502804.0;Araçatuba;Araçatuba;False;BRANCA
4462;3507506.0;Botucatu;Bauru;False;BRANCA
4463;3554102.0;Taubaté;Taubaté;False;BRANCA
4464;3550308.0;São Paulo;Município de São Paulo;False;BRANCA
4465;3550308.0;São Paulo;Município de São Paulo;False;IGNORADO
4466;3550308.0;São Paulo;Município de São Paulo;False;
4467;3537602.0;Peruíbe;Baixada Santista;False;BRANCA
4468;3548708.0;São Bernardo do Campo;Grande SP Sudeste;False;BRANCA
4469;3507605.0;Bragança Paulista;Campinas;False;BRANCA
4470;3510609.0;Carapicuíba;Grande SP Oeste;False;BRANCA
4471;3506409.0;Bilac;Araçatuba;False;IGNORADO
4472;3522802.0;Itaporanga;Bauru;False;IGNORADO
4473;3529401.0;Mauá;Grande SP Sudeste;False;BRANCA
4474;3505500.0;Barretos;Barretos;False;AMARELA
4475;3506508.0;Birigui;Araçatuba;False;BRANCA
4476;3522307.0;Itapetininga;Sorocaba;False;BRANCA
4477;3556107.0;Valentim Gentil;São José do Rio Preto;False;BRANCA
4478;3507605.0;Bragança Paulista;Campinas;False;BRANCA
4479;3513405.0;Cruzeiro;Taubaté;False;IGNORADO
4480;3550308.0;São Paulo;Município de São Paulo;False;BRANCA
4481;3540705.0;Porto Ferreira;Araraquara;False;BRANCA
4482;3552205.0;Sorocaba;Sorocaba;False;BRANCA
4483;3550308.0;São Paulo;Município de São Paulo;False;BRANCA
4484;3506003.0;Bauru;Bauru;False;BRANCA
4485;3549805.0;São José do Rio Preto;São José do Rio Preto;False;BRANCA
4486;3550308.0;São Paulo;Município de São Paulo;False;PARDA
4487;3518701.0;Guarujá;Baixada Santista;False;PARDA
4488;3547809.0;Santo André;Grande SP Sudeste;False;BRANCA
4489;3550308.0;São Paulo;Município de São Paulo;False;
4490;3551504.0;Serrana;Ribeirão Preto;False;PARDA
4491;3513801.0;Diadema;Grande SP Sudeste;False;BRANCA
4492;3550308.0;São Paulo;Município de São Paulo;False;BRANCA
4493;3550308.0;São Paulo;Município de São Paulo;False;BRANCA
4494;3550308.0;São Paulo;Município de São Paulo;False;BRANCA
4495;3509205.0;Cajamar;Grande SP Norte;False;BRANCA
4496;3530805.0;Mogi Mirim;São João da Boa Vista;False;BRANCA
4497;3548500.0;Santos;Baixada Santista;False;PARDA
4498;3550308.0;São Paulo;Município de São Paulo;False;BRANCA
4499;3555406.0;Ubatuba;Taubaté;False;BRANCA
4500;3543402.0;Ribeirão Preto;Ribeirão Preto;False;PARDA
4501;3520509.0;Indaiatuba;Campinas;False;BRANCA
4502;3501608.0;Americana;Campinas;False;BRANCA
4503;3552205.0;Sorocaba;Sorocaba;False;IGNORADO
4504;3536505.0;Paulínia;Campinas;False;
4505;3509502.0;Campinas;Campinas;False;BRANCA
4506;3550308.0;São Paulo;Município de São Paulo;False;BRANCA
4507;3552205.0;Sorocaba;Sorocaba;False;BRANCA
4508;3550308.0;São Paulo;Município de São Paulo;False;BRANCA
4509;3550308.0;São Paulo;Município de São Paulo;False;PARDA
4510;3502804.0;Araçatuba;Araçatuba;False;BRANCA
4511;3550308.0;São Paulo;Município de São Paulo;False;BRANCA
4512;3512407.0;Cordeirópolis;Piracicaba;False;BRANCA
4513;3550308.0;São Paulo;Município de São Paulo;False;NONE
4514;3541406.0;Presidente Prudente;Presidente Prudente;False;PARDA
4515;3526902.0;Limeira;Piracicaba;False;BRANCA
4516;3550308.0;São Paulo;Município de São Paulo;False;BRANCA
4517;3506003.0;Bauru;Bauru;False;BRANCA
4518;3550308.0;São Paulo;Município de São Paulo;False;BRANCA
4519;3522505.0;Itapevi;Grande SP Oeste;False;BRANCA
4520;3550308.0;São Paulo;Município de São Paulo;False;IGNORADO
4521;3534401.0;Osasco;Grande SP Oeste;False;PRETA
4522;3550308.0;São Paulo;Município de São Paulo;False;BRANCA
4523;3540259.0;Pontalinda;São José do Rio Preto;False;PARDA
4524;3550308.0;São Paulo;Município de São Paulo;False;BRANCA
4525;3516309.0;Francisco Morato;Grande SP Norte;False;BRANCA
4526;3519600.0;Ibitinga;Araraquara;False;BRANCA
4527;3530607.0;Mogi das Cruzes;Grande SP Leste;False;BRANCA
4528;3503901.0;Arujá;Grande SP Leste;False;PARDA
4529;3547304.0;Santana de Parnaíba;Grande SP Oeste;False;PARDA
4530;3513801.0;Diadema;Grande SP Sudeste;False;BRANCA
4531;3525300.0;Jaú;Bauru;False;BRANCA
