59837;3550308.0;São Paulo;Município de São Paulo;False;PARDA
59838;3501608.0;Americana;Campinas;False;PARDA
59839;3501608.0;Americana;Campinas;False;BRANCA
59840;3519071.0;Hortolândia;Campinas;False;PARDA
59841;3510500.0;Caraguatatuba;Taubaté;False;PARDA
59842;3506003.0;Bauru;Bauru;False;BRANCA
59843;3518206.0;Guararapes;Araçatuba;False;BRANCA
59844;3507506.0;Botucatu;Bauru;False;PARDA
59845;3519071.0;Hortolândia;Campinas;False;BRANCA
59846;3548708.0;São Bernardo do Campo;Grande SP Sudeste;False;AMARELA
59847;3550308.0;São Paulo;Município de São Paulo;False;BRANCA
59848;3550308.0;São Paulo;Município de São Paulo;False;IGNORADO
59849;3541000.0;Praia Grande;Baixada Santista;False;AMARELA
59850;3550308.0;São Paulo;Município de São Paulo;False;BRANCA
59851;3506102.0;Bebedouro;Barretos;True;BRANCA
59852;3553500.0;Tapiraí;Sorocaba;False;IGNORADO
59853;3505500.0;Barretos;Barretos;False;BRANCA
59854;3550308.0;São Paulo;Município de São Paulo;False;PARDA
59855;3550308.0;São Paulo;Município de São Paulo;False;BRANCA
59856;3550308.0;São Paulo;Município de São Paulo;False;PARDA
59857;3549904.0;São José dos Campos;Taubaté;False;BRANCA
59858;3523107.0;Itaquaquecetuba;Grande SP Leste;False;BRANCA
59859;3552809.0;Taboão da Serra;Grande SP Sudoeste;False;PRETA
59860;3550308.0;São Paulo;Município de São Paulo;False;IGNORADO
59861;3536208.0;Pariquera-Açu;Registro;False;BRANCA
59862;3513504.0;Cubatão;Baixada Santista;False;PRETA
59863;3516408.0;Franco da Rocha;Grande SP Norte;False;
59864;3550308.0;São Paulo;Município de São Paulo;True;PRETA
59865;3550308.0;São Paulo;Município de São Paulo;False;PARDA
59866;3550308.0;São Paulo;Município de São Paulo;False;AMARELA
59867;3550308.0;São Paulo;Município de São Paulo;False;PARDA
59868;3550308.0;São Paulo;Município de São Paulo;False;PARDA
59869;3550308.0;São Paulo;Município de São Paulo;False;PARDA
59870;3550308.0;São Paulo;Município de São Paulo;False;AMARELA
59871;3537206.0;Pedro de Toledo;Registro;False;PARDA
59872;3550308.0;São Paulo;Município de São Paulo;True;NONE
59873;3513801.0;Diadema;Grande SP Sudeste;False;
59874;3543402.0;Ribeirão Preto;Ribeirão Preto;False;BRANCA
59875;3513009.0;Cotia;Grande SP Sudoeste;False;
59876;3550308.0;São Paulo;Município de São Paulo;False;PARDA
59877;3507605.0;Bragança Paulista;Campinas;False;BRANCA
59878;3550308.0;São Paulo;Município de São Paulo;False;PARDA
59879;3550308.0;São Paulo;Município de São Paulo;False;IGNORADO
59880;3550308.0;São Paulo;Município de São Paulo;False;NONE
59881;3550308.0;São Paulo;Município de São Paulo;False;PARDA
59882;3548500.0;Santos;Baixada Santista;False;PARDA
59883;3550308.0;São Paulo;Município de São Paulo;False;PARDA
59884;3550308.0;São Paulo;Município de São Paulo;False;PARDA
59885;3550308.0;São Paulo;Município de São Paulo;False;BRANCA
59886;3550308.0;São Paulo;Município de São Paulo;False;PARDA
59887;3550308.0;São Paulo;Município de São Paulo;False;BRANCA
59888;3550308.0;São Paulo;Município de São Paulo;False;PARDA
59889;3518404.0;Guaratinguetá;Taubaté;False;BRANCA
59890;3510807.0;Casa Branca;São João da Boa Vista;False;BRANCA
59891;3534401.0;Osasco;Grande SP Oeste;False;PRETA
59892;3550308.0;São Paulo;Município de São Paulo;False;BRANCA
59893;3526209.0;Juquitiba;Grande SP Sudoeste;False;BRANCA
59894;3550308.0;São Paulo;Município de São Paulo;False;BRANCA
59895;3507001.0;Boituva;Sorocaba;False;BRANCA
59896;3550308.0;São Paulo;Município de São Paulo;False;PRETA
59897;3520509.0;Indaiatuba;Campinas;False;BRANCA
59898;3543402.0;Ribeirão Preto;Ribeirão Preto;False;BRANCA
59899;3550308.0;São Paulo;Município de São Paulo;False;PRETA
59900;3550308.0;São Paulo;Município de São Paulo;False;AMARELA
59901;3550308.0;São Paulo;Município de São Paulo;False;
59902;3512803.0;Cosmópolis;Campinas;False;BRANCA
59903;3539202.0;Pirapozinho;Presidente Prudente;False;BRANCA
59904;3512803.0;Cosmópolis;Campinas;False;BRANCA
59905;3550308.0;São Paulo;Município de São Paulo;False;PARDA
59906;3548500.0;Santos;Baixada Santista;False;BRANCA
59907;3550308.0;São Paulo;Município de São Paulo;False;BRANCA
59908;3550308.0;São Paulo;Município de São Paulo;False;PARDA
59909;3513504.0;Cubatão;Baixada Santista;False;PARDA
59910;3515707.0;Ferraz de Vasconcelos;Grande SP Leste;False;AMARELA
59911;3504107.0;Atibaia;Campinas;False;
59912;3550308.0;São Paulo;Município de São Paulo;True;BRANCA
59913;3550308.0;São Paulo;Município de São Paulo;False;PRETA
59914;3530508.0;Mococa;São João da Boa Vista;False;BRANCA
59915;3550308.0;São Paulo;Município de São Paulo;False;PARDA
59916;3540606.0;Porto Feliz;Sorocaba;False;BRANCA
59917;3551702.0;Sertãozinho;Ribeirão Preto;False;BRANCA
59918;3508405.0;Cabreúva;Campinas;False;BRANCA
59919;3531803.0;Monte Mor;Campinas;False;PARDA
59920;3518800.0;Guarulhos;Grande SP Leste;True;PARDA
59921;3547809.0;Santo André;Grande SP Sudeste;False;PRETA
59922;3550308.0;São Paulo;Município de São Paulo;False;PARDA
59923;3509502.0;Campinas;Campinas;False;PARDA
59924;3556503.0;Várzea Paulista;Campinas;False;BRANCA
59925;3552403.0;Sumaré;Campinas;False;PARDA
59926;3550308.0;São Paulo;Município de São Paulo;False;PARDA
59927;3525904.0;Jundiaí;Campinas;False;BRANCA
59928;3550308.0;São Paulo;Município de São Paulo;False;BRANCA
59929;3550308.0;São Paulo;Município de São Paulo;False;PARDA
59930;3519071.0;Hortolândia;Campinas;False;BRANCA
59931;3550308.0;São Paulo;Município de São Paulo;False;PRETA
59932;3537602.0;Peruíbe;Baixada Santista;False;PRETA
59933;3550308.0;São Paulo;Município de São Paulo;False;PARDA
59934;3550308.0;São Paulo;Município de São Paulo;False;BRANCA
59935;3541000.0;Praia Grande;Baixada Santista;False;BRANCA
59936;3549904.0;São José dos Campos;Taubaté;False;NONE
59937;3546801.0;Santa Isabel;Grande SP Leste;False;BRANCA
59938;3511102.0;Catanduva;São José do Rio Preto;False;BRANCA
59939;3553906.0;Tarabai;Presidente Prudente;False;BRANCA
59940;3550308.0;São Paulo;Município de São Paulo;False;BRANCA
59941;3509502.0;Campinas;Campinas;False;PARDA
59942;3550308.0;São Paulo;Município de São Paulo;False;BRANCA
59943;3533502.0;Novo Horizonte;São José do Rio Preto;False;IGNORADO
59944;3548500.0;Santos;Baixada Santista;False;IGNORADO
59945;3503901.0;Arujá;Grande SP Leste;True;NONE
59946;3518800.0;Guarulhos;Grande SP Leste;False;BRANCA
59947;3509502.0;Campinas;Campinas;False;PARDA
59948;3535309.0;Palmital;Marília;False;BRANCA
59949;3550308.0;São Paulo;Município de São Paulo;False;BRANCA
59950;3552205.0;Sorocaba;Sorocaba;False;BRANCA
59951;3546405.0;Santa Cruz do Rio Pardo;Marília;False;BRANCA
59952;3526209.0;Juquitiba;Grande SP Sudoeste;False;PARDA
59953;3503208.0;Araraquara;Araraquara;False;BRANCA
59954;3509254.0;Cajati;Registro;False;BRANCA
59955;3550308.0;São Paulo;Município de São Paulo;False;IGNORADO
59956;3518800.0;Guarulhos;Grande SP Leste;False;AMARELA
59957;3550308.0;São Paulo;Município de São Paulo;False;PARDA
59958;3509502.0;Campinas;Campinas;False;IGNORADO
59959;3522109.0;Itanhaém;Baixada Santista;False;PARDA
59960;3549805.0;São José do Rio Preto;São José do Rio Preto;False;BRANCA
59961;3556701.0;Vinhedo;Campinas;False;BRANCA
59962;3550308.0;São Paulo;Município de São Paulo;False;BRANCA
59963;3508504.0;Caçapava;Taubaté;False;BRANCA
59964;3549102.0;São João da Boa Vista;São João da Boa Vista;False;BRANCA
59965;3538709.0;Piracicaba;Piracicaba;False;BRANCA
59966;3554003.0;Tatuí;Sorocaba;True;BRANCA
59967;3556701.0;Vinhedo;Campinas;False;AMARELA
59968;3550308.0;São Paulo;Município de São Paulo;False;BRANCA
59969;3522604.0;Itapira;São João da Boa Vista;False;BRANCA
59970;3550704.0;São Sebastião;Taubaté;False;BRANCA
59971;3528502.0;Mairiporã;Grande SP Norte;False;PARDA
59972;3526902.0;Limeira;Piracicaba;False;PARDA
59973;3506003.0;Bauru;Bauru;False;BRANCA
59974;3550308.0;São Paulo;Município de São Paulo;False;BRANCA
59975;3512407.0;Cordeirópolis;Piracicaba;False;BRANCA
59976;3548500.0;Santos;Baixada Santista;False;NONE
59977;3541406.0;Presidente Prudente;Presidente Prudente;False;BRANCA
59978;3506706.0;Boa Esperança do Sul;Araraquara;False;BRANCA
