68790;3552403.0;Sumaré;Campinas;False;
68791;3508108.0;Buritama;Araçatuba;False;BRANCA
68792;3509502.0;Campinas;Campinas;False;IGNORADO
68793;3550308.0;São Paulo;Município de São Paulo;False;
68794;3550308.0;São Paulo;Município de São Paulo;False;IGNORADO
68795;3552809.0;Taboão da Serra;Grande SP Sudoeste;False;AMARELA
68796;3543303.0;Ribeirão Pires;Grande SP Sudeste;False;BRANCA
68797;3550308.0;São Paulo;Município de São Paulo;False;BRANCA
68798;3505708.0;Barueri;Grande SP Oeste;False;BRANCA
68799;3552205.0;Sorocaba;Sorocaba;False;BRANCA
68800;3550308.0;São Paulo;Município de São Paulo;False;BRANCA
68801;3550308.0;São Paulo;Município de São Paulo;False;PARDA
68802;3550308.0;São Paulo;Município de São Paulo;False;IGNORADO
68803;3556404.0;Vargem Grande do Sul;São João da Boa Vista;False;BRANCA
68804;3547809.0;Santo André;Grande SP Sudeste;False;BRANCA
68805;3501004.0;Altinópolis;Ribeirão Preto;False;BRANCA
68806;3539905.0;Poloni;São José do Rio Preto;False;BRANCA
68807;3522406.0;Itapeva;Sorocaba;False;IGNORADO
68808;3552809.0;Taboão da Serra;Grande SP Sudoeste;False;
68809;3510609.0;Carapicuíba;Grande SP Oeste;False;IGNORADO
68810;3523909.0;Itu;Sorocaba;False;IGNORADO
68811;3549805.0;São José do Rio Preto;São José do Rio Preto;False;BRANCA
68812;3538709.0;Piracicaba;Piracicaba;False;IGNORADO
68813;3538709.0;Piracicaba;Piracicaba;False;BRANCA
68814;3515004.0;Embu das Artes;Grande SP Sudoeste;False;PARDA
68815;3544301.0;Roseira;Taubaté;False;BRANCA
68816;3544301.0;Roseira;Taubaté;False;BRANCA
68817;3544301.0;Roseira;Taubaté;False;BRANCA
68818;3507001.0;Boituva;Sorocaba;False;BRANCA
68819;3550308.0;São Paulo;Município de São Paulo;False;PARDA
68820;3504503.0;Avaré;Bauru;False;BRANCA
68821;3550308.0;São Paulo;Município de São Paulo;False;IGNORADO
68822;3509502.0;Campinas;Campinas;False;BRANCA
68823;3509502.0;Campinas;Campinas;False;BRANCA
68824;3550308.0;São Paulo;Município de São Paulo;False;BRANCA
68825;3523404.0;Itatiba;Campinas;False;BRANCA
68826;3555109.0;Tupi Paulista;Presidente Prudente;False;BRANCA
68827;3507506.0;Botucatu;Bauru;False;BRANCA
68828;3548807.0;São Caetano do Sul;Grande SP Sudeste;False;BRANCA
68829;3547809.0;Santo André;Grande SP Sudeste;False;BRANCA
68830;3549904.0;São José dos Campos;Taubaté;False;NONE
68831;3509502.0;Campinas;Campinas;False;BRANCA
68832;3525904.0;Jundiaí;Campinas;False;BRANCA
68833;3550308.0;São Paulo;Município de São Paulo;False;BRANCA
68834;3512803.0;Cosmópolis;Campinas;False;BRANCA
68835;3515202.0;Estrela d'Oeste;São José do Rio Preto;False;PARDA
68836;3533007.0;Nova Granada;São José do Rio Preto;False;BRANCA
68837;3535408.0;Panorama;Presidente Prudente;False;PARDA
68838;3513504.0;Cubatão;Baixada Santista;False;PARDA
68839;3513504.0;Cubatão;Baixada Santista;False;PARDA
68840;3511102.0;Catanduva;São José do Rio Preto;False;BRANCA
68841;3509502.0;Campinas;Campinas;False;PARDA
68842;3550308.0;São Paulo;Município de São Paulo;False;IGNORADO
68843;3519071.0;Hortolândia;Campinas;False;PARDA
68844;3517208.0;Guaiçara;Bauru;False;BRANCA
68845;3542107.0;Rafard;Piracicaba;False;BRANCA
68846;3550308.0;São Paulo;Município de São Paulo;False;BRANCA
68847;3518800.0;Guarulhos;Grande SP Leste;False;PARDA
68848;3547809.0;Santo André;Grande SP Sudeste;False;PRETA
68849;3549805.0;São José do Rio Preto;São José do Rio Preto;False;IGNORADO
68850;3549805.0;São José do Rio Preto;São José do Rio Preto;False;BRANCA
68851;3540705.0;Porto Ferreira;Araraquara;False;PARDA
68852;3543402.0;Ribeirão Preto;Ribeirão Preto;False;AMARELA
68853;3513801.0;Diadema;Grande SP Sudeste;False;BRANCA
68854;3550308.0;São Paulo;Município de São Paulo;False;PARDA
68855;3526407.0;Laranjal Paulista;Bauru;False;BRANCA
68856;3525904.0;Jundiaí;Campinas;False;IGNORADO
68857;3514924.0;Elisiário;São José do Rio Preto;False;BRANCA
68858;3505708.0;Barueri;Grande SP Oeste;False;PARDA
68859;3554102.0;Taubaté;Taubaté;False;AMARELA
68860;3518701.0;Guarujá;Baixada Santista;False;BRANCA
68861;3509007.0;Caieiras;Grande SP Norte;False;PARDA
68862;3549805.0;São José do Rio Preto;São José do Rio Preto;False;IGNORADO
68863;3550308.0;São Paulo;Município de São Paulo;False;
68864;3550308.0;São Paulo;Município de São Paulo;False;PARDA
68865;3520509.0;Indaiatuba;Campinas;False;BRANCA
68866;3518800.0;Guarulhos;Grande SP Leste;False;PARDA
68867;3550308.0;São Paulo;Município de São Paulo;False;BRANCA
68868;3549805.0;São José do Rio Preto;São José do Rio Preto;False;BRANCA
68869;3549805.0;São José do Rio Preto;São José do Rio Preto;False;BRANCA
68870;3552205.0;Sorocaba;Sorocaba;False;BRANCA
68871;3550308.0;São Paulo;Município de São Paulo;False;PARDA
68872;3550308.0;São Paulo;Município de São Paulo;False;PARDA
68873;3518404.0;Guaratinguetá;Taubaté;False;IGNORADO
68874;3549904.0;São José dos Campos;Taubaté;False;IGNORADO
68875;3514809.0;Eldorado;Registro;False;BRANCA
68876;3557006.0;Votorantim;Sorocaba;False;BRANCA
68877;3552205.0;Sorocaba;Sorocaba;False;BRANCA
68878;3550308.0;São Paulo;Município de São Paulo;False;BRANCA
68879;3549904.0;São José dos Campos;Taubaté;False;BRANCA
68880;3550308.0;São Paulo;Município de São Paulo;True;IGNORADO
68881;3550308.0;São Paulo;Município de São Paulo;False;IGNORADO
68882;3550308.0;São Paulo;Município de São Paulo;False;PARDA
68883;3549805.0;São José do Rio Preto;São José do Rio Preto;False;BRANCA
68884;3549904.0;São José dos Campos;Taubaté;True;IGNORADO
68885;3557006.0;Votorantim;Sorocaba;False;PARDA
68886;3550308.0;São Paulo;Município de São Paulo;False;PRETA
68887;3503307.0;Araras;Piracicaba;False;AMARELA
68888;3547809.0;Santo André;Grande SP Sudeste;False;PARDA
68889;3550308.0;São Paulo;Município de São Paulo;False;
68890;3541406.0;Presidente Prudente;Presidente Prudente;False;BRANCA
68891;3530706.0;Mogi Guaçu;São João da Boa Vista;False;BRANCA
68892;3524402.0;Jacareí;Taubaté;False;BRANCA
68893;3519071.0;Hortolândia;Campinas;False;BRANCA
68894;3545209.0;Salto;Sorocaba;False;AMARELA
68895;3550308.0;São Paulo;Município de São Paulo;False;PARDA
68896;3513702.0;Descalvado;Araraquara;False;BRANCA
68897;3550308.0;São Paulo;Município de São Paulo;False;BRANCA
68898;3548708.0;São Bernardo do Campo;Grande SP Sudeste;False;BRANCA
68899;3505609.0;Barrinha;Ribeirão Preto;False;PARDA
68900;3550308.0;São Paulo;Município de São Paulo;False;PARDA
68901;3546306.0;Santa Cruz das Palmeiras;São João da Boa Vista;False;BRANCA
68902;3550308.0;São Paulo;Município de São Paulo;False;BRANCA
68903;3510807.0;Casa Branca;São João da Boa Vista;False;BRANCA
68904;3502507.0;Aparecida;Taubaté;False;BRANCA
68905;3550308.0;São Paulo;Município de São Paulo;False;PRETA
68906;3544251.0;Rosana;Presidente Prudente;False;BRANCA
68907;3530706.0;Mogi Guaçu;São João da Boa Vista;False;BRANCA
68908;3550308.0;São Paulo;Município de São Paulo;False;IGNORADO
68909;3527108.0;Lins;Bauru;False;IGNORADO
68910;3518404.0;Guaratinguetá;Taubaté;False;BRANCA
68911;3548500.0;Santos;Baixada Santista;False;NONE
68912;3549805.0;São José do Rio Preto;São José do Rio Preto;False;BRANCA
68913;3517505.0;Guapiaçu;São José do Rio Preto;False;BRANCA
68914;3549904.0;São José dos Campos;Taubaté;False;BRANCA
68915;3550308.0;São Paulo;Município de São Paulo;False;BRANCA
68916;3550308.0;São Paulo;Município de São Paulo;True;BRANCA
68917;3530607.0;Mogi das Cruzes;Grande SP Leste;False;PARDA
68918;3503901.0;Arujá;Grande SP Leste;False;BRANCA
68919;3550308.0;São Paulo;Município de São Paulo;False;PARDA
68920;3524402.0;Jacareí;Taubaté;False;BRANCA
68921;3554102.0;Taubaté;Taubaté;False;BRANCA
68922;3541406.0;Presidente Prudente;Presidente Prudente;False;BRANCA
68923;3550308.0;São Paulo;Município de São Paulo;False;BRANCA
68924;3549805.0;São José do Rio Preto;São José do Rio Preto;False;IGNORADO
68925;3549904.0;São José dos Campos;Taubaté;False;BRANCA
68926;3548708.0;São Bernardo do Campo;Grande SP Sudeste;False;PARDA
68927;3533502.0;Novo Horizonte;São José do Rio Preto;False;BRANCA
68928;3550308.0;São Paulo;Município de São Paulo;False;PARDA
68929;3545803.0;Santa Bárbara d'Oeste;Campinas;False;PARDA
