13422;3550308.0;São Paulo;Município de São Paulo;False;BRANCA
13423;3557006.0;Votorantim;Sorocaba;False;BRANCA
13424;3550308.0;São Paulo;Município de São Paulo;False;BRANCA
13425;3550308.0;São Paulo;Município de São Paulo;False;BRANCA
13426;3550308.0;São Paulo;Município de São Paulo;False;IGNORADO
13427;3547502.0;Santa Rita do Passa Quatro;Ribeirão Preto;False;IGNORADO
13428;3520509.0;Indaiatuba;Campinas;False;BRANCA
13429;3550308.0;São Paulo;Município de São Paulo;False;BRANCA
13430;3526902.0;Limeira;Piracicaba;False;AMARELA
13431;3550308.0;São Paulo;Município de São Paulo;False;PARDA
13432;3552809.0;Taboão da Serra;Grande SP Sudoeste;False;BRANCA
13433;3516309.0;Francisco Morato;Grande SP Norte;False;BRANCA
13434;3530607.0;Mogi das Cruzes;Grande SP Leste;False;BRANCA
13435;3550308.0;São Paulo;Município de São Paulo;False;PARDA
13436;3550308.0;São Paulo;Município de São Paulo;False;BRANCA
13437;3517505.0;Guapiaçu;São José do Rio Preto;False;BRANCA
13438;3518503.0;Guareí;Sorocaba;False;BRANCA
13439;3549805.0;São José do Rio Preto;São José do Rio Preto;False;BRANCA
13440;3545209.0;Salto;Sorocaba;False;BRANCA
13441;3543402.0;Ribeirão Preto;Ribeirão Preto;False;IGNORADO
13442;3550308.0;São Paulo;Município de São Paulo;False;PARDA
13443;3505708.0;Barueri;Grande SP Oeste;False;PARDA
13444;3549904.0;São José dos Campos;Taubaté;False;BRANCA
13445;3505708.0;Barueri;Grande SP Oeste;False;BRANCA
13446;3547809.0;Santo André;Grande SP Sudeste;False;BRANCA
13447;3529401.0;Mauá;Grande SP Sudeste;False;BRANCA
13448;3550308.0;São Paulo;Município de São Paulo;False;
13449;3533007.0;Nova Granada;São José do Rio Preto;False;PRETA
13450;3550308.0;São Paulo;Município de São Paulo;False;AMARELA
13451;3550308.0;São Paulo;Município de São Paulo;False;BRANCA
13452;3551702.0;Sertãozinho;Ribeirão Preto;False;BRANCA
13453;3526506.0;Lavínia;Araçatuba;False;
13454;3525300.0;Jaú;Bauru;False;IGNORADO
13455;3550308.0;São Paulo;Município de São Paulo;False;NONE
13456;3525904.0;Jundiaí;Campinas;True;BRANCA
13457;3526803.0;Lençóis Paulista;Bauru;False;BRANCA
13458;3532900.0;Nova Europa;Araraquara;False;PARDA
13459;3550308.0;São Paulo;Município de São Paulo;False;IGNORADO
13460;3535705.0;Paraíso;São José do Rio Preto;False;BRANCA
13461;3541406.0;Presidente Prudente;Presidente Prudente;False;IGNORADO
13462;3509502.0;Campinas;Campinas;False;BRANCA
13463;3551702.0;Sertãozinho;Ribeirão Preto;False;PARDA
13464;3534708.0;Ourinhos;Marília;False;BRANCA
13465;3550308.0;São Paulo;Município de São Paulo;False;BRANCA
13466;3510609.0;Carapicuíba;Grande SP Oeste;False;PARDA
13467;3551702.0;Sertãozinho;Ribeirão Preto;False;BRANCA
13468;3549904.0;São José dos Campos;Taubaté;False;IGNORADO
13469;3524402.0;Jacareí;Taubaté;False;PARDA
13470;3547304.0;Santana de Parnaíba;Grande SP Oeste;False;BRANCA
13471;3550308.0;São Paulo;Município de São Paulo;False;BRANCA
13472;3549805.0;São José do Rio Preto;São José do Rio Preto;False;BRANCA
13473;3543402.0;Ribeirão Preto;Ribeirão Preto;False;IGNORADO
13474;3550308.0;São Paulo;Município de São Paulo;False;BRANCA
13475;3550308.0;São Paulo;Município de São Paulo;False;BRANCA
13476;3522604.0;Itapira;São João da Boa Vista;False;IGNORADO
13477;3516705.0;Garça;Marília;False;BRANCA
13478;3554201.0;Tejupá;Bauru;False;BRANCA
13479;3500303.0;Aguaí;São João da Boa Vista;False;BRANCA
13480;3554102.0;Taubaté;Taubaté;False;IGNORADO
13481;3550308.0;São Paulo;Município de São Paulo;False;BRANCA
13482;3550308.0;São Paulo;Município de São Paulo;False;IGNORADO
13483;3550308.0;São Paulo;Município de São Paulo;False;BRANCA
13484;3530706.0;Mogi Guaçu;São João da Boa Vista;False;BRANCA
13485;3534401.0;Osasco;Grande SP Oeste;False;BRANCA
13486;3550308.0;São Paulo;Município de São Paulo;True;BRANCA
13487;3540200.0;Pontal;Ribeirão Preto;False;PARDA
13488;3519071.0;Hortolândia;Campinas;False;PARDA
13489;3549706.0;São José do Rio Pardo;São João da Boa Vista;False;IGNORADO
13490;3550308.0;São Paulo;Município de São Paulo;False;BRANCA
13491;3550308.0;São Paulo;Município de São Paulo;False;BRANCA
13492;3550308.0;São Paulo;Município de São Paulo;False;BRANCA
13493;3511607.0;Cesário Lange;Sorocaba;False;BRANCA
13494;3530706.0;Mogi Guaçu;São João da Boa Vista;False;BRANCA
13495;3548708.0;São Bernardo do Campo;Grande SP Sudeste;True;BRANCA
13496;3530706.0;Mogi Guaçu;São João da Boa Vista;False;PRETA
13497;3550308.0;São Paulo;Município de São Paulo;False;
13498;3552502.0;Suzano;Grande SP Leste;False;IGNORADO
13499;3550308.0;São Paulo;Município de São Paulo;True;BRANCA
13500;3518800.0;Guarulhos;Grande SP Leste;False;BRANCA
13501;3503802.0;Artur Nogueira;Campinas;False;BRANCA
13502;3530805.0;Mogi Mirim;São João da Boa Vista;False;BRANCA
13503;3549805.0;São José do Rio Preto;São José do Rio Preto;False;BRANCA
13504;3534708.0;Ourinhos;Marília;False;PARDA
13505;3541000.0;Praia Grande;Baixada Santista;False;IGNORADO
13506;3550308.0;São Paulo;Município de São Paulo;False;PARDA
13507;3550308.0;São Paulo;Município de São Paulo;True;PARDA
13508;3548708.0;São Bernardo do Campo;Grande SP Sudeste;False;AMARELA
13509;3556701.0;Vinhedo;Campinas;False;PRETA
13510;3530300.0;Mirassol;São José do Rio Preto;True;BRANCA
13511;3550308.0;São Paulo;Município de São Paulo;False;IGNORADO
13512;3549805.0;São José do Rio Preto;São José do Rio Preto;False;BRANCA
13513;3549805.0;São José do Rio Preto;São José do Rio Preto;False;BRANCA
13514;3505708.0;Barueri;Grande SP Oeste;True;NONE
13515;3547809.0;Santo André;Grande SP Sudeste;False;BRANCA
13516;3528502.0;Mairiporã;Grande SP Norte;False;PARDA
13517;3550308.0;São Paulo;Município de São Paulo;False;PRETA
13518;3538709.0;Piracicaba;Piracicaba;False;BRANCA
13519;3552205.0;Sorocaba;Sorocaba;False;IGNORADO
13520;3549805.0;São José do Rio Preto;São José do Rio Preto;False;BRANCA
13521;3552403.0;Sumaré;Campinas;False;BRANCA
13522;3518800.0;Guarulhos;Grande SP Leste;False;PARDA
13523;3547809.0;Santo André;Grande SP Sudeste;False;BRANCA
13524;3550605.0;São Roque;Sorocaba;False;BRANCA
13525;3550308.0;São Paulo;Município de São Paulo;False;NONE
13526;3523107.0;Itaquaquecetuba;Grande SP Leste;False;BRANCA
13527;3529005.0;Marília;Marília;False;BRANCA
13528;3550308.0;São Paulo;Município de São Paulo;False;IGNORADO
13529;3550308.0;São Paulo;Município de São Paulo;False;BRANCA
13530;3550308.0;São Paulo;Município de São Paulo;False;
13531;3549904.0;São José dos Campos;Taubaté;False;BRANCA
13532;3549805.0;São José do Rio Preto;São José do Rio Preto;False;BRANCA
13533;3503307.0;Araras;Piracicaba;False;BRANCA
13534;3550308.0;São Paulo;Município de São Paulo;False;BRANCA
13535;3550308.0;São Paulo;Município de São Paulo;False;PARDA
13536;3550308.0;São Paulo;Município de São Paulo;False;
13537;3550308.0;São Paulo;Município de São Paulo;False;BRANCA
13538;3550308.0;São Paulo;Município de São Paulo;False;PARDA
13539;3551009.0;São Vicente;Baixada Santista;False;PARDA
13540;3550308.0;São Paulo;Município de São Paulo;False;BRANCA
13541;3548807.0;São Caetano do Sul;Grande SP Sudeste;False;IGNORADO
13542;3518800.0;Guarulhos;Grande SP Leste;True;BRANCA
13543;3550308.0;São Paulo;Município de São Paulo;False;IGNORADO
13544;3552403.0;Sumaré;Campinas;False;PARDA
13545;3550308.0;São Paulo;Município de São Paulo;False;BRANCA
13546;3548708.0;São Bernardo do Campo;Grande SP Sudeste;False;NONE
13547;3548906.0;São Carlos;Araraquara;False;BRANCA
13548;3506003.0;Bauru;Bauru;False;
13549;3513504.0;Cubatão;Baixada Santista;False;PARDA
13550;3550308.0;São Paulo;Município de São Paulo;False;BRANCA
13551;3514908.0;Elias Fausto;Piracicaba;False;BRANCA
13552;3550308.0;São Paulo;Município de São Paulo;False;BRANCA
13553;3550308.0;São Paulo;Município de São Paulo;False;BRANCA
13554;3502804.0;Araçatuba;Araçatuba;False;BRANCA
13555;3548708.0;São Bernardo do Campo;Grande SP Sudeste;False;
13556;3549904.0;São José dos Campos;Taubaté;False;BRANCA
13557;3550308.0;São Paulo;Município de São Paulo;False;BRANCA
13558;3550308.0;São Paulo;Município de São Paulo;False;BRANCA
