30603;3519071.0;Hortolândia;Campinas;False;BRANCA
30604;3513801.0;Diadema;Grande SP Sudeste;False;BRANCA
30605;3507506.0;Botucatu;Bauru;False;BRANCA
30606;3522109.0;Itanhaém;Baixada Santista;False;BRANCA
30607;3549904.0;São José dos Campos;Taubaté;False;PARDA
30608;3550308.0;São Paulo;Município de São Paulo;False;BRANCA
30609;3548708.0;São Bernardo do Campo;Grande SP Sudeste;False;PARDA
30610;3550308.0;São Paulo;Município de São Paulo;False;PARDA
30611;3550407.0;São Pedro;Piracicaba;False;BRANCA
30612;3548708.0;São Bernardo do Campo;Grande SP Sudeste;False;
30613;3533007.0;Nova Granada;São José do Rio Preto;False;BRANCA
30614;3524402.0;Jacareí;Taubaté;False;BRANCA
30615;3504305.0;Avaí;Bauru;False;BRANCA
30616;3524402.0;Jacareí;Taubaté;False;BRANCA
30617;3541406.0;Presidente Prudente;Presidente Prudente;False;AMARELA
30618;3501608.0;Americana;Campinas;False;BRANCA
30619;3550308.0;São Paulo;Município de São Paulo;False;IGNORADO
30620;3550308.0;São Paulo;Município de São Paulo;False;BRANCA
30621;3541307.0;Presidente Epitácio;Presidente Prudente;False;PARDA
30622;3550308.0;São Paulo;Município de São Paulo;False;BRANCA
30623;3552502.0;Suzano;Grande SP Leste;False;PARDA
30624;3552205.0;Sorocaba;Sorocaba;False;BRANCA
30625;3550308.0;São Paulo;Município de São Paulo;False;PARDA
30626;3530706.0;Mogi Guaçu;São João da Boa Vista;False;BRANCA
30627;3534401.0;Osasco;Grande SP Oeste;False;BRANCA
30628;3550308.0;São Paulo;Município de São Paulo;False;BRANCA
30629;3505906.0;Batatais;Ribeirão Preto;False;BRANCA
30630;3550308.0;São Paulo;Município de São Paulo;False;BRANCA
30631;3502804.0;Araçatuba;Araçatuba;False;BRANCA
30632;3556206.0;Valinhos;Campinas;False;BRANCA
30633;3551702.0;Sertãozinho;Ribeirão Preto;False;BRANCA
30634;3552205.0;Sorocaba;Sorocaba;False;BRANCA
30635;3507001.0;Boituva;Sorocaba;False;BRANCA
30636;3520509.0;Indaiatuba;Campinas;False;BRANCA
30637;3502804.0;Araçatuba;Araçatuba;False;PARDA
30638;3519071.0;Hortolândia;Campinas;False;
30639;3518602.0;Guariba;Ribeirão Preto;False;BRANCA
30640;3502804.0;Araçatuba;Araçatuba;False;BRANCA
30641;3509502.0;Campinas;Campinas;False;NONE
30642;3550308.0;São Paulo;Município de São Paulo;False;BRANCA
30643;3526902.0;Limeira;Piracicaba;False;BRANCA
30644;3541000.0;Praia Grande;Baixada Santista;False;PARDA
30645;3522604.0;Itapira;São João da Boa Vista;False;BRANCA
30646;3518701.0;Guarujá;Baixada Santista;False;PARDA
30647;3554508.0;Tietê;Sorocaba;False;PARDA
30648;3506003.0;Bauru;Bauru;False;BRANCA
30649;3550308.0;São Paulo;Município de São Paulo;False;NONE
30650;3543907.0;Rio Claro;Piracicaba;False;PARDA
30651;3522802.0;Itaporanga;Bauru;False;BRANCA
30652;3550308.0;São Paulo;Município de São Paulo;False;PARDA
30653;3540200.0;Pontal;Ribeirão Preto;False;BRANCA
30654;3537909.0;Pilar do Sul;Sorocaba;False;BRANCA
30655;3539202.0;Pirapozinho;Presidente Prudente;False;PARDA
30656;3522802.0;Itaporanga;Bauru;False;BRANCA
30657;3520301.0;Iguape;Registro;False;BRANCA
30658;3554003.0;Tatuí;Sorocaba;False;BRANCA
30659;3549904.0;São José dos Campos;Taubaté;False;IGNORADO
30660;3520400.0;Ilhabela;Taubaté;False;AMARELA
30661;3550308.0;São Paulo;Município de São Paulo;False;AMARELA
30662;3506003.0;Bauru;Bauru;False;IGNORADO
30663;3550308.0;São Paulo;Município de São Paulo;False;PARDA
30664;3513009.0;Cotia;Grande SP Sudoeste;False;PARDA
30665;3523909.0;Itu;Sorocaba;False;BRANCA
30666;3518800.0;Guarulhos;Grande SP Leste;False;BRANCA
30667;3529005.0;Marília;Marília;False;BRANCA
30668;3507605.0;Bragança Paulista;Campinas;False;BRANCA
30669;3530706.0;Mogi Guaçu;São João da Boa Vista;False;BRANCA
30670;3551009.0;São Vicente;Baixada Santista;False;BRANCA
30671;3551009.0;São Vicente;Baixada Santista;False;NONE
30672;3549805.0;São José do Rio Preto;São José do Rio Preto;False;BRANCA
30673;3550308.0;São Paulo;Município de São Paulo;False;BRANCA
30674;3532504.0;Neves Paulista;São José do Rio Preto;False;BRANCA
30675;3550308.0;São Paulo;Município de São Paulo;False;IGNORADO
30676;3550308.0;São Paulo;Município de São Paulo;False;PRETA
30677;3520509.0;Indaiatuba;Campinas;False;PARDA
30678;3550704.0;São Sebastião;Taubaté;False;PARDA
30679;3504008.0;Assis;Marília;False;IGNORADO
30680;3528007.0;Macatuba;Bauru;False;BRANCA
30681;3550605.0;São Roque;Sorocaba;False;AMARELA
30682;3520509.0;Indaiatuba;Campinas;False;IGNORADO
30683;3504107.0;Atibaia;Campinas;False;IGNORADO
30684;3543303.0;Ribeirão Pires;Grande SP Sudeste;False;PARDA
30685;3552601.0;Tabapuã;São José do Rio Preto;False;BRANCA
30686;3547304.0;Santana de Parnaíba;Grande SP Oeste;True;BRANCA
30687;3555802.0;Urânia;São José do Rio Preto;False;BRANCA
30688;3523503.0;Itatinga;Bauru;False;BRANCA
30689;3550308.0;São Paulo;Município de São Paulo;False;PRETA
30690;3542602.0;Registro;Registro;False;AMARELA
30691;3509502.0;Campinas;Campinas;False;BRANCA
30692;3550308.0;São Paulo;Município de São Paulo;False;BRANCA
30693;3502101.0;Andradina;Araçatuba;False;PARDA
30694;3518701.0;Guarujá;Baixada Santista;False;BRANCA
30695;3545605.0;Santa Adélia;São José do Rio Preto;True;BRANCA
30696;3543402.0;Ribeirão Preto;Ribeirão Preto;False;PRETA
30697;3520301.0;Iguape;Registro;False;INDIGENA
30698;3533403.0;Nova Odessa;Campinas;False;BRANCA
30699;3513504.0;Cubatão;Baixada Santista;False;BRANCA
30700;3550605.0;São Roque;Sorocaba;False;BRANCA
30701;3534708.0;Ourinhos;Marília;False;BRANCA
30702;3550308.0;São Paulo;Município de São Paulo;False;BRANCA
30703;3506508.0;Birigui;Araçatuba;False;IGNORADO
30704;3522604.0;Itapira;São João da Boa Vista;True;PARDA
30705;3547809.0;Santo André;Grande SP Sudeste;False;BRANCA
30706;3548906.0;São Carlos;Araraquara;False;BRANCA
30707;3515186.0;Espírito Santo do Pinhal;São João da Boa Vista;False;IGNORADO
30708;3538709.0;Piracicaba;Piracicaba;False;BRANCA
30709;3550308.0;São Paulo;Município de São Paulo;False;NONE
30710;3545803.0;Santa Bárbara d'Oeste;Campinas;False;IGNORADO
30711;3548708.0;São Bernardo do Campo;Grande SP Sudeste;False;BRANCA
30712;3550308.0;São Paulo;Município de São Paulo;True;PARDA
30713;3509502.0;Campinas;Campinas;False;AMARELA
30714;3526605.0;Lavrinhas;Taubaté;False;BRANCA
30715;3556503.0;Várzea Paulista;Campinas;False;IGNORADO
30716;3529302.0;Matão;Araraquara;False;PRETA
30717;3555406.0;Ubatuba;Taubaté;False;PARDA
30718;3503208.0;Araraquara;Araraquara;False;PRETA
30719;3548708.0;São Bernardo do Campo;Grande SP Sudeste;False;IGNORADO
30720;3518800.0;Guarulhos;Grande SP Leste;False;BRANCA
30721;3550308.0;São Paulo;Município de São Paulo;False;PARDA
30722;3551900.0;Severínia;Barretos;False;BRANCA
30723;3506508.0;Birigui;Araçatuba;False;BRANCA
30724;3518503.0;Guareí;Sorocaba;False;
30725;3525904.0;Jundiaí;Campinas;False;IGNORADO
30726;3525904.0;Jundiaí;Campinas;False;IGNORADO
30727;3530508.0;Mococa;São João da Boa Vista;False;IGNORADO
30728;3534401.0;Osasco;Grande SP Oeste;False;IGNORADO
30729;3519071.0;Hortolândia;Campinas;False;AMARELA
30730;3529401.0;Mauá;Grande SP Sudeste;False;PARDA
30731;3537909.0;Pilar do Sul;Sorocaba;False;BRANCA
30732;3545308.0;Salto de Pirapora;Sorocaba;False;BRANCA
30733;3550308.0;São Paulo;Município de São Paulo;False;AMARELA
30734;3511102.0;Catanduva;São José do Rio Preto;False;BRANCA
30735;3550308.0;São Paulo;Município de São Paulo;False;NONE
30736;3536604.0;Paulo de Faria;São José do Rio Preto;False;PARDA
30737;3552205.0;Sorocaba;Sorocaba;False;BRANCA
30738;3509254.0;Cajati;Registro;False;BRANCA
30739;3510609.0;Carapicuíba;Grande SP Oeste;False;BRANCA
30740;3548500.0;Santos;Baixada Santista;False;BRANCA
30741;3518503.0;Guareí;Sorocaba;False;
30742;3539806.0;Poá;Grande SP Leste;False;AMARELA
30743;3536703.0;Pederneiras;Bauru;False;BRANCA
30744;3512209.0;Conchal;Piracicaba;False;PARDA
30745;3526902.0;Limeira;Piracicaba;False;BRANCA
30746;3513801.0;Diadema;Grande SP Sudeste;False;BRANCA
30747;3550308.0;São Paulo;Município de São Paulo;False;
30748;3506003.0;Bauru;Bauru;False;BRANCA
30749;3548708.0;São Bernardo do Campo;Grande SP Sudeste;False;BRANCA
30750;3509007.0;Caieiras;Grande SP Norte;False;AMARELA
30751;3509502.0;Campinas;Campinas;False;BRANCA
