22697;3525201.0;Jarinu;Campinas;False;PARDA
22698;3529005.0;Marília;Marília;False;BRANCA
22699;3550308.0;São Paulo;Município de São Paulo;False;IGNORADO
22700;3548500.0;Santos;Baixada Santista;False;BRANCA
22701;3518800.0;Guarulhos;Grande SP Leste;False;PRETA
22702;3548708.0;São Bernardo do Campo;Grande SP Sudeste;False;BRANCA
22703;3552205.0;Sorocaba;Sorocaba;False;BRANCA
22704;3519055.0;Holambra;Campinas;False;PRETA
22705;3549904.0;São José dos Campos;Taubaté;False;BRANCA
22706;3550308.0;São Paulo;Município de São Paulo;False;NONE
22707;3547809.0;Santo André;Grande SP Sudeste;False;BRANCA
22708;3526704.0;Leme;Piracicaba;False;PRETA
22709;3507001.0;Boituva;Sorocaba;False;BRANCA
22710;3506607.0;Biritiba Mirim;Grande SP Leste;False;PRETA
22711;3538006.0;Pindamonhangaba;Taubaté;False;BRANCA
22712;3548708.0;São Bernardo do Campo;Grande SP Sudeste;False;
22713;3510500.0;Caraguatatuba;Taubaté;False;BRANCA
22714;3505500.0;Barretos;Barretos;False;BRANCA
22715;3550308.0;São Paulo;Município de São Paulo;False;PARDA
22716;3509502.0;Campinas;Campinas;False;PRETA
22717;3509502.0;Campinas;Campinas;False;IGNORADO
22718;3529005.0;Marília;Marília;False;BRANCA
22719;3509502.0;Campinas;Campinas;False;BRANCA
22720;3525904.0;Jundiaí;Campinas;False;BRANCA
22721;3547304.0;Santana de Parnaíba;Grande SP Oeste;False;IGNORADO
22722;3509502.0;Campinas;Campinas;False;BRANCA
22723;3550308.0;São Paulo;Município de São Paulo;False;IGNORADO
22724;3534302.0;Orlândia;Franca;False;BRANCA
22725;3509502.0;Campinas;Campinas;False;BRANCA
22726;3524006.0;Itupeva;Campinas;False;BRANCA
22727;3549904.0;São José dos Campos;Taubaté;False;BRANCA
22728;3550308.0;São Paulo;Município de São Paulo;False;BRANCA
22729;3522703.0;Itápolis;Araraquara;False;BRANCA
22730;3550308.0;São Paulo;Município de São Paulo;False;BRANCA
22731;3515707.0;Ferraz de Vasconcelos;Grande SP Leste;False;PRETA
22732;3515707.0;Ferraz de Vasconcelos;Grande SP Leste;False;PARDA
22733;3540200.0;Pontal;Ribeirão Preto;False;BRANCA
22734;3550308.0;São Paulo;Município de São Paulo;False;BRANCA
22735;3552809.0;Taboão da Serra;Grande SP Sudoeste;False;
22736;3550308.0;São Paulo;Município de São Paulo;False;NONE
22737;3550308.0;São Paulo;Município de São Paulo;False;BRANCA
22738;3550308.0;São Paulo;Município de São Paulo;False;BRANCA
22739;3547809.0;Santo André;Grande SP Sudeste;False;PARDA
22740;3550308.0;São Paulo;Município de São Paulo;False;IGNORADO
22741;3518800.0;Guarulhos;Grande SP Leste;False;BRANCA
22742;3541000.0;Praia Grande;Baixada Santista;False;PARDA
22743;3550308.0;São Paulo;Município de São Paulo;False;IGNORADO
22744;3554102.0;Taubaté;Taubaté;False;BRANCA
22745;3518800.0;Guarulhos;Grande SP Leste;False;NONE
22746;3506508.0;Birigui;Araçatuba;False;BRANCA
22747;3549904.0;São José dos Campos;Taubaté;False;BRANCA
22748;3525300.0;Jaú;Bauru;False;PRETA
22749;3550308.0;São Paulo;Município de São Paulo;False;
22750;3550308.0;São Paulo;Município de São Paulo;False;BRANCA
22751;3529401.0;Mauá;Grande SP Sudeste;False;IGNORADO
22752;3534401.0;Osasco;Grande SP Oeste;False;BRANCA
22753;3539301.0;Pirassununga;Piracicaba;False;IGNORADO
22754;3519600.0;Ibitinga;Araraquara;False;BRANCA
22755;3526704.0;Leme;Piracicaba;False;BRANCA
22756;3541406.0;Presidente Prudente;Presidente Prudente;False;BRANCA
22757;3550605.0;São Roque;Sorocaba;False;BRANCA
22758;3550308.0;São Paulo;Município de São Paulo;False;
22759;3550308.0;São Paulo;Município de São Paulo;False;IGNORADO
22760;3520400.0;Ilhabela;Taubaté;False;BRANCA
22761;3505708.0;Barueri;Grande SP Oeste;False;IGNORADO
22762;3515509.0;Fernandópolis;São José do Rio Preto;False;BRANCA
22763;3550308.0;São Paulo;Município de São Paulo;False;IGNORADO
22764;3539004.0;Pirangi;São José do Rio Preto;False;BRANCA
22765;3509502.0;Campinas;Campinas;False;IGNORADO
22766;3547809.0;Santo André;Grande SP Sudeste;False;BRANCA
22767;3548708.0;São Bernardo do Campo;Grande SP Sudeste;False;BRANCA
22768;3528403.0;Mairinque;Sorocaba;False;IGNORADO
22769;3526407.0;Laranjal Paulista;Bauru;False;BRANCA
22770;3546702.0;Santa Gertrudes;Piracicaba;False;BRANCA
22771;3550308.0;São Paulo;Município de São Paulo;False;BRANCA
22772;3509502.0;Campinas;Campinas;False;BRANCA
22773;3549904.0;São José dos Campos;Taubaté;False;AMARELA
22774;3550308.0;São Paulo;Município de São Paulo;False;PARDA
22775;3524402.0;Jacareí;Taubaté;False;BRANCA
22776;3541604.0;Promissão;Bauru;False;BRANCA
22777;3550308.0;São Paulo;Município de São Paulo;False;BRANCA
22778;3546009.0;Santa Branca;Taubaté;False;BRANCA
22779;3542602.0;Registro;Registro;False;BRANCA
22780;3550308.0;São Paulo;Município de São Paulo;False;IGNORADO
22781;3509502.0;Campinas;Campinas;False;BRANCA
22782;3550308.0;São Paulo;Município de São Paulo;False;PARDA
22783;3550308.0;São Paulo;Município de São Paulo;False;BRANCA
22784;3550308.0;São Paulo;Município de São Paulo;False;BRANCA
22785;3530607.0;Mogi das Cruzes;Grande SP Leste;False;PARDA
22786;3543907.0;Rio Claro;Piracicaba;False;BRANCA
22787;3534401.0;Osasco;Grande SP Oeste;True;PARDA
22788;3509502.0;Campinas;Campinas;False;BRANCA
22789;3541000.0;Praia Grande;Baixada Santista;False;PRETA
22790;3550308.0;São Paulo;Município de São Paulo;False;PARDA
22791;3548500.0;Santos;Baixada Santista;False;IGNORADO
22792;3523909.0;Itu;Sorocaba;False;BRANCA
22793;3550308.0;São Paulo;Município de São Paulo;False;IGNORADO
22794;3557006.0;Votorantim;Sorocaba;False;BRANCA
22795;3534401.0;Osasco;Grande SP Oeste;False;PARDA
22796;3550308.0;São Paulo;Município de São Paulo;False;NONE
22797;3518701.0;Guarujá;Baixada Santista;False;PARDA
22798;3509502.0;Campinas;Campinas;False;PRETA
22799;3550308.0;São Paulo;Município de São Paulo;False;BRANCA
22800;3519071.0;Hortolândia;Campinas;False;
22801;3541000.0;Praia Grande;Baixada Santista;False;PARDA
22802;3507605.0;Bragança Paulista;Campinas;False;BRANCA
22803;3513009.0;Cotia;Grande SP Sudoeste;False;BRANCA
22804;3524600.0;Jacupiranga;Registro;False;BRANCA
22805;3548708.0;São Bernardo do Campo;Grande SP Sudeste;False;BRANCA
22806;3556404.0;Vargem Grande do Sul;São João da Boa Vista;False;PARDA
22807;3503208.0;Araraquara;Araraquara;False;PARDA
22808;3550308.0;São Paulo;Município de São Paulo;False;BRANCA
22809;3550308.0;São Paulo;Município de São Paulo;False;NONE
22810;3513801.0;Diadema;Grande SP Sudeste;False;IGNORADO
22811;3529401.0;Mauá;Grande SP Sudeste;False;PARDA
22812;3509502.0;Campinas;Campinas;False;BRANCA
22813;3526209.0;Juquitiba;Grande SP Sudoeste;False;IGNORADO
22814;3548807.0;São Caetano do Sul;Grande SP Sudeste;False;IGNORADO
22815;3550308.0;São Paulo;Município de São Paulo;False;PRETA
22816;3502804.0;Araçatuba;Araçatuba;False;PARDA
22817;3550308.0;São Paulo;Município de São Paulo;True;BRANCA
22818;3555109.0;Tupi Paulista;Presidente Prudente;False;BRANCA
22819;3519071.0;Hortolândia;Campinas;False;PARDA
22820;3548005.0;Santo Antônio de Posse;Campinas;False;BRANCA
22821;3538907.0;Pirajuí;Bauru;False;IGNORADO
22822;3550308.0;São Paulo;Município de São Paulo;False;IGNORADO
22823;3550308.0;São Paulo;Município de São Paulo;True;BRANCA
22824;3518800.0;Guarulhos;Grande SP Leste;False;PARDA
22825;3550308.0;São Paulo;Município de São Paulo;False;BRANCA
22826;3513009.0;Cotia;Grande SP Sudoeste;False;PARDA
22827;3550308.0;São Paulo;Município de São Paulo;False;BRANCA
22828;3550308.0;São Paulo;Município de São Paulo;False;PARDA
22829;3550308.0;São Paulo;Município de São Paulo;False;PARDA
22830;3550308.0;São Paulo;Município de São Paulo;False;PARDA
22831;3509502.0;Campinas;Campinas;False;NONE
22832;3545803.0;Santa Bárbara d'Oeste;Campinas;False;BRANCA
22833;3547304.0;Santana de Parnaíba;Grande SP Oeste;False;AMARELA
22834;3529401.0;Mauá;Grande SP Sudeste;False;BRANCA
22835;3518800.0;Guarulhos;Grande SP Leste;False;PARDA
22836;3547809.0;Santo André;Grande SP Sudeste;False;PARDA
22837;3550308.0;São Paulo;Município de São Paulo;False;IGNORADO
22838;3548708.0;São Bernardo do Campo;Grande SP Sudeste;False;BRANCA
22839;3518800.0;Guarulhos;Grande SP Leste;False;PARDA
22840;3550308.0;São Paulo;Município de São Paulo;False;BRANCA
