5719;3550308.0;São Paulo;Município de São Paulo;False;PARDA
5720;3505708.0;Barueri;Grande SP Oeste;False;IGNORADO
5721;3550308.0;São Paulo;Município de São Paulo;False;BRANCA
5722;3518800.0;Guarulhos;Grande SP Leste;False;
5723;3550308.0;São Paulo;Município de São Paulo;False;PARDA
5724;3540507.0;Porangaba;Bauru;False;BRANCA
5725;3543402.0;Ribeirão Preto;Ribeirão Preto;False;IGNORADO
5726;3543402.0;Ribeirão Preto;Ribeirão Preto;False;IGNORADO
5727;3550308.0;São Paulo;Município de São Paulo;False;IGNORADO
5728;3529005.0;Marília;Marília;False;BRANCA
5729;3517000.0;Getulina;Bauru;False;PARDA
5730;3515004.0;Embu das Artes;Grande SP Sudoeste;False;PARDA
5731;3550308.0;São Paulo;Município de São Paulo;False;PARDA
5732;3543402.0;Ribeirão Preto;Ribeirão Preto;False;IGNORADO
5733;3509502.0;Campinas;Campinas;False;IGNORADO
5734;3541307.0;Presidente Epitácio;Presidente Prudente;False;BRANCA
5735;3505708.0;Barueri;Grande SP Oeste;False;AMARELA
5736;3548708.0;São Bernardo do Campo;Grande SP Sudeste;False;BRANCA
5737;3534401.0;Osasco;Grande SP Oeste;False;BRANCA
5738;3549953.0;São Lourenço da Serra;Grande SP Sudoeste;True;PARDA
5739;3550308.0;São Paulo;Município de São Paulo;False;PARDA
5740;3550308.0;São Paulo;Município de São Paulo;False;AMARELA
5741;3502903.0;Araçoiaba da Serra;Sorocaba;False;BRANCA
5742;3513801.0;Diadema;Grande SP Sudeste;False;PARDA
5743;3522208.0;Itapecerica da Serra;Grande SP Sudoeste;False;BRANCA
5744;3550308.0;São Paulo;Município de São Paulo;False;BRANCA
5745;3519071.0;Hortolândia;Campinas;False;IGNORADO
5746;3520509.0;Indaiatuba;Campinas;False;PARDA
5747;3550308.0;São Paulo;Município de São Paulo;False;BRANCA
5748;3507506.0;Botucatu;Bauru;False;IGNORADO
5749;3549102.0;São João da Boa Vista;São João da Boa Vista;False;BRANCA
5750;3509502.0;Campinas;Campinas;False;BRANCA
5751;3530607.0;Mogi das Cruzes;Grande SP Leste;False;BRANCA
5752;3549805.0;São José do Rio Preto;São José do Rio Preto;False;BRANCA
5753;3538709.0;Piracicaba;Piracicaba;False;BRANCA
5754;3550308.0;São Paulo;Município de São Paulo;False;IGNORADO
5755;3505500.0;Barretos;Barretos;False;BRANCA
5756;3534708.0;Ourinhos;Marília;False;BRANCA
5757;3538709.0;Piracicaba;Piracicaba;False;BRANCA
5758;3523404.0;Itatiba;Campinas;False;IGNORADO
5759;3509502.0;Campinas;Campinas;False;BRANCA
5760;3550308.0;São Paulo;Município de São Paulo;False;PARDA
5761;3550605.0;São Roque;Sorocaba;False;BRANCA
5762;3533007.0;Nova Granada;São José do Rio Preto;False;PRETA
5763;3509502.0;Campinas;Campinas;True;PARDA
5764;3521101.0;Ipeúna;Piracicaba;False;PARDA
5765;3515707.0;Ferraz de Vasconcelos;Grande SP Leste;False;BRANCA
5766;3503208.0;Araraquara;Araraquara;False;BRANCA
5767;3549102.0;São João da Boa Vista;São João da Boa Vista;False;BRANCA
5768;3548500.0;Santos;Baixada Santista;False;IGNORADO
5769;3527207.0;Lorena;Taubaté;False;IGNORADO
5770;3538709.0;Piracicaba;Piracicaba;False;BRANCA
5771;3550308.0;São Paulo;Município de São Paulo;False;PRETA
5772;3526902.0;Limeira;Piracicaba;False;AMARELA
5773;3554102.0;Taubaté;Taubaté;False;BRANCA
5774;3550308.0;São Paulo;Município de São Paulo;False;PARDA
5775;3550308.0;São Paulo;Município de São Paulo;False;PARDA
5776;3513009.0;Cotia;Grande SP Sudoeste;False;BRANCA
5777;3547809.0;Santo André;Grande SP Sudeste;False;IGNORADO
5778;3538105.0;Pindorama;São José do Rio Preto;False;BRANCA
5779;3522406.0;Itapeva;Sorocaba;False;PRETA
5780;3550308.0;São Paulo;Município de São Paulo;False;PARDA
5781;3545308.0;Salto de Pirapora;Sorocaba;False;IGNORADO
5782;3543303.0;Ribeirão Pires;Grande SP Sudeste;False;BRANCA
5783;3507001.0;Boituva;Sorocaba;False;PARDA
5784;3550308.0;São Paulo;Município de São Paulo;False;INDIGENA
5785;3550308.0;São Paulo;Município de São Paulo;False;PARDA
5786;3550308.0;São Paulo;Município de São Paulo;False;IGNORADO
5787;3550308.0;São Paulo;Município de São Paulo;False;PARDA
5788;3552809.0;Taboão da Serra;Grande SP Sudoeste;False;BRANCA
5789;3541604.0;Promissão;Bauru;False;BRANCA
5790;3525904.0;Jundiaí;Campinas;False;AMARELA
5791;3551009.0;São Vicente;Baixada Santista;False;PARDA
5792;3523107.0;Itaquaquecetuba;Grande SP Leste;False;IGNORADO
5793;3515202.0;Estrela d'Oeste;São José do Rio Preto;False;BRANCA
5794;3518800.0;Guarulhos;Grande SP Leste;False;
5795;3550308.0;São Paulo;Município de São Paulo;False;IGNORADO
5796;3550308.0;São Paulo;Município de São Paulo;False;PARDA
5797;3503802.0;Artur Nogueira;Campinas;False;BRANCA
5798;3510609.0;Carapicuíba;Grande SP Oeste;False;IGNORADO
5799;3518701.0;Guarujá;Baixada Santista;False;PARDA
5800;3550308.0;São Paulo;Município de São Paulo;False;PARDA
5801;3524303.0;Jaboticabal;Ribeirão Preto;False;PARDA
5802;3513405.0;Cruzeiro;Taubaté;False;IGNORADO
5803;3550308.0;São Paulo;Município de São Paulo;False;BRANCA
5804;3550308.0;São Paulo;Município de São Paulo;False;BRANCA
5805;3550308.0;São Paulo;Município de São Paulo;False;PARDA
5806;3551702.0;Sertãozinho;Ribeirão Preto;False;BRANCA
5807;3525706.0;José Bonifácio;São José do Rio Preto;False;BRANCA
5808;3550308.0;São Paulo;Município de São Paulo;False;
5809;3547809.0;Santo André;Grande SP Sudeste;False;BRANCA
5810;3546306.0;Santa Cruz das Palmeiras;São João da Boa Vista;False;BRANCA
5811;3541505.0;Presidente Venceslau;Presidente Prudente;False;IGNORADO
5812;3548500.0;Santos;Baixada Santista;False;BRANCA
5813;3550308.0;São Paulo;Município de São Paulo;False;BRANCA
5814;3503208.0;Araraquara;Araraquara;False;BRANCA
5815;3522604.0;Itapira;São João da Boa Vista;False;PRETA
5816;3549904.0;São José dos Campos;Taubaté;False;BRANCA
5817;3552205.0;Sorocaba;Sorocaba;False;BRANCA
5818;3500758.0;Alambari;Sorocaba;False;BRANCA
5819;3532504.0;Neves Paulista;São José do Rio Preto;False;BRANCA
5820;3504503.0;Avaré;Bauru;False;BRANCA
5821;3530607.0;Mogi das Cruzes;Grande SP Leste;False;BRANCA
5822;3552205.0;Sorocaba;Sorocaba;False;BRANCA
5823;3550308.0;São Paulo;Município de São Paulo;False;BRANCA
5824;3538709.0;Piracicaba;Piracicaba;False;IGNORADO
5825;3509502.0;Campinas;Campinas;False;BRANCA
5826;3550308.0;São Paulo;Município de São Paulo;False;PARDA
5827;3549904.0;São José dos Campos;Taubaté;False;BRANCA
5828;3549805.0;São José do Rio Preto;São José do Rio Preto;False;BRANCA
5829;3518800.0;Guarulhos;Grande SP Leste;False;NONE
5830;3551009.0;São Vicente;Baixada Santista;False;PARDA
5831;3526902.0;Limeira;Piracicaba;False;BRANCA
5832;3550308.0;São Paulo;Município de São Paulo;False;PARDA
5833;3512407.0;Cordeirópolis;Piracicaba;False;BRANCA
5834;3502606.0;Aparecida d'Oeste;São José do Rio Preto;False;BRANCA
5835;3554102.0;Taubaté;Taubaté;False;AMARELA
5836;3552205.0;Sorocaba;Sorocaba;False;PARDA
5837;3550308.0;São Paulo;Município de São Paulo;False;PARDA
5838;3513009.0;Cotia;Grande SP Sudoeste;False;IGNORADO
5839;3518800.0;Guarulhos;Grande SP Leste;False;PARDA
5840;3550308.0;São Paulo;Município de São Paulo;False;PARDA
5841;3550308.0;São Paulo;Município de São Paulo;False;BRANCA
5842;3548500.0;Santos;Baixada Santista;False;PARDA
5843;3515103.0;Embu-Guaçu;Grande SP Sudoeste;False;BRANCA
5844;3509502.0;Campinas;Campinas;False;IGNORADO
5845;3541505.0;Presidente Venceslau;Presidente Prudente;False;BRANCA
5846;3550308.0;São Paulo;Município de São Paulo;False;PARDA
5847;3503208.0;Araraquara;Araraquara;False;PRETA
5848;3506508.0;Birigui;Araçatuba;False;BRANCA
5849;3509254.0;Cajati;Registro;False;BRANCA
5850;3550308.0;São Paulo;Município de São Paulo;False;BRANCA
5851;3507506.0;Botucatu;Bauru;False;BRANCA
5852;3538709.0;Piracicaba;Piracicaba;False;BRANCA
5853;3534401.0;Osasco;Grande SP Oeste;False;IGNORADO
5854;3520400.0;Ilhabela;Taubaté;False;BRANCA
5855;3550308.0;São Paulo;Município de São Paulo;False;BRANCA
5856;3550308.0;São Paulo;Município de São Paulo;False;NONE
5857;3529302.0;Matão;Araraquara;False;AMARELA
5858;3550308.0;São Paulo;Município de São Paulo;False;PRETA
5859;3552205.0;Sorocaba;Sorocaba;False;BRANCA
5860;3538709.0;Piracicaba;Piracicaba;False;BRANCA
5861;3552809.0;Taboão da Serra;Grande SP Sudoeste;False;PARDA
5862;3508009.0;Buri;Sorocaba;False;PARDA
5863;3518701.0;Guarujá;Baixada Santista;False;PARDA
