5984;3543402.0;Ribeirão Preto;Ribeirão Preto;False;PARDA
5985;3550308.0;São Paulo;Município de São Paulo;False;BRANCA
5986;3526704.0;Leme;Piracicaba;False;BRANCA
5987;3547809.0;Santo André;Grande SP Sudeste;False;PARDA
5988;3550308.0;São Paulo;Município de São Paulo;False;PRETA
5989;3509700.0;Campos do Jordão;Taubaté;False;PARDA
5990;3550308.0;São Paulo;Município de São Paulo;False;
5991;3529005.0;Marília;Marília;False;IGNORADO
5992;3543402.0;Ribeirão Preto;Ribeirão Preto;False;BRANCA
5993;3550902.0;São Simão;Ribeirão Preto;False;PARDA
5994;3550902.0;São Simão;Ribeirão Preto;False;BRANCA
5995;3550308.0;São Paulo;Município de São Paulo;False;BRANCA
5996;3550308.0;São Paulo;Município de São Paulo;False;BRANCA
5997;3515509.0;Fernandópolis;São José do Rio Preto;False;BRANCA
5998;3552403.0;Sumaré;Campinas;False;IGNORADO
5999;3550308.0;São Paulo;Município de São Paulo;False;PARDA
6000;3549904.0;São José dos Campos;Taubaté;False;IGNORADO
6001;3550308.0;São Paulo;Município de São Paulo;False;PARDA
6002;3550308.0;São Paulo;Município de São Paulo;False;PARDA
6003;3550308.0;São Paulo;Município de São Paulo;False;PARDA
6004;3512407.0;Cordeirópolis;Piracicaba;False;BRANCA
6005;3522505.0;Itapevi;Grande SP Oeste;False;PARDA
6006;3550308.0;São Paulo;Município de São Paulo;False;
6007;3510609.0;Carapicuíba;Grande SP Oeste;False;BRANCA
6008;3549904.0;São José dos Campos;Taubaté;False;BRANCA
6009;3500303.0;Aguaí;São João da Boa Vista;False;PARDA
6010;3549904.0;São José dos Campos;Taubaté;False;BRANCA
6011;3550308.0;São Paulo;Município de São Paulo;False;BRANCA
6012;3548708.0;São Bernardo do Campo;Grande SP Sudeste;False;BRANCA
6013;3522604.0;Itapira;São João da Boa Vista;False;BRANCA
6014;3506003.0;Bauru;Bauru;False;IGNORADO
6015;3548906.0;São Carlos;Araraquara;False;BRANCA
6016;3503208.0;Araraquara;Araraquara;False;BRANCA
6017;3530607.0;Mogi das Cruzes;Grande SP Leste;False;BRANCA
6018;3530607.0;Mogi das Cruzes;Grande SP Leste;False;BRANCA
6019;3541406.0;Presidente Prudente;Presidente Prudente;False;BRANCA
6020;3509502.0;Campinas;Campinas;False;IGNORADO
6021;3557105.0;Votuporanga;São José do Rio Preto;False;PARDA
6022;3529401.0;Mauá;Grande SP Sudeste;False;PARDA
6023;3550308.0;São Paulo;Município de São Paulo;False;BRANCA
6024;3547809.0;Santo André;Grande SP Sudeste;False;BRANCA
6025;3550308.0;São Paulo;Município de São Paulo;False;NONE
6026;3550308.0;São Paulo;Município de São Paulo;False;BRANCA
6027;3518800.0;Guarulhos;Grande SP Leste;False;PARDA
6028;3534302.0;Orlândia;Franca;False;BRANCA
6029;3504503.0;Avaré;Bauru;False;BRANCA
6030;3548708.0;São Bernardo do Campo;Grande SP Sudeste;False;BRANCA
6031;3549805.0;São José do Rio Preto;São José do Rio Preto;False;BRANCA
6032;3515004.0;Embu das Artes;Grande SP Sudoeste;False;PARDA
6033;3552403.0;Sumaré;Campinas;False;BRANCA
6034;3526902.0;Limeira;Piracicaba;False;BRANCA
6035;3550308.0;São Paulo;Município de São Paulo;False;AMARELA
6036;3550308.0;São Paulo;Município de São Paulo;False;PARDA
6037;3526902.0;Limeira;Piracicaba;False;IGNORADO
6038;3548708.0;São Bernardo do Campo;Grande SP Sudeste;False;BRANCA
6039;3550308.0;São Paulo;Município de São Paulo;False;IGNORADO
6040;3550308.0;São Paulo;Município de São Paulo;False;BRANCA
6041;3543402.0;Ribeirão Preto;Ribeirão Preto;False;BRANCA
6042;3552809.0;Taboão da Serra;Grande SP Sudoeste;False;IGNORADO
6043;3518800.0;Guarulhos;Grande SP Leste;False;PARDA
6044;3548500.0;Santos;Baixada Santista;False;IGNORADO
6045;3522307.0;Itapetininga;Sorocaba;False;BRANCA
6046;3524808.0;Jales;São José do Rio Preto;False;IGNORADO
6047;3543402.0;Ribeirão Preto;Ribeirão Preto;False;PARDA
6048;3515707.0;Ferraz de Vasconcelos;Grande SP Leste;False;IGNORADO
6049;3550308.0;São Paulo;Município de São Paulo;False;PARDA
6050;3550308.0;São Paulo;Município de São Paulo;False;PARDA
6051;3550308.0;São Paulo;Município de São Paulo;False;PARDA
6052;3550308.0;São Paulo;Município de São Paulo;False;PARDA
6053;3502903.0;Araçoiaba da Serra;Sorocaba;False;PARDA
6054;3516309.0;Francisco Morato;Grande SP Norte;False;BRANCA
6055;3550308.0;São Paulo;Município de São Paulo;False;BRANCA
6056;3541000.0;Praia Grande;Baixada Santista;False;PARDA
6057;3551504.0;Serrana;Ribeirão Preto;False;BRANCA
6058;3547304.0;Santana de Parnaíba;Grande SP Oeste;False;BRANCA
6059;3516903.0;General Salgado;São José do Rio Preto;False;BRANCA
6060;3550308.0;São Paulo;Município de São Paulo;False;BRANCA
6061;3550308.0;São Paulo;Município de São Paulo;True;IGNORADO
6062;3508702.0;Caconde;São João da Boa Vista;False;BRANCA
6063;3550308.0;São Paulo;Município de São Paulo;False;PARDA
6064;3537305.0;Penápolis;Araçatuba;False;PARDA
6065;3550308.0;São Paulo;Município de São Paulo;False;PRETA
6066;3518701.0;Guarujá;Baixada Santista;False;
6067;3503950.0;Aspásia;São José do Rio Preto;False;BRANCA
6068;3550308.0;São Paulo;Município de São Paulo;False;IGNORADO
6069;3556503.0;Várzea Paulista;Campinas;False;PRETA
6070;3518701.0;Guarujá;Baixada Santista;False;PARDA
6071;3541000.0;Praia Grande;Baixada Santista;False;BRANCA
6072;3505708.0;Barueri;Grande SP Oeste;False;NONE
6073;3552205.0;Sorocaba;Sorocaba;False;PRETA
6074;3538709.0;Piracicaba;Piracicaba;False;BRANCA
6075;3550308.0;São Paulo;Município de São Paulo;False;BRANCA
6076;3526902.0;Limeira;Piracicaba;False;BRANCA
6077;3543402.0;Ribeirão Preto;Ribeirão Preto;False;BRANCA
6078;3547809.0;Santo André;Grande SP Sudeste;False;BRANCA
6079;3550308.0;São Paulo;Município de São Paulo;False;BRANCA
6080;3518800.0;Guarulhos;Grande SP Leste;False;PARDA
6081;3519071.0;Hortolândia;Campinas;False;PARDA
6082;3551009.0;São Vicente;Baixada Santista;False;BRANCA
6083;3550308.0;São Paulo;Município de São Paulo;False;PARDA
6084;3541406.0;Presidente Prudente;Presidente Prudente;False;BRANCA
6085;3550308.0;São Paulo;Município de São Paulo;False;IGNORADO
6086;3550308.0;São Paulo;Município de São Paulo;False;PARDA
6087;3550308.0;São Paulo;Município de São Paulo;False;PARDA
6088;3550308.0;São Paulo;Município de São Paulo;False;BRANCA
6089;3550308.0;São Paulo;Município de São Paulo;False;PARDA
6090;3548500.0;Santos;Baixada Santista;False;AMARELA
6091;3518800.0;Guarulhos;Grande SP Leste;False;BRANCA
6092;3550308.0;São Paulo;Município de São Paulo;False;BRANCA
6093;3509502.0;Campinas;Campinas;False;IGNORADO
6094;3550308.0;São Paulo;Município de São Paulo;False;PARDA
6095;3550308.0;São Paulo;Município de São Paulo;False;IGNORADO
6096;3548500.0;Santos;Baixada Santista;False;IGNORADO
6097;3526209.0;Juquitiba;Grande SP Sudoeste;False;BRANCA
6098;3550308.0;São Paulo;Município de São Paulo;False;BRANCA
6099;3518800.0;Guarulhos;Grande SP Leste;False;NONE
6100;3550308.0;São Paulo;Município de São Paulo;False;BRANCA
6101;3550308.0;São Paulo;Município de São Paulo;True;BRANCA
6102;3548500.0;Santos;Baixada Santista;False;BRANCA
6103;3538709.0;Piracicaba;Piracicaba;True;BRANCA
6104;3541000.0;Praia Grande;Baixada Santista;False;PARDA
6105;3512308.0;Conchas;Bauru;False;BRANCA
6106;3524808.0;Jales;São José do Rio Preto;False;BRANCA
6107;3523107.0;Itaquaquecetuba;Grande SP Leste;True;PARDA
6108;3550308.0;São Paulo;Município de São Paulo;False;PARDA
6109;3524808.0;Jales;São José do Rio Preto;False;BRANCA
6110;3550308.0;São Paulo;Município de São Paulo;False;BRANCA
6111;3541604.0;Promissão;Bauru;False;PARDA
6112;3549904.0;São José dos Campos;Taubaté;False;BRANCA
6113;3551702.0;Sertãozinho;Ribeirão Preto;False;AMARELA
6114;3550308.0;São Paulo;Município de São Paulo;False;IGNORADO
6115;3540903.0;Pradópolis;Ribeirão Preto;False;BRANCA
6116;3527207.0;Lorena;Taubaté;False;BRANCA
6117;3552502.0;Suzano;Grande SP Leste;False;
6118;3513009.0;Cotia;Grande SP Sudoeste;False;PARDA
6119;3508405.0;Cabreúva;Campinas;False;BRANCA
6120;3520400.0;Ilhabela;Taubaté;False;BRANCA
6121;3543402.0;Ribeirão Preto;Ribeirão Preto;False;BRANCA
6122;3509502.0;Campinas;Campinas;False;PARDA
6123;3543204.0;Ribeirão do Sul;Marília;False;BRANCA
6124;3549805.0;São José do Rio Preto;São José do Rio Preto;False;BRANCA
6125;3550308.0;São Paulo;Município de São Paulo;False;BRANCA
