4082;3550308.0;São Paulo;Município de São Paulo;False;BRANCA
4083;3550308.0;São Paulo;Município de São Paulo;False;BRANCA
4084;3550308.0;São Paulo;Município de São Paulo;False;
4085;3550308.0;São Paulo;Município de São Paulo;False;BRANCA
4086;3519709.0;Ibiúna;Sorocaba;False;BRANCA
4087;3510609.0;Carapicuíba;Grande SP Oeste;False;PARDA
4088;3547304.0;Santana de Parnaíba;Grande SP Oeste;False;BRANCA
4089;3538709.0;Piracicaba;Piracicaba;False;BRANCA
4090;3550308.0;São Paulo;Município de São Paulo;False;PRETA
4091;3509502.0;Campinas;Campinas;False;PARDA
4092;3520103.0;Igarapava;Franca;False;PARDA
4093;3509502.0;Campinas;Campinas;False;IGNORADO
4094;3550308.0;São Paulo;Município de São Paulo;False;NONE
4095;3550308.0;São Paulo;Município de São Paulo;False;NONE
4096;3550308.0;São Paulo;Município de São Paulo;False;AMARELA
4097;3517802.0;Guaraçaí;Araçatuba;False;BRANCA
4098;3541000.0;Praia Grande;Baixada Santista;False;PRETA
4099;3509502.0;Campinas;Campinas;False;IGNORADO
4100;3516200.0;Franca;Franca;False;BRANCA
4101;3548500.0;Santos;Baixada Santista;True;NONE
4102;3550308.0;São Paulo;Município de São Paulo;False;BRANCA
4103;3550308.0;São Paulo;Município de São Paulo;True;NONE
4104;3548500.0;Santos;Baixada Santista;False;BRANCA
4105;3549409.0;São Joaquim da Barra;Franca;False;BRANCA
4106;3505203.0;Bariri;Bauru;False;BRANCA
4107;3550407.0;São Pedro;Piracicaba;False;PARDA
4108;3510609.0;Carapicuíba;Grande SP Oeste;True;BRANCA
4109;3523107.0;Itaquaquecetuba;Grande SP Leste;True;PARDA
4110;3513504.0;Cubatão;Baixada Santista;False;PARDA
4111;3543402.0;Ribeirão Preto;Ribeirão Preto;False;IGNORADO
4112;3543402.0;Ribeirão Preto;Ribeirão Preto;False;AMARELA
4113;3549904.0;São José dos Campos;Taubaté;False;BRANCA
4114;3527009.0;Lindóia;Campinas;False;BRANCA
4115;3550308.0;São Paulo;Município de São Paulo;False;AMARELA
4116;3529203.0;Martinópolis;Presidente Prudente;False;BRANCA
4117;3550308.0;São Paulo;Município de São Paulo;False;BRANCA
4118;3549904.0;São José dos Campos;Taubaté;False;PRETA
4119;3549904.0;São José dos Campos;Taubaté;False;BRANCA
4120;3511102.0;Catanduva;São José do Rio Preto;False;PARDA
4121;3517406.0;Guaíra;Barretos;False;BRANCA
4122;3550308.0;São Paulo;Município de São Paulo;False;BRANCA
4123;3525102.0;Jardinópolis;Ribeirão Preto;False;BRANCA
4124;3550308.0;São Paulo;Município de São Paulo;False;PRETA
4125;3537404.0;Pereira Barreto;Araçatuba;False;AMARELA
4126;3550308.0;São Paulo;Município de São Paulo;False;IGNORADO
4127;3550308.0;São Paulo;Município de São Paulo;False;BRANCA
4128;3547304.0;Santana de Parnaíba;Grande SP Oeste;False;BRANCA
4129;3538709.0;Piracicaba;Piracicaba;False;IGNORADO
4130;3550308.0;São Paulo;Município de São Paulo;False;BRANCA
4131;3550308.0;São Paulo;Município de São Paulo;False;PARDA
4132;3515004.0;Embu das Artes;Grande SP Sudoeste;False;BRANCA
4133;3509502.0;Campinas;Campinas;True;BRANCA
4134;3541000.0;Praia Grande;Baixada Santista;False;BRANCA
4135;3507506.0;Botucatu;Bauru;False;BRANCA
4136;3547304.0;Santana de Parnaíba;Grande SP Oeste;False;PARDA
4137;3550308.0;São Paulo;Município de São Paulo;False;PARDA
4138;3505203.0;Bariri;Bauru;False;BRANCA
4139;3520004.0;Igaraçu do Tietê;Bauru;False;BRANCA
4140;3550308.0;São Paulo;Município de São Paulo;False;BRANCA
4141;3511102.0;Catanduva;São José do Rio Preto;False;IGNORADO
4142;3543402.0;Ribeirão Preto;Ribeirão Preto;False;BRANCA
4143;3507506.0;Botucatu;Bauru;False;IGNORADO
4144;3543402.0;Ribeirão Preto;Ribeirão Preto;False;PARDA
4145;3505708.0;Barueri;Grande SP Oeste;False;IGNORADO
4146;3519253.0;Iaras;Bauru;False;BRANCA
4147;3541604.0;Promissão;Bauru;False;BRANCA
4148;3531902.0;Morro Agudo;Franca;False;BRANCA
4149;3501608.0;Americana;Campinas;False;PARDA
4150;3550308.0;São Paulo;Município de São Paulo;True;BRANCA
4151;3504909.0;Bananal;Taubaté;False;BRANCA
4152;3539509.0;Pitangueiras;Ribeirão Preto;False;BRANCA
4153;3548500.0;Santos;Baixada Santista;False;BRANCA
4154;3550308.0;São Paulo;Município de São Paulo;False;BRANCA
4155;3520202.0;Igaratá;Taubaté;False;IGNORADO
4156;3516200.0;Franca;Franca;False;IGNORADO
4157;3549409.0;São Joaquim da Barra;Franca;False;BRANCA
4158;3501608.0;Americana;Campinas;False;IGNORADO
4159;3538709.0;Piracicaba;Piracicaba;False;BRANCA
4160;3548906.0;São Carlos;Araraquara;False;IGNORADO
4161;3554102.0;Taubaté;Taubaté;False;BRANCA
4162;3550308.0;São Paulo;Município de São Paulo;False;BRANCA
4163;3538709.0;Piracicaba;Piracicaba;False;BRANCA
4164;3550308.0;São Paulo;Município de São Paulo;False;IGNORADO
4165;3506508.0;Birigui;Araçatuba;False;BRANCA
4166;3509502.0;Campinas;Campinas;False;BRANCA
4167;3550308.0;São Paulo;Município de São Paulo;False;BRANCA
4168;3550308.0;São Paulo;Município de São Paulo;False;BRANCA
4169;3519303.0;Ibaté;Araraquara;False;PARDA
4170;3550308.0;São Paulo;Município de São Paulo;False;BRANCA
4171;3512308.0;Conchas;Bauru;False;BRANCA
4172;3507100.0;Bom Jesus dos Perdões;Campinas;False;BRANCA
4173;3511508.0;Cerquilho;Sorocaba;False;BRANCA
4174;3552205.0;Sorocaba;Sorocaba;False;BRANCA
4175;3552809.0;Taboão da Serra;Grande SP Sudoeste;False;BRANCA
4176;3550308.0;São Paulo;Município de São Paulo;False;BRANCA
4177;3550308.0;São Paulo;Município de São Paulo;False;BRANCA
4178;3540804.0;Potirendaba;São José do Rio Preto;False;BRANCA
4179;3538709.0;Piracicaba;Piracicaba;False;NONE
4180;3550308.0;São Paulo;Município de São Paulo;False;BRANCA
4181;3548708.0;São Bernardo do Campo;Grande SP Sudeste;False;PARDA
4182;3552205.0;Sorocaba;Sorocaba;False;PRETA
4183;3538709.0;Piracicaba;Piracicaba;False;BRANCA
4184;3538600.0;Piracaia;Campinas;False;IGNORADO
4185;3549904.0;São José dos Campos;Taubaté;False;BRANCA
4186;3507803.0;Brodowski;Ribeirão Preto;False;BRANCA
4187;3550308.0;São Paulo;Município de São Paulo;False;
4188;3550308.0;São Paulo;Município de São Paulo;False;BRANCA
4189;3526100.0;Juquiá;Registro;False;PARDA
4190;3520509.0;Indaiatuba;Campinas;False;BRANCA
4191;3543402.0;Ribeirão Preto;Ribeirão Preto;False;IGNORADO
4192;3503208.0;Araraquara;Araraquara;False;PARDA
4193;3554102.0;Taubaté;Taubaté;False;BRANCA
4194;3549805.0;São José do Rio Preto;São José do Rio Preto;False;PRETA
4195;3530607.0;Mogi das Cruzes;Grande SP Leste;False;BRANCA
4196;3532108.0;Murutinga do Sul;Araçatuba;False;BRANCA
4197;3550308.0;São Paulo;Município de São Paulo;False;AMARELA
4198;3550308.0;São Paulo;Município de São Paulo;False;NONE
4199;3554003.0;Tatuí;Sorocaba;False;BRANCA
4200;3537503.0;Pereiras;Bauru;False;BRANCA
4201;3527405.0;Lucélia;Marília;False;BRANCA
4202;3539806.0;Poá;Grande SP Leste;False;BRANCA
4203;3505302.0;Barra Bonita;Bauru;False;BRANCA
4204;3550308.0;São Paulo;Município de São Paulo;False;BRANCA
4205;3509452.0;Campina do Monte Alegre;Sorocaba;False;BRANCA
4206;3522505.0;Itapevi;Grande SP Oeste;False;BRANCA
4207;3528007.0;Macatuba;Bauru;False;BRANCA
4208;3538709.0;Piracicaba;Piracicaba;False;NONE
4209;3502804.0;Araçatuba;Araçatuba;False;IGNORADO
4210;3518503.0;Guareí;Sorocaba;False;
4211;3550308.0;São Paulo;Município de São Paulo;False;BRANCA
4212;3506003.0;Bauru;Bauru;False;BRANCA
4213;3519600.0;Ibitinga;Araraquara;False;BRANCA
4214;3550308.0;São Paulo;Município de São Paulo;False;BRANCA
4215;3552403.0;Sumaré;Campinas;False;AMARELA
4216;3549904.0;São José dos Campos;Taubaté;False;IGNORADO
4217;3526407.0;Laranjal Paulista;Bauru;False;PARDA
4218;3512407.0;Cordeirópolis;Piracicaba;False;BRANCA
4219;3556206.0;Valinhos;Campinas;False;BRANCA
4220;3549904.0;São José dos Campos;Taubaté;False;PRETA
4221;3539509.0;Pitangueiras;Ribeirão Preto;False;BRANCA
4222;3550308.0;São Paulo;Município de São Paulo;False;PARDA
4223;3523404.0;Itatiba;Campinas;False;IGNORADO
4224;3540606.0;Porto Feliz;Sorocaba;False;BRANCA
4225;3514106.0;Dois Córregos;Bauru;False;BRANCA
4226;3534401.0;Osasco;Grande SP Oeste;False;BRANCA
4227;3516200.0;Franca;Franca;False;IGNORADO
4228;3549805.0;São José do Rio Preto;São José do Rio Preto;False;BRANCA
4229;3550308.0;São Paulo;Município de São Paulo;False;
4230;3518701.0;Guarujá;Baixada Santista;False;PARDA
4231;3506508.0;Birigui;Araçatuba;False;IGNORADO
