32797;3538600.0;Piracaia;Campinas;False;PARDA
32798;3550308.0;São Paulo;Município de São Paulo;False;BRANCA
32799;3548708.0;São Bernardo do Campo;Grande SP Sudeste;False;BRANCA
32800;3545209.0;Salto;Sorocaba;False;IGNORADO
32801;3550308.0;São Paulo;Município de São Paulo;False;BRANCA
32802;3515707.0;Ferraz de Vasconcelos;Grande SP Leste;False;PARDA
32803;3525003.0;Jandira;Grande SP Oeste;False;PARDA
32804;3550308.0;São Paulo;Município de São Paulo;False;NONE
32805;3549805.0;São José do Rio Preto;São José do Rio Preto;False;PARDA
32806;3552403.0;Sumaré;Campinas;False;BRANCA
32807;3509502.0;Campinas;Campinas;False;PRETA
32808;3538105.0;Pindorama;São José do Rio Preto;False;PARDA
32809;3551702.0;Sertãozinho;Ribeirão Preto;False;BRANCA
32810;3530300.0;Mirassol;São José do Rio Preto;False;BRANCA
32811;3518800.0;Guarulhos;Grande SP Leste;False;
32812;3504602.0;Bady Bassitt;São José do Rio Preto;False;BRANCA
32813;3554508.0;Tietê;Sorocaba;False;NONE
32814;3524808.0;Jales;São José do Rio Preto;False;BRANCA
32815;3549904.0;São José dos Campos;Taubaté;False;PARDA
32816;3543402.0;Ribeirão Preto;Ribeirão Preto;False;BRANCA
32817;3524808.0;Jales;São José do Rio Preto;False;BRANCA
32818;3504107.0;Atibaia;Campinas;False;BRANCA
32819;3552502.0;Suzano;Grande SP Leste;False;BRANCA
32820;3549904.0;São José dos Campos;Taubaté;False;BRANCA
32821;3553302.0;Tambaú;São João da Boa Vista;False;BRANCA
32822;3557105.0;Votuporanga;São José do Rio Preto;False;BRANCA
32823;3507506.0;Botucatu;Bauru;False;BRANCA
32824;3518503.0;Guareí;Sorocaba;False;
32825;3522703.0;Itápolis;Araraquara;False;BRANCA
32826;3534906.0;Pacaembu;Marília;False;IGNORADO
32827;3520400.0;Ilhabela;Taubaté;False;AMARELA
32828;3556800.0;Viradouro;Barretos;False;BRANCA
32829;3520509.0;Indaiatuba;Campinas;False;PARDA
32830;3543402.0;Ribeirão Preto;Ribeirão Preto;False;PARDA
32831;3523602.0;Itirapina;Piracicaba;False;BRANCA
32832;3529401.0;Mauá;Grande SP Sudeste;False;PARDA
32833;3548708.0;São Bernardo do Campo;Grande SP Sudeste;False;BRANCA
32834;3536208.0;Pariquera-Açu;Registro;False;INDIGENA
32835;3525904.0;Jundiaí;Campinas;False;BRANCA
32836;3522604.0;Itapira;São João da Boa Vista;False;BRANCA
32837;3550308.0;São Paulo;Município de São Paulo;False;PARDA
32838;3519071.0;Hortolândia;Campinas;False;AMARELA
32839;3550308.0;São Paulo;Município de São Paulo;False;PARDA
32840;3550308.0;São Paulo;Município de São Paulo;False;BRANCA
32841;3502804.0;Araçatuba;Araçatuba;False;AMARELA
32842;3508405.0;Cabreúva;Campinas;False;BRANCA
32843;3541000.0;Praia Grande;Baixada Santista;False;BRANCA
32844;3550308.0;São Paulo;Município de São Paulo;False;NONE
32845;3518800.0;Guarulhos;Grande SP Leste;False;
32846;3550308.0;São Paulo;Município de São Paulo;False;BRANCA
32847;3550308.0;São Paulo;Município de São Paulo;False;BRANCA
32848;3503406.0;Arealva;Bauru;False;PARDA
32849;3523909.0;Itu;Sorocaba;False;IGNORADO
32850;3550308.0;São Paulo;Município de São Paulo;False;PARDA
32851;3534609.0;Osvaldo Cruz;Marília;False;
32852;3550308.0;São Paulo;Município de São Paulo;False;BRANCA
32853;3513801.0;Diadema;Grande SP Sudeste;False;PARDA
32854;3550308.0;São Paulo;Município de São Paulo;False;PARDA
32855;3524006.0;Itupeva;Campinas;False;BRANCA
32856;3541000.0;Praia Grande;Baixada Santista;False;PARDA
32857;3550308.0;São Paulo;Município de São Paulo;False;PARDA
32858;3552809.0;Taboão da Serra;Grande SP Sudoeste;False;AMARELA
32859;3550308.0;São Paulo;Município de São Paulo;False;NONE
32860;3505708.0;Barueri;Grande SP Oeste;False;BRANCA
32861;3538709.0;Piracicaba;Piracicaba;False;BRANCA
32862;3515004.0;Embu das Artes;Grande SP Sudoeste;False;PARDA
32863;3505708.0;Barueri;Grande SP Oeste;False;PARDA
32864;3550308.0;São Paulo;Município de São Paulo;False;PARDA
32865;3503208.0;Araraquara;Araraquara;False;PARDA
32866;3543402.0;Ribeirão Preto;Ribeirão Preto;False;PARDA
32867;3530300.0;Mirassol;São José do Rio Preto;False;BRANCA
32868;3550308.0;São Paulo;Município de São Paulo;False;IGNORADO
32869;3506508.0;Birigui;Araçatuba;False;BRANCA
32870;3506508.0;Birigui;Araçatuba;False;BRANCA
32871;3552205.0;Sorocaba;Sorocaba;False;BRANCA
32872;3526803.0;Lençóis Paulista;Bauru;False;BRANCA
32873;3543402.0;Ribeirão Preto;Ribeirão Preto;False;NONE
32874;3525904.0;Jundiaí;Campinas;False;IGNORADO
32875;3500402.0;Águas da Prata;São João da Boa Vista;False;BRANCA
32876;3550308.0;São Paulo;Município de São Paulo;False;IGNORADO
32877;3549805.0;São José do Rio Preto;São José do Rio Preto;False;IGNORADO
32878;3528007.0;Macatuba;Bauru;False;AMARELA
32879;3549805.0;São José do Rio Preto;São José do Rio Preto;False;BRANCA
32880;3544004.0;Rio das Pedras;Piracicaba;False;BRANCA
32881;3525904.0;Jundiaí;Campinas;False;BRANCA
32882;3551009.0;São Vicente;Baixada Santista;False;PARDA
32883;3513504.0;Cubatão;Baixada Santista;False;BRANCA
32884;3543402.0;Ribeirão Preto;Ribeirão Preto;False;PARDA
32885;3527207.0;Lorena;Taubaté;False;BRANCA
32886;3510807.0;Casa Branca;São João da Boa Vista;False;BRANCA
32887;3550308.0;São Paulo;Município de São Paulo;False;PRETA
32888;3550308.0;São Paulo;Município de São Paulo;False;PARDA
32889;3550308.0;São Paulo;Município de São Paulo;False;PARDA
32890;3509502.0;Campinas;Campinas;False;IGNORADO
32891;3502101.0;Andradina;Araçatuba;False;AMARELA
32892;3550308.0;São Paulo;Município de São Paulo;False;PARDA
32893;3509007.0;Caieiras;Grande SP Norte;False;PARDA
32894;3538501.0;Piquete;Taubaté;False;BRANCA
32895;3550308.0;São Paulo;Município de São Paulo;False;PARDA
32896;3546306.0;Santa Cruz das Palmeiras;São João da Boa Vista;False;BRANCA
32897;3548807.0;São Caetano do Sul;Grande SP Sudeste;False;BRANCA
32898;3550308.0;São Paulo;Município de São Paulo;False;BRANCA
32899;3548708.0;São Bernardo do Campo;Grande SP Sudeste;False;NONE
32900;3550308.0;São Paulo;Município de São Paulo;False;BRANCA
32901;3550308.0;São Paulo;Município de São Paulo;False;PRETA
32902;3548708.0;São Bernardo do Campo;Grande SP Sudeste;False;BRANCA
32903;3549805.0;São José do Rio Preto;São José do Rio Preto;False;BRANCA
32904;3504909.0;Bananal;Taubaté;False;PARDA
32905;3556701.0;Vinhedo;Campinas;False;PARDA
32906;3502705.0;Apiaí;Sorocaba;False;BRANCA
32907;3539806.0;Poá;Grande SP Leste;False;IGNORADO
32908;3550308.0;São Paulo;Município de São Paulo;False;BRANCA
32909;3550308.0;São Paulo;Município de São Paulo;False;BRANCA
32910;3552809.0;Taboão da Serra;Grande SP Sudoeste;False;BRANCA
32911;3547304.0;Santana de Parnaíba;Grande SP Oeste;False;PRETA
32912;3550308.0;São Paulo;Município de São Paulo;False;PARDA
32913;3530805.0;Mogi Mirim;São João da Boa Vista;False;PARDA
32914;3529401.0;Mauá;Grande SP Sudeste;False;PARDA
32915;3550308.0;São Paulo;Município de São Paulo;False;BRANCA
32916;3543402.0;Ribeirão Preto;Ribeirão Preto;False;PARDA
32917;3518800.0;Guarulhos;Grande SP Leste;False;PRETA
32918;3556701.0;Vinhedo;Campinas;False;BRANCA
32919;3523107.0;Itaquaquecetuba;Grande SP Leste;False;BRANCA
32920;3550308.0;São Paulo;Município de São Paulo;False;PARDA
32921;3550308.0;São Paulo;Município de São Paulo;False;PARDA
32922;3549805.0;São José do Rio Preto;São José do Rio Preto;False;PARDA
32923;3550308.0;São Paulo;Município de São Paulo;False;IGNORADO
32924;3548708.0;São Bernardo do Campo;Grande SP Sudeste;False;BRANCA
32925;3516200.0;Franca;Franca;False;PARDA
32926;3538006.0;Pindamonhangaba;Taubaté;False;AMARELA
32927;3551702.0;Sertãozinho;Ribeirão Preto;False;IGNORADO
32928;3550308.0;São Paulo;Município de São Paulo;False;BRANCA
32929;3510401.0;Capivari;Piracicaba;False;BRANCA
32930;3550308.0;São Paulo;Município de São Paulo;False;PARDA
32931;3513504.0;Cubatão;Baixada Santista;False;BRANCA
32932;3550308.0;São Paulo;Município de São Paulo;False;PARDA
32933;3522505.0;Itapevi;Grande SP Oeste;False;AMARELA
32934;3509502.0;Campinas;Campinas;True;BRANCA
32935;3524709.0;Jaguariúna;Campinas;False;BRANCA
32936;;;;False;
32937;3550308.0;São Paulo;Município de São Paulo;False;BRANCA
32938;3554003.0;Tatuí;Sorocaba;False;BRANCA
32939;3513801.0;Diadema;Grande SP Sudeste;False;BRANCA
