65931;3543402.0;Ribeirão Preto;Ribeirão Preto;False;IGNORADO
65932;3538600.0;Piracaia;Campinas;False;BRANCA
65933;3543402.0;Ribeirão Preto;Ribeirão Preto;False;IGNORADO
65934;3543402.0;Ribeirão Preto;Ribeirão Preto;False;AMARELA
65935;3526902.0;Limeira;Piracicaba;False;BRANCA
65936;3517406.0;Guaíra;Barretos;False;BRANCA
65937;3550308.0;São Paulo;Município de São Paulo;False;IGNORADO
65938;3550308.0;São Paulo;Município de São Paulo;False;NONE
65939;3548708.0;São Bernardo do Campo;Grande SP Sudeste;False;AMARELA
65940;3550308.0;São Paulo;Município de São Paulo;False;
65941;3546801.0;Santa Isabel;Grande SP Leste;False;BRANCA
65942;3550308.0;São Paulo;Município de São Paulo;False;BRANCA
65943;3545209.0;Salto;Sorocaba;True;BRANCA
65944;3550308.0;São Paulo;Município de São Paulo;False;BRANCA
65945;3523206.0;Itararé;Sorocaba;False;BRANCA
65946;3504503.0;Avaré;Bauru;False;BRANCA
65947;3529401.0;Mauá;Grande SP Sudeste;False;BRANCA
65948;3548500.0;Santos;Baixada Santista;True;BRANCA
65949;3550308.0;São Paulo;Município de São Paulo;True;AMARELA
65950;3505708.0;Barueri;Grande SP Oeste;False;BRANCA
65951;3510609.0;Carapicuíba;Grande SP Oeste;False;BRANCA
65952;3548500.0;Santos;Baixada Santista;False;IGNORADO
65953;3545308.0;Salto de Pirapora;Sorocaba;False;BRANCA
65954;3513801.0;Diadema;Grande SP Sudeste;False;NONE
65955;3509502.0;Campinas;Campinas;False;BRANCA
65956;3550605.0;São Roque;Sorocaba;True;IGNORADO
65957;3531100.0;Mongaguá;Baixada Santista;False;IGNORADO
65958;3548500.0;Santos;Baixada Santista;False;BRANCA
65959;3505708.0;Barueri;Grande SP Oeste;False;BRANCA
65960;3518800.0;Guarulhos;Grande SP Leste;False;BRANCA
65961;3518701.0;Guarujá;Baixada Santista;False;AMARELA
65962;3504107.0;Atibaia;Campinas;False;BRANCA
65963;3501608.0;Americana;Campinas;False;BRANCA
65964;3549805.0;São José do Rio Preto;São José do Rio Preto;False;
65965;3537909.0;Pilar do Sul;Sorocaba;False;BRANCA
65966;3515004.0;Embu das Artes;Grande SP Sudoeste;False;BRANCA
65967;3515004.0;Embu das Artes;Grande SP Sudoeste;False;BRANCA
65968;3538709.0;Piracicaba;Piracicaba;False;NONE
65969;3550308.0;São Paulo;Município de São Paulo;True;BRANCA
65970;3501608.0;Americana;Campinas;False;BRANCA
65971;3548906.0;São Carlos;Araraquara;False;IGNORADO
65972;3515509.0;Fernandópolis;São José do Rio Preto;False;BRANCA
65973;3501608.0;Americana;Campinas;False;BRANCA
65974;3525300.0;Jaú;Bauru;False;BRANCA
65975;3509502.0;Campinas;Campinas;False;BRANCA
65976;3509502.0;Campinas;Campinas;False;PARDA
65977;3549904.0;São José dos Campos;Taubaté;False;IGNORADO
65978;3506003.0;Bauru;Bauru;False;BRANCA
65979;3525300.0;Jaú;Bauru;False;BRANCA
65980;3534708.0;Ourinhos;Marília;False;BRANCA
65981;3535606.0;Paraibuna;Taubaté;False;BRANCA
65982;3543402.0;Ribeirão Preto;Ribeirão Preto;False;BRANCA
65983;3525904.0;Jundiaí;Campinas;False;BRANCA
65984;3528502.0;Mairiporã;Grande SP Norte;False;PARDA
65985;3533502.0;Novo Horizonte;São José do Rio Preto;False;BRANCA
65986;3550308.0;São Paulo;Município de São Paulo;False;BRANCA
65987;3546702.0;Santa Gertrudes;Piracicaba;False;BRANCA
65988;3506508.0;Birigui;Araçatuba;False;BRANCA
65989;3540705.0;Porto Ferreira;Araraquara;False;BRANCA
65990;3550308.0;São Paulo;Município de São Paulo;False;PARDA
65991;3551900.0;Severínia;Barretos;False;BRANCA
65992;3543402.0;Ribeirão Preto;Ribeirão Preto;False;PARDA
65993;3505708.0;Barueri;Grande SP Oeste;False;BRANCA
65994;3528502.0;Mairiporã;Grande SP Norte;False;BRANCA
65995;3550308.0;São Paulo;Município de São Paulo;False;NONE
65996;3506003.0;Bauru;Bauru;False;BRANCA
65997;3525300.0;Jaú;Bauru;False;BRANCA
65998;3541406.0;Presidente Prudente;Presidente Prudente;False;BRANCA
65999;3554102.0;Taubaté;Taubaté;False;NONE
66000;3550308.0;São Paulo;Município de São Paulo;False;PARDA
66001;3519600.0;Ibitinga;Araraquara;False;PRETA
66002;3557006.0;Votorantim;Sorocaba;False;BRANCA
66003;3506003.0;Bauru;Bauru;False;BRANCA
66004;3516309.0;Francisco Morato;Grande SP Norte;False;PARDA
66005;3554102.0;Taubaté;Taubaté;False;PRETA
66006;3530607.0;Mogi das Cruzes;Grande SP Leste;False;BRANCA
66007;3509502.0;Campinas;Campinas;False;BRANCA
66008;3513009.0;Cotia;Grande SP Sudoeste;False;BRANCA
66009;3556453.0;Vargem Grande Paulista;Grande SP Sudoeste;False;NONE
66010;3548708.0;São Bernardo do Campo;Grande SP Sudeste;False;
66011;3502507.0;Aparecida;Taubaté;False;PARDA
66012;3550308.0;São Paulo;Município de São Paulo;False;BRANCA
66013;3550308.0;São Paulo;Município de São Paulo;False;BRANCA
66014;3550308.0;São Paulo;Município de São Paulo;False;BRANCA
66015;3518206.0;Guararapes;Araçatuba;False;BRANCA
66016;3506003.0;Bauru;Bauru;False;IGNORADO
66017;3510609.0;Carapicuíba;Grande SP Oeste;False;IGNORADO
66018;3510609.0;Carapicuíba;Grande SP Oeste;False;IGNORADO
66019;3534302.0;Orlândia;Franca;False;BRANCA
66020;3553609.0;Tapiratiba;São João da Boa Vista;False;AMARELA
66021;3547809.0;Santo André;Grande SP Sudeste;False;BRANCA
66022;3542206.0;Rancharia;Presidente Prudente;False;BRANCA
66023;3551702.0;Sertãozinho;Ribeirão Preto;False;
66024;3522406.0;Itapeva;Sorocaba;False;IGNORADO
66025;3530607.0;Mogi das Cruzes;Grande SP Leste;False;BRANCA
66026;3506003.0;Bauru;Bauru;False;BRANCA
66027;3541604.0;Promissão;Bauru;False;BRANCA
66028;3550308.0;São Paulo;Município de São Paulo;False;PARDA
66029;3550308.0;São Paulo;Município de São Paulo;False;BRANCA
66030;3519600.0;Ibitinga;Araraquara;False;PRETA
66031;3547601.0;Santa Rosa de Viterbo;Ribeirão Preto;False;BRANCA
66032;3550704.0;São Sebastião;Taubaté;False;BRANCA
66033;3556503.0;Várzea Paulista;Campinas;False;BRANCA
66034;3519808.0;Icém;São José do Rio Preto;False;BRANCA
66035;3519071.0;Hortolândia;Campinas;False;BRANCA
66036;3553005.0;Taguaí;Bauru;False;BRANCA
66037;3503901.0;Arujá;Grande SP Leste;False;PARDA
66038;3550308.0;São Paulo;Município de São Paulo;False;PRETA
66039;3510500.0;Caraguatatuba;Taubaté;False;BRANCA
66040;3512407.0;Cordeirópolis;Piracicaba;False;BRANCA
66041;3501905.0;Amparo;Campinas;False;BRANCA
66042;3525706.0;José Bonifácio;São José do Rio Preto;False;BRANCA
66043;3548708.0;São Bernardo do Campo;Grande SP Sudeste;False;
66044;3550308.0;São Paulo;Município de São Paulo;False;BRANCA
66045;3510609.0;Carapicuíba;Grande SP Oeste;False;NONE
66046;3501608.0;Americana;Campinas;False;BRANCA
66047;3513504.0;Cubatão;Baixada Santista;False;BRANCA
66048;3550308.0;São Paulo;Município de São Paulo;False;NONE
66049;3547809.0;Santo André;Grande SP Sudeste;False;BRANCA
66050;3549805.0;São José do Rio Preto;São José do Rio Preto;False;PARDA
66051;3502804.0;Araçatuba;Araçatuba;False;BRANCA
66052;3548708.0;São Bernardo do Campo;Grande SP Sudeste;False;PARDA
66053;3515202.0;Estrela d'Oeste;São José do Rio Preto;False;BRANCA
66054;3509502.0;Campinas;Campinas;False;PARDA
66055;3556701.0;Vinhedo;Campinas;False;BRANCA
66056;3550308.0;São Paulo;Município de São Paulo;False;IGNORADO
66057;3548500.0;Santos;Baixada Santista;False;IGNORADO
66058;3516309.0;Francisco Morato;Grande SP Norte;False;NONE
66059;3550308.0;São Paulo;Município de São Paulo;False;PARDA
66060;3516309.0;Francisco Morato;Grande SP Norte;False;PARDA
66061;3550308.0;São Paulo;Município de São Paulo;False;PARDA
66062;3550308.0;São Paulo;Município de São Paulo;False;PARDA
66063;3518800.0;Guarulhos;Grande SP Leste;False;BRANCA
66064;3502804.0;Araçatuba;Araçatuba;False;BRANCA
66065;3507753.0;Brejo Alegre;Araçatuba;False;BRANCA
66066;3550308.0;São Paulo;Município de São Paulo;False;
66067;3509502.0;Campinas;Campinas;False;BRANCA
66068;3549805.0;São José do Rio Preto;São José do Rio Preto;False;BRANCA
66069;3505302.0;Barra Bonita;Bauru;False;BRANCA
66070;3512506.0;Coroados;Araçatuba;False;BRANCA
66071;3539509.0;Pitangueiras;Ribeirão Preto;False;PRETA
66072;3550308.0;São Paulo;Município de São Paulo;False;BRANCA
66073;3543402.0;Ribeirão Preto;Ribeirão Preto;False;BRANCA
66074;3543402.0;Ribeirão Preto;Ribeirão Preto;False;PARDA
66075;3502804.0;Araçatuba;Araçatuba;False;
66076;3552403.0;Sumaré;Campinas;False;AMARELA
66077;3538600.0;Piracaia;Campinas;False;BRANCA
66078;3541604.0;Promissão;Bauru;False;BRANCA
