40323;3550308.0;São Paulo;Município de São Paulo;False;BRANCA
40324;3523107.0;Itaquaquecetuba;Grande SP Leste;True;PARDA
40325;3550308.0;São Paulo;Município de São Paulo;True;PARDA
40326;3526803.0;Lençóis Paulista;Bauru;False;PARDA
40327;3550308.0;São Paulo;Município de São Paulo;False;IGNORADO
40328;3549805.0;São José do Rio Preto;São José do Rio Preto;False;BRANCA
40329;3545803.0;Santa Bárbara d'Oeste;Campinas;False;BRANCA
40330;3505500.0;Barretos;Barretos;False;BRANCA
40331;3550308.0;São Paulo;Município de São Paulo;False;AMARELA
40332;3548807.0;São Caetano do Sul;Grande SP Sudeste;False;BRANCA
40333;3548708.0;São Bernardo do Campo;Grande SP Sudeste;False;BRANCA
40334;3528502.0;Mairiporã;Grande SP Norte;False;BRANCA
40335;3526902.0;Limeira;Piracicaba;False;BRANCA
40336;3548708.0;São Bernardo do Campo;Grande SP Sudeste;False;
40337;3550308.0;São Paulo;Município de São Paulo;False;PARDA
40338;3531100.0;Mongaguá;Baixada Santista;False;BRANCA
40339;3517109.0;Glicério;Araçatuba;False;BRANCA
40340;3502804.0;Araçatuba;Araçatuba;False;BRANCA
40341;3550308.0;São Paulo;Município de São Paulo;False;BRANCA
40342;3513009.0;Cotia;Grande SP Sudoeste;False;BRANCA
40343;3549805.0;São José do Rio Preto;São José do Rio Preto;False;BRANCA
40344;3550308.0;São Paulo;Município de São Paulo;False;BRANCA
40345;3510609.0;Carapicuíba;Grande SP Oeste;False;IGNORADO
40346;3509502.0;Campinas;Campinas;False;PARDA
40347;3509007.0;Caieiras;Grande SP Norte;False;BRANCA
40348;3518800.0;Guarulhos;Grande SP Leste;False;NONE
40349;3513801.0;Diadema;Grande SP Sudeste;True;BRANCA
40350;3533403.0;Nova Odessa;Campinas;False;BRANCA
40351;3518800.0;Guarulhos;Grande SP Leste;False;IGNORADO
40352;3547304.0;Santana de Parnaíba;Grande SP Oeste;False;BRANCA
40353;3504503.0;Avaré;Bauru;False;BRANCA
40354;3525904.0;Jundiaí;Campinas;False;PARDA
40355;3509502.0;Campinas;Campinas;False;IGNORADO
40356;3516200.0;Franca;Franca;False;BRANCA
40357;3526407.0;Laranjal Paulista;Bauru;False;BRANCA
40358;3550308.0;São Paulo;Município de São Paulo;False;BRANCA
40359;3549805.0;São José do Rio Preto;São José do Rio Preto;False;PARDA
40360;3526902.0;Limeira;Piracicaba;False;BRANCA
40361;3552809.0;Taboão da Serra;Grande SP Sudoeste;False;AMARELA
40362;3529609.0;Meridiano;São José do Rio Preto;False;BRANCA
40363;3557006.0;Votorantim;Sorocaba;False;PARDA
40364;3552205.0;Sorocaba;Sorocaba;False;BRANCA
40365;3554003.0;Tatuí;Sorocaba;False;BRANCA
40366;3554003.0;Tatuí;Sorocaba;False;BRANCA
40367;3550308.0;São Paulo;Município de São Paulo;False;PARDA
40368;3550308.0;São Paulo;Município de São Paulo;False;BRANCA
40369;3550308.0;São Paulo;Município de São Paulo;False;PARDA
40370;3550308.0;São Paulo;Município de São Paulo;False;IGNORADO
40371;3517406.0;Guaíra;Barretos;False;BRANCA
40372;3550308.0;São Paulo;Município de São Paulo;False;PARDA
40373;3545308.0;Salto de Pirapora;Sorocaba;False;BRANCA
40374;3520509.0;Indaiatuba;Campinas;True;BRANCA
40375;3518800.0;Guarulhos;Grande SP Leste;True;IGNORADO
40376;3550308.0;São Paulo;Município de São Paulo;False;BRANCA
40377;3550308.0;São Paulo;Município de São Paulo;False;PARDA
40378;3550308.0;São Paulo;Município de São Paulo;False;AMARELA
40379;3536505.0;Paulínia;Campinas;False;BRANCA
40380;3504206.0;Auriflama;Araçatuba;False;PRETA
40381;3550308.0;São Paulo;Município de São Paulo;False;PARDA
40382;3550308.0;São Paulo;Município de São Paulo;False;PARDA
40383;3501608.0;Americana;Campinas;False;BRANCA
40384;3557105.0;Votuporanga;São José do Rio Preto;False;BRANCA
40385;3522208.0;Itapecerica da Serra;Grande SP Sudoeste;False;BRANCA
40386;3550308.0;São Paulo;Município de São Paulo;False;BRANCA
40387;3539202.0;Pirapozinho;Presidente Prudente;False;IGNORADO
40388;3518800.0;Guarulhos;Grande SP Leste;False;PARDA
40389;3556701.0;Vinhedo;Campinas;False;PARDA
40390;3549805.0;São José do Rio Preto;São José do Rio Preto;True;BRANCA
40391;3525904.0;Jundiaí;Campinas;False;BRANCA
40392;3551702.0;Sertãozinho;Ribeirão Preto;False;PRETA
40393;3541406.0;Presidente Prudente;Presidente Prudente;False;IGNORADO
40394;3514809.0;Eldorado;Registro;False;BRANCA
40395;3512803.0;Cosmópolis;Campinas;False;PARDA
40396;3551009.0;São Vicente;Baixada Santista;False;NONE
40397;3510500.0;Caraguatatuba;Taubaté;False;BRANCA
40398;3550308.0;São Paulo;Município de São Paulo;False;BRANCA
40399;3552403.0;Sumaré;Campinas;False;PARDA
40400;3540705.0;Porto Ferreira;Araraquara;False;PARDA
40401;3550308.0;São Paulo;Município de São Paulo;True;BRANCA
40402;3507506.0;Botucatu;Bauru;False;BRANCA
40403;3550308.0;São Paulo;Município de São Paulo;False;PARDA
40404;3550803.0;São Sebastião da Grama;São João da Boa Vista;False;BRANCA
40405;3515509.0;Fernandópolis;São José do Rio Preto;False;BRANCA
40406;3550308.0;São Paulo;Município de São Paulo;False;AMARELA
40407;3529302.0;Matão;Araraquara;False;BRANCA
40408;3520202.0;Igaratá;Taubaté;False;BRANCA
40409;3534401.0;Osasco;Grande SP Oeste;False;BRANCA
40410;3552205.0;Sorocaba;Sorocaba;False;IGNORADO
40411;3525706.0;José Bonifácio;São José do Rio Preto;False;BRANCA
40412;3506102.0;Bebedouro;Barretos;False;PARDA
40413;3529302.0;Matão;Araraquara;False;BRANCA
40414;3518602.0;Guariba;Ribeirão Preto;False;BRANCA
40415;3512407.0;Cordeirópolis;Piracicaba;False;BRANCA
40416;3501905.0;Amparo;Campinas;False;BRANCA
40417;3549805.0;São José do Rio Preto;São José do Rio Preto;False;PARDA
40418;3513702.0;Descalvado;Araraquara;False;BRANCA
40419;3550308.0;São Paulo;Município de São Paulo;False;IGNORADO
40420;3527108.0;Lins;Bauru;False;PARDA
40421;3508405.0;Cabreúva;Campinas;False;BRANCA
40422;3518701.0;Guarujá;Baixada Santista;False;PARDA
40423;3502804.0;Araçatuba;Araçatuba;False;BRANCA
40424;3539400.0;Piratininga;Bauru;False;BRANCA
40425;3547304.0;Santana de Parnaíba;Grande SP Oeste;False;BRANCA
40426;3548708.0;São Bernardo do Campo;Grande SP Sudeste;False;IGNORADO
40427;3550308.0;São Paulo;Município de São Paulo;False;PARDA
40428;3554904.0;Três Fronteiras;São José do Rio Preto;False;BRANCA
40429;3500501.0;Águas de Lindóia;Campinas;False;BRANCA
40430;3552205.0;Sorocaba;Sorocaba;False;BRANCA
40431;3545209.0;Salto;Sorocaba;False;BRANCA
40432;3551900.0;Severínia;Barretos;False;BRANCA
40433;3511607.0;Cesário Lange;Sorocaba;False;BRANCA
40434;3550308.0;São Paulo;Município de São Paulo;False;AMARELA
40435;3534401.0;Osasco;Grande SP Oeste;False;PARDA
40436;3550308.0;São Paulo;Município de São Paulo;False;BRANCA
40437;3545803.0;Santa Bárbara d'Oeste;Campinas;False;BRANCA
40438;3549805.0;São José do Rio Preto;São José do Rio Preto;False;BRANCA
40439;3550308.0;São Paulo;Município de São Paulo;False;BRANCA
40440;3553005.0;Taguaí;Bauru;False;BRANCA
40441;3548500.0;Santos;Baixada Santista;False;BRANCA
40442;3548500.0;Santos;Baixada Santista;False;BRANCA
40443;3550308.0;São Paulo;Município de São Paulo;False;PARDA
40444;3550308.0;São Paulo;Município de São Paulo;False;BRANCA
40445;3527108.0;Lins;Bauru;False;BRANCA
40446;3550308.0;São Paulo;Município de São Paulo;False;BRANCA
40447;3525904.0;Jundiaí;Campinas;False;PARDA
40448;3549904.0;São José dos Campos;Taubaté;False;BRANCA
40449;3550308.0;São Paulo;Município de São Paulo;False;BRANCA
40450;3518800.0;Guarulhos;Grande SP Leste;False;PARDA
40451;3513504.0;Cubatão;Baixada Santista;False;PARDA
40452;3550308.0;São Paulo;Município de São Paulo;False;PRETA
40453;3550308.0;São Paulo;Município de São Paulo;False;PARDA
40454;3503307.0;Araras;Piracicaba;False;IGNORADO
40455;3550308.0;São Paulo;Município de São Paulo;False;IGNORADO
40456;3550308.0;São Paulo;Município de São Paulo;False;IGNORADO
40457;3548500.0;Santos;Baixada Santista;False;BRANCA
40458;3515004.0;Embu das Artes;Grande SP Sudoeste;False;BRANCA
40459;3550308.0;São Paulo;Município de São Paulo;False;BRANCA
40460;3549805.0;São José do Rio Preto;São José do Rio Preto;False;BRANCA
40461;3551009.0;São Vicente;Baixada Santista;False;PARDA
40462;3509502.0;Campinas;Campinas;False;BRANCA
40463;3513504.0;Cubatão;Baixada Santista;False;AMARELA
40464;3548708.0;São Bernardo do Campo;Grande SP Sudeste;False;BRANCA
