10814;3554409.0;Terra Roxa;Barretos;False;BRANCA
10815;3550308.0;São Paulo;Município de São Paulo;False;IGNORADO
10816;3550308.0;São Paulo;Município de São Paulo;False;BRANCA
10817;3509502.0;Campinas;Campinas;False;PRETA
10818;3550308.0;São Paulo;Município de São Paulo;False;IGNORADO
10819;3520400.0;Ilhabela;Taubaté;False;BRANCA
10820;3550308.0;São Paulo;Município de São Paulo;False;BRANCA
10821;3524808.0;Jales;São José do Rio Preto;False;BRANCA
10822;3552502.0;Suzano;Grande SP Leste;False;PARDA
10823;3503802.0;Artur Nogueira;Campinas;False;AMARELA
10824;3547809.0;Santo André;Grande SP Sudeste;False;IGNORADO
10825;3522505.0;Itapevi;Grande SP Oeste;False;AMARELA
10826;3550308.0;São Paulo;Município de São Paulo;False;PARDA
10827;3550308.0;São Paulo;Município de São Paulo;False;BRANCA
10828;3550308.0;São Paulo;Município de São Paulo;False;BRANCA
10829;3538709.0;Piracicaba;Piracicaba;False;BRANCA
10830;3518800.0;Guarulhos;Grande SP Leste;False;BRANCA
10831;3550308.0;São Paulo;Município de São Paulo;False;PARDA
10832;3506003.0;Bauru;Bauru;False;PARDA
10833;3550308.0;São Paulo;Município de São Paulo;False;BRANCA
10834;3518800.0;Guarulhos;Grande SP Leste;False;IGNORADO
10835;3509502.0;Campinas;Campinas;False;PARDA
10836;3550308.0;São Paulo;Município de São Paulo;False;IGNORADO
10837;3551702.0;Sertãozinho;Ribeirão Preto;False;IGNORADO
10838;3520509.0;Indaiatuba;Campinas;False;AMARELA
10839;3548708.0;São Bernardo do Campo;Grande SP Sudeste;False;PRETA
10840;3550308.0;São Paulo;Município de São Paulo;False;BRANCA
10841;3541406.0;Presidente Prudente;Presidente Prudente;False;BRANCA
10842;3550308.0;São Paulo;Município de São Paulo;False;PARDA
10843;3549805.0;São José do Rio Preto;São José do Rio Preto;False;NONE
10844;3552205.0;Sorocaba;Sorocaba;False;BRANCA
10845;3513009.0;Cotia;Grande SP Sudoeste;False;IGNORADO
10846;3519071.0;Hortolândia;Campinas;False;
10847;3556503.0;Várzea Paulista;Campinas;False;NONE
10848;3550308.0;São Paulo;Município de São Paulo;False;PARDA
10849;3557105.0;Votuporanga;São José do Rio Preto;False;BRANCA
10850;3518602.0;Guariba;Ribeirão Preto;False;PARDA
10851;3543402.0;Ribeirão Preto;Ribeirão Preto;False;BRANCA
10852;3550308.0;São Paulo;Município de São Paulo;False;BRANCA
10853;3501608.0;Americana;Campinas;False;BRANCA
10854;3555406.0;Ubatuba;Taubaté;False;BRANCA
10855;3550308.0;São Paulo;Município de São Paulo;False;BRANCA
10856;3511102.0;Catanduva;São José do Rio Preto;False;BRANCA
10857;3550308.0;São Paulo;Município de São Paulo;False;BRANCA
10858;3525904.0;Jundiaí;Campinas;False;BRANCA
10859;3550308.0;São Paulo;Município de São Paulo;False;BRANCA
10860;3541406.0;Presidente Prudente;Presidente Prudente;False;IGNORADO
10861;3548500.0;Santos;Baixada Santista;False;NONE
10862;3550308.0;São Paulo;Município de São Paulo;False;BRANCA
10863;3548708.0;São Bernardo do Campo;Grande SP Sudeste;False;BRANCA
10864;3550308.0;São Paulo;Município de São Paulo;False;BRANCA
10865;3520509.0;Indaiatuba;Campinas;False;BRANCA
10866;3525904.0;Jundiaí;Campinas;False;IGNORADO
10867;3538709.0;Piracicaba;Piracicaba;False;BRANCA
10868;3550308.0;São Paulo;Município de São Paulo;False;BRANCA
10869;3507001.0;Boituva;Sorocaba;False;BRANCA
10870;3526803.0;Lençóis Paulista;Bauru;False;BRANCA
10871;3550308.0;São Paulo;Município de São Paulo;False;PARDA
10872;3550308.0;São Paulo;Município de São Paulo;False;IGNORADO
10873;3550308.0;São Paulo;Município de São Paulo;False;BRANCA
10874;3552403.0;Sumaré;Campinas;False;IGNORADO
10875;3530300.0;Mirassol;São José do Rio Preto;False;BRANCA
10876;3513801.0;Diadema;Grande SP Sudeste;False;NONE
10877;3513108.0;Cravinhos;Ribeirão Preto;False;PRETA
10878;3551702.0;Sertãozinho;Ribeirão Preto;False;AMARELA
10879;3550308.0;São Paulo;Município de São Paulo;False;PARDA
10880;3548500.0;Santos;Baixada Santista;False;PARDA
10881;3550308.0;São Paulo;Município de São Paulo;False;BRANCA
10882;3518800.0;Guarulhos;Grande SP Leste;False;
10883;3549805.0;São José do Rio Preto;São José do Rio Preto;False;BRANCA
10884;3548906.0;São Carlos;Araraquara;False;IGNORADO
10885;3556107.0;Valentim Gentil;São José do Rio Preto;False;BRANCA
10886;3550308.0;São Paulo;Município de São Paulo;True;PARDA
10887;3531308.0;Monte Alto;Ribeirão Preto;False;IGNORADO
10888;3534708.0;Ourinhos;Marília;False;BRANCA
10889;3550308.0;São Paulo;Município de São Paulo;False;IGNORADO
10890;3549904.0;São José dos Campos;Taubaté;False;BRANCA
10891;3552809.0;Taboão da Serra;Grande SP Sudoeste;False;BRANCA
10892;3555406.0;Ubatuba;Taubaté;False;PARDA
10893;3548807.0;São Caetano do Sul;Grande SP Sudeste;False;BRANCA
10894;3520400.0;Ilhabela;Taubaté;False;BRANCA
10895;3506102.0;Bebedouro;Barretos;False;PRETA
10896;3541000.0;Praia Grande;Baixada Santista;False;BRANCA
10897;3501905.0;Amparo;Campinas;False;IGNORADO
10898;3547601.0;Santa Rosa de Viterbo;Ribeirão Preto;False;BRANCA
10899;3540853.0;Pracinha;Marília;False;BRANCA
10900;3540200.0;Pontal;Ribeirão Preto;False;PARDA
10901;3551009.0;São Vicente;Baixada Santista;False;NONE
10902;3529005.0;Marília;Marília;False;PARDA
10903;3503307.0;Araras;Piracicaba;False;BRANCA
10904;3509502.0;Campinas;Campinas;False;BRANCA
10905;3543402.0;Ribeirão Preto;Ribeirão Preto;False;BRANCA
10906;3548500.0;Santos;Baixada Santista;False;PARDA
10907;3550308.0;São Paulo;Município de São Paulo;False;PARDA
10908;3528502.0;Mairiporã;Grande SP Norte;False;AMARELA
10909;3548906.0;São Carlos;Araraquara;False;AMARELA
10910;3543907.0;Rio Claro;Piracicaba;False;AMARELA
10911;3514809.0;Eldorado;Registro;False;PRETA
10912;3518800.0;Guarulhos;Grande SP Leste;False;BRANCA
10913;3549805.0;São José do Rio Preto;São José do Rio Preto;False;BRANCA
10914;3550704.0;São Sebastião;Taubaté;False;NONE
10915;3552205.0;Sorocaba;Sorocaba;False;BRANCA
10916;3550308.0;São Paulo;Município de São Paulo;False;PARDA
10917;3531100.0;Mongaguá;Baixada Santista;False;IGNORADO
10918;3518701.0;Guarujá;Baixada Santista;False;AMARELA
10919;3541307.0;Presidente Epitácio;Presidente Prudente;False;BRANCA
10920;3513801.0;Diadema;Grande SP Sudeste;False;PARDA
10921;3530607.0;Mogi das Cruzes;Grande SP Leste;False;BRANCA
10922;3510500.0;Caraguatatuba;Taubaté;False;PARDA
10923;3550308.0;São Paulo;Município de São Paulo;False;IGNORADO
10924;3534401.0;Osasco;Grande SP Oeste;False;
10925;3519071.0;Hortolândia;Campinas;False;PRETA
10926;3550308.0;São Paulo;Município de São Paulo;False;PARDA
10927;3534401.0;Osasco;Grande SP Oeste;False;BRANCA
10928;3543402.0;Ribeirão Preto;Ribeirão Preto;False;PARDA
10929;3545605.0;Santa Adélia;São José do Rio Preto;False;PRETA
10930;3552502.0;Suzano;Grande SP Leste;False;AMARELA
10931;3505708.0;Barueri;Grande SP Oeste;False;IGNORADO
10932;3518701.0;Guarujá;Baixada Santista;False;AMARELA
10933;3549904.0;São José dos Campos;Taubaté;False;BRANCA
10934;3518305.0;Guararema;Grande SP Leste;False;PARDA
10935;3504503.0;Avaré;Bauru;False;BRANCA
10936;3511102.0;Catanduva;São José do Rio Preto;False;BRANCA
10937;3502507.0;Aparecida;Taubaté;False;IGNORADO
10938;3502804.0;Araçatuba;Araçatuba;False;BRANCA
10939;3516309.0;Francisco Morato;Grande SP Norte;False;BRANCA
10940;3524402.0;Jacareí;Taubaté;False;PARDA
10941;3535200.0;Palmeira d'Oeste;São José do Rio Preto;False;BRANCA
10942;3504107.0;Atibaia;Campinas;False;BRANCA
10943;3550308.0;São Paulo;Município de São Paulo;False;BRANCA
10944;3513504.0;Cubatão;Baixada Santista;False;BRANCA
10945;3505500.0;Barretos;Barretos;False;BRANCA
10946;3548708.0;São Bernardo do Campo;Grande SP Sudeste;False;IGNORADO
10947;3552502.0;Suzano;Grande SP Leste;False;BRANCA
10948;3550308.0;São Paulo;Município de São Paulo;False;
10949;3516200.0;Franca;Franca;False;PARDA
10950;3548708.0;São Bernardo do Campo;Grande SP Sudeste;False;PARDA
10951;3550308.0;São Paulo;Município de São Paulo;False;AMARELA
10952;3548500.0;Santos;Baixada Santista;False;BRANCA
10953;3552403.0;Sumaré;Campinas;False;BRANCA
10954;3517505.0;Guapiaçu;São José do Rio Preto;False;BRANCA
10955;3506003.0;Bauru;Bauru;False;BRANCA
10956;3550308.0;São Paulo;Município de São Paulo;False;BRANCA
