9766;3550308.0;São Paulo;Município de São Paulo;False;PARDA
9767;3514809.0;Eldorado;Registro;False;IGNORADO
9768;3538709.0;Piracicaba;Piracicaba;False;BRANCA
9769;3543402.0;Ribeirão Preto;Ribeirão Preto;False;PRETA
9770;3518800.0;Guarulhos;Grande SP Leste;False;NONE
9771;3550308.0;São Paulo;Município de São Paulo;False;PARDA
9772;3550308.0;São Paulo;Município de São Paulo;False;BRANCA
9773;3550308.0;São Paulo;Município de São Paulo;False;PARDA
9774;3520400.0;Ilhabela;Taubaté;False;PARDA
9775;3506003.0;Bauru;Bauru;False;BRANCA
9776;3530607.0;Mogi das Cruzes;Grande SP Leste;False;PARDA
9777;3548500.0;Santos;Baixada Santista;False;PRETA
9778;3526209.0;Juquitiba;Grande SP Sudoeste;False;BRANCA
9779;3550308.0;São Paulo;Município de São Paulo;False;PARDA
9780;3550308.0;São Paulo;Município de São Paulo;False;PARDA
9781;3550308.0;São Paulo;Município de São Paulo;False;BRANCA
9782;3523909.0;Itu;Sorocaba;False;IGNORADO
9783;3550308.0;São Paulo;Município de São Paulo;False;BRANCA
9784;3550308.0;São Paulo;Município de São Paulo;False;BRANCA
9785;3552205.0;Sorocaba;Sorocaba;False;PARDA
9786;3506359.0;Bertioga;Baixada Santista;False;BRANCA
9787;3518701.0;Guarujá;Baixada Santista;False;PARDA
9788;3550308.0;São Paulo;Município de São Paulo;False;PRETA
9789;3550308.0;São Paulo;Município de São Paulo;False;BRANCA
9790;3547700.0;Santo Anastácio;Presidente Prudente;False;BRANCA
9791;3516309.0;Francisco Morato;Grande SP Norte;False;NONE
9792;3548500.0;Santos;Baixada Santista;False;PARDA
9793;3518800.0;Guarulhos;Grande SP Leste;False;IGNORADO
9794;3549904.0;São José dos Campos;Taubaté;False;PARDA
9795;3550308.0;São Paulo;Município de São Paulo;False;BRANCA
9796;3550308.0;São Paulo;Município de São Paulo;False;PARDA
9797;3550308.0;São Paulo;Município de São Paulo;False;BRANCA
9798;3509502.0;Campinas;Campinas;False;BRANCA
9799;3505203.0;Bariri;Bauru;False;BRANCA
9800;3549805.0;São José do Rio Preto;São José do Rio Preto;False;BRANCA
9801;3544202.0;Riolândia;São José do Rio Preto;False;PARDA
9802;3556206.0;Valinhos;Campinas;False;IGNORADO
9803;3555406.0;Ubatuba;Taubaté;False;BRANCA
9804;3534401.0;Osasco;Grande SP Oeste;False;BRANCA
9805;3524709.0;Jaguariúna;Campinas;False;BRANCA
9806;3547809.0;Santo André;Grande SP Sudeste;True;BRANCA
9807;3550308.0;São Paulo;Município de São Paulo;False;IGNORADO
9808;3516408.0;Franco da Rocha;Grande SP Norte;False;BRANCA
9809;3534401.0;Osasco;Grande SP Oeste;False;AMARELA
9810;3550308.0;São Paulo;Município de São Paulo;False;BRANCA
9811;3552502.0;Suzano;Grande SP Leste;False;IGNORADO
9812;3536505.0;Paulínia;Campinas;False;PRETA
9813;3556503.0;Várzea Paulista;Campinas;False;PARDA
9814;3550308.0;São Paulo;Município de São Paulo;False;BRANCA
9815;3530607.0;Mogi das Cruzes;Grande SP Leste;False;PARDA
9816;3525300.0;Jaú;Bauru;False;PRETA
9817;3548708.0;São Bernardo do Campo;Grande SP Sudeste;False;PARDA
9818;3550308.0;São Paulo;Município de São Paulo;False;BRANCA
9819;3548500.0;Santos;Baixada Santista;False;PARDA
9820;3549805.0;São José do Rio Preto;São José do Rio Preto;False;BRANCA
9821;3537909.0;Pilar do Sul;Sorocaba;False;BRANCA
9822;3549904.0;São José dos Campos;Taubaté;False;IGNORADO
9823;3550308.0;São Paulo;Município de São Paulo;True;PARDA
9824;3550308.0;São Paulo;Município de São Paulo;False;PARDA
9825;3547809.0;Santo André;Grande SP Sudeste;False;IGNORADO
9826;3550308.0;São Paulo;Município de São Paulo;False;PARDA
9827;3552205.0;Sorocaba;Sorocaba;False;IGNORADO
9828;3534401.0;Osasco;Grande SP Oeste;False;BRANCA
9829;3552809.0;Taboão da Serra;Grande SP Sudoeste;False;BRANCA
9830;3550308.0;São Paulo;Município de São Paulo;False;PARDA
9831;3550308.0;São Paulo;Município de São Paulo;False;PARDA
9832;3505906.0;Batatais;Ribeirão Preto;False;BRANCA
9833;3509502.0;Campinas;Campinas;True;BRANCA
9834;3534203.0;Orindiúva;São José do Rio Preto;False;BRANCA
9835;3550308.0;São Paulo;Município de São Paulo;False;IGNORADO
9836;3512803.0;Cosmópolis;Campinas;False;PRETA
9837;3504107.0;Atibaia;Campinas;False;BRANCA
9838;3548708.0;São Bernardo do Campo;Grande SP Sudeste;False;BRANCA
9839;3513009.0;Cotia;Grande SP Sudoeste;False;PARDA
9840;3551009.0;São Vicente;Baixada Santista;False;PRETA
9841;3550308.0;São Paulo;Município de São Paulo;False;BRANCA
9842;3539103.0;Pirapora do Bom Jesus;Grande SP Oeste;False;BRANCA
9843;3550308.0;São Paulo;Município de São Paulo;False;PARDA
9844;3501608.0;Americana;Campinas;False;IGNORADO
9845;3524600.0;Jacupiranga;Registro;False;BRANCA
9846;3518701.0;Guarujá;Baixada Santista;False;PARDA
9847;3524105.0;Ituverava;Franca;False;BRANCA
9848;3547809.0;Santo André;Grande SP Sudeste;False;IGNORADO
9849;3547809.0;Santo André;Grande SP Sudeste;False;PARDA
9850;3516309.0;Francisco Morato;Grande SP Norte;False;PARDA
9851;3556354.0;Vargem;Campinas;False;BRANCA
9852;3552205.0;Sorocaba;Sorocaba;False;IGNORADO
9853;3550308.0;São Paulo;Município de São Paulo;False;BRANCA
9854;3525201.0;Jarinu;Campinas;False;IGNORADO
9855;3550308.0;São Paulo;Município de São Paulo;False;PARDA
9856;3509254.0;Cajati;Registro;False;PARDA
9857;3550308.0;São Paulo;Município de São Paulo;False;IGNORADO
9858;3548708.0;São Bernardo do Campo;Grande SP Sudeste;False;PARDA
9859;3547809.0;Santo André;Grande SP Sudeste;False;IGNORADO
9860;3550308.0;São Paulo;Município de São Paulo;False;BRANCA
9861;3541000.0;Praia Grande;Baixada Santista;False;BRANCA
9862;3501608.0;Americana;Campinas;False;BRANCA
9863;3510401.0;Capivari;Piracicaba;False;BRANCA
9864;3550308.0;São Paulo;Município de São Paulo;False;BRANCA
9865;3548500.0;Santos;Baixada Santista;False;IGNORADO
9866;3538006.0;Pindamonhangaba;Taubaté;False;IGNORADO
9867;3530607.0;Mogi das Cruzes;Grande SP Leste;False;IGNORADO
9868;3548005.0;Santo Antônio de Posse;Campinas;False;BRANCA
9869;3519600.0;Ibitinga;Araraquara;False;BRANCA
9870;3551009.0;São Vicente;Baixada Santista;False;PARDA
9871;3557105.0;Votuporanga;São José do Rio Preto;False;BRANCA
9872;3506003.0;Bauru;Bauru;False;AMARELA
9873;3552502.0;Suzano;Grande SP Leste;False;BRANCA
9874;3505500.0;Barretos;Barretos;False;BRANCA
9875;3547809.0;Santo André;Grande SP Sudeste;False;PARDA
9876;3545803.0;Santa Bárbara d'Oeste;Campinas;False;BRANCA
9877;3550308.0;São Paulo;Município de São Paulo;False;BRANCA
9878;3509502.0;Campinas;Campinas;False;BRANCA
9879;3548500.0;Santos;Baixada Santista;False;BRANCA
9880;3539806.0;Poá;Grande SP Leste;False;PARDA
9881;3504503.0;Avaré;Bauru;True;BRANCA
9882;3504503.0;Avaré;Bauru;False;BRANCA
9883;3550308.0;São Paulo;Município de São Paulo;False;BRANCA
9884;3547502.0;Santa Rita do Passa Quatro;Ribeirão Preto;False;BRANCA
9885;3550308.0;São Paulo;Município de São Paulo;False;BRANCA
9886;3510609.0;Carapicuíba;Grande SP Oeste;False;BRANCA
9887;3550308.0;São Paulo;Município de São Paulo;False;
9888;3519303.0;Ibaté;Araraquara;False;PARDA
9889;3555406.0;Ubatuba;Taubaté;False;BRANCA
9890;3510203.0;Capão Bonito;Sorocaba;False;BRANCA
9891;3550308.0;São Paulo;Município de São Paulo;False;BRANCA
9892;3550308.0;São Paulo;Município de São Paulo;False;BRANCA
9893;3556206.0;Valinhos;Campinas;False;BRANCA
9894;3550308.0;São Paulo;Município de São Paulo;False;PARDA
9895;3547809.0;Santo André;Grande SP Sudeste;False;PARDA
9896;3551405.0;Serra Azul;Ribeirão Preto;False;PRETA
9897;3508108.0;Buritama;Araçatuba;False;BRANCA
9898;3550308.0;São Paulo;Município de São Paulo;False;BRANCA
9899;3552304.0;Sud Mennucci;Araçatuba;False;BRANCA
9900;3503307.0;Araras;Piracicaba;False;PARDA
9901;3545209.0;Salto;Sorocaba;False;BRANCA
9902;3541604.0;Promissão;Bauru;False;IGNORADO
9903;3557105.0;Votuporanga;São José do Rio Preto;False;BRANCA
9904;3505203.0;Bariri;Bauru;False;BRANCA
9905;3543402.0;Ribeirão Preto;Ribeirão Preto;False;BRANCA
9906;3538006.0;Pindamonhangaba;Taubaté;False;BRANCA
9907;3543402.0;Ribeirão Preto;Ribeirão Preto;False;BRANCA
9908;3513504.0;Cubatão;Baixada Santista;False;PARDA
9909;3554805.0;Tremembé;Taubaté;False;PARDA
9910;3552205.0;Sorocaba;Sorocaba;False;IGNORADO
9911;3551405.0;Serra Azul;Ribeirão Preto;False;BRANCA
9912;3536505.0;Paulínia;Campinas;False;PARDA
