9346;3509502.0;Campinas;Campinas;False;BRANCA
9347;3501905.0;Amparo;Campinas;False;BRANCA
9348;3547809.0;Santo André;Grande SP Sudeste;False;NONE
9349;3518701.0;Guarujá;Baixada Santista;False;AMARELA
9350;3509502.0;Campinas;Campinas;False;BRANCA
9351;3513801.0;Diadema;Grande SP Sudeste;False;BRANCA
9352;3512407.0;Cordeirópolis;Piracicaba;False;BRANCA
9353;3541000.0;Praia Grande;Baixada Santista;False;NONE
9354;3509502.0;Campinas;Campinas;False;BRANCA
9355;3530706.0;Mogi Guaçu;São João da Boa Vista;False;BRANCA
9356;3550308.0;São Paulo;Município de São Paulo;False;PARDA
9357;3533908.0;Olímpia;Barretos;False;BRANCA
9358;3509502.0;Campinas;Campinas;False;BRANCA
9359;3506003.0;Bauru;Bauru;False;BRANCA
9360;3552205.0;Sorocaba;Sorocaba;False;BRANCA
9361;3556701.0;Vinhedo;Campinas;False;BRANCA
9362;3538709.0;Piracicaba;Piracicaba;False;IGNORADO
9363;3549904.0;São José dos Campos;Taubaté;False;BRANCA
9364;3549904.0;São José dos Campos;Taubaté;False;IGNORADO
9365;3549805.0;São José do Rio Preto;São José do Rio Preto;False;PRETA
9366;3549805.0;São José do Rio Preto;São José do Rio Preto;False;AMARELA
9367;3539301.0;Pirassununga;Piracicaba;False;BRANCA
9368;3550308.0;São Paulo;Município de São Paulo;False;PARDA
9369;3510500.0;Caraguatatuba;Taubaté;False;BRANCA
9370;3509502.0;Campinas;Campinas;False;BRANCA
9371;3549904.0;São José dos Campos;Taubaté;False;BRANCA
9372;3547809.0;Santo André;Grande SP Sudeste;False;BRANCA
9373;3552809.0;Taboão da Serra;Grande SP Sudoeste;False;PARDA
9374;3550308.0;São Paulo;Município de São Paulo;False;IGNORADO
9375;3501608.0;Americana;Campinas;False;BRANCA
9376;3513504.0;Cubatão;Baixada Santista;False;PARDA
9377;3513504.0;Cubatão;Baixada Santista;False;PARDA
9378;3550308.0;São Paulo;Município de São Paulo;False;PARDA
9379;3550308.0;São Paulo;Município de São Paulo;False;NONE
9380;3517703.0;Guará;Franca;False;BRANCA
9381;3522208.0;Itapecerica da Serra;Grande SP Sudoeste;False;BRANCA
9382;3550308.0;São Paulo;Município de São Paulo;False;PARDA
9383;3550308.0;São Paulo;Município de São Paulo;False;BRANCA
9384;3550308.0;São Paulo;Município de São Paulo;False;IGNORADO
9385;3549904.0;São José dos Campos;Taubaté;False;IGNORADO
9386;3548708.0;São Bernardo do Campo;Grande SP Sudeste;False;PARDA
9387;3522307.0;Itapetininga;Sorocaba;False;BRANCA
9388;3550308.0;São Paulo;Município de São Paulo;False;NONE
9389;3547809.0;Santo André;Grande SP Sudeste;False;BRANCA
9390;3550308.0;São Paulo;Município de São Paulo;False;IGNORADO
9391;3515004.0;Embu das Artes;Grande SP Sudoeste;False;IGNORADO
9392;3550308.0;São Paulo;Município de São Paulo;False;PARDA
9393;3551009.0;São Vicente;Baixada Santista;False;NONE
9394;3520509.0;Indaiatuba;Campinas;False;BRANCA
9395;3550308.0;São Paulo;Município de São Paulo;False;BRANCA
9396;3548500.0;Santos;Baixada Santista;False;BRANCA
9397;3548500.0;Santos;Baixada Santista;False;IGNORADO
9398;3527702.0;Luiziânia;Araçatuba;False;BRANCA
9399;3518800.0;Guarulhos;Grande SP Leste;False;BRANCA
9400;3541000.0;Praia Grande;Baixada Santista;False;BRANCA
9401;3545803.0;Santa Bárbara d'Oeste;Campinas;False;BRANCA
9402;3515186.0;Espírito Santo do Pinhal;São João da Boa Vista;False;BRANCA
9403;3529005.0;Marília;Marília;False;
9404;3510609.0;Carapicuíba;Grande SP Oeste;False;BRANCA
9405;3548500.0;Santos;Baixada Santista;False;PARDA
9406;3534401.0;Osasco;Grande SP Oeste;False;BRANCA
9407;3549904.0;São José dos Campos;Taubaté;False;PARDA
9408;3509502.0;Campinas;Campinas;False;BRANCA
9409;3529401.0;Mauá;Grande SP Sudeste;False;AMARELA
9410;3550308.0;São Paulo;Município de São Paulo;False;PARDA
9411;3550308.0;São Paulo;Município de São Paulo;False;BRANCA
9412;3550308.0;São Paulo;Município de São Paulo;False;BRANCA
9413;3550308.0;São Paulo;Município de São Paulo;False;BRANCA
9414;3533403.0;Nova Odessa;Campinas;False;BRANCA
9415;3520509.0;Indaiatuba;Campinas;False;PRETA
9416;3547601.0;Santa Rosa de Viterbo;Ribeirão Preto;False;BRANCA
9417;3550308.0;São Paulo;Município de São Paulo;False;PARDA
9418;3543303.0;Ribeirão Pires;Grande SP Sudeste;False;BRANCA
9419;3543402.0;Ribeirão Preto;Ribeirão Preto;False;IGNORADO
9420;3550308.0;São Paulo;Município de São Paulo;False;IGNORADO
9421;3529401.0;Mauá;Grande SP Sudeste;False;INDIGENA
9422;3522109.0;Itanhaém;Baixada Santista;False;IGNORADO
9423;3550308.0;São Paulo;Município de São Paulo;False;BRANCA
9424;3506508.0;Birigui;Araçatuba;False;IGNORADO
9425;3530805.0;Mogi Mirim;São João da Boa Vista;False;IGNORADO
9426;3548906.0;São Carlos;Araraquara;False;BRANCA
9427;3550308.0;São Paulo;Município de São Paulo;False;BRANCA
9428;3518800.0;Guarulhos;Grande SP Leste;False;BRANCA
9429;3505708.0;Barueri;Grande SP Oeste;False;BRANCA
9430;3550308.0;São Paulo;Município de São Paulo;False;PARDA
9431;3510609.0;Carapicuíba;Grande SP Oeste;False;IGNORADO
9432;3550308.0;São Paulo;Município de São Paulo;False;BRANCA
9433;3550308.0;São Paulo;Município de São Paulo;False;BRANCA
9434;3551009.0;São Vicente;Baixada Santista;False;BRANCA
9435;3550308.0;São Paulo;Município de São Paulo;False;PARDA
9436;3509601.0;Campo Limpo Paulista;Campinas;False;BRANCA
9437;3509601.0;Campo Limpo Paulista;Campinas;False;BRANCA
9438;3550308.0;São Paulo;Município de São Paulo;False;BRANCA
9439;3550308.0;São Paulo;Município de São Paulo;False;BRANCA
9440;3525904.0;Jundiaí;Campinas;False;IGNORADO
9441;3539103.0;Pirapora do Bom Jesus;Grande SP Oeste;False;AMARELA
9442;3550308.0;São Paulo;Município de São Paulo;False;BRANCA
9443;3550308.0;São Paulo;Município de São Paulo;False;PARDA
9444;3530607.0;Mogi das Cruzes;Grande SP Leste;False;BRANCA
9445;3549805.0;São José do Rio Preto;São José do Rio Preto;False;BRANCA
9446;3550308.0;São Paulo;Município de São Paulo;False;BRANCA
9447;3516200.0;Franca;Franca;False;IGNORADO
9448;3506508.0;Birigui;Araçatuba;False;IGNORADO
9449;3547304.0;Santana de Parnaíba;Grande SP Oeste;False;BRANCA
9450;3538709.0;Piracicaba;Piracicaba;False;BRANCA
9451;3507506.0;Botucatu;Bauru;False;BRANCA
9452;3503208.0;Araraquara;Araraquara;False;BRANCA
9453;3522307.0;Itapetininga;Sorocaba;False;BRANCA
9454;3506805.0;Bocaina;Bauru;False;BRANCA
9455;3548708.0;São Bernardo do Campo;Grande SP Sudeste;False;
9456;3538709.0;Piracicaba;Piracicaba;False;IGNORADO
9457;3541406.0;Presidente Prudente;Presidente Prudente;False;BRANCA
9458;3550308.0;São Paulo;Município de São Paulo;False;BRANCA
9459;3516309.0;Francisco Morato;Grande SP Norte;False;BRANCA
9460;3519071.0;Hortolândia;Campinas;False;PARDA
9461;3532900.0;Nova Europa;Araraquara;False;PARDA
9462;3548708.0;São Bernardo do Campo;Grande SP Sudeste;True;BRANCA
9463;3550308.0;São Paulo;Município de São Paulo;False;IGNORADO
9464;3500501.0;Águas de Lindóia;Campinas;False;BRANCA
9465;3530607.0;Mogi das Cruzes;Grande SP Leste;False;BRANCA
9466;3521408.0;Iracemápolis;Piracicaba;False;BRANCA
9467;3530607.0;Mogi das Cruzes;Grande SP Leste;False;BRANCA
9468;3524402.0;Jacareí;Taubaté;False;PARDA
9469;3503901.0;Arujá;Grande SP Leste;False;
9470;3543402.0;Ribeirão Preto;Ribeirão Preto;False;IGNORADO
9471;3543402.0;Ribeirão Preto;Ribeirão Preto;False;BRANCA
9472;3550308.0;São Paulo;Município de São Paulo;False;BRANCA
9473;3552205.0;Sorocaba;Sorocaba;False;IGNORADO
9474;3506003.0;Bauru;Bauru;False;BRANCA
9475;3517703.0;Guará;Franca;False;BRANCA
9476;3550308.0;São Paulo;Município de São Paulo;False;PRETA
9477;3516200.0;Franca;Franca;False;BRANCA
9478;3550308.0;São Paulo;Município de São Paulo;False;PARDA
9479;3510500.0;Caraguatatuba;Taubaté;False;BRANCA
9480;3550308.0;São Paulo;Município de São Paulo;False;PARDA
9481;3550308.0;São Paulo;Município de São Paulo;False;IGNORADO
9482;3550308.0;São Paulo;Município de São Paulo;False;AMARELA
9483;3509007.0;Caieiras;Grande SP Norte;False;BRANCA
9484;3550308.0;São Paulo;Município de São Paulo;False;IGNORADO
9485;3550308.0;São Paulo;Município de São Paulo;False;BRANCA
9486;3550407.0;São Pedro;Piracicaba;False;BRANCA
9487;3506102.0;Bebedouro;Barretos;False;BRANCA
9488;3550308.0;São Paulo;Município de São Paulo;False;IGNORADO
9489;3521408.0;Iracemápolis;Piracicaba;False;BRANCA
