68080;3509502.0;Campinas;Campinas;False;PARDA
68081;3550308.0;São Paulo;Município de São Paulo;False;PARDA
68082;3550308.0;São Paulo;Município de São Paulo;False;PARDA
68083;3552106.0;Socorro;Campinas;False;BRANCA
68084;3524402.0;Jacareí;Taubaté;False;BRANCA
68085;3550308.0;São Paulo;Município de São Paulo;False;BRANCA
68086;3500303.0;Aguaí;São João da Boa Vista;False;BRANCA
68087;3553708.0;Taquaritinga;Araraquara;False;BRANCA
68088;3550308.0;São Paulo;Município de São Paulo;False;BRANCA
68089;3542602.0;Registro;Registro;False;BRANCA
68090;3550308.0;São Paulo;Município de São Paulo;False;BRANCA
68091;3550308.0;São Paulo;Município de São Paulo;False;BRANCA
68092;3521903.0;Itajobi;São José do Rio Preto;False;BRANCA
68093;3550308.0;São Paulo;Município de São Paulo;False;IGNORADO
68094;3513504.0;Cubatão;Baixada Santista;False;PARDA
68095;3550308.0;São Paulo;Município de São Paulo;False;NONE
68096;3549904.0;São José dos Campos;Taubaté;False;BRANCA
68097;3521408.0;Iracemápolis;Piracicaba;False;BRANCA
68098;3506003.0;Bauru;Bauru;False;IGNORADO
68099;3506003.0;Bauru;Bauru;False;
68100;3518800.0;Guarulhos;Grande SP Leste;False;BRANCA
68101;3550308.0;São Paulo;Município de São Paulo;False;BRANCA
68102;3522604.0;Itapira;São João da Boa Vista;False;BRANCA
68103;3547809.0;Santo André;Grande SP Sudeste;False;IGNORADO
68104;3552205.0;Sorocaba;Sorocaba;False;BRANCA
68105;3545209.0;Salto;Sorocaba;False;BRANCA
68106;3550308.0;São Paulo;Município de São Paulo;True;BRANCA
68107;3536505.0;Paulínia;Campinas;False;BRANCA
68108;3550308.0;São Paulo;Município de São Paulo;False;BRANCA
68109;3538709.0;Piracicaba;Piracicaba;False;PARDA
68110;3525904.0;Jundiaí;Campinas;False;BRANCA
68111;3522505.0;Itapevi;Grande SP Oeste;False;IGNORADO
68112;3530706.0;Mogi Guaçu;São João da Boa Vista;False;BRANCA
68113;3550308.0;São Paulo;Município de São Paulo;False;BRANCA
68114;3512100.0;Colômbia;Barretos;False;
68115;3550308.0;São Paulo;Município de São Paulo;True;BRANCA
68116;3530201.0;Mirante do Paranapanema;Presidente Prudente;False;BRANCA
68117;3550308.0;São Paulo;Município de São Paulo;False;PARDA
68118;3553955.0;Tarumã;Marília;False;BRANCA
68119;3550308.0;São Paulo;Município de São Paulo;False;PARDA
68120;3536505.0;Paulínia;Campinas;False;BRANCA
68121;3550308.0;São Paulo;Município de São Paulo;False;BRANCA
68122;3547809.0;Santo André;Grande SP Sudeste;False;PARDA
68123;3532900.0;Nova Europa;Araraquara;False;IGNORADO
68124;3550308.0;São Paulo;Município de São Paulo;True;PRETA
68125;3552205.0;Sorocaba;Sorocaba;False;PRETA
68126;3550308.0;São Paulo;Município de São Paulo;False;IGNORADO
68127;3550308.0;São Paulo;Município de São Paulo;True;BRANCA
68128;3534401.0;Osasco;Grande SP Oeste;False;PARDA
68129;3548500.0;Santos;Baixada Santista;False;PARDA
68130;3550308.0;São Paulo;Município de São Paulo;False;BRANCA
68131;3550308.0;São Paulo;Município de São Paulo;False;BRANCA
68132;3550308.0;São Paulo;Município de São Paulo;False;BRANCA
68133;3550308.0;São Paulo;Município de São Paulo;True;BRANCA
68134;3541406.0;Presidente Prudente;Presidente Prudente;False;BRANCA
68135;3550308.0;São Paulo;Município de São Paulo;False;PARDA
68136;3513801.0;Diadema;Grande SP Sudeste;False;PARDA
68137;3548807.0;São Caetano do Sul;Grande SP Sudeste;False;BRANCA
68138;3525904.0;Jundiaí;Campinas;False;BRANCA
68139;3530607.0;Mogi das Cruzes;Grande SP Leste;False;PRETA
68140;3503208.0;Araraquara;Araraquara;False;BRANCA
68141;3550308.0;São Paulo;Município de São Paulo;False;PARDA
68142;3550308.0;São Paulo;Município de São Paulo;False;BRANCA
68143;3550308.0;São Paulo;Município de São Paulo;False;BRANCA
68144;3550308.0;São Paulo;Município de São Paulo;False;BRANCA
68145;3550308.0;São Paulo;Município de São Paulo;False;PARDA
68146;3531803.0;Monte Mor;Campinas;False;AMARELA
68147;3513801.0;Diadema;Grande SP Sudeste;False;BRANCA
68148;3550308.0;São Paulo;Município de São Paulo;False;
68149;3523107.0;Itaquaquecetuba;Grande SP Leste;False;PARDA
68150;3550308.0;São Paulo;Município de São Paulo;False;BRANCA
68151;3533007.0;Nova Granada;São José do Rio Preto;False;BRANCA
68152;3522307.0;Itapetininga;Sorocaba;False;BRANCA
68153;3509502.0;Campinas;Campinas;False;BRANCA
68154;3516309.0;Francisco Morato;Grande SP Norte;False;PARDA
68155;3534104.0;Oriente;Marília;False;PRETA
68156;3550308.0;São Paulo;Município de São Paulo;False;AMARELA
68157;3550308.0;São Paulo;Município de São Paulo;False;AMARELA
68158;3529401.0;Mauá;Grande SP Sudeste;False;BRANCA
68159;3518800.0;Guarulhos;Grande SP Leste;False;PARDA
68160;3516309.0;Francisco Morato;Grande SP Norte;False;PARDA
68161;3543402.0;Ribeirão Preto;Ribeirão Preto;True;BRANCA
68162;3547304.0;Santana de Parnaíba;Grande SP Oeste;False;PARDA
68163;3550308.0;São Paulo;Município de São Paulo;False;NONE
68164;3550308.0;São Paulo;Município de São Paulo;False;
68165;3533502.0;Novo Horizonte;São José do Rio Preto;False;BRANCA
68166;3514809.0;Eldorado;Registro;False;BRANCA
68167;3539301.0;Pirassununga;Piracicaba;False;BRANCA
68168;3550308.0;São Paulo;Município de São Paulo;False;IGNORADO
68169;3504503.0;Avaré;Bauru;False;BRANCA
68170;3550308.0;São Paulo;Município de São Paulo;False;BRANCA
68171;3530607.0;Mogi das Cruzes;Grande SP Leste;False;
68172;3550308.0;São Paulo;Município de São Paulo;False;PARDA
68173;3522208.0;Itapecerica da Serra;Grande SP Sudoeste;True;BRANCA
68174;3550308.0;São Paulo;Município de São Paulo;False;NONE
68175;3541307.0;Presidente Epitácio;Presidente Prudente;False;BRANCA
68176;3523107.0;Itaquaquecetuba;Grande SP Leste;False;PARDA
68177;3516903.0;General Salgado;São José do Rio Preto;False;PRETA
68178;3555406.0;Ubatuba;Taubaté;False;BRANCA
68179;3534401.0;Osasco;Grande SP Oeste;False;
68180;3550308.0;São Paulo;Município de São Paulo;False;BRANCA
68181;3550308.0;São Paulo;Município de São Paulo;False;BRANCA
68182;3504008.0;Assis;Marília;False;BRANCA
68183;3550308.0;São Paulo;Município de São Paulo;False;BRANCA
68184;3552205.0;Sorocaba;Sorocaba;True;BRANCA
68185;3515707.0;Ferraz de Vasconcelos;Grande SP Leste;False;BRANCA
68186;3550308.0;São Paulo;Município de São Paulo;False;PARDA
68187;3550308.0;São Paulo;Município de São Paulo;False;BRANCA
68188;3513801.0;Diadema;Grande SP Sudeste;False;NONE
68189;3518800.0;Guarulhos;Grande SP Leste;True;IGNORADO
68190;3527108.0;Lins;Bauru;False;BRANCA
68191;3550308.0;São Paulo;Município de São Paulo;False;
68192;3548708.0;São Bernardo do Campo;Grande SP Sudeste;False;PARDA
68193;3502804.0;Araçatuba;Araçatuba;False;IGNORADO
68194;3510609.0;Carapicuíba;Grande SP Oeste;False;AMARELA
68195;3547809.0;Santo André;Grande SP Sudeste;False;BRANCA
68196;3538709.0;Piracicaba;Piracicaba;False;BRANCA
68197;3511409.0;Cerqueira César;Bauru;False;BRANCA
68198;3525904.0;Jundiaí;Campinas;False;BRANCA
68199;3549805.0;São José do Rio Preto;São José do Rio Preto;False;BRANCA
68200;3552809.0;Taboão da Serra;Grande SP Sudoeste;False;
68201;3550308.0;São Paulo;Município de São Paulo;False;BRANCA
68202;3550902.0;São Simão;Ribeirão Preto;False;IGNORADO
68203;3534906.0;Pacaembu;Marília;False;BRANCA
68204;3509502.0;Campinas;Campinas;False;IGNORADO
68205;3509502.0;Campinas;Campinas;False;IGNORADO
68206;3518404.0;Guaratinguetá;Taubaté;False;PRETA
68207;3549805.0;São José do Rio Preto;São José do Rio Preto;False;BRANCA
68208;3530706.0;Mogi Guaçu;São João da Boa Vista;False;AMARELA
68209;3550308.0;São Paulo;Município de São Paulo;False;
68210;3509007.0;Caieiras;Grande SP Norte;False;PARDA
68211;3526902.0;Limeira;Piracicaba;False;PRETA
68212;3520103.0;Igarapava;Franca;False;BRANCA
68213;3552205.0;Sorocaba;Sorocaba;False;PRETA
68214;3539509.0;Pitangueiras;Ribeirão Preto;False;BRANCA
68215;3548708.0;São Bernardo do Campo;Grande SP Sudeste;True;BRANCA
68216;3516309.0;Francisco Morato;Grande SP Norte;False;PARDA
68217;3526209.0;Juquitiba;Grande SP Sudoeste;False;BRANCA
68218;3549805.0;São José do Rio Preto;São José do Rio Preto;False;BRANCA
68219;3550308.0;São Paulo;Município de São Paulo;False;BRANCA
68220;3549904.0;São José dos Campos;Taubaté;False;IGNORADO
