60441;3552205.0;Sorocaba;Sorocaba;False;BRANCA
60442;3548500.0;Santos;Baixada Santista;False;BRANCA
60443;3550308.0;São Paulo;Município de São Paulo;False;PARDA
60444;3550308.0;São Paulo;Município de São Paulo;False;BRANCA
60445;3550308.0;São Paulo;Município de São Paulo;False;NONE
60446;3504107.0;Atibaia;Campinas;False;BRANCA
60447;3550308.0;São Paulo;Município de São Paulo;False;BRANCA
60448;3513801.0;Diadema;Grande SP Sudeste;False;BRANCA
60449;3550308.0;São Paulo;Município de São Paulo;False;PARDA
60450;3523909.0;Itu;Sorocaba;False;PARDA
60451;3554102.0;Taubaté;Taubaté;False;BRANCA
60452;3529005.0;Marília;Marília;False;BRANCA
60453;3548708.0;São Bernardo do Campo;Grande SP Sudeste;False;BRANCA
60454;3550308.0;São Paulo;Município de São Paulo;False;AMARELA
60455;3550308.0;São Paulo;Município de São Paulo;False;IGNORADO
60456;3508504.0;Caçapava;Taubaté;False;BRANCA
60457;3548708.0;São Bernardo do Campo;Grande SP Sudeste;False;BRANCA
60458;3527108.0;Lins;Bauru;False;BRANCA
60459;3533502.0;Novo Horizonte;São José do Rio Preto;False;BRANCA
60460;3547809.0;Santo André;Grande SP Sudeste;False;NONE
60461;3550308.0;São Paulo;Município de São Paulo;False;BRANCA
60462;3510203.0;Capão Bonito;Sorocaba;False;BRANCA
60463;3505302.0;Barra Bonita;Bauru;False;BRANCA
60464;3550308.0;São Paulo;Município de São Paulo;False;PARDA
60465;3551801.0;Sete Barras;Registro;False;PARDA
60466;3550308.0;São Paulo;Município de São Paulo;False;
60467;3550308.0;São Paulo;Município de São Paulo;False;BRANCA
60468;3513504.0;Cubatão;Baixada Santista;False;PARDA
60469;3546801.0;Santa Isabel;Grande SP Leste;False;AMARELA
60470;3543402.0;Ribeirão Preto;Ribeirão Preto;False;PARDA
60471;3538709.0;Piracicaba;Piracicaba;False;IGNORADO
60472;3547809.0;Santo André;Grande SP Sudeste;False;BRANCA
60473;3548500.0;Santos;Baixada Santista;False;BRANCA
60474;3552205.0;Sorocaba;Sorocaba;False;PRETA
60475;3548708.0;São Bernardo do Campo;Grande SP Sudeste;False;
60476;3550308.0;São Paulo;Município de São Paulo;False;NONE
60477;3550308.0;São Paulo;Município de São Paulo;False;PARDA
60478;3552205.0;Sorocaba;Sorocaba;False;
60479;3550308.0;São Paulo;Município de São Paulo;False;IGNORADO
60480;3524808.0;Jales;São José do Rio Preto;False;BRANCA
60481;3518701.0;Guarujá;Baixada Santista;False;PARDA
60482;3549904.0;São José dos Campos;Taubaté;False;IGNORADO
60483;3550308.0;São Paulo;Município de São Paulo;False;PARDA
60484;3550308.0;São Paulo;Município de São Paulo;False;PARDA
60485;3519071.0;Hortolândia;Campinas;False;PARDA
60486;3549805.0;São José do Rio Preto;São José do Rio Preto;False;BRANCA
60487;3551702.0;Sertãozinho;Ribeirão Preto;False;IGNORADO
60488;3519071.0;Hortolândia;Campinas;False;IGNORADO
60489;3525300.0;Jaú;Bauru;False;BRANCA
60490;3552809.0;Taboão da Serra;Grande SP Sudoeste;False;PARDA
60491;3550308.0;São Paulo;Município de São Paulo;False;BRANCA
60492;3550308.0;São Paulo;Município de São Paulo;False;BRANCA
60493;3543402.0;Ribeirão Preto;Ribeirão Preto;False;BRANCA
60494;3537107.0;Pedreira;Campinas;False;PARDA
60495;3550308.0;São Paulo;Município de São Paulo;False;BRANCA
60496;3538006.0;Pindamonhangaba;Taubaté;False;BRANCA
60497;3543402.0;Ribeirão Preto;Ribeirão Preto;False;BRANCA
60498;3550308.0;São Paulo;Município de São Paulo;False;IGNORADO
60499;3549805.0;São José do Rio Preto;São José do Rio Preto;False;BRANCA
60500;3534401.0;Osasco;Grande SP Oeste;False;BRANCA
60501;3548500.0;Santos;Baixada Santista;False;BRANCA
60502;3526902.0;Limeira;Piracicaba;False;BRANCA
60503;3506003.0;Bauru;Bauru;False;BRANCA
60504;3550308.0;São Paulo;Município de São Paulo;False;BRANCA
60505;3522505.0;Itapevi;Grande SP Oeste;False;BRANCA
60506;3550308.0;São Paulo;Município de São Paulo;False;IGNORADO
60507;3534401.0;Osasco;Grande SP Oeste;False;PRETA
60508;3550308.0;São Paulo;Município de São Paulo;False;BRANCA
60509;3540259.0;Pontalinda;São José do Rio Preto;False;PARDA
60510;3550308.0;São Paulo;Município de São Paulo;False;BRANCA
60511;3516309.0;Francisco Morato;Grande SP Norte;False;BRANCA
60512;3519600.0;Ibitinga;Araraquara;False;BRANCA
60513;3530607.0;Mogi das Cruzes;Grande SP Leste;False;BRANCA
60514;3515509.0;Fernandópolis;São José do Rio Preto;False;BRANCA
60515;3501905.0;Amparo;Campinas;False;PARDA
60516;3550308.0;São Paulo;Município de São Paulo;False;BRANCA
60517;3533908.0;Olímpia;Barretos;False;IGNORADO
60518;3550308.0;São Paulo;Município de São Paulo;False;PARDA
60519;3521903.0;Itajobi;São José do Rio Preto;False;BRANCA
60520;3538709.0;Piracicaba;Piracicaba;False;BRANCA
60521;3503208.0;Araraquara;Araraquara;False;BRANCA
60522;3538709.0;Piracicaba;Piracicaba;False;BRANCA
60523;3509502.0;Campinas;Campinas;False;PRETA
60524;3510609.0;Carapicuíba;Grande SP Oeste;False;IGNORADO
60525;3550308.0;São Paulo;Município de São Paulo;False;BRANCA
60526;3552205.0;Sorocaba;Sorocaba;False;BRANCA
60527;3550308.0;São Paulo;Município de São Paulo;False;BRANCA
60528;3549805.0;São José do Rio Preto;São José do Rio Preto;False;IGNORADO
60529;3505708.0;Barueri;Grande SP Oeste;False;IGNORADO
60530;3503208.0;Araraquara;Araraquara;False;BRANCA
60531;3550308.0;São Paulo;Município de São Paulo;False;BRANCA
60532;3541406.0;Presidente Prudente;Presidente Prudente;False;BRANCA
60533;3526902.0;Limeira;Piracicaba;False;BRANCA
60534;3550308.0;São Paulo;Município de São Paulo;False;PARDA
60535;3550308.0;São Paulo;Município de São Paulo;False;AMARELA
60536;3557006.0;Votorantim;Sorocaba;False;BRANCA
60537;3518800.0;Guarulhos;Grande SP Leste;False;PRETA
60538;3550308.0;São Paulo;Município de São Paulo;False;PARDA
60539;3550308.0;São Paulo;Município de São Paulo;False;IGNORADO
60540;3538204.0;Pinhalzinho;Campinas;False;PRETA
60541;3550308.0;São Paulo;Município de São Paulo;False;PARDA
60542;3505708.0;Barueri;Grande SP Oeste;False;PARDA
60543;3509502.0;Campinas;Campinas;False;BRANCA
60544;3545209.0;Salto;Sorocaba;False;IGNORADO
60545;3552205.0;Sorocaba;Sorocaba;False;BRANCA
60546;3539301.0;Pirassununga;Piracicaba;False;BRANCA
60547;3520509.0;Indaiatuba;Campinas;False;BRANCA
60548;3552809.0;Taboão da Serra;Grande SP Sudoeste;False;AMARELA
60549;3548500.0;Santos;Baixada Santista;False;IGNORADO
60550;3550308.0;São Paulo;Município de São Paulo;False;IGNORADO
60551;3550308.0;São Paulo;Município de São Paulo;False;BRANCA
60552;3510500.0;Caraguatatuba;Taubaté;True;BRANCA
60553;3550308.0;São Paulo;Município de São Paulo;False;PARDA
60554;3503802.0;Artur Nogueira;Campinas;False;BRANCA
60555;3554102.0;Taubaté;Taubaté;False;IGNORADO
60556;3554102.0;Taubaté;Taubaté;False;BRANCA
60557;3513801.0;Diadema;Grande SP Sudeste;False;PARDA
60558;3550308.0;São Paulo;Município de São Paulo;False;BRANCA
60559;3506003.0;Bauru;Bauru;False;IGNORADO
60560;3554102.0;Taubaté;Taubaté;False;BRANCA
60561;3526902.0;Limeira;Piracicaba;False;BRANCA
60562;3550308.0;São Paulo;Município de São Paulo;False;PARDA
60563;3550308.0;São Paulo;Município de São Paulo;False;PARDA
60564;3552205.0;Sorocaba;Sorocaba;False;BRANCA
60565;3518800.0;Guarulhos;Grande SP Leste;False;BRANCA
60566;3520509.0;Indaiatuba;Campinas;False;IGNORADO
60567;3537800.0;Piedade;Sorocaba;False;BRANCA
60568;3550308.0;São Paulo;Município de São Paulo;False;PARDA
60569;3509502.0;Campinas;Campinas;False;IGNORADO
60570;3516408.0;Franco da Rocha;Grande SP Norte;False;BRANCA
60571;3506003.0;Bauru;Bauru;False;BRANCA
60572;3550308.0;São Paulo;Município de São Paulo;False;
60573;3550308.0;São Paulo;Município de São Paulo;False;BRANCA
60574;3534906.0;Pacaembu;Marília;False;
60575;3518800.0;Guarulhos;Grande SP Leste;False;BRANCA
60576;3556503.0;Várzea Paulista;Campinas;False;BRANCA
60577;3538709.0;Piracicaba;Piracicaba;False;IGNORADO
60578;3550308.0;São Paulo;Município de São Paulo;False;BRANCA
60579;3550308.0;São Paulo;Município de São Paulo;False;PARDA
60580;3550308.0;São Paulo;Município de São Paulo;False;BRANCA
60581;3546306.0;Santa Cruz das Palmeiras;São João da Boa Vista;False;PARDA
60582;3550308.0;São Paulo;Município de São Paulo;False;AMARELA
60583;3552809.0;Taboão da Serra;Grande SP Sudoeste;False;PARDA
