9049;3549805.0;São José do Rio Preto;São José do Rio Preto;False;AMARELA
9050;3552403.0;Sumaré;Campinas;False;BRANCA
9051;3550308.0;São Paulo;Município de São Paulo;False;
9052;3533908.0;Olímpia;Barretos;False;IGNORADO
9053;3550308.0;São Paulo;Município de São Paulo;False;NONE
9054;3534401.0;Osasco;Grande SP Oeste;False;BRANCA
9055;3536505.0;Paulínia;Campinas;False;BRANCA
9056;3550308.0;São Paulo;Município de São Paulo;False;AMARELA
9057;3549805.0;São José do Rio Preto;São José do Rio Preto;False;PRETA
9058;3551702.0;Sertãozinho;Ribeirão Preto;False;BRANCA
9059;3550308.0;São Paulo;Município de São Paulo;False;PARDA
9060;3550308.0;São Paulo;Município de São Paulo;False;BRANCA
9061;3509601.0;Campo Limpo Paulista;Campinas;False;BRANCA
9062;3505203.0;Bariri;Bauru;False;PRETA
9063;3518503.0;Guareí;Sorocaba;False;
9064;3514403.0;Dracena;Presidente Prudente;False;BRANCA
9065;3536703.0;Pederneiras;Bauru;False;IGNORADO
9066;3550308.0;São Paulo;Município de São Paulo;False;BRANCA
9067;3546306.0;Santa Cruz das Palmeiras;São João da Boa Vista;False;PARDA
9068;3550308.0;São Paulo;Município de São Paulo;False;BRANCA
9069;3550308.0;São Paulo;Município de São Paulo;False;PRETA
9070;3509254.0;Cajati;Registro;False;BRANCA
9071;3547304.0;Santana de Parnaíba;Grande SP Oeste;False;PARDA
9072;3550308.0;São Paulo;Município de São Paulo;False;IGNORADO
9073;3550308.0;São Paulo;Município de São Paulo;False;BRANCA
9074;3550407.0;São Pedro;Piracicaba;False;BRANCA
9075;3541000.0;Praia Grande;Baixada Santista;False;PARDA
9076;3550308.0;São Paulo;Município de São Paulo;False;BRANCA
9077;3543402.0;Ribeirão Preto;Ribeirão Preto;False;AMARELA
9078;3548708.0;São Bernardo do Campo;Grande SP Sudeste;False;BRANCA
9079;3506359.0;Bertioga;Baixada Santista;False;AMARELA
9080;3543402.0;Ribeirão Preto;Ribeirão Preto;False;BRANCA
9081;3548708.0;São Bernardo do Campo;Grande SP Sudeste;False;BRANCA
9082;3550308.0;São Paulo;Município de São Paulo;False;AMARELA
9083;3550308.0;São Paulo;Município de São Paulo;False;PARDA
9084;3550308.0;São Paulo;Município de São Paulo;False;PARDA
9085;3550308.0;São Paulo;Município de São Paulo;True;IGNORADO
9086;3550308.0;São Paulo;Município de São Paulo;False;PARDA
9087;3550308.0;São Paulo;Município de São Paulo;False;BRANCA
9088;3509502.0;Campinas;Campinas;False;BRANCA
9089;3550308.0;São Paulo;Município de São Paulo;False;BRANCA
9090;3550308.0;São Paulo;Município de São Paulo;False;IGNORADO
9091;3525102.0;Jardinópolis;Ribeirão Preto;False;PARDA
9092;3550308.0;São Paulo;Município de São Paulo;False;PARDA
9093;3550308.0;São Paulo;Município de São Paulo;False;PARDA
9094;3550308.0;São Paulo;Município de São Paulo;False;BRANCA
9095;3548906.0;São Carlos;Araraquara;False;BRANCA
9096;3550308.0;São Paulo;Município de São Paulo;False;BRANCA
9097;3510609.0;Carapicuíba;Grande SP Oeste;False;NONE
9098;3523602.0;Itirapina;Piracicaba;False;PRETA
9099;3548708.0;São Bernardo do Campo;Grande SP Sudeste;False;NONE
9100;3510401.0;Capivari;Piracicaba;False;PARDA
9101;3534401.0;Osasco;Grande SP Oeste;False;BRANCA
9102;3541406.0;Presidente Prudente;Presidente Prudente;False;BRANCA
9103;3509502.0;Campinas;Campinas;False;PRETA
9104;3535309.0;Palmital;Marília;False;BRANCA
9105;3530805.0;Mogi Mirim;São João da Boa Vista;False;BRANCA
9106;3525904.0;Jundiaí;Campinas;False;BRANCA
9107;3550308.0;São Paulo;Município de São Paulo;False;PARDA
9108;3549904.0;São José dos Campos;Taubaté;False;AMARELA
9109;3505500.0;Barretos;Barretos;False;PRETA
9110;3550308.0;São Paulo;Município de São Paulo;False;PARDA
9111;3523909.0;Itu;Sorocaba;False;BRANCA
9112;3550308.0;São Paulo;Município de São Paulo;False;BRANCA
9113;3512803.0;Cosmópolis;Campinas;False;BRANCA
9114;3550308.0;São Paulo;Município de São Paulo;False;BRANCA
9115;3548708.0;São Bernardo do Campo;Grande SP Sudeste;False;BRANCA
9116;3550308.0;São Paulo;Município de São Paulo;False;PARDA
9117;3550308.0;São Paulo;Município de São Paulo;False;BRANCA
9118;3527306.0;Louveira;Campinas;False;BRANCA
9119;3524402.0;Jacareí;Taubaté;False;BRANCA
9120;3547809.0;Santo André;Grande SP Sudeste;False;PARDA
9121;3550308.0;São Paulo;Município de São Paulo;False;BRANCA
9122;3534401.0;Osasco;Grande SP Oeste;False;PARDA
9123;3550308.0;São Paulo;Município de São Paulo;False;PARDA
9124;3550704.0;São Sebastião;Taubaté;False;BRANCA
9125;3518404.0;Guaratinguetá;Taubaté;False;IGNORADO
9126;3549805.0;São José do Rio Preto;São José do Rio Preto;False;PARDA
9127;3543402.0;Ribeirão Preto;Ribeirão Preto;False;PRETA
9128;3550308.0;São Paulo;Município de São Paulo;False;BRANCA
9129;3513801.0;Diadema;Grande SP Sudeste;True;BRANCA
9130;3524006.0;Itupeva;Campinas;False;IGNORADO
9131;3506003.0;Bauru;Bauru;False;IGNORADO
9132;3550308.0;São Paulo;Município de São Paulo;False;PARDA
9133;3525904.0;Jundiaí;Campinas;False;PARDA
9134;3546603.0;Santa Fé do Sul;São José do Rio Preto;False;BRANCA
9135;3548708.0;São Bernardo do Campo;Grande SP Sudeste;False;IGNORADO
9136;3534609.0;Osvaldo Cruz;Marília;False;BRANCA
9137;3522703.0;Itápolis;Araraquara;False;BRANCA
9138;3505500.0;Barretos;Barretos;False;BRANCA
9139;3550308.0;São Paulo;Município de São Paulo;False;NONE
9140;3550209.0;São Miguel Arcanjo;Sorocaba;True;BRANCA
9141;3549102.0;São João da Boa Vista;São João da Boa Vista;True;BRANCA
9142;3503406.0;Arealva;Bauru;False;BRANCA
9143;3550308.0;São Paulo;Município de São Paulo;True;BRANCA
9144;3550308.0;São Paulo;Município de São Paulo;True;NONE
9145;3552403.0;Sumaré;Campinas;False;PARDA
9146;3550308.0;São Paulo;Município de São Paulo;False;PARDA
9147;3505708.0;Barueri;Grande SP Oeste;False;IGNORADO
9148;3550308.0;São Paulo;Município de São Paulo;False;BRANCA
9149;3509007.0;Caieiras;Grande SP Norte;False;AMARELA
9150;3524808.0;Jales;São José do Rio Preto;False;BRANCA
9151;3540705.0;Porto Ferreira;Araraquara;False;BRANCA
9152;3510609.0;Carapicuíba;Grande SP Oeste;False;BRANCA
9153;3507506.0;Botucatu;Bauru;False;BRANCA
9154;3541109.0;Presidente Alves;Bauru;False;PARDA
9155;3555406.0;Ubatuba;Taubaté;False;BRANCA
9156;3532009.0;Morungaba;Campinas;False;BRANCA
9157;3529005.0;Marília;Marília;False;BRANCA
9158;3525904.0;Jundiaí;Campinas;True;BRANCA
9159;3520905.0;Ipaussu;Marília;False;BRANCA
9160;3549805.0;São José do Rio Preto;São José do Rio Preto;False;NONE
9161;3553609.0;Tapiratiba;São João da Boa Vista;False;BRANCA
9162;3507456.0;Borebi;Bauru;False;
9163;3534708.0;Ourinhos;Marília;False;BRANCA
9164;3550308.0;São Paulo;Município de São Paulo;False;IGNORADO
9165;3505708.0;Barueri;Grande SP Oeste;False;BRANCA
9166;3539400.0;Piratininga;Bauru;False;PRETA
9167;3522604.0;Itapira;São João da Boa Vista;False;BRANCA
9168;3530706.0;Mogi Guaçu;São João da Boa Vista;False;PARDA
9169;3547809.0;Santo André;Grande SP Sudeste;False;PARDA
9170;3513405.0;Cruzeiro;Taubaté;False;BRANCA
9171;3550308.0;São Paulo;Município de São Paulo;False;PARDA
9172;3550308.0;São Paulo;Município de São Paulo;False;BRANCA
9173;3526902.0;Limeira;Piracicaba;False;PARDA
9174;3509502.0;Campinas;Campinas;False;BRANCA
9175;3550308.0;São Paulo;Município de São Paulo;False;PARDA
9176;3522307.0;Itapetininga;Sorocaba;False;BRANCA
9177;3508702.0;Caconde;São João da Boa Vista;False;PARDA
9178;3550308.0;São Paulo;Município de São Paulo;False;NONE
9179;3501707.0;Américo Brasiliense;Araraquara;False;BRANCA
9180;3550308.0;São Paulo;Município de São Paulo;False;PARDA
9181;3550308.0;São Paulo;Município de São Paulo;False;BRANCA
9182;3540705.0;Porto Ferreira;Araraquara;False;BRANCA
9183;3520400.0;Ilhabela;Taubaté;False;PARDA
9184;3520103.0;Igarapava;Franca;False;BRANCA
9185;3516200.0;Franca;Franca;False;PRETA
9186;3513009.0;Cotia;Grande SP Sudoeste;False;BRANCA
9187;3519600.0;Ibitinga;Araraquara;False;BRANCA
9188;3520442.0;Ilha Solteira;Araçatuba;False;BRANCA
9189;3552502.0;Suzano;Grande SP Leste;False;IGNORADO
9190;3524808.0;Jales;São José do Rio Preto;False;BRANCA
9191;3519071.0;Hortolândia;Campinas;False;PARDA
9192;3550308.0;São Paulo;Município de São Paulo;False;PARDA
9193;3507001.0;Boituva;Sorocaba;False;BRANCA
