49930;3548500.0;Santos;Baixada Santista;False;BRANCA
49931;3557105.0;Votuporanga;São José do Rio Preto;False;BRANCA
49932;3525904.0;Jundiaí;Campinas;False;IGNORADO
49933;3550308.0;São Paulo;Município de São Paulo;False;BRANCA
49934;3523404.0;Itatiba;Campinas;False;PARDA
49935;3550308.0;São Paulo;Município de São Paulo;False;BRANCA
49936;3550308.0;São Paulo;Município de São Paulo;False;PARDA
49937;3501608.0;Americana;Campinas;False;BRANCA
49938;3501608.0;Americana;Campinas;False;BRANCA
49939;3550308.0;São Paulo;Município de São Paulo;False;IGNORADO
49940;3539202.0;Pirapozinho;Presidente Prudente;False;BRANCA
49941;3538709.0;Piracicaba;Piracicaba;False;BRANCA
49942;3550308.0;São Paulo;Município de São Paulo;False;BRANCA
49943;3503802.0;Artur Nogueira;Campinas;False;BRANCA
49944;3550308.0;São Paulo;Município de São Paulo;False;PARDA
49945;3509502.0;Campinas;Campinas;False;BRANCA
49946;3525904.0;Jundiaí;Campinas;False;BRANCA
49947;3550308.0;São Paulo;Município de São Paulo;False;PARDA
49948;3543402.0;Ribeirão Preto;Ribeirão Preto;False;BRANCA
49949;3557105.0;Votuporanga;São José do Rio Preto;False;BRANCA
49950;3550308.0;São Paulo;Município de São Paulo;False;BRANCA
49951;3548500.0;Santos;Baixada Santista;False;IGNORADO
49952;3533908.0;Olímpia;Barretos;False;PARDA
49953;3518800.0;Guarulhos;Grande SP Leste;False;PARDA
49954;3550308.0;São Paulo;Município de São Paulo;False;
49955;3545803.0;Santa Bárbara d'Oeste;Campinas;False;PARDA
49956;3550308.0;São Paulo;Município de São Paulo;False;BRANCA
49957;3541000.0;Praia Grande;Baixada Santista;False;BRANCA
49958;3545803.0;Santa Bárbara d'Oeste;Campinas;False;PARDA
49959;3550308.0;São Paulo;Município de São Paulo;False;PRETA
49960;3550308.0;São Paulo;Município de São Paulo;False;BRANCA
49961;3548500.0;Santos;Baixada Santista;False;AMARELA
49962;3543402.0;Ribeirão Preto;Ribeirão Preto;False;PARDA
49963;3510401.0;Capivari;Piracicaba;False;BRANCA
49964;3550308.0;São Paulo;Município de São Paulo;False;BRANCA
49965;3509502.0;Campinas;Campinas;False;BRANCA
49966;3530508.0;Mococa;São João da Boa Vista;False;IGNORADO
49967;3550308.0;São Paulo;Município de São Paulo;False;BRANCA
49968;3510005.0;Cândido Mota;Marília;False;BRANCA
49969;3516309.0;Francisco Morato;Grande SP Norte;False;
49970;3502804.0;Araçatuba;Araçatuba;False;BRANCA
49971;3550308.0;São Paulo;Município de São Paulo;False;
49972;3549904.0;São José dos Campos;Taubaté;False;BRANCA
49973;3509502.0;Campinas;Campinas;False;BRANCA
49974;3549805.0;São José do Rio Preto;São José do Rio Preto;False;IGNORADO
49975;3511508.0;Cerquilho;Sorocaba;False;BRANCA
49976;3550308.0;São Paulo;Município de São Paulo;False;BRANCA
49977;3513009.0;Cotia;Grande SP Sudoeste;False;BRANCA
49978;3523107.0;Itaquaquecetuba;Grande SP Leste;False;BRANCA
49979;3520400.0;Ilhabela;Taubaté;False;BRANCA
49980;3550308.0;São Paulo;Município de São Paulo;False;BRANCA
49981;3505708.0;Barueri;Grande SP Oeste;False;BRANCA
49982;3552205.0;Sorocaba;Sorocaba;False;PARDA
49983;3520509.0;Indaiatuba;Campinas;False;BRANCA
49984;3550308.0;São Paulo;Município de São Paulo;False;BRANCA
49985;3529401.0;Mauá;Grande SP Sudeste;False;BRANCA
49986;3547809.0;Santo André;Grande SP Sudeste;False;BRANCA
49987;3548807.0;São Caetano do Sul;Grande SP Sudeste;False;PRETA
49988;3550308.0;São Paulo;Município de São Paulo;False;PRETA
49989;3531100.0;Mongaguá;Baixada Santista;False;BRANCA
49990;3550308.0;São Paulo;Município de São Paulo;False;PARDA
49991;3524105.0;Ituverava;Franca;True;BRANCA
49992;3550308.0;São Paulo;Município de São Paulo;False;BRANCA
49993;3556206.0;Valinhos;Campinas;False;BRANCA
49994;3550308.0;São Paulo;Município de São Paulo;False;PARDA
49995;3550308.0;São Paulo;Município de São Paulo;False;PARDA
49996;3503307.0;Araras;Piracicaba;False;IGNORADO
49997;3534401.0;Osasco;Grande SP Oeste;False;BRANCA
49998;3550308.0;São Paulo;Município de São Paulo;False;NONE
49999;3543402.0;Ribeirão Preto;Ribeirão Preto;False;BRANCA
50000;3550308.0;São Paulo;Município de São Paulo;False;IGNORADO
50001;3526902.0;Limeira;Piracicaba;False;IGNORADO
50002;3550308.0;São Paulo;Município de São Paulo;False;PRETA
50003;3509502.0;Campinas;Campinas;False;BRANCA
50004;3549805.0;São José do Rio Preto;São José do Rio Preto;False;BRANCA
50005;3548500.0;Santos;Baixada Santista;False;PARDA
50006;3550308.0;São Paulo;Município de São Paulo;False;IGNORADO
50007;3548906.0;São Carlos;Araraquara;False;BRANCA
50008;3502804.0;Araçatuba;Araçatuba;False;IGNORADO
50009;3552809.0;Taboão da Serra;Grande SP Sudoeste;False;
50010;3525300.0;Jaú;Bauru;False;BRANCA
50011;3524105.0;Ituverava;Franca;False;IGNORADO
50012;3503208.0;Araraquara;Araraquara;False;BRANCA
50013;3521408.0;Iracemápolis;Piracicaba;False;BRANCA
50014;3550308.0;São Paulo;Município de São Paulo;False;IGNORADO
50015;3549904.0;São José dos Campos;Taubaté;False;IGNORADO
50016;3532504.0;Neves Paulista;São José do Rio Preto;False;BRANCA
50017;3552403.0;Sumaré;Campinas;False;IGNORADO
50018;3537305.0;Penápolis;Araçatuba;False;BRANCA
50019;3543402.0;Ribeirão Preto;Ribeirão Preto;False;BRANCA
50020;3550308.0;São Paulo;Município de São Paulo;False;BRANCA
50021;3522505.0;Itapevi;Grande SP Oeste;False;BRANCA
50022;3509601.0;Campo Limpo Paulista;Campinas;False;BRANCA
50023;3548807.0;São Caetano do Sul;Grande SP Sudeste;False;
50024;3530607.0;Mogi das Cruzes;Grande SP Leste;False;PARDA
50025;3543402.0;Ribeirão Preto;Ribeirão Preto;False;BRANCA
50026;3524402.0;Jacareí;Taubaté;False;BRANCA
50027;3518404.0;Guaratinguetá;Taubaté;False;BRANCA
50028;3548500.0;Santos;Baixada Santista;False;BRANCA
50029;3550308.0;São Paulo;Município de São Paulo;False;BRANCA
50030;3538006.0;Pindamonhangaba;Taubaté;False;BRANCA
50031;3556701.0;Vinhedo;Campinas;False;IGNORADO
50032;3550308.0;São Paulo;Município de São Paulo;False;PARDA
50033;3543907.0;Rio Claro;Piracicaba;False;BRANCA
50034;3553807.0;Taquarituba;Bauru;False;IGNORADO
50035;3503307.0;Araras;Piracicaba;False;BRANCA
50036;3525904.0;Jundiaí;Campinas;False;BRANCA
50037;3550308.0;São Paulo;Município de São Paulo;False;BRANCA
50038;3523800.0;Itobi;São João da Boa Vista;False;PRETA
50039;3550308.0;São Paulo;Município de São Paulo;False;BRANCA
50040;3541000.0;Praia Grande;Baixada Santista;False;BRANCA
50041;3549904.0;São José dos Campos;Taubaté;False;BRANCA
50042;3525706.0;José Bonifácio;São José do Rio Preto;False;BRANCA
50043;3547809.0;Santo André;Grande SP Sudeste;False;IGNORADO
50044;3547809.0;Santo André;Grande SP Sudeste;False;BRANCA
50045;3503208.0;Araraquara;Araraquara;False;BRANCA
50046;3510609.0;Carapicuíba;Grande SP Oeste;False;BRANCA
50047;3530706.0;Mogi Guaçu;São João da Boa Vista;False;BRANCA
50048;3519105.0;Iacanga;Bauru;False;BRANCA
50049;3518404.0;Guaratinguetá;Taubaté;False;PARDA
50050;3550308.0;São Paulo;Município de São Paulo;False;IGNORADO
50051;3537909.0;Pilar do Sul;Sorocaba;False;IGNORADO
50052;3549805.0;São José do Rio Preto;São José do Rio Preto;False;BRANCA
50053;3552205.0;Sorocaba;Sorocaba;False;BRANCA
50054;3518800.0;Guarulhos;Grande SP Leste;False;
50055;3538709.0;Piracicaba;Piracicaba;False;BRANCA
50056;3552205.0;Sorocaba;Sorocaba;False;BRANCA
50057;3506508.0;Birigui;Araçatuba;False;BRANCA
50058;3522109.0;Itanhaém;Baixada Santista;False;AMARELA
50059;3557006.0;Votorantim;Sorocaba;False;BRANCA
50060;3508504.0;Caçapava;Taubaté;False;BRANCA
50061;3552205.0;Sorocaba;Sorocaba;False;BRANCA
50062;3520004.0;Igaraçu do Tietê;Bauru;False;BRANCA
50063;3548708.0;São Bernardo do Campo;Grande SP Sudeste;False;BRANCA
50064;3509502.0;Campinas;Campinas;False;PARDA
50065;3539301.0;Pirassununga;Piracicaba;False;BRANCA
50066;3553401.0;Tanabi;São José do Rio Preto;False;BRANCA
50067;3556107.0;Valentim Gentil;São José do Rio Preto;False;BRANCA
50068;3519303.0;Ibaté;Araraquara;False;BRANCA
50069;3517505.0;Guapiaçu;São José do Rio Preto;False;IGNORADO
50070;3549805.0;São José do Rio Preto;São José do Rio Preto;False;BRANCA
50071;3550308.0;São Paulo;Município de São Paulo;False;PRETA
50072;3550308.0;São Paulo;Município de São Paulo;False;BRANCA
50073;3550308.0;São Paulo;Município de São Paulo;False;BRANCA
