70854;3550308.0;São Paulo;Município de São Paulo;False;BRANCA
70855;3506003.0;Bauru;Bauru;False;PARDA
70856;3550308.0;São Paulo;Município de São Paulo;False;NONE
70857;3550308.0;São Paulo;Município de São Paulo;False;IGNORADO
70858;3549805.0;São José do Rio Preto;São José do Rio Preto;False;BRANCA
70859;3548500.0;Santos;Baixada Santista;False;AMARELA
70860;3526407.0;Laranjal Paulista;Bauru;False;IGNORADO
70861;3549904.0;São José dos Campos;Taubaté;False;IGNORADO
70862;3550308.0;São Paulo;Município de São Paulo;False;BRANCA
70863;3544251.0;Rosana;Presidente Prudente;False;IGNORADO
70864;3550308.0;São Paulo;Município de São Paulo;False;PRETA
70865;3550308.0;São Paulo;Município de São Paulo;False;IGNORADO
70866;3547809.0;Santo André;Grande SP Sudeste;False;BRANCA
70867;3548708.0;São Bernardo do Campo;Grande SP Sudeste;False;BRANCA
70868;3518701.0;Guarujá;Baixada Santista;False;BRANCA
70869;3548500.0;Santos;Baixada Santista;False;
70870;3550308.0;São Paulo;Município de São Paulo;False;PARDA
70871;3539103.0;Pirapora do Bom Jesus;Grande SP Oeste;False;PARDA
70872;3500501.0;Águas de Lindóia;Campinas;False;BRANCA
70873;3506359.0;Bertioga;Baixada Santista;False;IGNORADO
70874;3542602.0;Registro;Registro;False;BRANCA
70875;3518602.0;Guariba;Ribeirão Preto;False;PRETA
70876;3500709.0;Agudos;Bauru;False;PRETA
70877;3514403.0;Dracena;Presidente Prudente;False;BRANCA
70878;3550308.0;São Paulo;Município de São Paulo;False;PARDA
70879;3522109.0;Itanhaém;Baixada Santista;False;PARDA
70880;3514502.0;Duartina;Bauru;False;PRETA
70881;3518206.0;Guararapes;Araçatuba;False;BRANCA
70882;3550308.0;São Paulo;Município de São Paulo;False;PRETA
70883;3502804.0;Araçatuba;Araçatuba;False;BRANCA
70884;3543402.0;Ribeirão Preto;Ribeirão Preto;False;BRANCA
70885;3550308.0;São Paulo;Município de São Paulo;False;BRANCA
70886;3532405.0;Nazaré Paulista;Campinas;False;BRANCA
70887;3533007.0;Nova Granada;São José do Rio Preto;False;PARDA
70888;3522703.0;Itápolis;Araraquara;False;BRANCA
70889;3550308.0;São Paulo;Município de São Paulo;False;IGNORADO
70890;3550308.0;São Paulo;Município de São Paulo;False;PRETA
70891;3519600.0;Ibitinga;Araraquara;False;BRANCA
70892;3550308.0;São Paulo;Município de São Paulo;True;PARDA
70893;3543303.0;Ribeirão Pires;Grande SP Sudeste;False;BRANCA
70894;3550308.0;São Paulo;Município de São Paulo;False;PARDA
70895;3548500.0;Santos;Baixada Santista;False;IGNORADO
70896;3539202.0;Pirapozinho;Presidente Prudente;False;PARDA
70897;3507506.0;Botucatu;Bauru;False;BRANCA
70898;3530607.0;Mogi das Cruzes;Grande SP Leste;False;IGNORADO
70899;3550308.0;São Paulo;Município de São Paulo;False;PARDA
70900;3504206.0;Auriflama;Araçatuba;False;BRANCA
70901;3509502.0;Campinas;Campinas;False;BRANCA
70902;3545803.0;Santa Bárbara d'Oeste;Campinas;False;PRETA
70903;3547809.0;Santo André;Grande SP Sudeste;False;BRANCA
70904;3525300.0;Jaú;Bauru;False;BRANCA
70905;3506508.0;Birigui;Araçatuba;False;BRANCA
70906;3518800.0;Guarulhos;Grande SP Leste;False;BRANCA
70907;3548906.0;São Carlos;Araraquara;False;BRANCA
70908;3510500.0;Caraguatatuba;Taubaté;False;PARDA
70909;3550308.0;São Paulo;Município de São Paulo;False;BRANCA
70910;3504206.0;Auriflama;Araçatuba;False;BRANCA
70911;3550308.0;São Paulo;Município de São Paulo;True;IGNORADO
70912;3546603.0;Santa Fé do Sul;São José do Rio Preto;False;BRANCA
70913;3518800.0;Guarulhos;Grande SP Leste;False;BRANCA
70914;3550308.0;São Paulo;Município de São Paulo;False;BRANCA
70915;3550308.0;São Paulo;Município de São Paulo;False;AMARELA
70916;3550308.0;São Paulo;Município de São Paulo;False;BRANCA
70917;3549904.0;São José dos Campos;Taubaté;False;BRANCA
70918;3543402.0;Ribeirão Preto;Ribeirão Preto;False;PARDA
70919;3550308.0;São Paulo;Município de São Paulo;False;BRANCA
70920;3550308.0;São Paulo;Município de São Paulo;False;
70921;3550308.0;São Paulo;Município de São Paulo;True;BRANCA
70922;3530607.0;Mogi das Cruzes;Grande SP Leste;False;BRANCA
70923;3504404.0;Avanhandava;Araçatuba;False;AMARELA
70924;3550308.0;São Paulo;Município de São Paulo;False;
70925;3503901.0;Arujá;Grande SP Leste;False;AMARELA
70926;3550308.0;São Paulo;Município de São Paulo;False;IGNORADO
70927;3529401.0;Mauá;Grande SP Sudeste;False;PARDA
70928;3552809.0;Taboão da Serra;Grande SP Sudoeste;False;PARDA
70929;3552502.0;Suzano;Grande SP Leste;False;BRANCA
70930;3552809.0;Taboão da Serra;Grande SP Sudoeste;False;BRANCA
70931;3550308.0;São Paulo;Município de São Paulo;False;BRANCA
70932;3550308.0;São Paulo;Município de São Paulo;False;PARDA
70933;3539806.0;Poá;Grande SP Leste;False;BRANCA
70934;3526902.0;Limeira;Piracicaba;False;
70935;3526902.0;Limeira;Piracicaba;False;IGNORADO
70936;3550308.0;São Paulo;Município de São Paulo;False;BRANCA
70937;3554003.0;Tatuí;Sorocaba;False;BRANCA
70938;3518800.0;Guarulhos;Grande SP Leste;False;
70939;3515129.0;Emilianópolis;Presidente Prudente;False;PARDA
70940;3550308.0;São Paulo;Município de São Paulo;False;PARDA
70941;3538709.0;Piracicaba;Piracicaba;False;BRANCA
70942;3550308.0;São Paulo;Município de São Paulo;False;PARDA
70943;3552205.0;Sorocaba;Sorocaba;False;NONE
70944;3533908.0;Olímpia;Barretos;False;BRANCA
70945;3550308.0;São Paulo;Município de São Paulo;False;IGNORADO
70946;3548807.0;São Caetano do Sul;Grande SP Sudeste;False;BRANCA
70947;3548906.0;São Carlos;Araraquara;False;AMARELA
70948;3552403.0;Sumaré;Campinas;False;PARDA
70949;3534401.0;Osasco;Grande SP Oeste;False;BRANCA
70950;3556800.0;Viradouro;Barretos;False;AMARELA
70951;3518503.0;Guareí;Sorocaba;False;
70952;3553708.0;Taquaritinga;Araraquara;False;AMARELA
70953;3518800.0;Guarulhos;Grande SP Leste;False;BRANCA
70954;3550308.0;São Paulo;Município de São Paulo;False;IGNORADO
70955;3550308.0;São Paulo;Município de São Paulo;False;NONE
70956;3551009.0;São Vicente;Baixada Santista;False;BRANCA
70957;3551009.0;São Vicente;Baixada Santista;False;BRANCA
70958;3532702.0;Nipoã;São José do Rio Preto;False;BRANCA
70959;3518800.0;Guarulhos;Grande SP Leste;False;BRANCA
70960;3550308.0;São Paulo;Município de São Paulo;False;BRANCA
70961;3550308.0;São Paulo;Município de São Paulo;False;PARDA
70962;3550308.0;São Paulo;Município de São Paulo;False;AMARELA
70963;3505708.0;Barueri;Grande SP Oeste;False;BRANCA
70964;3557105.0;Votuporanga;São José do Rio Preto;False;BRANCA
70965;3503208.0;Araraquara;Araraquara;False;BRANCA
70966;3513009.0;Cotia;Grande SP Sudoeste;False;PARDA
70967;3523107.0;Itaquaquecetuba;Grande SP Leste;False;BRANCA
70968;3525706.0;José Bonifácio;São José do Rio Preto;False;BRANCA
70969;3548708.0;São Bernardo do Campo;Grande SP Sudeste;False;
70970;3550308.0;São Paulo;Município de São Paulo;False;
70971;3516408.0;Franco da Rocha;Grande SP Norte;False;
70972;3516200.0;Franca;Franca;False;PARDA
70973;3534401.0;Osasco;Grande SP Oeste;False;IGNORADO
70974;3545803.0;Santa Bárbara d'Oeste;Campinas;False;BRANCA
70975;3552205.0;Sorocaba;Sorocaba;False;IGNORADO
70976;3522307.0;Itapetininga;Sorocaba;False;BRANCA
70977;3503208.0;Araraquara;Araraquara;False;PRETA
70978;3506003.0;Bauru;Bauru;False;BRANCA
70979;3550308.0;São Paulo;Município de São Paulo;False;NONE
70980;3550308.0;São Paulo;Município de São Paulo;False;NONE
70981;3543402.0;Ribeirão Preto;Ribeirão Preto;False;BRANCA
70982;3509502.0;Campinas;Campinas;False;BRANCA
70983;3518800.0;Guarulhos;Grande SP Leste;False;BRANCA
70984;3547809.0;Santo André;Grande SP Sudeste;False;IGNORADO
70985;3533908.0;Olímpia;Barretos;False;BRANCA
70986;3513504.0;Cubatão;Baixada Santista;False;PARDA
70987;3550308.0;São Paulo;Município de São Paulo;False;BRANCA
70988;3530508.0;Mococa;São João da Boa Vista;False;BRANCA
70989;3509502.0;Campinas;Campinas;False;BRANCA
70990;3550308.0;São Paulo;Município de São Paulo;False;IGNORADO
70991;3510609.0;Carapicuíba;Grande SP Oeste;True;PARDA
70992;3506359.0;Bertioga;Baixada Santista;False;BRANCA
70993;3502804.0;Araçatuba;Araçatuba;False;BRANCA
70994;3529401.0;Mauá;Grande SP Sudeste;False;IGNORADO
70995;3547809.0;Santo André;Grande SP Sudeste;False;BRANCA
70996;3550308.0;São Paulo;Município de São Paulo;False;BRANCA
