13499;3526902.0;Limeira;Piracicaba;False;NONE
13500;3518701.0;Guarujá;Baixada Santista;False;BRANCA
13501;3550308.0;São Paulo;Município de São Paulo;False;AMARELA
13502;3550308.0;São Paulo;Município de São Paulo;False;IGNORADO
13503;3544004.0;Rio das Pedras;Piracicaba;False;AMARELA
13504;3518404.0;Guaratinguetá;Taubaté;False;BRANCA
13505;3548500.0;Santos;Baixada Santista;False;IGNORADO
13506;3515004.0;Embu das Artes;Grande SP Sudoeste;False;BRANCA
13507;3550308.0;São Paulo;Município de São Paulo;False;PARDA
13508;3550308.0;São Paulo;Município de São Paulo;False;BRANCA
13509;3547809.0;Santo André;Grande SP Sudeste;False;BRANCA
13510;3550308.0;São Paulo;Município de São Paulo;False;BRANCA
13511;3541000.0;Praia Grande;Baixada Santista;False;PARDA
13512;3550308.0;São Paulo;Município de São Paulo;False;BRANCA
13513;3522604.0;Itapira;São João da Boa Vista;False;BRANCA
13514;3514809.0;Eldorado;Registro;False;BRANCA
13515;3550308.0;São Paulo;Município de São Paulo;False;BRANCA
13516;3550308.0;São Paulo;Município de São Paulo;False;BRANCA
13517;3518701.0;Guarujá;Baixada Santista;False;IGNORADO
13518;3550308.0;São Paulo;Município de São Paulo;False;PARDA
13519;3541406.0;Presidente Prudente;Presidente Prudente;False;BRANCA
13520;3520509.0;Indaiatuba;Campinas;False;BRANCA
13521;3543402.0;Ribeirão Preto;Ribeirão Preto;False;PARDA
13522;3548906.0;São Carlos;Araraquara;False;IGNORADO
13523;3502804.0;Araçatuba;Araçatuba;False;PARDA
13524;3551702.0;Sertãozinho;Ribeirão Preto;False;PARDA
13525;3550308.0;São Paulo;Município de São Paulo;False;BRANCA
13526;3549805.0;São José do Rio Preto;São José do Rio Preto;False;BRANCA
13527;3512407.0;Cordeirópolis;Piracicaba;False;IGNORADO
13528;3509502.0;Campinas;Campinas;False;BRANCA
13529;3550308.0;São Paulo;Município de São Paulo;False;PARDA
13530;3506359.0;Bertioga;Baixada Santista;False;IGNORADO
13531;3506508.0;Birigui;Araçatuba;False;IGNORADO
13532;3548708.0;São Bernardo do Campo;Grande SP Sudeste;False;IGNORADO
13533;3550308.0;São Paulo;Município de São Paulo;False;BRANCA
13534;3536505.0;Paulínia;Campinas;False;BRANCA
13535;3507605.0;Bragança Paulista;Campinas;False;BRANCA
13536;3549904.0;São José dos Campos;Taubaté;False;BRANCA
13537;3509502.0;Campinas;Campinas;False;BRANCA
13538;3513405.0;Cruzeiro;Taubaté;False;BRANCA
13539;3506359.0;Bertioga;Baixada Santista;False;PARDA
13540;3550308.0;São Paulo;Município de São Paulo;False;BRANCA
13541;3548708.0;São Bernardo do Campo;Grande SP Sudeste;False;PARDA
13542;3522604.0;Itapira;São João da Boa Vista;False;PARDA
13543;3513801.0;Diadema;Grande SP Sudeste;False;PARDA
13544;3520509.0;Indaiatuba;Campinas;False;BRANCA
13545;3509502.0;Campinas;Campinas;False;BRANCA
13546;3528502.0;Mairiporã;Grande SP Norte;False;IGNORADO
13547;3550308.0;São Paulo;Município de São Paulo;False;BRANCA
13548;3505203.0;Bariri;Bauru;False;BRANCA
13549;3511102.0;Catanduva;São José do Rio Preto;False;BRANCA
13550;3548500.0;Santos;Baixada Santista;False;BRANCA
13551;3530607.0;Mogi das Cruzes;Grande SP Leste;False;BRANCA
13552;3530300.0;Mirassol;São José do Rio Preto;False;BRANCA
13553;3510500.0;Caraguatatuba;Taubaté;False;BRANCA
13554;3552205.0;Sorocaba;Sorocaba;False;BRANCA
13555;3550308.0;São Paulo;Município de São Paulo;False;BRANCA
13556;3520509.0;Indaiatuba;Campinas;False;BRANCA
13557;3516408.0;Franco da Rocha;Grande SP Norte;False;IGNORADO
13558;3510609.0;Carapicuíba;Grande SP Oeste;False;PARDA
13559;3547304.0;Santana de Parnaíba;Grande SP Oeste;False;BRANCA
13560;3550308.0;São Paulo;Município de São Paulo;False;PARDA
13561;3550308.0;São Paulo;Município de São Paulo;False;BRANCA
13562;3549805.0;São José do Rio Preto;São José do Rio Preto;False;BRANCA
13563;3503208.0;Araraquara;Araraquara;False;BRANCA
13564;3501608.0;Americana;Campinas;False;BRANCA
13565;3550308.0;São Paulo;Município de São Paulo;False;BRANCA
13566;3550308.0;São Paulo;Município de São Paulo;False;PRETA
13567;3510807.0;Casa Branca;São João da Boa Vista;False;BRANCA
13568;3509502.0;Campinas;Campinas;False;BRANCA
13569;3550308.0;São Paulo;Município de São Paulo;False;IGNORADO
13570;3505906.0;Batatais;Ribeirão Preto;False;BRANCA
13571;3550308.0;São Paulo;Município de São Paulo;False;PARDA
13572;3550308.0;São Paulo;Município de São Paulo;False;BRANCA
13573;3509502.0;Campinas;Campinas;False;BRANCA
13574;3543402.0;Ribeirão Preto;Ribeirão Preto;False;PARDA
13575;3552403.0;Sumaré;Campinas;False;BRANCA
13576;3504602.0;Bady Bassitt;São José do Rio Preto;False;IGNORADO
13577;3550308.0;São Paulo;Município de São Paulo;False;BRANCA
13578;3520400.0;Ilhabela;Taubaté;False;IGNORADO
13579;3557006.0;Votorantim;Sorocaba;False;BRANCA
13580;3509502.0;Campinas;Campinas;False;BRANCA
13581;3537107.0;Pedreira;Campinas;False;BRANCA
13582;3543402.0;Ribeirão Preto;Ribeirão Preto;False;BRANCA
13583;3526902.0;Limeira;Piracicaba;False;BRANCA
13584;3549805.0;São José do Rio Preto;São José do Rio Preto;False;BRANCA
13585;3550308.0;São Paulo;Município de São Paulo;False;BRANCA
13586;3510609.0;Carapicuíba;Grande SP Oeste;False;BRANCA
13587;3550308.0;São Paulo;Município de São Paulo;False;IGNORADO
13588;3548500.0;Santos;Baixada Santista;False;BRANCA
13589;3518800.0;Guarulhos;Grande SP Leste;False;BRANCA
13590;3531506.0;Monte Azul Paulista;Barretos;False;BRANCA
13591;3545803.0;Santa Bárbara d'Oeste;Campinas;False;PARDA
13592;3550308.0;São Paulo;Município de São Paulo;False;PRETA
13593;3518404.0;Guaratinguetá;Taubaté;False;PARDA
13594;3510609.0;Carapicuíba;Grande SP Oeste;False;NONE
13595;3534302.0;Orlândia;Franca;False;BRANCA
13596;3545803.0;Santa Bárbara d'Oeste;Campinas;False;BRANCA
13597;3556206.0;Valinhos;Campinas;False;BRANCA
13598;3513504.0;Cubatão;Baixada Santista;False;PARDA
13599;3537503.0;Pereiras;Bauru;False;BRANCA
13600;3526902.0;Limeira;Piracicaba;False;PARDA
13601;3550308.0;São Paulo;Município de São Paulo;False;BRANCA
13602;3547809.0;Santo André;Grande SP Sudeste;False;NONE
13603;3536505.0;Paulínia;Campinas;False;BRANCA
13604;3550308.0;São Paulo;Município de São Paulo;False;BRANCA
13605;3541406.0;Presidente Prudente;Presidente Prudente;False;PRETA
13606;3550308.0;São Paulo;Município de São Paulo;False;IGNORADO
13607;3550308.0;São Paulo;Município de São Paulo;False;PRETA
13608;3534401.0;Osasco;Grande SP Oeste;False;BRANCA
13609;3550308.0;São Paulo;Município de São Paulo;False;INDIGENA
13610;3522208.0;Itapecerica da Serra;Grande SP Sudoeste;False;BRANCA
13611;3550308.0;São Paulo;Município de São Paulo;False;BRANCA
13612;3518800.0;Guarulhos;Grande SP Leste;False;PARDA
13613;3527207.0;Lorena;Taubaté;False;BRANCA
13614;3522406.0;Itapeva;Sorocaba;False;BRANCA
13615;3552205.0;Sorocaba;Sorocaba;False;BRANCA
13616;3550308.0;São Paulo;Município de São Paulo;False;PARDA
13617;3552403.0;Sumaré;Campinas;False;BRANCA
13618;3534401.0;Osasco;Grande SP Oeste;False;AMARELA
13619;3556701.0;Vinhedo;Campinas;False;BRANCA
13620;3550308.0;São Paulo;Município de São Paulo;False;NONE
13621;3526902.0;Limeira;Piracicaba;False;BRANCA
13622;3513801.0;Diadema;Grande SP Sudeste;False;PRETA
13623;3503208.0;Araraquara;Araraquara;False;BRANCA
13624;3545308.0;Salto de Pirapora;Sorocaba;False;BRANCA
13625;3538006.0;Pindamonhangaba;Taubaté;False;PARDA
13626;3543402.0;Ribeirão Preto;Ribeirão Preto;False;PARDA
13627;3506508.0;Birigui;Araçatuba;False;BRANCA
13628;3502804.0;Araçatuba;Araçatuba;False;BRANCA
13629;3550308.0;São Paulo;Município de São Paulo;False;PRETA
13630;3550308.0;São Paulo;Município de São Paulo;False;BRANCA
13631;3509007.0;Caieiras;Grande SP Norte;False;IGNORADO
13632;3552205.0;Sorocaba;Sorocaba;False;BRANCA
13633;3550308.0;São Paulo;Município de São Paulo;False;PARDA
13634;3538006.0;Pindamonhangaba;Taubaté;False;BRANCA
13635;3506607.0;Biritiba Mirim;Grande SP Leste;False;BRANCA
13636;3513801.0;Diadema;Grande SP Sudeste;False;BRANCA
13637;3550308.0;São Paulo;Município de São Paulo;False;BRANCA
13638;3524709.0;Jaguariúna;Campinas;False;BRANCA
13639;3543402.0;Ribeirão Preto;Ribeirão Preto;False;PARDA
13640;3518602.0;Guariba;Ribeirão Preto;False;BRANCA
13641;3550308.0;São Paulo;Município de São Paulo;False;BRANCA
