26280;3501152.0;Alumínio;Sorocaba;False;BRANCA
26281;3551702.0;Sertãozinho;Ribeirão Preto;False;BRANCA
26282;3550308.0;São Paulo;Município de São Paulo;False;PARDA
26283;3526704.0;Leme;Piracicaba;False;BRANCA
26284;3550308.0;São Paulo;Município de São Paulo;False;BRANCA
26285;3514908.0;Elias Fausto;Piracicaba;False;BRANCA
26286;3524600.0;Jacupiranga;Registro;False;BRANCA
26287;3548500.0;Santos;Baixada Santista;False;BRANCA
26288;3538709.0;Piracicaba;Piracicaba;False;
26289;3525904.0;Jundiaí;Campinas;False;BRANCA
26290;3549805.0;São José do Rio Preto;São José do Rio Preto;False;BRANCA
26291;3548708.0;São Bernardo do Campo;Grande SP Sudeste;False;BRANCA
26292;3549805.0;São José do Rio Preto;São José do Rio Preto;False;NONE
26293;3533502.0;Novo Horizonte;São José do Rio Preto;False;BRANCA
26294;3550308.0;São Paulo;Município de São Paulo;False;PARDA
26295;3550308.0;São Paulo;Município de São Paulo;False;PARDA
26296;3550308.0;São Paulo;Município de São Paulo;False;IGNORADO
26297;3556206.0;Valinhos;Campinas;False;BRANCA
26298;3548500.0;Santos;Baixada Santista;False;BRANCA
26299;3515103.0;Embu-Guaçu;Grande SP Sudoeste;False;BRANCA
26300;3522208.0;Itapecerica da Serra;Grande SP Sudoeste;False;PARDA
26301;3541000.0;Praia Grande;Baixada Santista;False;BRANCA
26302;3550308.0;São Paulo;Município de São Paulo;False;BRANCA
26303;3539509.0;Pitangueiras;Ribeirão Preto;False;BRANCA
26304;3533403.0;Nova Odessa;Campinas;False;BRANCA
26305;3550308.0;São Paulo;Município de São Paulo;False;AMARELA
26306;3506003.0;Bauru;Bauru;False;BRANCA
26307;3502804.0;Araçatuba;Araçatuba;False;BRANCA
26308;3509254.0;Cajati;Registro;False;BRANCA
26309;3548500.0;Santos;Baixada Santista;False;BRANCA
26310;3550308.0;São Paulo;Município de São Paulo;False;BRANCA
26311;3548500.0;Santos;Baixada Santista;False;AMARELA
26312;3550308.0;São Paulo;Município de São Paulo;False;BRANCA
26313;3534401.0;Osasco;Grande SP Oeste;False;BRANCA
26314;3551009.0;São Vicente;Baixada Santista;False;PARDA
26315;3538907.0;Pirajuí;Bauru;False;AMARELA
26316;3510609.0;Carapicuíba;Grande SP Oeste;False;BRANCA
26317;3549805.0;São José do Rio Preto;São José do Rio Preto;False;AMARELA
26318;3550308.0;São Paulo;Município de São Paulo;False;BRANCA
26319;3549904.0;São José dos Campos;Taubaté;False;PARDA
26320;3526209.0;Juquitiba;Grande SP Sudoeste;False;BRANCA
26321;3550308.0;São Paulo;Município de São Paulo;False;BRANCA
26322;3548807.0;São Caetano do Sul;Grande SP Sudeste;False;PARDA
26323;3510500.0;Caraguatatuba;Taubaté;False;BRANCA
26324;3550308.0;São Paulo;Município de São Paulo;False;BRANCA
26325;3550308.0;São Paulo;Município de São Paulo;False;BRANCA
26326;3550308.0;São Paulo;Município de São Paulo;False;PARDA
26327;3515707.0;Ferraz de Vasconcelos;Grande SP Leste;False;BRANCA
26328;3550308.0;São Paulo;Município de São Paulo;False;PARDA
26329;3550308.0;São Paulo;Município de São Paulo;False;BRANCA
26330;3506003.0;Bauru;Bauru;False;PARDA
26331;3550308.0;São Paulo;Município de São Paulo;False;BRANCA
26332;3534401.0;Osasco;Grande SP Oeste;False;BRANCA
26333;3556701.0;Vinhedo;Campinas;False;BRANCA
26334;3549805.0;São José do Rio Preto;São José do Rio Preto;False;BRANCA
26335;3550308.0;São Paulo;Município de São Paulo;False;BRANCA
26336;3504107.0;Atibaia;Campinas;False;BRANCA
26337;3550308.0;São Paulo;Município de São Paulo;True;PARDA
26338;3550308.0;São Paulo;Município de São Paulo;False;BRANCA
26339;3505500.0;Barretos;Barretos;False;IGNORADO
26340;3525904.0;Jundiaí;Campinas;False;BRANCA
26341;3550308.0;São Paulo;Município de São Paulo;False;BRANCA
26342;3550308.0;São Paulo;Município de São Paulo;False;PARDA
26343;3550308.0;São Paulo;Município de São Paulo;False;PARDA
26344;3548708.0;São Bernardo do Campo;Grande SP Sudeste;True;BRANCA
26345;3507605.0;Bragança Paulista;Campinas;False;BRANCA
26346;3537602.0;Peruíbe;Baixada Santista;False;BRANCA
26347;3502804.0;Araçatuba;Araçatuba;False;PARDA
26348;3550308.0;São Paulo;Município de São Paulo;False;PARDA
26349;3510500.0;Caraguatatuba;Taubaté;False;BRANCA
26350;3501608.0;Americana;Campinas;False;BRANCA
26351;3550308.0;São Paulo;Município de São Paulo;False;
26352;3509254.0;Cajati;Registro;False;PARDA
26353;3520509.0;Indaiatuba;Campinas;False;PRETA
26354;3553005.0;Taguaí;Bauru;False;BRANCA
26355;3509502.0;Campinas;Campinas;False;BRANCA
26356;3507407.0;Borborema;Araraquara;False;BRANCA
26357;3550308.0;São Paulo;Município de São Paulo;False;PARDA
26358;3550308.0;São Paulo;Município de São Paulo;False;BRANCA
26359;3550308.0;São Paulo;Município de São Paulo;False;
26360;3550308.0;São Paulo;Município de São Paulo;False;IGNORADO
26361;3552502.0;Suzano;Grande SP Leste;False;IGNORADO
26362;3550308.0;São Paulo;Município de São Paulo;False;IGNORADO
26363;3542107.0;Rafard;Piracicaba;False;BRANCA
26364;3519071.0;Hortolândia;Campinas;False;BRANCA
26365;3518701.0;Guarujá;Baixada Santista;False;BRANCA
26366;3550308.0;São Paulo;Município de São Paulo;False;BRANCA
26367;3509007.0;Caieiras;Grande SP Norte;False;AMARELA
26368;3555406.0;Ubatuba;Taubaté;False;BRANCA
26369;3548500.0;Santos;Baixada Santista;False;IGNORADO
26370;3518800.0;Guarulhos;Grande SP Leste;False;BRANCA
26371;3530607.0;Mogi das Cruzes;Grande SP Leste;False;BRANCA
26372;3550308.0;São Paulo;Município de São Paulo;False;BRANCA
26373;3552205.0;Sorocaba;Sorocaba;False;PARDA
26374;3509601.0;Campo Limpo Paulista;Campinas;False;PARDA
26375;3552205.0;Sorocaba;Sorocaba;False;BRANCA
26376;3550308.0;São Paulo;Município de São Paulo;False;BRANCA
26377;3529401.0;Mauá;Grande SP Sudeste;False;BRANCA
26378;3554102.0;Taubaté;Taubaté;False;BRANCA
26379;3548500.0;Santos;Baixada Santista;False;PARDA
26380;3519071.0;Hortolândia;Campinas;True;PARDA
26381;3516200.0;Franca;Franca;False;IGNORADO
26382;3552205.0;Sorocaba;Sorocaba;False;
26383;3553401.0;Tanabi;São José do Rio Preto;False;BRANCA
26384;3509502.0;Campinas;Campinas;False;BRANCA
26385;3530607.0;Mogi das Cruzes;Grande SP Leste;False;PARDA
26386;3548500.0;Santos;Baixada Santista;False;BRANCA
26387;3551009.0;São Vicente;Baixada Santista;False;PRETA
26388;3552205.0;Sorocaba;Sorocaba;False;PARDA
26389;3549904.0;São José dos Campos;Taubaté;False;BRANCA
26390;3509502.0;Campinas;Campinas;False;BRANCA
26391;3550308.0;São Paulo;Município de São Paulo;True;BRANCA
26392;3518701.0;Guarujá;Baixada Santista;True;BRANCA
26393;3543402.0;Ribeirão Preto;Ribeirão Preto;False;IGNORADO
26394;3550308.0;São Paulo;Município de São Paulo;False;BRANCA
26395;3507506.0;Botucatu;Bauru;False;IGNORADO
26396;3534708.0;Ourinhos;Marília;False;BRANCA
26397;3550308.0;São Paulo;Município de São Paulo;False;NONE
26398;3512803.0;Cosmópolis;Campinas;False;BRANCA
26399;3510609.0;Carapicuíba;Grande SP Oeste;False;BRANCA
26400;3509254.0;Cajati;Registro;False;PARDA
26401;3536505.0;Paulínia;Campinas;False;IGNORADO
26402;3550308.0;São Paulo;Município de São Paulo;False;PARDA
26403;3506003.0;Bauru;Bauru;False;BRANCA
26404;3534302.0;Orlândia;Franca;False;BRANCA
26405;3550308.0;São Paulo;Município de São Paulo;False;PRETA
26406;3513801.0;Diadema;Grande SP Sudeste;False;NONE
26407;3548807.0;São Caetano do Sul;Grande SP Sudeste;True;BRANCA
26408;3506508.0;Birigui;Araçatuba;False;BRANCA
26409;3542206.0;Rancharia;Presidente Prudente;False;AMARELA
26410;3519600.0;Ibitinga;Araraquara;False;BRANCA
26411;3545803.0;Santa Bárbara d'Oeste;Campinas;False;BRANCA
26412;3548708.0;São Bernardo do Campo;Grande SP Sudeste;False;BRANCA
26413;3549805.0;São José do Rio Preto;São José do Rio Preto;False;BRANCA
26414;3518800.0;Guarulhos;Grande SP Leste;False;BRANCA
26415;3502804.0;Araçatuba;Araçatuba;False;BRANCA
26416;3554300.0;Teodoro Sampaio;Presidente Prudente;False;BRANCA
26417;3518800.0;Guarulhos;Grande SP Leste;False;PARDA
26418;3550308.0;São Paulo;Município de São Paulo;False;BRANCA
26419;3550308.0;São Paulo;Município de São Paulo;False;BRANCA
26420;3551702.0;Sertãozinho;Ribeirão Preto;False;BRANCA
26421;3550308.0;São Paulo;Município de São Paulo;False;IGNORADO
26422;3550308.0;São Paulo;Município de São Paulo;False;BRANCA
26423;3549805.0;São José do Rio Preto;São José do Rio Preto;True;BRANCA
