55434;3531902.0;Morro Agudo;Franca;False;AMARELA
55435;3541000.0;Praia Grande;Baixada Santista;False;BRANCA
55436;3550308.0;São Paulo;Município de São Paulo;False;BRANCA
55437;3518602.0;Guariba;Ribeirão Preto;False;PARDA
55438;3504107.0;Atibaia;Campinas;False;BRANCA
55439;3550308.0;São Paulo;Município de São Paulo;False;PARDA
55440;3552403.0;Sumaré;Campinas;False;BRANCA
55441;3511003.0;Castilho;Araçatuba;False;BRANCA
55442;3550308.0;São Paulo;Município de São Paulo;False;NONE
55443;3550308.0;São Paulo;Município de São Paulo;False;IGNORADO
55444;3550308.0;São Paulo;Município de São Paulo;False;BRANCA
55445;3520400.0;Ilhabela;Taubaté;False;PRETA
55446;3550308.0;São Paulo;Município de São Paulo;False;BRANCA
55447;3550308.0;São Paulo;Município de São Paulo;False;PRETA
55448;3550308.0;São Paulo;Município de São Paulo;False;PARDA
55449;3523107.0;Itaquaquecetuba;Grande SP Leste;False;AMARELA
55450;3545803.0;Santa Bárbara d'Oeste;Campinas;False;BRANCA
55451;3513504.0;Cubatão;Baixada Santista;False;
55452;3548807.0;São Caetano do Sul;Grande SP Sudeste;False;BRANCA
55453;3526001.0;Junqueirópolis;Presidente Prudente;False;BRANCA
55454;3551009.0;São Vicente;Baixada Santista;False;IGNORADO
55455;3550308.0;São Paulo;Município de São Paulo;False;PARDA
55456;3538709.0;Piracicaba;Piracicaba;True;BRANCA
55457;3550308.0;São Paulo;Município de São Paulo;False;BRANCA
55458;3550308.0;São Paulo;Município de São Paulo;False;BRANCA
55459;3526902.0;Limeira;Piracicaba;False;BRANCA
55460;3509700.0;Campos do Jordão;Taubaté;False;AMARELA
55461;3548708.0;São Bernardo do Campo;Grande SP Sudeste;False;AMARELA
55462;3556206.0;Valinhos;Campinas;False;BRANCA
55463;3545803.0;Santa Bárbara d'Oeste;Campinas;False;BRANCA
55464;3552205.0;Sorocaba;Sorocaba;False;BRANCA
55465;3518404.0;Guaratinguetá;Taubaté;False;BRANCA
55466;3518404.0;Guaratinguetá;Taubaté;False;BRANCA
55467;3550308.0;São Paulo;Município de São Paulo;False;BRANCA
55468;3550308.0;São Paulo;Município de São Paulo;False;BRANCA
55469;3534401.0;Osasco;Grande SP Oeste;False;PARDA
55470;3554300.0;Teodoro Sampaio;Presidente Prudente;False;PARDA
55471;3517505.0;Guapiaçu;São José do Rio Preto;False;BRANCA
55472;3548500.0;Santos;Baixada Santista;False;BRANCA
55473;3518800.0;Guarulhos;Grande SP Leste;False;PARDA
55474;3519071.0;Hortolândia;Campinas;False;IGNORADO
55475;3550308.0;São Paulo;Município de São Paulo;False;BRANCA
55476;3550308.0;São Paulo;Município de São Paulo;False;BRANCA
55477;3550308.0;São Paulo;Município de São Paulo;False;BRANCA
55478;3550308.0;São Paulo;Município de São Paulo;False;NONE
55479;3550308.0;São Paulo;Município de São Paulo;False;NONE
55480;3550308.0;São Paulo;Município de São Paulo;False;BRANCA
55481;3551108.0;Sarapuí;Sorocaba;False;AMARELA
55482;3549805.0;São José do Rio Preto;São José do Rio Preto;False;BRANCA
55483;3541000.0;Praia Grande;Baixada Santista;False;PARDA
55484;3516200.0;Franca;Franca;False;PRETA
55485;3552809.0;Taboão da Serra;Grande SP Sudoeste;False;
55486;3543402.0;Ribeirão Preto;Ribeirão Preto;False;BRANCA
55487;3524006.0;Itupeva;Campinas;False;PARDA
55488;3547809.0;Santo André;Grande SP Sudeste;False;BRANCA
55489;3551009.0;São Vicente;Baixada Santista;True;IGNORADO
55490;3527207.0;Lorena;Taubaté;False;BRANCA
55491;3550308.0;São Paulo;Município de São Paulo;False;IGNORADO
55492;3506003.0;Bauru;Bauru;False;BRANCA
55493;3509502.0;Campinas;Campinas;False;BRANCA
55494;3552502.0;Suzano;Grande SP Leste;False;PARDA
55495;3524006.0;Itupeva;Campinas;False;IGNORADO
55496;3509007.0;Caieiras;Grande SP Norte;False;BRANCA
55497;3552205.0;Sorocaba;Sorocaba;False;IGNORADO
55498;3510609.0;Carapicuíba;Grande SP Oeste;False;PRETA
55499;3553401.0;Tanabi;São José do Rio Preto;False;BRANCA
55500;3534401.0;Osasco;Grande SP Oeste;False;BRANCA
55501;3543907.0;Rio Claro;Piracicaba;False;BRANCA
55502;3550308.0;São Paulo;Município de São Paulo;False;NONE
55503;3518701.0;Guarujá;Baixada Santista;False;PARDA
55504;3550308.0;São Paulo;Município de São Paulo;False;NONE
55505;3509254.0;Cajati;Registro;False;PARDA
55506;3547304.0;Santana de Parnaíba;Grande SP Oeste;False;BRANCA
55507;3536703.0;Pederneiras;Bauru;False;BRANCA
55508;3541000.0;Praia Grande;Baixada Santista;False;PARDA
55509;3525300.0;Jaú;Bauru;False;BRANCA
55510;3552205.0;Sorocaba;Sorocaba;False;BRANCA
55511;3552205.0;Sorocaba;Sorocaba;False;BRANCA
55512;3534401.0;Osasco;Grande SP Oeste;False;BRANCA
55513;3513801.0;Diadema;Grande SP Sudeste;False;BRANCA
55514;3550308.0;São Paulo;Município de São Paulo;False;PARDA
55515;3500105.0;Adamantina;Marília;False;BRANCA
55516;3550308.0;São Paulo;Município de São Paulo;False;AMARELA
55517;3502754.0;Araçariguama;Sorocaba;False;AMARELA
55518;3513009.0;Cotia;Grande SP Sudoeste;False;BRANCA
55519;3550308.0;São Paulo;Município de São Paulo;False;IGNORADO
55520;3502903.0;Araçoiaba da Serra;Sorocaba;False;BRANCA
55521;3530706.0;Mogi Guaçu;São João da Boa Vista;False;BRANCA
55522;3550308.0;São Paulo;Município de São Paulo;False;PARDA
55523;3547809.0;Santo André;Grande SP Sudeste;False;PRETA
55524;3546801.0;Santa Isabel;Grande SP Leste;False;BRANCA
55525;3550308.0;São Paulo;Município de São Paulo;False;BRANCA
55526;3521408.0;Iracemápolis;Piracicaba;False;BRANCA
55527;3508504.0;Caçapava;Taubaté;False;IGNORADO
55528;3550308.0;São Paulo;Município de São Paulo;False;BRANCA
55529;3504107.0;Atibaia;Campinas;False;BRANCA
55530;3549805.0;São José do Rio Preto;São José do Rio Preto;False;BRANCA
55531;3529401.0;Mauá;Grande SP Sudeste;False;BRANCA
55532;3547809.0;Santo André;Grande SP Sudeste;False;AMARELA
55533;3557105.0;Votuporanga;São José do Rio Preto;False;PARDA
55534;3507407.0;Borborema;Araraquara;False;BRANCA
55535;3517406.0;Guaíra;Barretos;False;BRANCA
55536;3518800.0;Guarulhos;Grande SP Leste;False;BRANCA
55537;3554102.0;Taubaté;Taubaté;False;BRANCA
55538;3541406.0;Presidente Prudente;Presidente Prudente;False;BRANCA
55539;3517505.0;Guapiaçu;São José do Rio Preto;False;BRANCA
55540;3553401.0;Tanabi;São José do Rio Preto;False;BRANCA
55541;3523206.0;Itararé;Sorocaba;False;BRANCA
55542;3539301.0;Pirassununga;Piracicaba;False;BRANCA
55543;3550308.0;São Paulo;Município de São Paulo;False;BRANCA
55544;3550308.0;São Paulo;Município de São Paulo;False;BRANCA
55545;3552205.0;Sorocaba;Sorocaba;False;BRANCA
55546;3549805.0;São José do Rio Preto;São José do Rio Preto;False;BRANCA
55547;3541406.0;Presidente Prudente;Presidente Prudente;False;PARDA
55548;3526902.0;Limeira;Piracicaba;False;BRANCA
55549;3514908.0;Elias Fausto;Piracicaba;False;BRANCA
55550;3550308.0;São Paulo;Município de São Paulo;False;BRANCA
55551;3550308.0;São Paulo;Município de São Paulo;False;PARDA
55552;3543402.0;Ribeirão Preto;Ribeirão Preto;False;BRANCA
55553;3550308.0;São Paulo;Município de São Paulo;False;PARDA
55554;3552205.0;Sorocaba;Sorocaba;False;BRANCA
55555;3547304.0;Santana de Parnaíba;Grande SP Oeste;False;BRANCA
55556;3506003.0;Bauru;Bauru;False;PRETA
55557;3556404.0;Vargem Grande do Sul;São João da Boa Vista;False;BRANCA
55558;3550308.0;São Paulo;Município de São Paulo;False;BRANCA
55559;3548609.0;São Bento do Sapucaí;Taubaté;False;BRANCA
55560;3549102.0;São João da Boa Vista;São João da Boa Vista;False;BRANCA
55561;3509502.0;Campinas;Campinas;False;PARDA
55562;3552502.0;Suzano;Grande SP Leste;False;PRETA
55563;3534401.0;Osasco;Grande SP Oeste;False;PARDA
55564;3502754.0;Araçariguama;Sorocaba;False;BRANCA
55565;3514809.0;Eldorado;Registro;False;BRANCA
55566;3554102.0;Taubaté;Taubaté;False;BRANCA
55567;3550308.0;São Paulo;Município de São Paulo;False;PARDA
55568;3550308.0;São Paulo;Município de São Paulo;False;
55569;3518800.0;Guarulhos;Grande SP Leste;False;BRANCA
55570;3550308.0;São Paulo;Município de São Paulo;False;BRANCA
55571;3503208.0;Araraquara;Araraquara;False;PRETA
55572;3518602.0;Guariba;Ribeirão Preto;False;PARDA
55573;3544251.0;Rosana;Presidente Prudente;False;BRANCA
55574;3550308.0;São Paulo;Município de São Paulo;False;BRANCA
55575;3509502.0;Campinas;Campinas;False;PARDA
55576;3551702.0;Sertãozinho;Ribeirão Preto;False;BRANCA
55577;3551702.0;Sertãozinho;Ribeirão Preto;False;AMARELA
