28995;3550308.0;São Paulo;Município de São Paulo;False;
28996;3505500.0;Barretos;Barretos;False;BRANCA
28997;3518206.0;Guararapes;Araçatuba;False;PRETA
28998;3505500.0;Barretos;Barretos;False;PRETA
28999;3538709.0;Piracicaba;Piracicaba;False;BRANCA
29000;3509502.0;Campinas;Campinas;False;BRANCA
29001;3548708.0;São Bernardo do Campo;Grande SP Sudeste;False;BRANCA
29002;3550308.0;São Paulo;Município de São Paulo;False;BRANCA
29003;3513801.0;Diadema;Grande SP Sudeste;False;BRANCA
29004;3550308.0;São Paulo;Município de São Paulo;False;BRANCA
29005;3524709.0;Jaguariúna;Campinas;False;BRANCA
29006;3550308.0;São Paulo;Município de São Paulo;False;PARDA
29007;3550308.0;São Paulo;Município de São Paulo;False;BRANCA
29008;3534401.0;Osasco;Grande SP Oeste;True;BRANCA
29009;3543402.0;Ribeirão Preto;Ribeirão Preto;False;IGNORADO
29010;3547809.0;Santo André;Grande SP Sudeste;False;IGNORADO
29011;3550308.0;São Paulo;Município de São Paulo;False;PARDA
29012;3550308.0;São Paulo;Município de São Paulo;False;PARDA
29013;3510401.0;Capivari;Piracicaba;False;BRANCA
29014;3518800.0;Guarulhos;Grande SP Leste;False;BRANCA
29015;3550308.0;São Paulo;Município de São Paulo;True;IGNORADO
29016;3540705.0;Porto Ferreira;Araraquara;False;BRANCA
29017;3550308.0;São Paulo;Município de São Paulo;False;IGNORADO
29018;3550308.0;São Paulo;Município de São Paulo;False;PARDA
29019;3543402.0;Ribeirão Preto;Ribeirão Preto;False;BRANCA
29020;3518701.0;Guarujá;Baixada Santista;False;BRANCA
29021;3500709.0;Agudos;Bauru;False;BRANCA
29022;3534708.0;Ourinhos;Marília;False;BRANCA
29023;3509502.0;Campinas;Campinas;False;PARDA
29024;3502507.0;Aparecida;Taubaté;False;BRANCA
29025;3550308.0;São Paulo;Município de São Paulo;False;
29026;3550308.0;São Paulo;Município de São Paulo;False;PARDA
29027;3550308.0;São Paulo;Município de São Paulo;False;IGNORADO
29028;3552205.0;Sorocaba;Sorocaba;False;PRETA
29029;3550308.0;São Paulo;Município de São Paulo;False;BRANCA
29030;3518800.0;Guarulhos;Grande SP Leste;True;PARDA
29031;3549805.0;São José do Rio Preto;São José do Rio Preto;False;BRANCA
29032;3550308.0;São Paulo;Município de São Paulo;False;
29033;3508108.0;Buritama;Araçatuba;False;BRANCA
29034;3550308.0;São Paulo;Município de São Paulo;False;BRANCA
29035;3548708.0;São Bernardo do Campo;Grande SP Sudeste;False;
29036;3550308.0;São Paulo;Município de São Paulo;False;BRANCA
29037;3541406.0;Presidente Prudente;Presidente Prudente;False;BRANCA
29038;3549805.0;São José do Rio Preto;São José do Rio Preto;False;PRETA
29039;3523107.0;Itaquaquecetuba;Grande SP Leste;False;PARDA
29040;3550308.0;São Paulo;Município de São Paulo;False;NONE
29041;3518701.0;Guarujá;Baixada Santista;False;PARDA
29042;3550308.0;São Paulo;Município de São Paulo;False;BRANCA
29043;3550308.0;São Paulo;Município de São Paulo;False;IGNORADO
29044;3544905.0;Sales Oliveira;Franca;False;PARDA
29045;3509502.0;Campinas;Campinas;False;BRANCA
29046;3524006.0;Itupeva;Campinas;False;BRANCA
29047;3550308.0;São Paulo;Município de São Paulo;False;PARDA
29048;3526704.0;Leme;Piracicaba;False;BRANCA
29049;3550308.0;São Paulo;Município de São Paulo;False;PARDA
29050;3523909.0;Itu;Sorocaba;False;BRANCA
29051;3545803.0;Santa Bárbara d'Oeste;Campinas;False;BRANCA
29052;3503307.0;Araras;Piracicaba;False;IGNORADO
29053;3518800.0;Guarulhos;Grande SP Leste;False;BRANCA
29054;3525904.0;Jundiaí;Campinas;False;BRANCA
29055;3549904.0;São José dos Campos;Taubaté;False;BRANCA
29056;3543907.0;Rio Claro;Piracicaba;False;BRANCA
29057;3510203.0;Capão Bonito;Sorocaba;False;BRANCA
29058;3518800.0;Guarulhos;Grande SP Leste;False;BRANCA
29059;3550308.0;São Paulo;Município de São Paulo;False;BRANCA
29060;3503307.0;Araras;Piracicaba;False;PRETA
29061;3537602.0;Peruíbe;Baixada Santista;False;BRANCA
29062;3556503.0;Várzea Paulista;Campinas;False;BRANCA
29063;3550308.0;São Paulo;Município de São Paulo;False;PARDA
29064;3515152.0;Engenheiro Coelho;Piracicaba;False;AMARELA
29065;3550308.0;São Paulo;Município de São Paulo;False;BRANCA
29066;3523107.0;Itaquaquecetuba;Grande SP Leste;False;PRETA
29067;3515707.0;Ferraz de Vasconcelos;Grande SP Leste;False;BRANCA
29068;3524600.0;Jacupiranga;Registro;False;BRANCA
29069;3500402.0;Águas da Prata;São João da Boa Vista;False;BRANCA
29070;3552205.0;Sorocaba;Sorocaba;True;IGNORADO
29071;3550308.0;São Paulo;Município de São Paulo;False;BRANCA
29072;3503208.0;Araraquara;Araraquara;False;BRANCA
29073;3518404.0;Guaratinguetá;Taubaté;False;BRANCA
29074;3538006.0;Pindamonhangaba;Taubaté;False;AMARELA
29075;3534302.0;Orlândia;Franca;False;BRANCA
29076;3550308.0;São Paulo;Município de São Paulo;True;BRANCA
29077;3550308.0;São Paulo;Município de São Paulo;False;BRANCA
29078;3550308.0;São Paulo;Município de São Paulo;False;NONE
29079;3541000.0;Praia Grande;Baixada Santista;False;PARDA
29080;3550308.0;São Paulo;Município de São Paulo;False;PARDA
29081;3515509.0;Fernandópolis;São José do Rio Preto;False;BRANCA
29082;3505708.0;Barueri;Grande SP Oeste;False;AMARELA
29083;3504107.0;Atibaia;Campinas;False;PRETA
29084;3551702.0;Sertãozinho;Ribeirão Preto;False;BRANCA
29085;3550308.0;São Paulo;Município de São Paulo;False;PARDA
29086;3515707.0;Ferraz de Vasconcelos;Grande SP Leste;False;PARDA
29087;3520509.0;Indaiatuba;Campinas;False;PARDA
29088;3550308.0;São Paulo;Município de São Paulo;False;BRANCA
29089;3510203.0;Capão Bonito;Sorocaba;False;BRANCA
29090;3537909.0;Pilar do Sul;Sorocaba;False;BRANCA
29091;3518701.0;Guarujá;Baixada Santista;False;PARDA
29092;3550308.0;São Paulo;Município de São Paulo;False;BRANCA
29093;3550308.0;São Paulo;Município de São Paulo;False;IGNORADO
29094;3534401.0;Osasco;Grande SP Oeste;False;PARDA
29095;3555406.0;Ubatuba;Taubaté;False;BRANCA
29096;3516804.0;Gastão Vidigal;São José do Rio Preto;False;BRANCA
29097;3552502.0;Suzano;Grande SP Leste;False;BRANCA
29098;3548500.0;Santos;Baixada Santista;False;PARDA
29099;3543402.0;Ribeirão Preto;Ribeirão Preto;False;PARDA
29100;3537008.0;Pedregulho;Franca;False;BRANCA
29101;3525904.0;Jundiaí;Campinas;False;IGNORADO
29102;3530706.0;Mogi Guaçu;São João da Boa Vista;False;BRANCA
29103;3527306.0;Louveira;Campinas;False;BRANCA
29104;3543402.0;Ribeirão Preto;Ribeirão Preto;False;PRETA
29105;3547809.0;Santo André;Grande SP Sudeste;False;AMARELA
29106;3543402.0;Ribeirão Preto;Ribeirão Preto;False;BRANCA
29107;3509700.0;Campos do Jordão;Taubaté;False;BRANCA
29108;3552205.0;Sorocaba;Sorocaba;False;NONE
29109;3509007.0;Caieiras;Grande SP Norte;False;AMARELA
29110;3550308.0;São Paulo;Município de São Paulo;False;IGNORADO
29111;3550308.0;São Paulo;Município de São Paulo;False;NONE
29112;3545209.0;Salto;Sorocaba;False;IGNORADO
29113;3554003.0;Tatuí;Sorocaba;False;BRANCA
29114;3555406.0;Ubatuba;Taubaté;False;AMARELA
29115;3526902.0;Limeira;Piracicaba;False;BRANCA
29116;3552205.0;Sorocaba;Sorocaba;False;IGNORADO
29117;3534401.0;Osasco;Grande SP Oeste;False;PARDA
29118;3550308.0;São Paulo;Município de São Paulo;False;BRANCA
29119;3534005.0;Onda Verde;São José do Rio Preto;True;BRANCA
29120;3550308.0;São Paulo;Município de São Paulo;False;PRETA
29121;3513207.0;Cristais Paulista;Franca;False;BRANCA
29122;3512803.0;Cosmópolis;Campinas;False;PARDA
29123;3509601.0;Campo Limpo Paulista;Campinas;False;BRANCA
29124;3534401.0;Osasco;Grande SP Oeste;False;AMARELA
29125;3550308.0;São Paulo;Município de São Paulo;False;PARDA
29126;3519071.0;Hortolândia;Campinas;False;BRANCA
29127;3523107.0;Itaquaquecetuba;Grande SP Leste;False;BRANCA
29128;3547809.0;Santo André;Grande SP Sudeste;False;PARDA
29129;3536604.0;Paulo de Faria;São José do Rio Preto;False;BRANCA
29130;3516200.0;Franca;Franca;False;BRANCA
29131;3550308.0;São Paulo;Município de São Paulo;False;IGNORADO
29132;3550308.0;São Paulo;Município de São Paulo;False;BRANCA
29133;3549805.0;São José do Rio Preto;São José do Rio Preto;False;BRANCA
29134;3550308.0;São Paulo;Município de São Paulo;False;AMARELA
29135;3550308.0;São Paulo;Município de São Paulo;False;PARDA
29136;3535408.0;Panorama;Presidente Prudente;False;PARDA
29137;3544202.0;Riolândia;São José do Rio Preto;False;BRANCA
