27854;3510302.0;Capela do Alto;Sorocaba;False;BRANCA
27855;3515509.0;Fernandópolis;São José do Rio Preto;False;BRANCA
27856;3500709.0;Agudos;Bauru;False;BRANCA
27857;3548708.0;São Bernardo do Campo;Grande SP Sudeste;False;BRANCA
27858;3530607.0;Mogi das Cruzes;Grande SP Leste;True;BRANCA
27859;3550308.0;São Paulo;Município de São Paulo;False;BRANCA
27860;3552809.0;Taboão da Serra;Grande SP Sudoeste;False;PARDA
27861;3550308.0;São Paulo;Município de São Paulo;False;BRANCA
27862;3550308.0;São Paulo;Município de São Paulo;False;BRANCA
27863;3516309.0;Francisco Morato;Grande SP Norte;False;PARDA
27864;3550308.0;São Paulo;Município de São Paulo;False;BRANCA
27865;3511102.0;Catanduva;São José do Rio Preto;False;AMARELA
27866;3550308.0;São Paulo;Município de São Paulo;False;PARDA
27867;3543402.0;Ribeirão Preto;Ribeirão Preto;False;BRANCA
27868;3506003.0;Bauru;Bauru;False;BRANCA
27869;3509502.0;Campinas;Campinas;False;BRANCA
27870;3522307.0;Itapetininga;Sorocaba;False;BRANCA
27871;3534401.0;Osasco;Grande SP Oeste;False;PARDA
27872;3548708.0;São Bernardo do Campo;Grande SP Sudeste;False;IGNORADO
27873;3525904.0;Jundiaí;Campinas;False;BRANCA
27874;3550308.0;São Paulo;Município de São Paulo;False;BRANCA
27875;3554003.0;Tatuí;Sorocaba;False;BRANCA
27876;3552809.0;Taboão da Serra;Grande SP Sudoeste;False;IGNORADO
27877;3518800.0;Guarulhos;Grande SP Leste;False;BRANCA
27878;3550308.0;São Paulo;Município de São Paulo;False;BRANCA
27879;3507506.0;Botucatu;Bauru;False;BRANCA
27880;3503307.0;Araras;Piracicaba;False;BRANCA
27881;3549904.0;São José dos Campos;Taubaté;False;BRANCA
27882;3550308.0;São Paulo;Município de São Paulo;False;IGNORADO
27883;3550308.0;São Paulo;Município de São Paulo;False;BRANCA
27884;3550308.0;São Paulo;Município de São Paulo;False;BRANCA
27885;3518206.0;Guararapes;Araçatuba;False;IGNORADO
27886;3552205.0;Sorocaba;Sorocaba;False;BRANCA
27887;3552205.0;Sorocaba;Sorocaba;False;BRANCA
27888;3547809.0;Santo André;Grande SP Sudeste;False;PARDA
27889;3525904.0;Jundiaí;Campinas;False;BRANCA
27890;3550308.0;São Paulo;Município de São Paulo;False;BRANCA
27891;3550308.0;São Paulo;Município de São Paulo;False;BRANCA
27892;3550308.0;São Paulo;Município de São Paulo;False;BRANCA
27893;3524402.0;Jacareí;Taubaté;False;BRANCA
27894;3550308.0;São Paulo;Município de São Paulo;False;PARDA
27895;3530607.0;Mogi das Cruzes;Grande SP Leste;False;PARDA
27896;3550308.0;São Paulo;Município de São Paulo;False;PARDA
27897;3550308.0;São Paulo;Município de São Paulo;False;AMARELA
27898;3547809.0;Santo André;Grande SP Sudeste;False;BRANCA
27899;3550308.0;São Paulo;Município de São Paulo;False;PARDA
27900;3550308.0;São Paulo;Município de São Paulo;False;BRANCA
27901;3552205.0;Sorocaba;Sorocaba;False;BRANCA
27902;3550308.0;São Paulo;Município de São Paulo;False;BRANCA
27903;3548807.0;São Caetano do Sul;Grande SP Sudeste;False;BRANCA
27904;3556701.0;Vinhedo;Campinas;False;BRANCA
27905;3501608.0;Americana;Campinas;False;BRANCA
27906;3523909.0;Itu;Sorocaba;False;BRANCA
27907;3552205.0;Sorocaba;Sorocaba;False;BRANCA
27908;3557006.0;Votorantim;Sorocaba;False;BRANCA
27909;3503901.0;Arujá;Grande SP Leste;False;PARDA
27910;3549805.0;São José do Rio Preto;São José do Rio Preto;False;BRANCA
27911;3526704.0;Leme;Piracicaba;False;AMARELA
27912;3547809.0;Santo André;Grande SP Sudeste;False;BRANCA
27913;3515186.0;Espírito Santo do Pinhal;São João da Boa Vista;False;BRANCA
27914;3533908.0;Olímpia;Barretos;False;BRANCA
27915;3550308.0;São Paulo;Município de São Paulo;False;BRANCA
27916;3550308.0;São Paulo;Município de São Paulo;False;BRANCA
27917;3554102.0;Taubaté;Taubaté;False;BRANCA
27918;3550308.0;São Paulo;Município de São Paulo;False;NONE
27919;3550308.0;São Paulo;Município de São Paulo;False;IGNORADO
27920;3550308.0;São Paulo;Município de São Paulo;False;BRANCA
27921;3528007.0;Macatuba;Bauru;False;AMARELA
27922;3550308.0;São Paulo;Município de São Paulo;False;IGNORADO
27923;3512803.0;Cosmópolis;Campinas;False;PARDA
27924;3550308.0;São Paulo;Município de São Paulo;False;BRANCA
27925;3545803.0;Santa Bárbara d'Oeste;Campinas;False;BRANCA
27926;3550308.0;São Paulo;Município de São Paulo;False;IGNORADO
27927;3548708.0;São Bernardo do Campo;Grande SP Sudeste;False;BRANCA
27928;3505708.0;Barueri;Grande SP Oeste;False;BRANCA
27929;3528304.0;Magda;São José do Rio Preto;False;BRANCA
27930;3518701.0;Guarujá;Baixada Santista;False;IGNORADO
27931;3550308.0;São Paulo;Município de São Paulo;False;NONE
27932;3549805.0;São José do Rio Preto;São José do Rio Preto;False;BRANCA
27933;3547809.0;Santo André;Grande SP Sudeste;False;BRANCA
27934;3550308.0;São Paulo;Município de São Paulo;False;NONE
27935;3509502.0;Campinas;Campinas;False;BRANCA
27936;3533502.0;Novo Horizonte;São José do Rio Preto;False;BRANCA
27937;3552809.0;Taboão da Serra;Grande SP Sudoeste;False;
27938;3526902.0;Limeira;Piracicaba;False;IGNORADO
27939;3521408.0;Iracemápolis;Piracicaba;False;BRANCA
27940;3550308.0;São Paulo;Município de São Paulo;False;BRANCA
27941;3520509.0;Indaiatuba;Campinas;False;BRANCA
27942;3550308.0;São Paulo;Município de São Paulo;False;IGNORADO
27943;3550308.0;São Paulo;Município de São Paulo;False;BRANCA
27944;3541000.0;Praia Grande;Baixada Santista;False;NONE
27945;3547809.0;Santo André;Grande SP Sudeste;False;BRANCA
27946;3524402.0;Jacareí;Taubaté;False;IGNORADO
27947;3534401.0;Osasco;Grande SP Oeste;False;BRANCA
27948;3509502.0;Campinas;Campinas;False;BRANCA
27949;3550308.0;São Paulo;Município de São Paulo;False;BRANCA
27950;3550308.0;São Paulo;Município de São Paulo;False;PARDA
27951;3504701.0;Balbinos;Bauru;False;PARDA
27952;3513504.0;Cubatão;Baixada Santista;False;AMARELA
27953;3503208.0;Araraquara;Araraquara;False;PARDA
27954;3552205.0;Sorocaba;Sorocaba;False;PARDA
27955;3537503.0;Pereiras;Bauru;False;BRANCA
27956;3520400.0;Ilhabela;Taubaté;False;PARDA
27957;3509502.0;Campinas;Campinas;False;AMARELA
27958;3519071.0;Hortolândia;Campinas;False;AMARELA
27959;3522505.0;Itapevi;Grande SP Oeste;False;AMARELA
27960;3509502.0;Campinas;Campinas;False;PARDA
27961;3502804.0;Araçatuba;Araçatuba;False;BRANCA
27962;3550308.0;São Paulo;Município de São Paulo;False;PARDA
27963;3544103.0;Rio Grande da Serra;Grande SP Sudeste;True;PRETA
27964;3547809.0;Santo André;Grande SP Sudeste;True;IGNORADO
27965;3550308.0;São Paulo;Município de São Paulo;False;PARDA
27966;3550308.0;São Paulo;Município de São Paulo;False;PARDA
27967;3501152.0;Alumínio;Sorocaba;False;PRETA
27968;3528502.0;Mairiporã;Grande SP Norte;False;PARDA
27969;3536703.0;Pederneiras;Bauru;False;PARDA
27970;3549805.0;São José do Rio Preto;São José do Rio Preto;False;IGNORADO
27971;3550308.0;São Paulo;Município de São Paulo;False;PARDA
27972;3519071.0;Hortolândia;Campinas;False;PARDA
27973;3550308.0;São Paulo;Município de São Paulo;False;NONE
27974;3548906.0;São Carlos;Araraquara;False;PARDA
27975;3550308.0;São Paulo;Município de São Paulo;False;NONE
27976;3513504.0;Cubatão;Baixada Santista;False;PARDA
27977;3549805.0;São José do Rio Preto;São José do Rio Preto;False;PRETA
27978;3550308.0;São Paulo;Município de São Paulo;False;IGNORADO
27979;3550308.0;São Paulo;Município de São Paulo;False;IGNORADO
27980;3548500.0;Santos;Baixada Santista;False;PARDA
27981;3525706.0;José Bonifácio;São José do Rio Preto;False;BRANCA
27982;3509205.0;Cajamar;Grande SP Norte;False;PARDA
27983;3550308.0;São Paulo;Município de São Paulo;False;BRANCA
27984;3523107.0;Itaquaquecetuba;Grande SP Leste;False;PARDA
27985;3526803.0;Lençóis Paulista;Bauru;False;PARDA
27986;3543303.0;Ribeirão Pires;Grande SP Sudeste;False;PARDA
27987;3518800.0;Guarulhos;Grande SP Leste;False;AMARELA
27988;3550308.0;São Paulo;Município de São Paulo;False;PARDA
27989;3547809.0;Santo André;Grande SP Sudeste;False;BRANCA
27990;3548708.0;São Bernardo do Campo;Grande SP Sudeste;False;AMARELA
27991;3550308.0;São Paulo;Município de São Paulo;False;PARDA
27992;3534401.0;Osasco;Grande SP Oeste;False;BRANCA
27993;3524006.0;Itupeva;Campinas;False;BRANCA
27994;3548708.0;São Bernardo do Campo;Grande SP Sudeste;False;BRANCA
