70092;3556503.0;Várzea Paulista;Campinas;False;BRANCA
70093;3513504.0;Cubatão;Baixada Santista;False;PARDA
70094;3515707.0;Ferraz de Vasconcelos;Grande SP Leste;False;PARDA
70095;3554003.0;Tatuí;Sorocaba;False;BRANCA
70096;3522307.0;Itapetininga;Sorocaba;False;BRANCA
70097;3548500.0;Santos;Baixada Santista;False;BRANCA
70098;3550308.0;São Paulo;Município de São Paulo;False;PRETA
70099;3554508.0;Tietê;Sorocaba;False;IGNORADO
70100;3547809.0;Santo André;Grande SP Sudeste;False;IGNORADO
70101;3550308.0;São Paulo;Município de São Paulo;False;BRANCA
70102;3554805.0;Tremembé;Taubaté;False;PARDA
70103;3550308.0;São Paulo;Município de São Paulo;False;BRANCA
70104;3530607.0;Mogi das Cruzes;Grande SP Leste;False;BRANCA
70105;3533908.0;Olímpia;Barretos;False;BRANCA
70106;3505500.0;Barretos;Barretos;False;IGNORADO
70107;3549805.0;São José do Rio Preto;São José do Rio Preto;False;PARDA
70108;3551504.0;Serrana;Ribeirão Preto;False;BRANCA
70109;3550308.0;São Paulo;Município de São Paulo;False;PARDA
70110;3543303.0;Ribeirão Pires;Grande SP Sudeste;False;BRANCA
70111;3509502.0;Campinas;Campinas;False;IGNORADO
70112;3516200.0;Franca;Franca;False;IGNORADO
70113;3551801.0;Sete Barras;Registro;False;BRANCA
70114;3530607.0;Mogi das Cruzes;Grande SP Leste;False;IGNORADO
70115;3549805.0;São José do Rio Preto;São José do Rio Preto;False;BRANCA
70116;3543402.0;Ribeirão Preto;Ribeirão Preto;False;IGNORADO
70117;3541406.0;Presidente Prudente;Presidente Prudente;False;
70118;3550308.0;São Paulo;Município de São Paulo;False;PARDA
70119;3550308.0;São Paulo;Município de São Paulo;False;BRANCA
70120;3506359.0;Bertioga;Baixada Santista;False;BRANCA
70121;3550308.0;São Paulo;Município de São Paulo;False;BRANCA
70122;3509502.0;Campinas;Campinas;False;PRETA
70123;3550308.0;São Paulo;Município de São Paulo;False;PARDA
70124;3522109.0;Itanhaém;Baixada Santista;False;IGNORADO
70125;3548708.0;São Bernardo do Campo;Grande SP Sudeste;False;BRANCA
70126;3505708.0;Barueri;Grande SP Oeste;False;PARDA
70127;3550308.0;São Paulo;Município de São Paulo;False;PARDA
70128;3541901.0;Queluz;Taubaté;False;BRANCA
70129;3550308.0;São Paulo;Município de São Paulo;False;BRANCA
70130;3534401.0;Osasco;Grande SP Oeste;False;BRANCA
70131;3504602.0;Bady Bassitt;São José do Rio Preto;False;BRANCA
70132;3504602.0;Bady Bassitt;São José do Rio Preto;False;BRANCA
70133;3502754.0;Araçariguama;Sorocaba;False;BRANCA
70134;3548500.0;Santos;Baixada Santista;False;IGNORADO
70135;3550308.0;São Paulo;Município de São Paulo;False;PARDA
70136;3550308.0;São Paulo;Município de São Paulo;False;BRANCA
70137;3506003.0;Bauru;Bauru;False;BRANCA
70138;3548807.0;São Caetano do Sul;Grande SP Sudeste;False;
70139;3550308.0;São Paulo;Município de São Paulo;False;NONE
70140;3550308.0;São Paulo;Município de São Paulo;False;BRANCA
70141;3514908.0;Elias Fausto;Piracicaba;False;BRANCA
70142;3550308.0;São Paulo;Município de São Paulo;False;BRANCA
70143;3550308.0;São Paulo;Município de São Paulo;False;IGNORADO
70144;3550308.0;São Paulo;Município de São Paulo;False;BRANCA
70145;3510807.0;Casa Branca;São João da Boa Vista;False;BRANCA
70146;3550308.0;São Paulo;Município de São Paulo;False;IGNORADO
70147;3530706.0;Mogi Guaçu;São João da Boa Vista;False;BRANCA
70148;3534401.0;Osasco;Grande SP Oeste;False;PARDA
70149;3534401.0;Osasco;Grande SP Oeste;False;PARDA
70150;3502804.0;Araçatuba;Araçatuba;False;AMARELA
70151;3550605.0;São Roque;Sorocaba;False;BRANCA
70152;3550308.0;São Paulo;Município de São Paulo;False;AMARELA
70153;3550308.0;São Paulo;Município de São Paulo;False;NONE
70154;3541406.0;Presidente Prudente;Presidente Prudente;False;BRANCA
70155;3550308.0;São Paulo;Município de São Paulo;False;PARDA
70156;3547809.0;Santo André;Grande SP Sudeste;False;BRANCA
70157;3503307.0;Araras;Piracicaba;False;PARDA
70158;3550308.0;São Paulo;Município de São Paulo;False;NONE
70159;3550308.0;São Paulo;Município de São Paulo;False;
70160;3550308.0;São Paulo;Município de São Paulo;False;PARDA
70161;3543907.0;Rio Claro;Piracicaba;True;BRANCA
70162;3550308.0;São Paulo;Município de São Paulo;False;BRANCA
70163;3550308.0;São Paulo;Município de São Paulo;False;
70164;3510609.0;Carapicuíba;Grande SP Oeste;False;AMARELA
70165;3548500.0;Santos;Baixada Santista;False;PARDA
70166;3501608.0;Americana;Campinas;False;PRETA
70167;3506003.0;Bauru;Bauru;False;BRANCA
70168;3550308.0;São Paulo;Município de São Paulo;False;IGNORADO
70169;3509502.0;Campinas;Campinas;False;BRANCA
70170;3550308.0;São Paulo;Município de São Paulo;False;IGNORADO
70171;3519071.0;Hortolândia;Campinas;False;BRANCA
70172;3550308.0;São Paulo;Município de São Paulo;False;AMARELA
70173;3550308.0;São Paulo;Município de São Paulo;False;BRANCA
70174;3550308.0;São Paulo;Município de São Paulo;False;BRANCA
70175;3550308.0;São Paulo;Município de São Paulo;False;PARDA
70176;3550308.0;São Paulo;Município de São Paulo;True;PARDA
70177;3548500.0;Santos;Baixada Santista;False;BRANCA
70178;3538204.0;Pinhalzinho;Campinas;False;BRANCA
70179;3548708.0;São Bernardo do Campo;Grande SP Sudeste;False;IGNORADO
70180;3550308.0;São Paulo;Município de São Paulo;False;PARDA
70181;3529401.0;Mauá;Grande SP Sudeste;False;BRANCA
70182;3550308.0;São Paulo;Município de São Paulo;False;IGNORADO
70183;3529401.0;Mauá;Grande SP Sudeste;False;BRANCA
70184;3547809.0;Santo André;Grande SP Sudeste;False;IGNORADO
70185;3550308.0;São Paulo;Município de São Paulo;False;PARDA
70186;3524709.0;Jaguariúna;Campinas;False;BRANCA
70187;3550308.0;São Paulo;Município de São Paulo;False;PARDA
70188;3550308.0;São Paulo;Município de São Paulo;False;PARDA
70189;3503901.0;Arujá;Grande SP Leste;False;IGNORADO
70190;3529005.0;Marília;Marília;False;BRANCA
70191;3501608.0;Americana;Campinas;False;BRANCA
70192;3505708.0;Barueri;Grande SP Oeste;False;PARDA
70193;3501004.0;Altinópolis;Ribeirão Preto;False;BRANCA
70194;3548708.0;São Bernardo do Campo;Grande SP Sudeste;False;BRANCA
70195;3550308.0;São Paulo;Município de São Paulo;False;PARDA
70196;3537305.0;Penápolis;Araçatuba;False;PARDA
70197;3545803.0;Santa Bárbara d'Oeste;Campinas;False;IGNORADO
70198;3550308.0;São Paulo;Município de São Paulo;False;NONE
70199;3546405.0;Santa Cruz do Rio Pardo;Marília;False;PARDA
70200;3530508.0;Mococa;São João da Boa Vista;False;BRANCA
70201;3507605.0;Bragança Paulista;Campinas;False;BRANCA
70202;3550308.0;São Paulo;Município de São Paulo;False;PARDA
70203;3548500.0;Santos;Baixada Santista;False;BRANCA
70204;3518800.0;Guarulhos;Grande SP Leste;False;BRANCA
70205;3547304.0;Santana de Parnaíba;Grande SP Oeste;False;PARDA
70206;3548500.0;Santos;Baixada Santista;False;PARDA
70207;3506102.0;Bebedouro;Barretos;False;BRANCA
70208;3543402.0;Ribeirão Preto;Ribeirão Preto;False;BRANCA
70209;3509502.0;Campinas;Campinas;False;IGNORADO
70210;3549904.0;São José dos Campos;Taubaté;False;IGNORADO
70211;3525904.0;Jundiaí;Campinas;False;PARDA
70212;3514700.0;Echaporã;Marília;False;IGNORADO
70213;3547502.0;Santa Rita do Passa Quatro;Ribeirão Preto;False;AMARELA
70214;3552502.0;Suzano;Grande SP Leste;True;NONE
70215;3551009.0;São Vicente;Baixada Santista;False;BRANCA
70216;3513801.0;Diadema;Grande SP Sudeste;False;PARDA
70217;3548500.0;Santos;Baixada Santista;False;BRANCA
70218;3518206.0;Guararapes;Araçatuba;False;BRANCA
70219;3524709.0;Jaguariúna;Campinas;True;BRANCA
70220;3551009.0;São Vicente;Baixada Santista;False;PARDA
70221;3550308.0;São Paulo;Município de São Paulo;False;PARDA
70222;3530805.0;Mogi Mirim;São João da Boa Vista;False;PARDA
70223;3529401.0;Mauá;Grande SP Sudeste;False;PARDA
70224;3550308.0;São Paulo;Município de São Paulo;False;BRANCA
70225;3543402.0;Ribeirão Preto;Ribeirão Preto;False;PARDA
70226;3518800.0;Guarulhos;Grande SP Leste;False;PRETA
70227;3556701.0;Vinhedo;Campinas;False;BRANCA
70228;3523107.0;Itaquaquecetuba;Grande SP Leste;False;BRANCA
70229;3550308.0;São Paulo;Município de São Paulo;False;PARDA
70230;3550308.0;São Paulo;Município de São Paulo;False;PARDA
70231;3549805.0;São José do Rio Preto;São José do Rio Preto;False;PARDA
70232;3550308.0;São Paulo;Município de São Paulo;False;IGNORADO
