54820;3511706.0;Charqueada;Piracicaba;False;BRANCA
54821;3505708.0;Barueri;Grande SP Oeste;False;BRANCA
54822;3522109.0;Itanhaém;Baixada Santista;False;AMARELA
54823;3509304.0;Cajobi;Barretos;False;BRANCA
54824;3550308.0;São Paulo;Município de São Paulo;False;PARDA
54825;3501608.0;Americana;Campinas;False;BRANCA
54826;3550308.0;São Paulo;Município de São Paulo;False;BRANCA
54827;3548906.0;São Carlos;Araraquara;False;IGNORADO
54828;3522307.0;Itapetininga;Sorocaba;False;BRANCA
54829;3549904.0;São José dos Campos;Taubaté;False;BRANCA
54830;3556800.0;Viradouro;Barretos;False;BRANCA
54831;3514403.0;Dracena;Presidente Prudente;False;BRANCA
54832;3552205.0;Sorocaba;Sorocaba;False;IGNORADO
54833;3550308.0;São Paulo;Município de São Paulo;False;BRANCA
54834;3502903.0;Araçoiaba da Serra;Sorocaba;False;BRANCA
54835;3549805.0;São José do Rio Preto;São José do Rio Preto;False;AMARELA
54836;3542602.0;Registro;Registro;False;PARDA
54837;3510401.0;Capivari;Piracicaba;False;PARDA
54838;3530706.0;Mogi Guaçu;São João da Boa Vista;False;BRANCA
54839;3506003.0;Bauru;Bauru;False;BRANCA
54840;3541406.0;Presidente Prudente;Presidente Prudente;False;BRANCA
54841;3518800.0;Guarulhos;Grande SP Leste;False;BRANCA
54842;3548708.0;São Bernardo do Campo;Grande SP Sudeste;False;
54843;3549805.0;São José do Rio Preto;São José do Rio Preto;False;BRANCA
54844;3549805.0;São José do Rio Preto;São José do Rio Preto;False;BRANCA
54845;3518206.0;Guararapes;Araçatuba;False;BRANCA
54846;3506003.0;Bauru;Bauru;False;IGNORADO
54847;3554003.0;Tatuí;Sorocaba;False;BRANCA
54848;3516200.0;Franca;Franca;False;BRANCA
54849;3550308.0;São Paulo;Município de São Paulo;False;BRANCA
54850;3516705.0;Garça;Marília;False;BRANCA
54851;3509502.0;Campinas;Campinas;False;BRANCA
54852;3539301.0;Pirassununga;Piracicaba;False;BRANCA
54853;3504503.0;Avaré;Bauru;False;IGNORADO
54854;3536208.0;Pariquera-Açu;Registro;False;BRANCA
54855;3519600.0;Ibitinga;Araraquara;False;BRANCA
54856;3550308.0;São Paulo;Município de São Paulo;False;BRANCA
54857;3550308.0;São Paulo;Município de São Paulo;False;BRANCA
54858;3554003.0;Tatuí;Sorocaba;False;BRANCA
54859;3550209.0;São Miguel Arcanjo;Sorocaba;False;BRANCA
54860;3555406.0;Ubatuba;Taubaté;False;IGNORADO
54861;3540200.0;Pontal;Ribeirão Preto;False;BRANCA
54862;3531902.0;Morro Agudo;Franca;False;BRANCA
54863;3556602.0;Vera Cruz;Marília;False;PARDA
54864;3550308.0;São Paulo;Município de São Paulo;False;IGNORADO
54865;3537107.0;Pedreira;Campinas;False;BRANCA
54866;3506003.0;Bauru;Bauru;False;IGNORADO
54867;3550308.0;São Paulo;Município de São Paulo;False;BRANCA
54868;3518503.0;Guareí;Sorocaba;False;BRANCA
54869;3522307.0;Itapetininga;Sorocaba;False;BRANCA
54870;3548500.0;Santos;Baixada Santista;False;BRANCA
54871;3509502.0;Campinas;Campinas;False;BRANCA
54872;3509502.0;Campinas;Campinas;False;BRANCA
54873;3519600.0;Ibitinga;Araraquara;False;BRANCA
54874;3522307.0;Itapetininga;Sorocaba;False;BRANCA
54875;3543402.0;Ribeirão Preto;Ribeirão Preto;False;BRANCA
54876;3529005.0;Marília;Marília;False;PARDA
54877;3543402.0;Ribeirão Preto;Ribeirão Preto;False;PARDA
54878;3548500.0;Santos;Baixada Santista;False;BRANCA
54879;3554003.0;Tatuí;Sorocaba;False;BRANCA
54880;3548708.0;São Bernardo do Campo;Grande SP Sudeste;False;PARDA
54881;3550308.0;São Paulo;Município de São Paulo;False;IGNORADO
54882;3518800.0;Guarulhos;Grande SP Leste;False;IGNORADO
54883;3549805.0;São José do Rio Preto;São José do Rio Preto;False;BRANCA
54884;3525300.0;Jaú;Bauru;False;BRANCA
54885;3538006.0;Pindamonhangaba;Taubaté;False;IGNORADO
54886;3506003.0;Bauru;Bauru;False;BRANCA
54887;3538709.0;Piracicaba;Piracicaba;False;BRANCA
54888;3526902.0;Limeira;Piracicaba;False;IGNORADO
54889;3550308.0;São Paulo;Município de São Paulo;False;AMARELA
54890;3550308.0;São Paulo;Município de São Paulo;False;PARDA
54891;3510401.0;Capivari;Piracicaba;False;PARDA
54892;3549904.0;São José dos Campos;Taubaté;False;BRANCA
54893;3506003.0;Bauru;Bauru;False;IGNORADO
54894;3541406.0;Presidente Prudente;Presidente Prudente;False;PARDA
54895;3550308.0;São Paulo;Município de São Paulo;True;PRETA
54896;3556453.0;Vargem Grande Paulista;Grande SP Sudoeste;False;BRANCA
54897;3525300.0;Jaú;Bauru;False;PARDA
54898;3547809.0;Santo André;Grande SP Sudeste;False;IGNORADO
54899;3534401.0;Osasco;Grande SP Oeste;False;PARDA
54900;3549904.0;São José dos Campos;Taubaté;False;BRANCA
54901;3509502.0;Campinas;Campinas;False;IGNORADO
54902;3524402.0;Jacareí;Taubaté;False;BRANCA
54903;3554102.0;Taubaté;Taubaté;False;BRANCA
54904;3543303.0;Ribeirão Pires;Grande SP Sudeste;False;BRANCA
54905;3552205.0;Sorocaba;Sorocaba;False;PRETA
54906;3524402.0;Jacareí;Taubaté;False;BRANCA
54907;3534708.0;Ourinhos;Marília;False;PARDA
54908;3550308.0;São Paulo;Município de São Paulo;False;IGNORADO
54909;3547809.0;Santo André;Grande SP Sudeste;False;IGNORADO
54910;3504008.0;Assis;Marília;False;PARDA
54911;3531803.0;Monte Mor;Campinas;False;BRANCA
54912;3550308.0;São Paulo;Município de São Paulo;False;BRANCA
54913;3520400.0;Ilhabela;Taubaté;False;IGNORADO
54914;3550308.0;São Paulo;Município de São Paulo;False;BRANCA
54915;3556008.0;Urupês;São José do Rio Preto;False;BRANCA
54916;3548807.0;São Caetano do Sul;Grande SP Sudeste;False;BRANCA
54917;3550308.0;São Paulo;Município de São Paulo;False;PARDA
54918;3518800.0;Guarulhos;Grande SP Leste;False;BRANCA
54919;3543402.0;Ribeirão Preto;Ribeirão Preto;False;BRANCA
54920;3550308.0;São Paulo;Município de São Paulo;False;BRANCA
54921;3552809.0;Taboão da Serra;Grande SP Sudoeste;False;BRANCA
54922;3550308.0;São Paulo;Município de São Paulo;False;BRANCA
54923;3550308.0;São Paulo;Município de São Paulo;False;IGNORADO
54924;3550308.0;São Paulo;Município de São Paulo;False;PARDA
54925;3529005.0;Marília;Marília;False;BRANCA
54926;3552205.0;Sorocaba;Sorocaba;False;BRANCA
54927;3547809.0;Santo André;Grande SP Sudeste;False;BRANCA
54928;3534906.0;Pacaembu;Marília;False;PARDA
54929;3505500.0;Barretos;Barretos;False;BRANCA
54930;3550308.0;São Paulo;Município de São Paulo;False;BRANCA
54931;3549805.0;São José do Rio Preto;São José do Rio Preto;False;NONE
54932;3506508.0;Birigui;Araçatuba;False;IGNORADO
54933;3550308.0;São Paulo;Município de São Paulo;False;PRETA
54934;3549904.0;São José dos Campos;Taubaté;False;BRANCA
54935;3513801.0;Diadema;Grande SP Sudeste;False;IGNORADO
54936;3522406.0;Itapeva;Sorocaba;False;IGNORADO
54937;3550308.0;São Paulo;Município de São Paulo;False;BRANCA
54938;3515509.0;Fernandópolis;São José do Rio Preto;False;BRANCA
54939;3552809.0;Taboão da Serra;Grande SP Sudoeste;False;
54940;3519071.0;Hortolândia;Campinas;False;BRANCA
54941;3550308.0;São Paulo;Município de São Paulo;False;PARDA
54942;3509254.0;Cajati;Registro;False;PARDA
54943;3528403.0;Mairinque;Sorocaba;False;BRANCA
54944;3551801.0;Sete Barras;Registro;False;AMARELA
54945;3550308.0;São Paulo;Município de São Paulo;False;PRETA
54946;3523909.0;Itu;Sorocaba;False;PARDA
54947;3550308.0;São Paulo;Município de São Paulo;False;PARDA
54948;3534401.0;Osasco;Grande SP Oeste;False;BRANCA
54949;3525300.0;Jaú;Bauru;False;BRANCA
54950;3509502.0;Campinas;Campinas;False;BRANCA
54951;3545209.0;Salto;Sorocaba;False;BRANCA
54952;3549904.0;São José dos Campos;Taubaté;False;BRANCA
54953;3538006.0;Pindamonhangaba;Taubaté;False;PARDA
54954;3528502.0;Mairiporã;Grande SP Norte;False;PARDA
54955;3545803.0;Santa Bárbara d'Oeste;Campinas;False;IGNORADO
54956;3550308.0;São Paulo;Município de São Paulo;False;PARDA
54957;3513801.0;Diadema;Grande SP Sudeste;False;PARDA
54958;3550308.0;São Paulo;Município de São Paulo;False;PRETA
54959;3515004.0;Embu das Artes;Grande SP Sudoeste;False;IGNORADO
54960;3538600.0;Piracaia;Campinas;False;BRANCA
54961;3527108.0;Lins;Bauru;False;PARDA
54962;3537701.0;Piacatu;Araçatuba;False;PARDA
54963;3550308.0;São Paulo;Município de São Paulo;False;BRANCA
54964;3550308.0;São Paulo;Município de São Paulo;False;BRANCA
54965;3550308.0;São Paulo;Município de São Paulo;False;BRANCA
54966;3529005.0;Marília;Marília;False;PARDA
54967;3516200.0;Franca;Franca;False;BRANCA
54968;3502507.0;Aparecida;Taubaté;False;PARDA
