69934;3546504.0;Santa Ernestina;Araraquara;False;AMARELA
69935;3530607.0;Mogi das Cruzes;Grande SP Leste;False;BRANCA
69936;3513009.0;Cotia;Grande SP Sudoeste;False;PARDA
69937;3550407.0;São Pedro;Piracicaba;False;PARDA
69938;3548500.0;Santos;Baixada Santista;False;PARDA
69939;3550308.0;São Paulo;Município de São Paulo;True;PARDA
69940;3544103.0;Rio Grande da Serra;Grande SP Sudeste;False;AMARELA
69941;3548500.0;Santos;Baixada Santista;False;BRANCA
69942;3548708.0;São Bernardo do Campo;Grande SP Sudeste;False;PARDA
69943;3549805.0;São José do Rio Preto;São José do Rio Preto;False;BRANCA
69944;3556701.0;Vinhedo;Campinas;False;BRANCA
69945;3509502.0;Campinas;Campinas;True;IGNORADO
69946;3551009.0;São Vicente;Baixada Santista;False;PARDA
69947;3526704.0;Leme;Piracicaba;False;BRANCA
69948;3537404.0;Pereira Barreto;Araçatuba;False;BRANCA
69949;3550308.0;São Paulo;Município de São Paulo;False;BRANCA
69950;3550308.0;São Paulo;Município de São Paulo;False;IGNORADO
69951;3518305.0;Guararema;Grande SP Leste;False;BRANCA
69952;3518305.0;Guararema;Grande SP Leste;False;BRANCA
69953;3513801.0;Diadema;Grande SP Sudeste;False;BRANCA
69954;3541307.0;Presidente Epitácio;Presidente Prudente;False;AMARELA
69955;3509502.0;Campinas;Campinas;False;PRETA
69956;3552403.0;Sumaré;Campinas;False;PRETA
69957;3550308.0;São Paulo;Município de São Paulo;False;BRANCA
69958;3520202.0;Igaratá;Taubaté;False;BRANCA
69959;3551702.0;Sertãozinho;Ribeirão Preto;False;IGNORADO
69960;3555604.0;Uchoa;São José do Rio Preto;False;BRANCA
69961;3535507.0;Paraguaçu Paulista;Marília;False;BRANCA
69962;3509007.0;Caieiras;Grande SP Norte;False;BRANCA
69963;3505500.0;Barretos;Barretos;False;BRANCA
69964;3510005.0;Cândido Mota;Marília;False;BRANCA
69965;3548500.0;Santos;Baixada Santista;False;PARDA
69966;3549904.0;São José dos Campos;Taubaté;False;PARDA
69967;3547502.0;Santa Rita do Passa Quatro;Ribeirão Preto;False;BRANCA
69968;3503307.0;Araras;Piracicaba;False;BRANCA
69969;3538709.0;Piracicaba;Piracicaba;False;BRANCA
69970;3550308.0;São Paulo;Município de São Paulo;False;NONE
69971;3525904.0;Jundiaí;Campinas;False;BRANCA
69972;3505500.0;Barretos;Barretos;False;BRANCA
69973;3547809.0;Santo André;Grande SP Sudeste;False;BRANCA
69974;3549805.0;São José do Rio Preto;São José do Rio Preto;False;BRANCA
69975;3502903.0;Araçoiaba da Serra;Sorocaba;False;BRANCA
69976;3550308.0;São Paulo;Município de São Paulo;False;
69977;3549805.0;São José do Rio Preto;São José do Rio Preto;False;IGNORADO
69978;3510708.0;Cardoso;São José do Rio Preto;False;BRANCA
69979;3548708.0;São Bernardo do Campo;Grande SP Sudeste;False;PRETA
69980;3533106.0;Nova Guataporanga;Presidente Prudente;False;BRANCA
69981;3541000.0;Praia Grande;Baixada Santista;False;PARDA
69982;3509502.0;Campinas;Campinas;False;BRANCA
69983;3550308.0;São Paulo;Município de São Paulo;False;PARDA
69984;3549805.0;São José do Rio Preto;São José do Rio Preto;False;BRANCA
69985;3550308.0;São Paulo;Município de São Paulo;False;BRANCA
69986;3547809.0;Santo André;Grande SP Sudeste;False;BRANCA
69987;3513405.0;Cruzeiro;Taubaté;False;PARDA
69988;3556206.0;Valinhos;Campinas;False;IGNORADO
69989;3511508.0;Cerquilho;Sorocaba;False;IGNORADO
69990;3550308.0;São Paulo;Município de São Paulo;False;PARDA
69991;3548500.0;Santos;Baixada Santista;False;BRANCA
69992;3534401.0;Osasco;Grande SP Oeste;False;PARDA
69993;3537008.0;Pedregulho;Franca;False;PRETA
69994;3535606.0;Paraibuna;Taubaté;False;BRANCA
69995;3510609.0;Carapicuíba;Grande SP Oeste;False;BRANCA
69996;3526803.0;Lençóis Paulista;Bauru;False;BRANCA
69997;3550308.0;São Paulo;Município de São Paulo;False;PRETA
69998;3548708.0;São Bernardo do Campo;Grande SP Sudeste;False;BRANCA
69999;3552403.0;Sumaré;Campinas;False;PARDA
70000;3543105.0;Ribeirão Corrente;Franca;False;BRANCA
70001;3550308.0;São Paulo;Município de São Paulo;False;
70002;3509007.0;Caieiras;Grande SP Norte;False;BRANCA
70003;3550308.0;São Paulo;Município de São Paulo;False;
70004;3550308.0;São Paulo;Município de São Paulo;False;BRANCA
70005;3550308.0;São Paulo;Município de São Paulo;False;PARDA
70006;3518800.0;Guarulhos;Grande SP Leste;False;PRETA
70007;3543402.0;Ribeirão Preto;Ribeirão Preto;False;BRANCA
70008;3549904.0;São José dos Campos;Taubaté;False;IGNORADO
70009;3550308.0;São Paulo;Município de São Paulo;False;IGNORADO
70010;3550308.0;São Paulo;Município de São Paulo;False;PARDA
70011;3502903.0;Araçoiaba da Serra;Sorocaba;False;PARDA
70012;3549904.0;São José dos Campos;Taubaté;False;IGNORADO
70013;3552205.0;Sorocaba;Sorocaba;False;BRANCA
70014;3518800.0;Guarulhos;Grande SP Leste;False;BRANCA
70015;3538709.0;Piracicaba;Piracicaba;False;BRANCA
70016;3519071.0;Hortolândia;Campinas;False;NONE
70017;3525102.0;Jardinópolis;Ribeirão Preto;False;BRANCA
70018;3509502.0;Campinas;Campinas;False;IGNORADO
70019;3552205.0;Sorocaba;Sorocaba;False;BRANCA
70020;3550308.0;São Paulo;Município de São Paulo;False;BRANCA
70021;3550308.0;São Paulo;Município de São Paulo;False;IGNORADO
70022;3550308.0;São Paulo;Município de São Paulo;False;BRANCA
70023;3530607.0;Mogi das Cruzes;Grande SP Leste;False;BRANCA
70024;3548807.0;São Caetano do Sul;Grande SP Sudeste;False;BRANCA
70025;3550704.0;São Sebastião;Taubaté;False;BRANCA
70026;3550308.0;São Paulo;Município de São Paulo;False;IGNORADO
70027;3551009.0;São Vicente;Baixada Santista;False;NONE
70028;3550308.0;São Paulo;Município de São Paulo;False;IGNORADO
70029;3506003.0;Bauru;Bauru;False;PRETA
70030;3527108.0;Lins;Bauru;False;BRANCA
70031;3552205.0;Sorocaba;Sorocaba;False;BRANCA
70032;3538709.0;Piracicaba;Piracicaba;False;BRANCA
70033;3547809.0;Santo André;Grande SP Sudeste;False;BRANCA
70034;3543402.0;Ribeirão Preto;Ribeirão Preto;False;BRANCA
70035;3525904.0;Jundiaí;Campinas;False;BRANCA
70036;3520509.0;Indaiatuba;Campinas;False;BRANCA
70037;3539301.0;Pirassununga;Piracicaba;False;BRANCA
70038;3501004.0;Altinópolis;Ribeirão Preto;False;BRANCA
70039;3530508.0;Mococa;São João da Boa Vista;False;BRANCA
70040;3538709.0;Piracicaba;Piracicaba;False;IGNORADO
70041;3502606.0;Aparecida d'Oeste;São José do Rio Preto;False;IGNORADO
70042;3553302.0;Tambaú;São João da Boa Vista;False;BRANCA
70043;3556404.0;Vargem Grande do Sul;São João da Boa Vista;False;IGNORADO
70044;3548708.0;São Bernardo do Campo;Grande SP Sudeste;False;BRANCA
70045;3550308.0;São Paulo;Município de São Paulo;False;PRETA
70046;3509502.0;Campinas;Campinas;False;PARDA
70047;3552205.0;Sorocaba;Sorocaba;False;BRANCA
70048;3548708.0;São Bernardo do Campo;Grande SP Sudeste;False;PARDA
70049;3550308.0;São Paulo;Município de São Paulo;False;PARDA
70050;3534401.0;Osasco;Grande SP Oeste;False;IGNORADO
70051;3550308.0;São Paulo;Município de São Paulo;False;PRETA
70052;3509502.0;Campinas;Campinas;False;BRANCA
70053;3519709.0;Ibiúna;Sorocaba;True;BRANCA
70054;3550308.0;São Paulo;Município de São Paulo;False;PRETA
70055;3550308.0;São Paulo;Município de São Paulo;False;BRANCA
70056;3530607.0;Mogi das Cruzes;Grande SP Leste;False;BRANCA
70057;3550308.0;São Paulo;Município de São Paulo;False;PARDA
70058;3550308.0;São Paulo;Município de São Paulo;False;PARDA
70059;3550308.0;São Paulo;Município de São Paulo;False;PARDA
70060;3524402.0;Jacareí;Taubaté;False;BRANCA
70061;3510500.0;Caraguatatuba;Taubaté;False;BRANCA
70062;3550308.0;São Paulo;Município de São Paulo;False;BRANCA
70063;3552809.0;Taboão da Serra;Grande SP Sudoeste;False;PARDA
70064;3547809.0;Santo André;Grande SP Sudeste;False;BRANCA
70065;3522505.0;Itapevi;Grande SP Oeste;False;BRANCA
70066;3547809.0;Santo André;Grande SP Sudeste;False;BRANCA
70067;3515707.0;Ferraz de Vasconcelos;Grande SP Leste;False;PARDA
70068;3516309.0;Francisco Morato;Grande SP Norte;False;PARDA
70069;3507605.0;Bragança Paulista;Campinas;False;BRANCA
70070;3506003.0;Bauru;Bauru;False;BRANCA
70071;3510500.0;Caraguatatuba;Taubaté;False;BRANCA
70072;3506003.0;Bauru;Bauru;False;BRANCA
70073;3541406.0;Presidente Prudente;Presidente Prudente;False;BRANCA
70074;3548500.0;Santos;Baixada Santista;False;IGNORADO
70075;3550308.0;São Paulo;Município de São Paulo;False;BRANCA
