49461;3543402.0;Ribeirão Preto;Ribeirão Preto;False;BRANCA
49462;3547304.0;Santana de Parnaíba;Grande SP Oeste;False;BRANCA
49463;3547809.0;Santo André;Grande SP Sudeste;False;IGNORADO
49464;3548807.0;São Caetano do Sul;Grande SP Sudeste;False;BRANCA
49465;3550308.0;São Paulo;Município de São Paulo;False;PARDA
49466;3549904.0;São José dos Campos;Taubaté;False;BRANCA
49467;3543402.0;Ribeirão Preto;Ribeirão Preto;False;BRANCA
49468;3550308.0;São Paulo;Município de São Paulo;False;BRANCA
49469;3548500.0;Santos;Baixada Santista;False;BRANCA
49470;3518800.0;Guarulhos;Grande SP Leste;False;BRANCA
49471;3550308.0;São Paulo;Município de São Paulo;False;NONE
49472;3505302.0;Barra Bonita;Bauru;False;BRANCA
49473;3514403.0;Dracena;Presidente Prudente;True;BRANCA
49474;3520509.0;Indaiatuba;Campinas;False;IGNORADO
49475;3524105.0;Ituverava;Franca;False;BRANCA
49476;3514601.0;Dumont;Ribeirão Preto;False;BRANCA
49477;3519105.0;Iacanga;Bauru;False;BRANCA
49478;3532405.0;Nazaré Paulista;Campinas;False;BRANCA
49479;3510401.0;Capivari;Piracicaba;False;BRANCA
49480;3525904.0;Jundiaí;Campinas;False;IGNORADO
49481;3520509.0;Indaiatuba;Campinas;False;IGNORADO
49482;3538709.0;Piracicaba;Piracicaba;False;BRANCA
49483;3503307.0;Araras;Piracicaba;False;BRANCA
49484;3518800.0;Guarulhos;Grande SP Leste;False;
49485;3520509.0;Indaiatuba;Campinas;False;IGNORADO
49486;3550308.0;São Paulo;Município de São Paulo;False;BRANCA
49487;3514403.0;Dracena;Presidente Prudente;False;BRANCA
49488;3549805.0;São José do Rio Preto;São José do Rio Preto;False;BRANCA
49489;3513504.0;Cubatão;Baixada Santista;False;PARDA
49490;3530508.0;Mococa;São João da Boa Vista;False;BRANCA
49491;3503802.0;Artur Nogueira;Campinas;False;BRANCA
49492;3518503.0;Guareí;Sorocaba;False;
49493;3541406.0;Presidente Prudente;Presidente Prudente;False;BRANCA
49494;3535903.0;Paranapuã;São José do Rio Preto;False;BRANCA
49495;3506003.0;Bauru;Bauru;False;
49496;3529401.0;Mauá;Grande SP Sudeste;False;BRANCA
49497;3552403.0;Sumaré;Campinas;False;BRANCA
49498;3549805.0;São José do Rio Preto;São José do Rio Preto;False;PARDA
49499;3550308.0;São Paulo;Município de São Paulo;False;
49500;3540200.0;Pontal;Ribeirão Preto;False;BRANCA
49501;3501608.0;Americana;Campinas;False;IGNORADO
49502;3512209.0;Conchal;Piracicaba;False;BRANCA
49503;3516200.0;Franca;Franca;False;IGNORADO
49504;3553658.0;Taquaral;Barretos;False;BRANCA
49505;3550308.0;São Paulo;Município de São Paulo;False;PARDA
49506;3507506.0;Botucatu;Bauru;False;BRANCA
49507;3542206.0;Rancharia;Presidente Prudente;False;BRANCA
49508;3523909.0;Itu;Sorocaba;False;BRANCA
49509;3550308.0;São Paulo;Município de São Paulo;False;IGNORADO
49510;3546603.0;Santa Fé do Sul;São José do Rio Preto;False;PARDA
49511;3550308.0;São Paulo;Município de São Paulo;False;BRANCA
49512;3534401.0;Osasco;Grande SP Oeste;False;
49513;3550308.0;São Paulo;Município de São Paulo;False;PARDA
49514;3527108.0;Lins;Bauru;True;PARDA
49515;3518701.0;Guarujá;Baixada Santista;False;
49516;3540903.0;Pradópolis;Ribeirão Preto;False;BRANCA
49517;3549904.0;São José dos Campos;Taubaté;False;IGNORADO
49518;3549904.0;São José dos Campos;Taubaté;False;IGNORADO
49519;3548708.0;São Bernardo do Campo;Grande SP Sudeste;False;BRANCA
49520;3551702.0;Sertãozinho;Ribeirão Preto;False;IGNORADO
49521;3550308.0;São Paulo;Município de São Paulo;False;PARDA
49522;3530607.0;Mogi das Cruzes;Grande SP Leste;False;PARDA
49523;3548500.0;Santos;Baixada Santista;False;BRANCA
49524;3533908.0;Olímpia;Barretos;False;BRANCA
49525;3525904.0;Jundiaí;Campinas;False;BRANCA
49526;3505500.0;Barretos;Barretos;False;IGNORADO
49527;3550308.0;São Paulo;Município de São Paulo;False;BRANCA
49528;3550308.0;São Paulo;Município de São Paulo;False;PARDA
49529;3503307.0;Araras;Piracicaba;False;IGNORADO
49530;3548708.0;São Bernardo do Campo;Grande SP Sudeste;False;BRANCA
49531;3547809.0;Santo André;Grande SP Sudeste;False;BRANCA
49532;3513504.0;Cubatão;Baixada Santista;False;BRANCA
49533;3548500.0;Santos;Baixada Santista;False;IGNORADO
49534;3549706.0;São José do Rio Pardo;São João da Boa Vista;False;BRANCA
49535;3549904.0;São José dos Campos;Taubaté;False;IGNORADO
49536;3550308.0;São Paulo;Município de São Paulo;False;IGNORADO
49537;3522208.0;Itapecerica da Serra;Grande SP Sudoeste;False;PARDA
49538;3550308.0;São Paulo;Município de São Paulo;False;PARDA
49539;3550308.0;São Paulo;Município de São Paulo;False;PARDA
49540;3549805.0;São José do Rio Preto;São José do Rio Preto;False;BRANCA
49541;3530409.0;Mirassolândia;São José do Rio Preto;False;BRANCA
49542;3508603.0;Cachoeira Paulista;Taubaté;False;BRANCA
49543;3550308.0;São Paulo;Município de São Paulo;False;PARDA
49544;3509502.0;Campinas;Campinas;False;BRANCA
49545;3509502.0;Campinas;Campinas;False;PARDA
49546;3550308.0;São Paulo;Município de São Paulo;False;BRANCA
49547;3517208.0;Guaiçara;Bauru;False;BRANCA
49548;3550308.0;São Paulo;Município de São Paulo;False;NONE
49549;3509502.0;Campinas;Campinas;False;BRANCA
49550;3550308.0;São Paulo;Município de São Paulo;False;PARDA
49551;3550308.0;São Paulo;Município de São Paulo;False;BRANCA
49552;3550308.0;São Paulo;Município de São Paulo;False;BRANCA
49553;3518800.0;Guarulhos;Grande SP Leste;False;AMARELA
49554;3543402.0;Ribeirão Preto;Ribeirão Preto;False;BRANCA
49555;3550308.0;São Paulo;Município de São Paulo;False;BRANCA
49556;3550308.0;São Paulo;Município de São Paulo;False;NONE
49557;3548708.0;São Bernardo do Campo;Grande SP Sudeste;False;BRANCA
49558;3513009.0;Cotia;Grande SP Sudoeste;False;BRANCA
49559;3549805.0;São José do Rio Preto;São José do Rio Preto;False;PRETA
49560;3550308.0;São Paulo;Município de São Paulo;False;PARDA
49561;3504503.0;Avaré;Bauru;False;IGNORADO
49562;3549805.0;São José do Rio Preto;São José do Rio Preto;False;BRANCA
49563;3550308.0;São Paulo;Município de São Paulo;False;BRANCA
49564;3518701.0;Guarujá;Baixada Santista;False;PARDA
49565;3543402.0;Ribeirão Preto;Ribeirão Preto;False;IGNORADO
49566;3538709.0;Piracicaba;Piracicaba;False;AMARELA
49567;3550308.0;São Paulo;Município de São Paulo;False;BRANCA
49568;3538709.0;Piracicaba;Piracicaba;False;BRANCA
49569;3504107.0;Atibaia;Campinas;False;BRANCA
49570;3550308.0;São Paulo;Município de São Paulo;False;IGNORADO
49571;3518800.0;Guarulhos;Grande SP Leste;False;BRANCA
49572;3551009.0;São Vicente;Baixada Santista;False;PRETA
49573;3540606.0;Porto Feliz;Sorocaba;False;BRANCA
49574;3520509.0;Indaiatuba;Campinas;False;BRANCA
49575;3550308.0;São Paulo;Município de São Paulo;False;BRANCA
49576;3550308.0;São Paulo;Município de São Paulo;False;PARDA
49577;3549805.0;São José do Rio Preto;São José do Rio Preto;False;BRANCA
49578;3519600.0;Ibitinga;Araraquara;False;BRANCA
49579;3529005.0;Marília;Marília;False;BRANCA
49580;3526902.0;Limeira;Piracicaba;False;BRANCA
49581;3550308.0;São Paulo;Município de São Paulo;False;BRANCA
49582;3529005.0;Marília;Marília;False;BRANCA
49583;3550308.0;São Paulo;Município de São Paulo;False;PARDA
49584;3539301.0;Pirassununga;Piracicaba;False;BRANCA
49585;3550308.0;São Paulo;Município de São Paulo;False;BRANCA
49586;3550308.0;São Paulo;Município de São Paulo;False;BRANCA
49587;3550308.0;São Paulo;Município de São Paulo;False;PARDA
49588;3550308.0;São Paulo;Município de São Paulo;False;PARDA
49589;3550308.0;São Paulo;Município de São Paulo;False;AMARELA
49590;3507506.0;Botucatu;Bauru;False;IGNORADO
49591;3534401.0;Osasco;Grande SP Oeste;False;BRANCA
49592;3550308.0;São Paulo;Município de São Paulo;False;BRANCA
49593;3522109.0;Itanhaém;Baixada Santista;False;AMARELA
49594;3522307.0;Itapetininga;Sorocaba;False;BRANCA
49595;3550308.0;São Paulo;Município de São Paulo;False;PRETA
49596;3550308.0;São Paulo;Município de São Paulo;False;IGNORADO
49597;3538600.0;Piracaia;Campinas;False;IGNORADO
49598;3530300.0;Mirassol;São José do Rio Preto;False;IGNORADO
49599;3547809.0;Santo André;Grande SP Sudeste;False;BRANCA
49600;3548500.0;Santos;Baixada Santista;False;NONE
49601;3543402.0;Ribeirão Preto;Ribeirão Preto;False;BRANCA
49602;3550308.0;São Paulo;Município de São Paulo;False;BRANCA
