47479;3538808.0;Piraju;Bauru;False;BRANCA
47480;3538709.0;Piracicaba;Piracicaba;False;IGNORADO
47481;3549805.0;São José do Rio Preto;São José do Rio Preto;False;BRANCA
47482;3522406.0;Itapeva;Sorocaba;False;BRANCA
47483;3502804.0;Araçatuba;Araçatuba;False;BRANCA
47484;3543402.0;Ribeirão Preto;Ribeirão Preto;False;BRANCA
47485;3525706.0;José Bonifácio;São José do Rio Preto;False;BRANCA
47486;3547809.0;Santo André;Grande SP Sudeste;False;BRANCA
47487;3509502.0;Campinas;Campinas;False;BRANCA
47488;3545605.0;Santa Adélia;São José do Rio Preto;False;NONE
47489;3548708.0;São Bernardo do Campo;Grande SP Sudeste;False;BRANCA
47490;3522307.0;Itapetininga;Sorocaba;False;BRANCA
47491;3537909.0;Pilar do Sul;Sorocaba;False;BRANCA
47492;3518800.0;Guarulhos;Grande SP Leste;False;BRANCA
47493;3518206.0;Guararapes;Araçatuba;False;BRANCA
47494;3505500.0;Barretos;Barretos;False;BRANCA
47495;3509502.0;Campinas;Campinas;False;BRANCA
47496;3550308.0;São Paulo;Município de São Paulo;False;INDIGENA
47497;3550308.0;São Paulo;Município de São Paulo;False;BRANCA
47498;3550704.0;São Sebastião;Taubaté;False;BRANCA
47499;3509502.0;Campinas;Campinas;False;BRANCA
47500;3549409.0;São Joaquim da Barra;Franca;False;IGNORADO
47501;3536604.0;Paulo de Faria;São José do Rio Preto;False;BRANCA
47502;3530805.0;Mogi Mirim;São João da Boa Vista;False;BRANCA
47503;3541000.0;Praia Grande;Baixada Santista;False;IGNORADO
47504;3505500.0;Barretos;Barretos;True;PRETA
47505;3550308.0;São Paulo;Município de São Paulo;False;BRANCA
47506;3513009.0;Cotia;Grande SP Sudoeste;False;BRANCA
47507;3515509.0;Fernandópolis;São José do Rio Preto;False;PARDA
47508;3519071.0;Hortolândia;Campinas;False;PARDA
47509;3550308.0;São Paulo;Município de São Paulo;False;AMARELA
47510;3518800.0;Guarulhos;Grande SP Leste;True;IGNORADO
47511;3548906.0;São Carlos;Araraquara;False;IGNORADO
47512;3550308.0;São Paulo;Município de São Paulo;False;IGNORADO
47513;3519402.0;Ibirá;São José do Rio Preto;False;BRANCA
47514;3530706.0;Mogi Guaçu;São João da Boa Vista;False;BRANCA
47515;3519071.0;Hortolândia;Campinas;False;PARDA
47516;3549904.0;São José dos Campos;Taubaté;False;IGNORADO
47517;3516200.0;Franca;Franca;False;PARDA
47518;3552809.0;Taboão da Serra;Grande SP Sudoeste;True;IGNORADO
47519;3550308.0;São Paulo;Município de São Paulo;False;IGNORADO
47520;3502804.0;Araçatuba;Araçatuba;False;BRANCA
47521;3550308.0;São Paulo;Município de São Paulo;False;IGNORADO
47522;3529005.0;Marília;Marília;False;IGNORADO
47523;3550308.0;São Paulo;Município de São Paulo;False;PARDA
47524;3509502.0;Campinas;Campinas;False;BRANCA
47525;3556503.0;Várzea Paulista;Campinas;False;PARDA
47526;3550308.0;São Paulo;Município de São Paulo;False;NONE
47527;3550308.0;São Paulo;Município de São Paulo;True;PRETA
47528;3550308.0;São Paulo;Município de São Paulo;False;BRANCA
47529;3533908.0;Olímpia;Barretos;False;BRANCA
47530;3550308.0;São Paulo;Município de São Paulo;False;PRETA
47531;3515707.0;Ferraz de Vasconcelos;Grande SP Leste;False;PARDA
47532;3531308.0;Monte Alto;Ribeirão Preto;True;BRANCA
47533;3509502.0;Campinas;Campinas;False;BRANCA
47534;3504909.0;Bananal;Taubaté;False;BRANCA
47535;3550308.0;São Paulo;Município de São Paulo;False;AMARELA
47536;3550308.0;São Paulo;Município de São Paulo;False;PARDA
47537;3551702.0;Sertãozinho;Ribeirão Preto;False;NONE
47538;3550308.0;São Paulo;Município de São Paulo;False;BRANCA
47539;3550308.0;São Paulo;Município de São Paulo;False;BRANCA
47540;3536505.0;Paulínia;Campinas;False;IGNORADO
47541;3549805.0;São José do Rio Preto;São José do Rio Preto;False;BRANCA
47542;3533908.0;Olímpia;Barretos;False;BRANCA
47543;3508504.0;Caçapava;Taubaté;False;BRANCA
47544;3518800.0;Guarulhos;Grande SP Leste;False;BRANCA
47545;3509502.0;Campinas;Campinas;False;IGNORADO
47546;3502804.0;Araçatuba;Araçatuba;False;BRANCA
47547;3556305.0;Valparaíso;Araçatuba;False;AMARELA
47548;3529401.0;Mauá;Grande SP Sudeste;True;IGNORADO
47549;3529401.0;Mauá;Grande SP Sudeste;True;BRANCA
47550;3550308.0;São Paulo;Município de São Paulo;True;IGNORADO
47551;3518701.0;Guarujá;Baixada Santista;True;PRETA
47552;3509908.0;Cananéia;Registro;False;BRANCA
47553;3550308.0;São Paulo;Município de São Paulo;False;BRANCA
47554;3530607.0;Mogi das Cruzes;Grande SP Leste;True;BRANCA
47555;3511508.0;Cerquilho;Sorocaba;False;BRANCA
47556;3509502.0;Campinas;Campinas;True;BRANCA
47557;3555802.0;Urânia;São José do Rio Preto;True;BRANCA
47558;3509502.0;Campinas;Campinas;False;BRANCA
47559;3526902.0;Limeira;Piracicaba;True;BRANCA
47560;3550308.0;São Paulo;Município de São Paulo;False;BRANCA
47561;3509502.0;Campinas;Campinas;False;PRETA
47562;3549805.0;São José do Rio Preto;São José do Rio Preto;False;BRANCA
47563;3550308.0;São Paulo;Município de São Paulo;False;PARDA
47564;3522505.0;Itapevi;Grande SP Oeste;False;PARDA
47565;3530607.0;Mogi das Cruzes;Grande SP Leste;False;PARDA
47566;3550308.0;São Paulo;Município de São Paulo;False;IGNORADO
47567;3543402.0;Ribeirão Preto;Ribeirão Preto;False;IGNORADO
47568;3553708.0;Taquaritinga;Araraquara;False;BRANCA
47569;3550308.0;São Paulo;Município de São Paulo;False;NONE
47570;3524808.0;Jales;São José do Rio Preto;False;BRANCA
47571;3541653.0;Quadra;Sorocaba;True;PARDA
47572;3502101.0;Andradina;Araçatuba;False;BRANCA
47573;3505807.0;Bastos;Marília;False;BRANCA
47574;3538709.0;Piracicaba;Piracicaba;False;BRANCA
47575;3543402.0;Ribeirão Preto;Ribeirão Preto;False;PARDA
47576;3533304.0;Nova Luzitânia;Araçatuba;False;BRANCA
47577;3526902.0;Limeira;Piracicaba;False;AMARELA
47578;3551405.0;Serra Azul;Ribeirão Preto;False;PARDA
47579;3525300.0;Jaú;Bauru;False;BRANCA
47580;3533502.0;Novo Horizonte;São José do Rio Preto;False;PARDA
47581;3533502.0;Novo Horizonte;São José do Rio Preto;False;BRANCA
47582;3548500.0;Santos;Baixada Santista;False;IGNORADO
47583;3550308.0;São Paulo;Município de São Paulo;False;PARDA
47584;3550308.0;São Paulo;Município de São Paulo;False;BRANCA
47585;3550308.0;São Paulo;Município de São Paulo;True;NONE
47586;3550308.0;São Paulo;Município de São Paulo;False;
47587;3550308.0;São Paulo;Município de São Paulo;True;BRANCA
47588;3550308.0;São Paulo;Município de São Paulo;False;PARDA
47589;3550308.0;São Paulo;Município de São Paulo;False;PARDA
47590;3526902.0;Limeira;Piracicaba;False;BRANCA
47591;3549904.0;São José dos Campos;Taubaté;False;BRANCA
47592;3550308.0;São Paulo;Município de São Paulo;False;NONE
47593;3543907.0;Rio Claro;Piracicaba;False;BRANCA
47594;3516408.0;Franco da Rocha;Grande SP Norte;False;BRANCA
47595;3540804.0;Potirendaba;São José do Rio Preto;False;BRANCA
47596;3551702.0;Sertãozinho;Ribeirão Preto;False;BRANCA
47597;3550308.0;São Paulo;Município de São Paulo;False;BRANCA
47598;3550308.0;São Paulo;Município de São Paulo;False;PRETA
47599;3549805.0;São José do Rio Preto;São José do Rio Preto;False;IGNORADO
47600;3515400.0;Fartura;Bauru;False;BRANCA
47601;3550308.0;São Paulo;Município de São Paulo;False;PARDA
47602;3548500.0;Santos;Baixada Santista;True;PARDA
47603;3520509.0;Indaiatuba;Campinas;False;BRANCA
47604;3547601.0;Santa Rosa de Viterbo;Ribeirão Preto;False;IGNORADO
47605;3548500.0;Santos;Baixada Santista;False;PARDA
47606;3554102.0;Taubaté;Taubaté;False;PARDA
47607;3550308.0;São Paulo;Município de São Paulo;False;BRANCA
47608;3550308.0;São Paulo;Município de São Paulo;False;BRANCA
47609;3549805.0;São José do Rio Preto;São José do Rio Preto;False;IGNORADO
47610;3516408.0;Franco da Rocha;Grande SP Norte;False;BRANCA
47611;3547809.0;Santo André;Grande SP Sudeste;False;BRANCA
47612;3510609.0;Carapicuíba;Grande SP Oeste;False;IGNORADO
47613;3549805.0;São José do Rio Preto;São José do Rio Preto;False;BRANCA
47614;3515103.0;Embu-Guaçu;Grande SP Sudoeste;False;BRANCA
47615;3550308.0;São Paulo;Município de São Paulo;False;
47616;3540804.0;Potirendaba;São José do Rio Preto;False;BRANCA
47617;3548708.0;São Bernardo do Campo;Grande SP Sudeste;False;BRANCA
47618;3554102.0;Taubaté;Taubaté;False;BRANCA
47619;3518800.0;Guarulhos;Grande SP Leste;False;
47620;3529401.0;Mauá;Grande SP Sudeste;False;BRANCA
