21676;3504008.0;Assis;Marília;False;AMARELA
21677;3520301.0;Iguape;Registro;False;BRANCA
21678;3545803.0;Santa Bárbara d'Oeste;Campinas;False;BRANCA
21679;3504305.0;Avaí;Bauru;False;INDIGENA
21680;3508108.0;Buritama;Araçatuba;False;BRANCA
21681;3528502.0;Mairiporã;Grande SP Norte;False;BRANCA
21682;3510500.0;Caraguatatuba;Taubaté;False;BRANCA
21683;3512407.0;Cordeirópolis;Piracicaba;False;BRANCA
21684;3550308.0;São Paulo;Município de São Paulo;False;PARDA
21685;3550308.0;São Paulo;Município de São Paulo;False;
21686;3550308.0;São Paulo;Município de São Paulo;False;
21687;3550308.0;São Paulo;Município de São Paulo;False;
21688;3550308.0;São Paulo;Município de São Paulo;False;
21689;3550308.0;São Paulo;Município de São Paulo;False;
21690;3550308.0;São Paulo;Município de São Paulo;False;
21691;3550308.0;São Paulo;Município de São Paulo;False;
21692;3550308.0;São Paulo;Município de São Paulo;False;
21693;3550308.0;São Paulo;Município de São Paulo;False;
21694;3550308.0;São Paulo;Município de São Paulo;False;
21695;3550308.0;São Paulo;Município de São Paulo;False;
21696;3550308.0;São Paulo;Município de São Paulo;False;
21697;3550308.0;São Paulo;Município de São Paulo;False;
21698;3550308.0;São Paulo;Município de São Paulo;False;
21699;3550308.0;São Paulo;Município de São Paulo;False;
21700;3550308.0;São Paulo;Município de São Paulo;False;
21701;3550308.0;São Paulo;Município de São Paulo;False;
21702;3550308.0;São Paulo;Município de São Paulo;False;
21703;3550308.0;São Paulo;Município de São Paulo;False;
21704;3550308.0;São Paulo;Município de São Paulo;False;
21705;3550308.0;São Paulo;Município de São Paulo;False;
21706;3550308.0;São Paulo;Município de São Paulo;False;
21707;3550308.0;São Paulo;Município de São Paulo;False;
21708;3550308.0;São Paulo;Município de São Paulo;False;
21709;3550308.0;São Paulo;Município de São Paulo;False;
21710;3550308.0;São Paulo;Município de São Paulo;False;
21711;3550308.0;São Paulo;Município de São Paulo;False;
21712;3550308.0;São Paulo;Município de São Paulo;False;
21713;3550308.0;São Paulo;Município de São Paulo;False;
21714;3550308.0;São Paulo;Município de São Paulo;False;
21715;3550308.0;São Paulo;Município de São Paulo;False;
21716;3550308.0;São Paulo;Município de São Paulo;False;
21717;3550308.0;São Paulo;Município de São Paulo;False;
21718;3550308.0;São Paulo;Município de São Paulo;False;
21719;3550308.0;São Paulo;Município de São Paulo;False;
21720;3550308.0;São Paulo;Município de São Paulo;False;
21721;3550308.0;São Paulo;Município de São Paulo;False;
21722;3550308.0;São Paulo;Município de São Paulo;False;
21723;3550308.0;São Paulo;Município de São Paulo;False;
21724;3550308.0;São Paulo;Município de São Paulo;False;
21725;3550308.0;São Paulo;Município de São Paulo;False;
21726;3550308.0;São Paulo;Município de São Paulo;False;
21727;3550308.0;São Paulo;Município de São Paulo;False;
21728;3550308.0;São Paulo;Município de São Paulo;False;
21729;3550308.0;São Paulo;Município de São Paulo;False;
21730;3550308.0;São Paulo;Município de São Paulo;False;
21731;3550308.0;São Paulo;Município de São Paulo;False;
21732;3550308.0;São Paulo;Município de São Paulo;False;
21733;3550308.0;São Paulo;Município de São Paulo;False;
21734;3550308.0;São Paulo;Município de São Paulo;False;
21735;3550308.0;São Paulo;Município de São Paulo;False;
21736;3550308.0;São Paulo;Município de São Paulo;False;
21737;3550308.0;São Paulo;Município de São Paulo;False;
21738;3550308.0;São Paulo;Município de São Paulo;False;
21739;3550308.0;São Paulo;Município de São Paulo;False;
21740;3550308.0;São Paulo;Município de São Paulo;False;
21741;3550308.0;São Paulo;Município de São Paulo;False;
21742;3550308.0;São Paulo;Município de São Paulo;False;
21743;3550308.0;São Paulo;Município de São Paulo;False;
21744;3550308.0;São Paulo;Município de São Paulo;False;
21745;3550308.0;São Paulo;Município de São Paulo;False;
21746;3550308.0;São Paulo;Município de São Paulo;False;
21747;3550308.0;São Paulo;Município de São Paulo;False;
21748;3550308.0;São Paulo;Município de São Paulo;False;
21749;3550308.0;São Paulo;Município de São Paulo;False;
21750;3550308.0;São Paulo;Município de São Paulo;False;
21751;3550308.0;São Paulo;Município de São Paulo;False;
21752;3550308.0;São Paulo;Município de São Paulo;False;
21753;3550308.0;São Paulo;Município de São Paulo;False;
21754;3550308.0;São Paulo;Município de São Paulo;False;
21755;3550308.0;São Paulo;Município de São Paulo;False;
21756;3550308.0;São Paulo;Município de São Paulo;False;
21757;3550308.0;São Paulo;Município de São Paulo;False;
21758;3550308.0;São Paulo;Município de São Paulo;False;
21759;3550308.0;São Paulo;Município de São Paulo;False;
21760;3550308.0;São Paulo;Município de São Paulo;False;
21761;3550308.0;São Paulo;Município de São Paulo;False;
21762;3550308.0;São Paulo;Município de São Paulo;False;
21763;3550308.0;São Paulo;Município de São Paulo;False;
21764;3550308.0;São Paulo;Município de São Paulo;False;
21765;3550308.0;São Paulo;Município de São Paulo;False;
21766;3550308.0;São Paulo;Município de São Paulo;False;
21767;3550308.0;São Paulo;Município de São Paulo;False;
21768;3550308.0;São Paulo;Município de São Paulo;False;
21769;3550308.0;São Paulo;Município de São Paulo;False;
21770;3550308.0;São Paulo;Município de São Paulo;False;
21771;3550308.0;São Paulo;Município de São Paulo;False;
21772;3550308.0;São Paulo;Município de São Paulo;False;
21773;3550308.0;São Paulo;Município de São Paulo;False;
21774;3550308.0;São Paulo;Município de São Paulo;False;
21775;3550308.0;São Paulo;Município de São Paulo;False;
21776;3550308.0;São Paulo;Município de São Paulo;False;
21777;3550308.0;São Paulo;Município de São Paulo;False;
21778;3550308.0;São Paulo;Município de São Paulo;False;
21779;3550308.0;São Paulo;Município de São Paulo;False;
21780;3550308.0;São Paulo;Município de São Paulo;False;
21781;3550308.0;São Paulo;Município de São Paulo;False;
21782;3550308.0;São Paulo;Município de São Paulo;False;
21783;3550308.0;São Paulo;Município de São Paulo;False;
21784;3550308.0;São Paulo;Município de São Paulo;False;
21785;3550308.0;São Paulo;Município de São Paulo;False;
21786;3550308.0;São Paulo;Município de São Paulo;False;
21787;3550308.0;São Paulo;Município de São Paulo;False;
21788;3550308.0;São Paulo;Município de São Paulo;False;
21789;3550308.0;São Paulo;Município de São Paulo;False;
21790;3550308.0;São Paulo;Município de São Paulo;False;
21791;3550308.0;São Paulo;Município de São Paulo;False;
21792;3550308.0;São Paulo;Município de São Paulo;False;
21793;3550308.0;São Paulo;Município de São Paulo;False;
21794;3550308.0;São Paulo;Município de São Paulo;False;
21795;3550308.0;São Paulo;Município de São Paulo;False;
21796;3550308.0;São Paulo;Município de São Paulo;False;
21797;3550308.0;São Paulo;Município de São Paulo;False;
21798;3550308.0;São Paulo;Município de São Paulo;False;
21799;3550308.0;São Paulo;Município de São Paulo;False;
21800;3550308.0;São Paulo;Município de São Paulo;False;
21801;3550308.0;São Paulo;Município de São Paulo;False;
21802;3550308.0;São Paulo;Município de São Paulo;False;
21803;3550308.0;São Paulo;Município de São Paulo;False;
21804;3550308.0;São Paulo;Município de São Paulo;False;
21805;3550308.0;São Paulo;Município de São Paulo;False;
21806;3550308.0;São Paulo;Município de São Paulo;False;
21807;3550308.0;São Paulo;Município de São Paulo;False;
21808;3550308.0;São Paulo;Município de São Paulo;False;
21809;3550308.0;São Paulo;Município de São Paulo;False;
21810;3550308.0;São Paulo;Município de São Paulo;False;
21811;3550308.0;São Paulo;Município de São Paulo;False;
21812;3550308.0;São Paulo;Município de São Paulo;False;
21813;3550308.0;São Paulo;Município de São Paulo;False;
21814;3550308.0;São Paulo;Município de São Paulo;False;
21815;3550308.0;São Paulo;Município de São Paulo;False;
