63678;3523800.0;Itobi;São João da Boa Vista;False;BRANCA
63679;3506300.0;Bernardino de Campos;Marília;False;BRANCA
63680;3550308.0;São Paulo;Município de São Paulo;False;PARDA
63681;3550308.0;São Paulo;Município de São Paulo;False;BRANCA
63682;3553401.0;Tanabi;São José do Rio Preto;False;BRANCA
63683;3550308.0;São Paulo;Município de São Paulo;False;PARDA
63684;3550308.0;São Paulo;Município de São Paulo;False;BRANCA
63685;3513405.0;Cruzeiro;Taubaté;True;BRANCA
63686;3522109.0;Itanhaém;Baixada Santista;False;IGNORADO
63687;3555000.0;Tupã;Marília;False;BRANCA
63688;3519071.0;Hortolândia;Campinas;False;BRANCA
63689;3510609.0;Carapicuíba;Grande SP Oeste;False;BRANCA
63690;3529005.0;Marília;Marília;True;BRANCA
63691;3549805.0;São José do Rio Preto;São José do Rio Preto;False;BRANCA
63692;3549805.0;São José do Rio Preto;São José do Rio Preto;False;BRANCA
63693;3513801.0;Diadema;Grande SP Sudeste;False;BRANCA
63694;3548708.0;São Bernardo do Campo;Grande SP Sudeste;False;
63695;3550308.0;São Paulo;Município de São Paulo;False;PARDA
63696;3550308.0;São Paulo;Município de São Paulo;True;IGNORADO
63697;3548708.0;São Bernardo do Campo;Grande SP Sudeste;False;BRANCA
63698;3538907.0;Pirajuí;Bauru;False;BRANCA
63699;3549805.0;São José do Rio Preto;São José do Rio Preto;False;BRANCA
63700;3545803.0;Santa Bárbara d'Oeste;Campinas;False;IGNORADO
63701;3518701.0;Guarujá;Baixada Santista;True;BRANCA
63702;3550308.0;São Paulo;Município de São Paulo;False;PARDA
63703;3550308.0;São Paulo;Município de São Paulo;False;BRANCA
63704;3550308.0;São Paulo;Município de São Paulo;False;BRANCA
63705;3554102.0;Taubaté;Taubaté;False;BRANCA
63706;3540903.0;Pradópolis;Ribeirão Preto;False;BRANCA
63707;3510609.0;Carapicuíba;Grande SP Oeste;False;BRANCA
63708;3543402.0;Ribeirão Preto;Ribeirão Preto;False;IGNORADO
63709;3550308.0;São Paulo;Município de São Paulo;False;PARDA
63710;3550308.0;São Paulo;Município de São Paulo;False;PARDA
63711;3549904.0;São José dos Campos;Taubaté;False;BRANCA
63712;3503208.0;Araraquara;Araraquara;False;PARDA
63713;3506508.0;Birigui;Araçatuba;False;BRANCA
63714;3531605.0;Monte Castelo;Presidente Prudente;False;BRANCA
63715;3519071.0;Hortolândia;Campinas;False;BRANCA
63716;3550308.0;São Paulo;Município de São Paulo;True;BRANCA
63717;3506508.0;Birigui;Araçatuba;False;BRANCA
63718;3550308.0;São Paulo;Município de São Paulo;False;BRANCA
63719;3550308.0;São Paulo;Município de São Paulo;False;BRANCA
63720;3515152.0;Engenheiro Coelho;Piracicaba;False;PARDA
63721;3550308.0;São Paulo;Município de São Paulo;True;PARDA
63722;3552809.0;Taboão da Serra;Grande SP Sudoeste;False;AMARELA
63723;3552809.0;Taboão da Serra;Grande SP Sudoeste;False;BRANCA
63724;3548708.0;São Bernardo do Campo;Grande SP Sudeste;False;BRANCA
63725;3550308.0;São Paulo;Município de São Paulo;False;BRANCA
63726;3548500.0;Santos;Baixada Santista;False;BRANCA
63727;3549904.0;São José dos Campos;Taubaté;False;IGNORADO
63728;3550308.0;São Paulo;Município de São Paulo;False;PARDA
63729;3550308.0;São Paulo;Município de São Paulo;False;PARDA
63730;3509700.0;Campos do Jordão;Taubaté;False;BRANCA
63731;3503901.0;Arujá;Grande SP Leste;False;PARDA
63732;3505708.0;Barueri;Grande SP Oeste;False;BRANCA
63733;3529401.0;Mauá;Grande SP Sudeste;False;BRANCA
63734;3550308.0;São Paulo;Município de São Paulo;False;PARDA
63735;3535309.0;Palmital;Marília;False;BRANCA
63736;3538709.0;Piracicaba;Piracicaba;False;PARDA
63737;3520509.0;Indaiatuba;Campinas;False;PARDA
63738;3549805.0;São José do Rio Preto;São José do Rio Preto;False;PRETA
63739;3550308.0;São Paulo;Município de São Paulo;False;PARDA
63740;3550308.0;São Paulo;Município de São Paulo;False;IGNORADO
63741;3534401.0;Osasco;Grande SP Oeste;False;PARDA
63742;3523909.0;Itu;Sorocaba;False;BRANCA
63743;3549805.0;São José do Rio Preto;São José do Rio Preto;False;PRETA
63744;3526704.0;Leme;Piracicaba;False;BRANCA
63745;3550308.0;São Paulo;Município de São Paulo;False;PRETA
63746;3550308.0;São Paulo;Município de São Paulo;False;BRANCA
63747;3506003.0;Bauru;Bauru;False;BRANCA
63748;3513009.0;Cotia;Grande SP Sudoeste;False;BRANCA
63749;3500600.0;Águas de São Pedro;Piracicaba;False;PARDA
63750;3514403.0;Dracena;Presidente Prudente;False;BRANCA
63751;3510609.0;Carapicuíba;Grande SP Oeste;False;BRANCA
63752;3540200.0;Pontal;Ribeirão Preto;False;BRANCA
63753;3509007.0;Caieiras;Grande SP Norte;False;IGNORADO
63754;3550308.0;São Paulo;Município de São Paulo;False;BRANCA
63755;3511003.0;Castilho;Araçatuba;False;BRANCA
63756;3525904.0;Jundiaí;Campinas;False;IGNORADO
63757;3511706.0;Charqueada;Piracicaba;False;PARDA
63758;3540705.0;Porto Ferreira;Araraquara;False;IGNORADO
63759;3548807.0;São Caetano do Sul;Grande SP Sudeste;False;BRANCA
63760;3550308.0;São Paulo;Município de São Paulo;False;BRANCA
63761;3549904.0;São José dos Campos;Taubaté;False;BRANCA
63762;3534401.0;Osasco;Grande SP Oeste;False;BRANCA
63763;3547809.0;Santo André;Grande SP Sudeste;False;BRANCA
63764;3550308.0;São Paulo;Município de São Paulo;False;BRANCA
63765;3502804.0;Araçatuba;Araçatuba;False;IGNORADO
63766;3552403.0;Sumaré;Campinas;False;BRANCA
63767;3505708.0;Barueri;Grande SP Oeste;False;IGNORADO
63768;3519600.0;Ibitinga;Araraquara;False;BRANCA
63769;3525904.0;Jundiaí;Campinas;False;BRANCA
63770;3509502.0;Campinas;Campinas;False;BRANCA
63771;3548500.0;Santos;Baixada Santista;False;BRANCA
63772;3547304.0;Santana de Parnaíba;Grande SP Oeste;False;BRANCA
63773;3513009.0;Cotia;Grande SP Sudoeste;False;PARDA
63774;3530805.0;Mogi Mirim;São João da Boa Vista;False;BRANCA
63775;3506003.0;Bauru;Bauru;False;BRANCA
63776;3503208.0;Araraquara;Araraquara;False;BRANCA
63777;3512407.0;Cordeirópolis;Piracicaba;False;BRANCA
63778;3550308.0;São Paulo;Município de São Paulo;False;PRETA
63779;3541901.0;Queluz;Taubaté;False;BRANCA
63780;3505906.0;Batatais;Ribeirão Preto;False;BRANCA
63781;3516200.0;Franca;Franca;False;BRANCA
63782;3552205.0;Sorocaba;Sorocaba;False;BRANCA
63783;3557006.0;Votorantim;Sorocaba;False;BRANCA
63784;3530607.0;Mogi das Cruzes;Grande SP Leste;False;BRANCA
63785;3538600.0;Piracaia;Campinas;False;BRANCA
63786;3550308.0;São Paulo;Município de São Paulo;False;NONE
63787;3541406.0;Presidente Prudente;Presidente Prudente;False;BRANCA
63788;3528403.0;Mairinque;Sorocaba;False;IGNORADO
63789;3548708.0;São Bernardo do Campo;Grande SP Sudeste;False;BRANCA
63790;3557006.0;Votorantim;Sorocaba;False;BRANCA
63791;3550308.0;São Paulo;Município de São Paulo;False;IGNORADO
63792;3548906.0;São Carlos;Araraquara;False;PARDA
63793;3550308.0;São Paulo;Município de São Paulo;False;BRANCA
63794;3506003.0;Bauru;Bauru;False;BRANCA
63795;3550308.0;São Paulo;Município de São Paulo;False;PARDA
63796;3548500.0;Santos;Baixada Santista;False;BRANCA
63797;3525904.0;Jundiaí;Campinas;False;BRANCA
63798;3549904.0;São José dos Campos;Taubaté;False;PARDA
63799;3526407.0;Laranjal Paulista;Bauru;False;BRANCA
63800;3521705.0;Itaberá;Sorocaba;False;BRANCA
63801;3542602.0;Registro;Registro;False;PARDA
63802;3548708.0;São Bernardo do Campo;Grande SP Sudeste;False;IGNORADO
63803;3552809.0;Taboão da Serra;Grande SP Sudoeste;False;AMARELA
63804;3554904.0;Três Fronteiras;São José do Rio Preto;False;BRANCA
63805;3550308.0;São Paulo;Município de São Paulo;False;
63806;3550308.0;São Paulo;Município de São Paulo;False;NONE
63807;3548708.0;São Bernardo do Campo;Grande SP Sudeste;False;BRANCA
63808;3513009.0;Cotia;Grande SP Sudoeste;False;PARDA
63809;3508009.0;Buri;Sorocaba;False;BRANCA
63810;3550308.0;São Paulo;Município de São Paulo;False;BRANCA
63811;3550308.0;São Paulo;Município de São Paulo;False;IGNORADO
63812;3525904.0;Jundiaí;Campinas;False;BRANCA
63813;3502804.0;Araçatuba;Araçatuba;False;IGNORADO
63814;3550308.0;São Paulo;Município de São Paulo;False;BRANCA
63815;3515707.0;Ferraz de Vasconcelos;Grande SP Leste;False;PARDA
63816;3550308.0;São Paulo;Município de São Paulo;False;PRETA
63817;3506508.0;Birigui;Araçatuba;False;IGNORADO
63818;3501905.0;Amparo;Campinas;False;BRANCA
63819;3524402.0;Jacareí;Taubaté;False;PARDA
63820;3503901.0;Arujá;Grande SP Leste;False;BRANCA
