67949;3548500.0;Santos;Baixada Santista;False;BRANCA
67950;3522208.0;Itapecerica da Serra;Grande SP Sudoeste;False;PARDA
67951;3548906.0;São Carlos;Araraquara;False;BRANCA
67952;3532603.0;Nhandeara;São José do Rio Preto;False;PRETA
67953;3550308.0;São Paulo;Município de São Paulo;False;BRANCA
67954;3551009.0;São Vicente;Baixada Santista;False;IGNORADO
67955;3548500.0;Santos;Baixada Santista;False;BRANCA
67956;3506359.0;Bertioga;Baixada Santista;False;PARDA
67957;3503307.0;Araras;Piracicaba;False;BRANCA
67958;3550308.0;São Paulo;Município de São Paulo;False;BRANCA
67959;3550308.0;São Paulo;Município de São Paulo;False;PRETA
67960;3524006.0;Itupeva;Campinas;False;BRANCA
67961;3550308.0;São Paulo;Município de São Paulo;False;BRANCA
67962;3550308.0;São Paulo;Município de São Paulo;False;BRANCA
67963;3523107.0;Itaquaquecetuba;Grande SP Leste;True;BRANCA
67964;3550308.0;São Paulo;Município de São Paulo;False;PARDA
67965;3548500.0;Santos;Baixada Santista;False;BRANCA
67966;3555802.0;Urânia;São José do Rio Preto;False;BRANCA
67967;3547809.0;Santo André;Grande SP Sudeste;False;IGNORADO
67968;3550308.0;São Paulo;Município de São Paulo;False;
67969;3550308.0;São Paulo;Município de São Paulo;False;BRANCA
67970;3549805.0;São José do Rio Preto;São José do Rio Preto;False;PRETA
67971;3550308.0;São Paulo;Município de São Paulo;False;IGNORADO
67972;3539806.0;Poá;Grande SP Leste;False;PARDA
67973;3526902.0;Limeira;Piracicaba;False;BRANCA
67974;3548708.0;São Bernardo do Campo;Grande SP Sudeste;False;
67975;3550308.0;São Paulo;Município de São Paulo;False;BRANCA
67976;3550308.0;São Paulo;Município de São Paulo;False;BRANCA
67977;3541406.0;Presidente Prudente;Presidente Prudente;False;BRANCA
67978;3552502.0;Suzano;Grande SP Leste;False;PARDA
67979;3525904.0;Jundiaí;Campinas;False;PARDA
67980;3550308.0;São Paulo;Município de São Paulo;False;AMARELA
67981;3550308.0;São Paulo;Município de São Paulo;False;PARDA
67982;3530607.0;Mogi das Cruzes;Grande SP Leste;False;BRANCA
67983;3545308.0;Salto de Pirapora;Sorocaba;False;BRANCA
67984;3550308.0;São Paulo;Município de São Paulo;False;INDIGENA
67985;3520509.0;Indaiatuba;Campinas;False;IGNORADO
67986;3550308.0;São Paulo;Município de São Paulo;False;PARDA
67987;3550308.0;São Paulo;Município de São Paulo;False;BRANCA
67988;3550308.0;São Paulo;Município de São Paulo;False;PARDA
67989;3527306.0;Louveira;Campinas;False;PARDA
67990;3537602.0;Peruíbe;Baixada Santista;False;BRANCA
67991;3550308.0;São Paulo;Município de São Paulo;True;BRANCA
67992;3548708.0;São Bernardo do Campo;Grande SP Sudeste;False;BRANCA
67993;3515004.0;Embu das Artes;Grande SP Sudoeste;False;AMARELA
67994;3550308.0;São Paulo;Município de São Paulo;False;BRANCA
67995;3548500.0;Santos;Baixada Santista;False;AMARELA
67996;3518800.0;Guarulhos;Grande SP Leste;False;BRANCA
67997;3530805.0;Mogi Mirim;São João da Boa Vista;False;BRANCA
67998;3547809.0;Santo André;Grande SP Sudeste;False;PARDA
67999;3518701.0;Guarujá;Baixada Santista;False;PRETA
68000;3550704.0;São Sebastião;Taubaté;False;PRETA
68001;3503307.0;Araras;Piracicaba;False;BRANCA
68002;3518800.0;Guarulhos;Grande SP Leste;False;PARDA
68003;3509502.0;Campinas;Campinas;False;BRANCA
68004;3529005.0;Marília;Marília;False;PRETA
68005;3525300.0;Jaú;Bauru;False;BRANCA
68006;3525904.0;Jundiaí;Campinas;False;BRANCA
68007;3550308.0;São Paulo;Município de São Paulo;False;BRANCA
68008;3548500.0;Santos;Baixada Santista;False;BRANCA
68009;3550308.0;São Paulo;Município de São Paulo;False;PRETA
68010;3550308.0;São Paulo;Município de São Paulo;False;PARDA
68011;3513504.0;Cubatão;Baixada Santista;True;PARDA
68012;3550308.0;São Paulo;Município de São Paulo;False;BRANCA
68013;3550308.0;São Paulo;Município de São Paulo;False;IGNORADO
68014;3533908.0;Olímpia;Barretos;False;PRETA
68015;3550308.0;São Paulo;Município de São Paulo;False;PARDA
68016;3513801.0;Diadema;Grande SP Sudeste;True;IGNORADO
68017;3516408.0;Franco da Rocha;Grande SP Norte;False;BRANCA
68018;3513801.0;Diadema;Grande SP Sudeste;False;PARDA
68019;3550308.0;São Paulo;Município de São Paulo;False;PARDA
68020;3534401.0;Osasco;Grande SP Oeste;False;BRANCA
68021;3550308.0;São Paulo;Município de São Paulo;False;PARDA
68022;3516309.0;Francisco Morato;Grande SP Norte;False;PARDA
68023;3550308.0;São Paulo;Município de São Paulo;False;BRANCA
68024;3550308.0;São Paulo;Município de São Paulo;False;PARDA
68025;3552809.0;Taboão da Serra;Grande SP Sudoeste;False;
68026;3550308.0;São Paulo;Município de São Paulo;False;PARDA
68027;3550308.0;São Paulo;Município de São Paulo;False;BRANCA
68028;3510807.0;Casa Branca;São João da Boa Vista;False;BRANCA
68029;3550308.0;São Paulo;Município de São Paulo;False;PARDA
68030;3550308.0;São Paulo;Município de São Paulo;False;AMARELA
68031;3541406.0;Presidente Prudente;Presidente Prudente;False;BRANCA
68032;3509502.0;Campinas;Campinas;False;BRANCA
68033;3549805.0;São José do Rio Preto;São José do Rio Preto;True;BRANCA
68034;3551702.0;Sertãozinho;Ribeirão Preto;False;PRETA
68035;3528403.0;Mairinque;Sorocaba;False;PARDA
68036;3550308.0;São Paulo;Município de São Paulo;False;
68037;3518701.0;Guarujá;Baixada Santista;False;PARDA
68038;3526902.0;Limeira;Piracicaba;False;BRANCA
68039;3549904.0;São José dos Campos;Taubaté;False;PARDA
68040;3552403.0;Sumaré;Campinas;False;BRANCA
68041;3509502.0;Campinas;Campinas;False;BRANCA
68042;3523107.0;Itaquaquecetuba;Grande SP Leste;False;BRANCA
68043;3518800.0;Guarulhos;Grande SP Leste;False;BRANCA
68044;3552403.0;Sumaré;Campinas;False;IGNORADO
68045;3513801.0;Diadema;Grande SP Sudeste;False;PARDA
68046;3550308.0;São Paulo;Município de São Paulo;False;BRANCA
68047;3553104.0;Taiaçu;Barretos;False;BRANCA
68048;3534401.0;Osasco;Grande SP Oeste;False;PARDA
68049;3548500.0;Santos;Baixada Santista;False;PRETA
68050;3550308.0;São Paulo;Município de São Paulo;False;IGNORADO
68051;3552809.0;Taboão da Serra;Grande SP Sudoeste;False;BRANCA
68052;3518701.0;Guarujá;Baixada Santista;False;PARDA
68053;3518800.0;Guarulhos;Grande SP Leste;False;PARDA
68054;3550308.0;São Paulo;Município de São Paulo;False;BRANCA
68055;3548807.0;São Caetano do Sul;Grande SP Sudeste;True;BRANCA
68056;3550308.0;São Paulo;Município de São Paulo;False;PARDA
68057;3550308.0;São Paulo;Município de São Paulo;False;BRANCA
68058;3550308.0;São Paulo;Município de São Paulo;False;BRANCA
68059;3550308.0;São Paulo;Município de São Paulo;False;
68060;3518800.0;Guarulhos;Grande SP Leste;False;BRANCA
68061;3547809.0;Santo André;Grande SP Sudeste;False;BRANCA
68062;3551009.0;São Vicente;Baixada Santista;False;IGNORADO
68063;3550308.0;São Paulo;Município de São Paulo;False;BRANCA
68064;3529401.0;Mauá;Grande SP Sudeste;False;IGNORADO
68065;3509502.0;Campinas;Campinas;False;PARDA
68066;3543402.0;Ribeirão Preto;Ribeirão Preto;False;IGNORADO
68067;3550308.0;São Paulo;Município de São Paulo;False;BRANCA
68068;3551009.0;São Vicente;Baixada Santista;False;PARDA
68069;3548807.0;São Caetano do Sul;Grande SP Sudeste;True;BRANCA
68070;3525300.0;Jaú;Bauru;False;BRANCA
68071;3550308.0;São Paulo;Município de São Paulo;False;BRANCA
68072;3550308.0;São Paulo;Município de São Paulo;False;BRANCA
68073;3550308.0;São Paulo;Município de São Paulo;False;BRANCA
68074;3550308.0;São Paulo;Município de São Paulo;False;BRANCA
68075;3519071.0;Hortolândia;Campinas;False;BRANCA
68076;3550308.0;São Paulo;Município de São Paulo;False;BRANCA
68077;3523404.0;Itatiba;Campinas;False;BRANCA
68078;3550308.0;São Paulo;Município de São Paulo;False;BRANCA
68079;3533908.0;Olímpia;Barretos;False;IGNORADO
68080;3550308.0;São Paulo;Município de São Paulo;False;IGNORADO
68081;3504107.0;Atibaia;Campinas;False;BRANCA
68082;3550308.0;São Paulo;Município de São Paulo;False;IGNORADO
68083;3513405.0;Cruzeiro;Taubaté;False;BRANCA
68084;3522307.0;Itapetininga;Sorocaba;False;BRANCA
68085;3547809.0;Santo André;Grande SP Sudeste;False;
68086;3505500.0;Barretos;Barretos;False;
68087;3539806.0;Poá;Grande SP Leste;False;BRANCA
68088;3550308.0;São Paulo;Município de São Paulo;False;BRANCA
68089;3549102.0;São João da Boa Vista;São João da Boa Vista;False;BRANCA
