67434;3550308.0;São Paulo;Município de São Paulo;False;PARDA
67435;3550308.0;São Paulo;Município de São Paulo;False;PARDA
67436;3534401.0;Osasco;Grande SP Oeste;False;
67437;3511003.0;Castilho;Araçatuba;False;BRANCA
67438;3525904.0;Jundiaí;Campinas;False;
67439;3550308.0;São Paulo;Município de São Paulo;False;BRANCA
67440;3506003.0;Bauru;Bauru;False;
67441;3548500.0;Santos;Baixada Santista;False;PARDA
67442;3554102.0;Taubaté;Taubaté;False;BRANCA
67443;3527108.0;Lins;Bauru;False;PARDA
67444;3549904.0;São José dos Campos;Taubaté;False;PARDA
67445;3502903.0;Araçoiaba da Serra;Sorocaba;False;BRANCA
67446;3537800.0;Piedade;Sorocaba;False;BRANCA
67447;3537800.0;Piedade;Sorocaba;False;BRANCA
67448;3552809.0;Taboão da Serra;Grande SP Sudoeste;False;BRANCA
67449;3547809.0;Santo André;Grande SP Sudeste;False;BRANCA
67450;3510500.0;Caraguatatuba;Taubaté;False;PARDA
67451;3555406.0;Ubatuba;Taubaté;False;BRANCA
67452;3518800.0;Guarulhos;Grande SP Leste;False;BRANCA
67453;3543303.0;Ribeirão Pires;Grande SP Sudeste;False;BRANCA
67454;3510609.0;Carapicuíba;Grande SP Oeste;False;AMARELA
67455;3550308.0;São Paulo;Município de São Paulo;False;PARDA
67456;3525706.0;José Bonifácio;São José do Rio Preto;False;AMARELA
67457;3550308.0;São Paulo;Município de São Paulo;False;NONE
67458;3550308.0;São Paulo;Município de São Paulo;False;
67459;3550308.0;São Paulo;Município de São Paulo;False;BRANCA
67460;3509502.0;Campinas;Campinas;False;BRANCA
67461;3550308.0;São Paulo;Município de São Paulo;False;AMARELA
67462;3533908.0;Olímpia;Barretos;False;BRANCA
67463;3538709.0;Piracicaba;Piracicaba;False;BRANCA
67464;3538709.0;Piracicaba;Piracicaba;False;
67465;3538709.0;Piracicaba;Piracicaba;False;
67466;3550308.0;São Paulo;Município de São Paulo;False;IGNORADO
67467;3516408.0;Franco da Rocha;Grande SP Norte;False;IGNORADO
67468;3516309.0;Francisco Morato;Grande SP Norte;False;BRANCA
67469;3550308.0;São Paulo;Município de São Paulo;False;BRANCA
67470;3525201.0;Jarinu;Campinas;False;BRANCA
67471;3515509.0;Fernandópolis;São José do Rio Preto;False;BRANCA
67472;3550308.0;São Paulo;Município de São Paulo;False;BRANCA
67473;3504008.0;Assis;Marília;False;BRANCA
67474;3550308.0;São Paulo;Município de São Paulo;False;PARDA
67475;3518701.0;Guarujá;Baixada Santista;False;PARDA
67476;3503307.0;Araras;Piracicaba;False;PARDA
67477;3513009.0;Cotia;Grande SP Sudoeste;False;PARDA
67478;3550308.0;São Paulo;Município de São Paulo;False;PARDA
67479;3543303.0;Ribeirão Pires;Grande SP Sudeste;False;PARDA
67480;3552205.0;Sorocaba;Sorocaba;False;PARDA
67481;3521408.0;Iracemápolis;Piracicaba;False;BRANCA
67482;3538709.0;Piracicaba;Piracicaba;False;BRANCA
67483;3509502.0;Campinas;Campinas;False;PARDA
67484;3515103.0;Embu-Guaçu;Grande SP Sudoeste;False;IGNORADO
67485;3513504.0;Cubatão;Baixada Santista;False;PARDA
67486;3550308.0;São Paulo;Município de São Paulo;False;BRANCA
67487;3520509.0;Indaiatuba;Campinas;False;IGNORADO
67488;3515707.0;Ferraz de Vasconcelos;Grande SP Leste;False;PARDA
67489;3550308.0;São Paulo;Município de São Paulo;False;NONE
67490;3548500.0;Santos;Baixada Santista;False;NONE
67491;3550308.0;São Paulo;Município de São Paulo;False;PARDA
67492;3527108.0;Lins;Bauru;False;BRANCA
67493;3520400.0;Ilhabela;Taubaté;False;BRANCA
67494;3519071.0;Hortolândia;Campinas;False;BRANCA
67495;3509502.0;Campinas;Campinas;False;PARDA
67496;3523909.0;Itu;Sorocaba;False;BRANCA
67497;3526506.0;Lavínia;Araçatuba;False;BRANCA
67498;3515004.0;Embu das Artes;Grande SP Sudoeste;False;BRANCA
67499;3552205.0;Sorocaba;Sorocaba;False;BRANCA
67500;3543402.0;Ribeirão Preto;Ribeirão Preto;False;IGNORADO
67501;3554102.0;Taubaté;Taubaté;False;IGNORADO
67502;3550308.0;São Paulo;Município de São Paulo;False;
67503;3550308.0;São Paulo;Município de São Paulo;False;BRANCA
67504;3543402.0;Ribeirão Preto;Ribeirão Preto;False;IGNORADO
67505;3534401.0;Osasco;Grande SP Oeste;False;PRETA
67506;3554805.0;Tremembé;Taubaté;False;BRANCA
67507;3550308.0;São Paulo;Município de São Paulo;False;IGNORADO
67508;3523107.0;Itaquaquecetuba;Grande SP Leste;False;PARDA
67509;3525904.0;Jundiaí;Campinas;False;BRANCA
67510;3523909.0;Itu;Sorocaba;False;BRANCA
67511;3524709.0;Jaguariúna;Campinas;False;PARDA
67512;3552106.0;Socorro;Campinas;False;BRANCA
67513;3536505.0;Paulínia;Campinas;False;BRANCA
67514;3552205.0;Sorocaba;Sorocaba;False;BRANCA
67515;3530607.0;Mogi das Cruzes;Grande SP Leste;True;BRANCA
67516;3523909.0;Itu;Sorocaba;False;IGNORADO
67517;3516200.0;Franca;Franca;False;IGNORADO
67518;3555000.0;Tupã;Marília;False;BRANCA
67519;3523404.0;Itatiba;Campinas;False;BRANCA
67520;3548500.0;Santos;Baixada Santista;False;BRANCA
67521;3550308.0;São Paulo;Município de São Paulo;False;IGNORADO
67522;3549904.0;São José dos Campos;Taubaté;False;BRANCA
67523;3549805.0;São José do Rio Preto;São José do Rio Preto;False;IGNORADO
67524;3527108.0;Lins;Bauru;False;BRANCA
67525;3543402.0;Ribeirão Preto;Ribeirão Preto;False;BRANCA
67526;3550308.0;São Paulo;Município de São Paulo;False;NONE
67527;3550308.0;São Paulo;Município de São Paulo;False;BRANCA
67528;3525904.0;Jundiaí;Campinas;False;BRANCA
67529;3551900.0;Severínia;Barretos;False;BRANCA
67530;3501905.0;Amparo;Campinas;False;BRANCA
67531;3548906.0;São Carlos;Araraquara;False;BRANCA
67532;3543402.0;Ribeirão Preto;Ribeirão Preto;False;IGNORADO
67533;3510500.0;Caraguatatuba;Taubaté;False;BRANCA
67534;3552809.0;Taboão da Serra;Grande SP Sudoeste;False;AMARELA
67535;3541604.0;Promissão;Bauru;False;BRANCA
67536;3509502.0;Campinas;Campinas;False;BRANCA
67537;3501905.0;Amparo;Campinas;False;BRANCA
67538;3503208.0;Araraquara;Araraquara;False;BRANCA
67539;3509007.0;Caieiras;Grande SP Norte;False;PARDA
67540;3550308.0;São Paulo;Município de São Paulo;False;IGNORADO
67541;3543907.0;Rio Claro;Piracicaba;False;IGNORADO
67542;3528502.0;Mairiporã;Grande SP Norte;True;BRANCA
67543;3527207.0;Lorena;Taubaté;False;BRANCA
67544;3534302.0;Orlândia;Franca;False;BRANCA
67545;3548500.0;Santos;Baixada Santista;False;BRANCA
67546;3544301.0;Roseira;Taubaté;False;
67547;3543402.0;Ribeirão Preto;Ribeirão Preto;False;PARDA
67548;3550308.0;São Paulo;Município de São Paulo;True;IGNORADO
67549;3543907.0;Rio Claro;Piracicaba;False;INDIGENA
67550;3518701.0;Guarujá;Baixada Santista;False;PARDA
67551;3550308.0;São Paulo;Município de São Paulo;True;BRANCA
67552;3550308.0;São Paulo;Município de São Paulo;False;BRANCA
67553;3548500.0;Santos;Baixada Santista;False;PRETA
67554;3540200.0;Pontal;Ribeirão Preto;False;PARDA
67555;3538006.0;Pindamonhangaba;Taubaté;False;PARDA
67556;3550308.0;São Paulo;Município de São Paulo;False;IGNORADO
67557;3550308.0;São Paulo;Município de São Paulo;False;PARDA
67558;3534708.0;Ourinhos;Marília;False;BRANCA
67559;3548500.0;Santos;Baixada Santista;False;NONE
67560;3550308.0;São Paulo;Município de São Paulo;True;BRANCA
67561;3534401.0;Osasco;Grande SP Oeste;False;BRANCA
67562;3550308.0;São Paulo;Município de São Paulo;False;PARDA
67563;3550308.0;São Paulo;Município de São Paulo;False;NONE
67564;3550308.0;São Paulo;Município de São Paulo;False;BRANCA
67565;3550308.0;São Paulo;Município de São Paulo;False;PARDA
67566;3550308.0;São Paulo;Município de São Paulo;False;IGNORADO
67567;3516200.0;Franca;Franca;False;PRETA
67568;3548708.0;São Bernardo do Campo;Grande SP Sudeste;False;NONE
67569;3550308.0;São Paulo;Município de São Paulo;False;PARDA
67570;3547809.0;Santo André;Grande SP Sudeste;False;PARDA
67571;3529401.0;Mauá;Grande SP Sudeste;False;BRANCA
67572;3550308.0;São Paulo;Município de São Paulo;False;PARDA
67573;3522208.0;Itapecerica da Serra;Grande SP Sudoeste;True;PARDA
67574;3549805.0;São José do Rio Preto;São José do Rio Preto;False;AMARELA
67575;3547809.0;Santo André;Grande SP Sudeste;False;BRANCA
67576;3547809.0;Santo André;Grande SP Sudeste;False;BRANCA
67577;3539806.0;Poá;Grande SP Leste;False;IGNORADO
67578;3550308.0;São Paulo;Município de São Paulo;False;BRANCA
67579;3518701.0;Guarujá;Baixada Santista;True;PARDA
67580;3509502.0;Campinas;Campinas;False;BRANCA
67581;3547304.0;Santana de Parnaíba;Grande SP Oeste;False;IGNORADO
