36604;3518800.0;Guarulhos;Grande SP Leste;False;PARDA
36605;3548500.0;Santos;Baixada Santista;False;IGNORADO
36606;3550308.0;São Paulo;Município de São Paulo;False;BRANCA
36607;3518800.0;Guarulhos;Grande SP Leste;False;BRANCA
36608;3550308.0;São Paulo;Município de São Paulo;False;BRANCA
36609;3550308.0;São Paulo;Município de São Paulo;False;IGNORADO
36610;3550308.0;São Paulo;Município de São Paulo;False;PARDA
36611;3524303.0;Jaboticabal;Ribeirão Preto;False;IGNORADO
36612;3548708.0;São Bernardo do Campo;Grande SP Sudeste;False;BRANCA
36613;3506102.0;Bebedouro;Barretos;False;BRANCA
36614;3550308.0;São Paulo;Município de São Paulo;False;
36615;3547809.0;Santo André;Grande SP Sudeste;False;BRANCA
36616;3501608.0;Americana;Campinas;False;IGNORADO
36617;3506508.0;Birigui;Araçatuba;False;BRANCA
36618;3550308.0;São Paulo;Município de São Paulo;False;BRANCA
36619;3550308.0;São Paulo;Município de São Paulo;False;NONE
36620;3518701.0;Guarujá;Baixada Santista;False;IGNORADO
36621;3515707.0;Ferraz de Vasconcelos;Grande SP Leste;False;IGNORADO
36622;3550308.0;São Paulo;Município de São Paulo;False;PARDA
36623;3550308.0;São Paulo;Município de São Paulo;False;BRANCA
36624;3556206.0;Valinhos;Campinas;False;BRANCA
36625;3529401.0;Mauá;Grande SP Sudeste;False;BRANCA
36626;3529401.0;Mauá;Grande SP Sudeste;False;BRANCA
36627;3518800.0;Guarulhos;Grande SP Leste;True;IGNORADO
36628;3537602.0;Peruíbe;Baixada Santista;True;PARDA
36629;3550308.0;São Paulo;Município de São Paulo;False;IGNORADO
36630;3550308.0;São Paulo;Município de São Paulo;False;PARDA
36631;3550605.0;São Roque;Sorocaba;False;BRANCA
36632;3509502.0;Campinas;Campinas;False;BRANCA
36633;3547304.0;Santana de Parnaíba;Grande SP Oeste;False;BRANCA
36634;3542602.0;Registro;Registro;False;BRANCA
36635;3550308.0;São Paulo;Município de São Paulo;False;IGNORADO
36636;3512803.0;Cosmópolis;Campinas;False;PARDA
36637;3518800.0;Guarulhos;Grande SP Leste;False;BRANCA
36638;3550308.0;São Paulo;Município de São Paulo;False;
36639;3548807.0;São Caetano do Sul;Grande SP Sudeste;False;BRANCA
36640;3506003.0;Bauru;Bauru;False;PRETA
36641;3514106.0;Dois Córregos;Bauru;False;BRANCA
36642;3552809.0;Taboão da Serra;Grande SP Sudoeste;False;BRANCA
36643;3526902.0;Limeira;Piracicaba;False;IGNORADO
36644;3506003.0;Bauru;Bauru;False;IGNORADO
36645;3550308.0;São Paulo;Município de São Paulo;False;BRANCA
36646;3525904.0;Jundiaí;Campinas;False;IGNORADO
36647;3520301.0;Iguape;Registro;False;BRANCA
36648;3547304.0;Santana de Parnaíba;Grande SP Oeste;False;NONE
36649;3548500.0;Santos;Baixada Santista;False;IGNORADO
36650;3525904.0;Jundiaí;Campinas;False;BRANCA
36651;3509254.0;Cajati;Registro;False;BRANCA
36652;3550308.0;São Paulo;Município de São Paulo;False;BRANCA
36653;3518701.0;Guarujá;Baixada Santista;False;AMARELA
36654;3504008.0;Assis;Marília;False;BRANCA
36655;3524105.0;Ituverava;Franca;False;PRETA
36656;3548500.0;Santos;Baixada Santista;False;PARDA
36657;3548708.0;São Bernardo do Campo;Grande SP Sudeste;False;PARDA
36658;3554003.0;Tatuí;Sorocaba;False;BRANCA
36659;3550308.0;São Paulo;Município de São Paulo;False;BRANCA
36660;3518800.0;Guarulhos;Grande SP Leste;False;BRANCA
36661;3550308.0;São Paulo;Município de São Paulo;False;IGNORADO
36662;3552809.0;Taboão da Serra;Grande SP Sudoeste;False;BRANCA
36663;3550308.0;São Paulo;Município de São Paulo;False;PRETA
36664;3509502.0;Campinas;Campinas;False;BRANCA
36665;3550308.0;São Paulo;Município de São Paulo;False;BRANCA
36666;3510609.0;Carapicuíba;Grande SP Oeste;False;NONE
36667;3550308.0;São Paulo;Município de São Paulo;False;BRANCA
36668;3504008.0;Assis;Marília;False;BRANCA
36669;3505708.0;Barueri;Grande SP Oeste;False;
36670;3538709.0;Piracicaba;Piracicaba;False;BRANCA
36671;3524303.0;Jaboticabal;Ribeirão Preto;False;BRANCA
36672;3506805.0;Bocaina;Bauru;False;BRANCA
36673;3550308.0;São Paulo;Município de São Paulo;False;IGNORADO
36674;3546603.0;Santa Fé do Sul;São José do Rio Preto;False;BRANCA
36675;3545308.0;Salto de Pirapora;Sorocaba;False;BRANCA
36676;3550308.0;São Paulo;Município de São Paulo;False;
36677;3509601.0;Campo Limpo Paulista;Campinas;False;BRANCA
36678;3545308.0;Salto de Pirapora;Sorocaba;False;BRANCA
36679;3550308.0;São Paulo;Município de São Paulo;True;PRETA
36680;3547809.0;Santo André;Grande SP Sudeste;False;PARDA
36681;3550308.0;São Paulo;Município de São Paulo;False;AMARELA
36682;3550308.0;São Paulo;Município de São Paulo;False;NONE
36683;3534708.0;Ourinhos;Marília;False;BRANCA
36684;3549904.0;São José dos Campos;Taubaté;False;PARDA
36685;3550308.0;São Paulo;Município de São Paulo;False;BRANCA
36686;3550308.0;São Paulo;Município de São Paulo;False;NONE
36687;3518800.0;Guarulhos;Grande SP Leste;False;BRANCA
36688;3543402.0;Ribeirão Preto;Ribeirão Preto;False;BRANCA
36689;3550308.0;São Paulo;Município de São Paulo;False;PARDA
36690;3550308.0;São Paulo;Município de São Paulo;False;BRANCA
36691;3547809.0;Santo André;Grande SP Sudeste;False;BRANCA
36692;3513801.0;Diadema;Grande SP Sudeste;False;BRANCA
36693;3518701.0;Guarujá;Baixada Santista;False;PARDA
36694;3545803.0;Santa Bárbara d'Oeste;Campinas;False;BRANCA
36695;3505708.0;Barueri;Grande SP Oeste;False;BRANCA
36696;3538709.0;Piracicaba;Piracicaba;False;IGNORADO
36697;3506003.0;Bauru;Bauru;False;BRANCA
36698;3518800.0;Guarulhos;Grande SP Leste;False;PARDA
36699;3524006.0;Itupeva;Campinas;False;BRANCA
36700;3527306.0;Louveira;Campinas;False;IGNORADO
36701;3529302.0;Matão;Araraquara;False;BRANCA
36702;3534401.0;Osasco;Grande SP Oeste;False;IGNORADO
36703;3503208.0;Araraquara;Araraquara;False;BRANCA
36704;3518800.0;Guarulhos;Grande SP Leste;False;IGNORADO
36705;3506508.0;Birigui;Araçatuba;False;BRANCA
36706;3549805.0;São José do Rio Preto;São José do Rio Preto;False;BRANCA
36707;3524808.0;Jales;São José do Rio Preto;False;PARDA
36708;3550308.0;São Paulo;Município de São Paulo;False;AMARELA
36709;3531308.0;Monte Alto;Ribeirão Preto;False;BRANCA
36710;3538709.0;Piracicaba;Piracicaba;False;BRANCA
36711;3550308.0;São Paulo;Município de São Paulo;False;AMARELA
36712;3549904.0;São José dos Campos;Taubaté;False;PARDA
36713;3550308.0;São Paulo;Município de São Paulo;False;PRETA
36714;3553302.0;Tambaú;São João da Boa Vista;False;BRANCA
36715;3550308.0;São Paulo;Município de São Paulo;False;PARDA
36716;3548708.0;São Bernardo do Campo;Grande SP Sudeste;False;BRANCA
36717;3547809.0;Santo André;Grande SP Sudeste;False;BRANCA
36718;3509502.0;Campinas;Campinas;False;BRANCA
36719;3506003.0;Bauru;Bauru;False;
36720;3556404.0;Vargem Grande do Sul;São João da Boa Vista;False;BRANCA
36721;3534401.0;Osasco;Grande SP Oeste;False;
36722;3550308.0;São Paulo;Município de São Paulo;False;IGNORADO
36723;3535804.0;Paranapanema;Bauru;False;BRANCA
36724;3530607.0;Mogi das Cruzes;Grande SP Leste;False;BRANCA
36725;3548807.0;São Caetano do Sul;Grande SP Sudeste;False;IGNORADO
36726;3507605.0;Bragança Paulista;Campinas;False;PARDA
36727;3518800.0;Guarulhos;Grande SP Leste;False;PARDA
36728;3509957.0;Canas;Taubaté;False;PRETA
36729;3525904.0;Jundiaí;Campinas;False;PRETA
36730;3530706.0;Mogi Guaçu;São João da Boa Vista;False;BRANCA
36731;3534203.0;Orindiúva;São José do Rio Preto;False;BRANCA
36732;3550308.0;São Paulo;Município de São Paulo;False;IGNORADO
36733;3513405.0;Cruzeiro;Taubaté;False;IGNORADO
36734;3517406.0;Guaíra;Barretos;False;BRANCA
36735;3550308.0;São Paulo;Município de São Paulo;False;IGNORADO
36736;3547809.0;Santo André;Grande SP Sudeste;False;BRANCA
36737;3531803.0;Monte Mor;Campinas;False;BRANCA
36738;3549102.0;São João da Boa Vista;São João da Boa Vista;False;BRANCA
36739;3534401.0;Osasco;Grande SP Oeste;False;PARDA
36740;3550308.0;São Paulo;Município de São Paulo;False;BRANCA
36741;3517406.0;Guaíra;Barretos;False;BRANCA
36742;3550308.0;São Paulo;Município de São Paulo;False;BRANCA
36743;3511102.0;Catanduva;São José do Rio Preto;False;BRANCA
36744;3526902.0;Limeira;Piracicaba;False;IGNORADO
36745;3514106.0;Dois Córregos;Bauru;False;BRANCA
36746;3550308.0;São Paulo;Município de São Paulo;False;BRANCA
36747;3552205.0;Sorocaba;Sorocaba;False;BRANCA
