26410;3550308.0;São Paulo;Município de São Paulo;False;PARDA
26411;3547809.0;Santo André;Grande SP Sudeste;False;IGNORADO
26412;3542602.0;Registro;Registro;False;PARDA
26413;3509502.0;Campinas;Campinas;False;PARDA
26414;3543402.0;Ribeirão Preto;Ribeirão Preto;False;BRANCA
26415;3552205.0;Sorocaba;Sorocaba;False;BRANCA
26416;3552502.0;Suzano;Grande SP Leste;False;BRANCA
26417;3516309.0;Francisco Morato;Grande SP Norte;False;PRETA
26418;3525904.0;Jundiaí;Campinas;False;IGNORADO
26419;3534807.0;Ouro Verde;Presidente Prudente;False;BRANCA
26420;3505609.0;Barrinha;Ribeirão Preto;False;PARDA
26421;3527108.0;Lins;Bauru;False;AMARELA
26422;3550308.0;São Paulo;Município de São Paulo;False;BRANCA
26423;3518602.0;Guariba;Ribeirão Preto;False;PARDA
26424;3513504.0;Cubatão;Baixada Santista;False;BRANCA
26425;3550308.0;São Paulo;Município de São Paulo;False;PARDA
26426;3505500.0;Barretos;Barretos;False;PARDA
26427;3538006.0;Pindamonhangaba;Taubaté;False;BRANCA
26428;3550308.0;São Paulo;Município de São Paulo;False;PARDA
26429;3550308.0;São Paulo;Município de São Paulo;False;BRANCA
26430;3549805.0;São José do Rio Preto;São José do Rio Preto;False;BRANCA
26431;3550308.0;São Paulo;Município de São Paulo;False;PARDA
26432;3530805.0;Mogi Mirim;São João da Boa Vista;False;BRANCA
26433;3522307.0;Itapetininga;Sorocaba;False;BRANCA
26434;3552809.0;Taboão da Serra;Grande SP Sudoeste;False;PRETA
26435;3547809.0;Santo André;Grande SP Sudeste;False;PARDA
26436;3550308.0;São Paulo;Município de São Paulo;False;BRANCA
26437;3550308.0;São Paulo;Município de São Paulo;False;PARDA
26438;3518800.0;Guarulhos;Grande SP Leste;False;BRANCA
26439;3534401.0;Osasco;Grande SP Oeste;False;PRETA
26440;3550308.0;São Paulo;Município de São Paulo;False;IGNORADO
26441;3530805.0;Mogi Mirim;São João da Boa Vista;False;IGNORADO
26442;3550308.0;São Paulo;Município de São Paulo;False;PARDA
26443;3505708.0;Barueri;Grande SP Oeste;False;BRANCA
26444;3550308.0;São Paulo;Município de São Paulo;False;BRANCA
26445;3527207.0;Lorena;Taubaté;False;PARDA
26446;3533502.0;Novo Horizonte;São José do Rio Preto;False;BRANCA
26447;3550308.0;São Paulo;Município de São Paulo;False;BRANCA
26448;3557105.0;Votuporanga;São José do Rio Preto;False;BRANCA
26449;3554102.0;Taubaté;Taubaté;False;IGNORADO
26450;3521150.0;Ipiguá;São José do Rio Preto;False;BRANCA
26451;3550308.0;São Paulo;Município de São Paulo;False;BRANCA
26452;3550308.0;São Paulo;Município de São Paulo;False;BRANCA
26453;3549805.0;São José do Rio Preto;São José do Rio Preto;False;BRANCA
26454;3510609.0;Carapicuíba;Grande SP Oeste;False;PARDA
26455;3548708.0;São Bernardo do Campo;Grande SP Sudeste;False;NONE
26456;3515509.0;Fernandópolis;São José do Rio Preto;False;BRANCA
26457;3519071.0;Hortolândia;Campinas;False;AMARELA
26458;3545803.0;Santa Bárbara d'Oeste;Campinas;False;BRANCA
26459;3543402.0;Ribeirão Preto;Ribeirão Preto;False;BRANCA
26460;3509502.0;Campinas;Campinas;False;PARDA
26461;3550308.0;São Paulo;Município de São Paulo;False;AMARELA
26462;3506904.0;Bofete;Bauru;False;BRANCA
26463;3505500.0;Barretos;Barretos;False;BRANCA
26464;3550308.0;São Paulo;Município de São Paulo;False;IGNORADO
26465;3506508.0;Birigui;Araçatuba;False;BRANCA
26466;3549904.0;São José dos Campos;Taubaté;False;BRANCA
26467;3513009.0;Cotia;Grande SP Sudoeste;False;BRANCA
26468;3550308.0;São Paulo;Município de São Paulo;True;BRANCA
26469;3530607.0;Mogi das Cruzes;Grande SP Leste;False;BRANCA
26470;3543402.0;Ribeirão Preto;Ribeirão Preto;False;IGNORADO
26471;3549904.0;São José dos Campos;Taubaté;False;BRANCA
26472;3533908.0;Olímpia;Barretos;False;IGNORADO
26473;3549904.0;São José dos Campos;Taubaté;False;BRANCA
26474;3513009.0;Cotia;Grande SP Sudoeste;False;PARDA
26475;3502804.0;Araçatuba;Araçatuba;False;BRANCA
26476;3550308.0;São Paulo;Município de São Paulo;False;NONE
26477;3547809.0;Santo André;Grande SP Sudeste;False;PRETA
26478;3521705.0;Itaberá;Sorocaba;False;BRANCA
26479;3543907.0;Rio Claro;Piracicaba;False;BRANCA
26480;3548708.0;São Bernardo do Campo;Grande SP Sudeste;False;BRANCA
26481;3523404.0;Itatiba;Campinas;False;BRANCA
26482;3533908.0;Olímpia;Barretos;False;BRANCA
26483;3513702.0;Descalvado;Araraquara;False;PARDA
26484;3528007.0;Macatuba;Bauru;False;IGNORADO
26485;3531308.0;Monte Alto;Ribeirão Preto;False;BRANCA
26486;3550100.0;São Manuel;Bauru;False;BRANCA
26487;3533908.0;Olímpia;Barretos;False;BRANCA
26488;3550308.0;São Paulo;Município de São Paulo;False;IGNORADO
26489;3550308.0;São Paulo;Município de São Paulo;True;NONE
26490;3551702.0;Sertãozinho;Ribeirão Preto;False;BRANCA
26491;3509502.0;Campinas;Campinas;False;BRANCA
26492;3537107.0;Pedreira;Campinas;False;BRANCA
26493;3551702.0;Sertãozinho;Ribeirão Preto;False;BRANCA
26494;3542206.0;Rancharia;Presidente Prudente;False;BRANCA
26495;3525102.0;Jardinópolis;Ribeirão Preto;False;BRANCA
26496;3509502.0;Campinas;Campinas;False;BRANCA
26497;3550308.0;São Paulo;Município de São Paulo;False;PARDA
26498;3515004.0;Embu das Artes;Grande SP Sudoeste;False;BRANCA
26499;3552502.0;Suzano;Grande SP Leste;False;PARDA
26500;3541000.0;Praia Grande;Baixada Santista;False;IGNORADO
26501;3548708.0;São Bernardo do Campo;Grande SP Sudeste;False;PARDA
26502;3549805.0;São José do Rio Preto;São José do Rio Preto;False;PRETA
26503;3550308.0;São Paulo;Município de São Paulo;False;BRANCA
26504;3549904.0;São José dos Campos;Taubaté;False;BRANCA
26505;3518800.0;Guarulhos;Grande SP Leste;False;BRANCA
26506;3550308.0;São Paulo;Município de São Paulo;False;NONE
26507;3513009.0;Cotia;Grande SP Sudoeste;False;IGNORADO
26508;3543303.0;Ribeirão Pires;Grande SP Sudeste;False;
26509;3534401.0;Osasco;Grande SP Oeste;False;PARDA
26510;3547809.0;Santo André;Grande SP Sudeste;False;PARDA
26511;3550308.0;São Paulo;Município de São Paulo;False;NONE
26512;3550308.0;São Paulo;Município de São Paulo;False;PRETA
26513;3550407.0;São Pedro;Piracicaba;False;BRANCA
26514;3501608.0;Americana;Campinas;False;BRANCA
26515;3550308.0;São Paulo;Município de São Paulo;False;BRANCA
26516;3548708.0;São Bernardo do Campo;Grande SP Sudeste;False;BRANCA
26517;3550308.0;São Paulo;Município de São Paulo;False;BRANCA
26518;3530607.0;Mogi das Cruzes;Grande SP Leste;False;PARDA
26519;3545803.0;Santa Bárbara d'Oeste;Campinas;False;PARDA
26520;3550308.0;São Paulo;Município de São Paulo;False;PARDA
26521;3550308.0;São Paulo;Município de São Paulo;False;BRANCA
26522;3548708.0;São Bernardo do Campo;Grande SP Sudeste;False;
26523;3550308.0;São Paulo;Município de São Paulo;False;BRANCA
26524;3504602.0;Bady Bassitt;São José do Rio Preto;False;IGNORADO
26525;3550308.0;São Paulo;Município de São Paulo;False;BRANCA
26526;3550308.0;São Paulo;Município de São Paulo;False;
26527;3505500.0;Barretos;Barretos;False;BRANCA
26528;3523909.0;Itu;Sorocaba;False;BRANCA
26529;3548708.0;São Bernardo do Campo;Grande SP Sudeste;False;BRANCA
26530;3521408.0;Iracemápolis;Piracicaba;False;IGNORADO
26531;3550308.0;São Paulo;Município de São Paulo;False;BRANCA
26532;3557105.0;Votuporanga;São José do Rio Preto;False;BRANCA
26533;3550308.0;São Paulo;Município de São Paulo;False;IGNORADO
26534;3525904.0;Jundiaí;Campinas;False;IGNORADO
26535;3504008.0;Assis;Marília;False;BRANCA
26536;3529401.0;Mauá;Grande SP Sudeste;True;BRANCA
26537;3529401.0;Mauá;Grande SP Sudeste;True;BRANCA
26538;3556453.0;Vargem Grande Paulista;Grande SP Sudoeste;False;BRANCA
26539;3516309.0;Francisco Morato;Grande SP Norte;False;IGNORADO
26540;3550308.0;São Paulo;Município de São Paulo;False;BRANCA
26541;3547809.0;Santo André;Grande SP Sudeste;False;BRANCA
26542;3548906.0;São Carlos;Araraquara;False;PARDA
26543;3526803.0;Lençóis Paulista;Bauru;False;BRANCA
26544;3550308.0;São Paulo;Município de São Paulo;False;NONE
26545;3538709.0;Piracicaba;Piracicaba;False;BRANCA
26546;3550308.0;São Paulo;Município de São Paulo;False;BRANCA
26547;3505708.0;Barueri;Grande SP Oeste;False;BRANCA
26548;3538709.0;Piracicaba;Piracicaba;False;BRANCA
26549;3550308.0;São Paulo;Município de São Paulo;False;NONE
26550;3513801.0;Diadema;Grande SP Sudeste;False;BRANCA
