48161;3551702.0;Sertãozinho;Ribeirão Preto;False;BRANCA
48162;3548708.0;São Bernardo do Campo;Grande SP Sudeste;True;IGNORADO
48163;3550308.0;São Paulo;Município de São Paulo;False;BRANCA
48164;3550308.0;São Paulo;Município de São Paulo;False;PARDA
48165;3547809.0;Santo André;Grande SP Sudeste;False;BRANCA
48166;3519071.0;Hortolândia;Campinas;False;BRANCA
48167;3513504.0;Cubatão;Baixada Santista;False;PARDA
48168;3550308.0;São Paulo;Município de São Paulo;False;IGNORADO
48169;3524808.0;Jales;São José do Rio Preto;True;PRETA
48170;3501608.0;Americana;Campinas;False;AMARELA
48171;3513504.0;Cubatão;Baixada Santista;False;AMARELA
48172;3520442.0;Ilha Solteira;Araçatuba;False;IGNORADO
48173;3509502.0;Campinas;Campinas;False;PARDA
48174;3502804.0;Araçatuba;Araçatuba;False;PARDA
48175;3550308.0;São Paulo;Município de São Paulo;False;BRANCA
48176;3550308.0;São Paulo;Município de São Paulo;False;BRANCA
48177;3544400.0;Rubiácea;Araçatuba;False;PRETA
48178;3530300.0;Mirassol;São José do Rio Preto;False;BRANCA
48179;3550308.0;São Paulo;Município de São Paulo;False;BRANCA
48180;3550308.0;São Paulo;Município de São Paulo;False;PARDA
48181;3518503.0;Guareí;Sorocaba;False;
48182;3548500.0;Santos;Baixada Santista;False;IGNORADO
48183;3526100.0;Juquiá;Registro;False;BRANCA
48184;3552809.0;Taboão da Serra;Grande SP Sudoeste;False;
48185;3550704.0;São Sebastião;Taubaté;False;PARDA
48186;3523909.0;Itu;Sorocaba;False;IGNORADO
48187;3503307.0;Araras;Piracicaba;False;BRANCA
48188;3550308.0;São Paulo;Município de São Paulo;False;PARDA
48189;3509502.0;Campinas;Campinas;False;BRANCA
48190;3534401.0;Osasco;Grande SP Oeste;False;IGNORADO
48191;3550308.0;São Paulo;Município de São Paulo;False;NONE
48192;3550308.0;São Paulo;Município de São Paulo;False;BRANCA
48193;3550308.0;São Paulo;Município de São Paulo;False;AMARELA
48194;3541604.0;Promissão;Bauru;False;BRANCA
48195;3548708.0;São Bernardo do Campo;Grande SP Sudeste;False;BRANCA
48196;3550308.0;São Paulo;Município de São Paulo;False;PARDA
48197;3509205.0;Cajamar;Grande SP Norte;False;IGNORADO
48198;3525706.0;José Bonifácio;São José do Rio Preto;False;BRANCA
48199;3509502.0;Campinas;Campinas;False;PARDA
48200;3550308.0;São Paulo;Município de São Paulo;False;PARDA
48201;3543402.0;Ribeirão Preto;Ribeirão Preto;False;PARDA
48202;3543402.0;Ribeirão Preto;Ribeirão Preto;False;IGNORADO
48203;3548500.0;Santos;Baixada Santista;False;IGNORADO
48204;3552205.0;Sorocaba;Sorocaba;False;BRANCA
48205;3548500.0;Santos;Baixada Santista;False;IGNORADO
48206;3505906.0;Batatais;Ribeirão Preto;False;PARDA
48207;3506003.0;Bauru;Bauru;False;IGNORADO
48208;3511102.0;Catanduva;São José do Rio Preto;False;IGNORADO
48209;3533908.0;Olímpia;Barretos;False;BRANCA
48210;3523107.0;Itaquaquecetuba;Grande SP Leste;False;PRETA
48211;3550308.0;São Paulo;Município de São Paulo;False;PARDA
48212;3525607.0;João Ramalho;Presidente Prudente;False;BRANCA
48213;3550308.0;São Paulo;Município de São Paulo;False;BRANCA
48214;3550308.0;São Paulo;Município de São Paulo;False;AMARELA
48215;3505104.0;Barbosa;Araçatuba;False;BRANCA
48216;3518800.0;Guarulhos;Grande SP Leste;False;BRANCA
48217;3550308.0;São Paulo;Município de São Paulo;False;BRANCA
48218;3550308.0;São Paulo;Município de São Paulo;False;IGNORADO
48219;3550308.0;São Paulo;Município de São Paulo;False;
48220;3545803.0;Santa Bárbara d'Oeste;Campinas;False;PARDA
48221;3530508.0;Mococa;São João da Boa Vista;False;BRANCA
48222;3556701.0;Vinhedo;Campinas;False;BRANCA
48223;3522109.0;Itanhaém;Baixada Santista;True;PARDA
48224;3550308.0;São Paulo;Município de São Paulo;False;NONE
48225;3509700.0;Campos do Jordão;Taubaté;False;BRANCA
48226;3548500.0;Santos;Baixada Santista;False;PRETA
48227;3509502.0;Campinas;Campinas;False;IGNORADO
48228;3550308.0;São Paulo;Município de São Paulo;False;BRANCA
48229;3500709.0;Agudos;Bauru;False;BRANCA
48230;3502804.0;Araçatuba;Araçatuba;False;BRANCA
48231;3509502.0;Campinas;Campinas;False;BRANCA
48232;3549805.0;São José do Rio Preto;São José do Rio Preto;False;PARDA
48233;3550308.0;São Paulo;Município de São Paulo;False;NONE
48234;3550308.0;São Paulo;Município de São Paulo;False;BRANCA
48235;3507605.0;Bragança Paulista;Campinas;False;BRANCA
48236;3550308.0;São Paulo;Município de São Paulo;False;BRANCA
48237;3529005.0;Marília;Marília;False;IGNORADO
48238;3507506.0;Botucatu;Bauru;False;BRANCA
48239;3506003.0;Bauru;Bauru;False;BRANCA
48240;3506003.0;Bauru;Bauru;False;BRANCA
48241;3549805.0;São José do Rio Preto;São José do Rio Preto;False;BRANCA
48242;3552205.0;Sorocaba;Sorocaba;False;BRANCA
48243;3506003.0;Bauru;Bauru;False;BRANCA
48244;3549102.0;São João da Boa Vista;São João da Boa Vista;False;BRANCA
48245;3534401.0;Osasco;Grande SP Oeste;False;BRANCA
48246;3543402.0;Ribeirão Preto;Ribeirão Preto;False;BRANCA
48247;3538105.0;Pindorama;São José do Rio Preto;False;BRANCA
48248;3546801.0;Santa Isabel;Grande SP Leste;False;BRANCA
48249;3501608.0;Americana;Campinas;False;BRANCA
48250;3550308.0;São Paulo;Município de São Paulo;False;NONE
48251;3540804.0;Potirendaba;São José do Rio Preto;False;BRANCA
48252;3534906.0;Pacaembu;Marília;False;AMARELA
48253;3548500.0;Santos;Baixada Santista;False;BRANCA
48254;3503208.0;Araraquara;Araraquara;False;PARDA
48255;3549805.0;São José do Rio Preto;São José do Rio Preto;False;BRANCA
48256;3552205.0;Sorocaba;Sorocaba;False;PARDA
48257;3509700.0;Campos do Jordão;Taubaté;False;BRANCA
48258;3552205.0;Sorocaba;Sorocaba;False;IGNORADO
48259;3504503.0;Avaré;Bauru;False;IGNORADO
48260;3540754.0;Potim;Taubaté;False;BRANCA
48261;3511102.0;Catanduva;São José do Rio Preto;False;IGNORADO
48262;3524303.0;Jaboticabal;Ribeirão Preto;True;BRANCA
48263;3552304.0;Sud Mennucci;Araçatuba;False;BRANCA
48264;3509502.0;Campinas;Campinas;False;PARDA
48265;3543402.0;Ribeirão Preto;Ribeirão Preto;False;PARDA
48266;3546306.0;Santa Cruz das Palmeiras;São João da Boa Vista;False;AMARELA
48267;3550308.0;São Paulo;Município de São Paulo;False;PARDA
48268;3550100.0;São Manuel;Bauru;False;BRANCA
48269;3525003.0;Jandira;Grande SP Oeste;False;BRANCA
48270;3547809.0;Santo André;Grande SP Sudeste;False;BRANCA
48271;3550308.0;São Paulo;Município de São Paulo;False;BRANCA
48272;3548708.0;São Bernardo do Campo;Grande SP Sudeste;False;PRETA
48273;3548500.0;Santos;Baixada Santista;False;BRANCA
48274;3515707.0;Ferraz de Vasconcelos;Grande SP Leste;False;IGNORADO
48275;3550308.0;São Paulo;Município de São Paulo;False;BRANCA
48276;3509502.0;Campinas;Campinas;False;PARDA
48277;3550308.0;São Paulo;Município de São Paulo;False;IGNORADO
48278;3550308.0;São Paulo;Município de São Paulo;False;PARDA
48279;3518800.0;Guarulhos;Grande SP Leste;True;IGNORADO
48280;3503208.0;Araraquara;Araraquara;False;PRETA
48281;3549904.0;São José dos Campos;Taubaté;False;PRETA
48282;3520509.0;Indaiatuba;Campinas;False;PRETA
48283;3505708.0;Barueri;Grande SP Oeste;False;
48284;3529807.0;Mineiros do Tietê;Bauru;False;BRANCA
48285;3522307.0;Itapetininga;Sorocaba;False;BRANCA
48286;3525904.0;Jundiaí;Campinas;False;BRANCA
48287;3549904.0;São José dos Campos;Taubaté;False;BRANCA
48288;3547809.0;Santo André;Grande SP Sudeste;False;BRANCA
48289;3549805.0;São José do Rio Preto;São José do Rio Preto;False;BRANCA
48290;3518800.0;Guarulhos;Grande SP Leste;False;BRANCA
48291;3503901.0;Arujá;Grande SP Leste;False;BRANCA
48292;3550308.0;São Paulo;Município de São Paulo;False;PARDA
48293;3530607.0;Mogi das Cruzes;Grande SP Leste;False;PARDA
48294;3536505.0;Paulínia;Campinas;False;AMARELA
48295;3502804.0;Araçatuba;Araçatuba;False;PRETA
48296;3532801.0;Nova Aliança;São José do Rio Preto;False;BRANCA
48297;3550308.0;São Paulo;Município de São Paulo;False;NONE
48298;3548500.0;Santos;Baixada Santista;False;BRANCA
48299;3549904.0;São José dos Campos;Taubaté;False;BRANCA
48300;3542701.0;Restinga;Franca;False;PARDA
48301;3522208.0;Itapecerica da Serra;Grande SP Sudoeste;False;IGNORADO
48302;3550308.0;São Paulo;Município de São Paulo;False;AMARELA
48303;3550308.0;São Paulo;Município de São Paulo;False;PARDA
48304;3547809.0;Santo André;Grande SP Sudeste;False;BRANCA
