11528;3548500.0;Santos;Baixada Santista;False;PARDA
11529;3549805.0;São José do Rio Preto;São José do Rio Preto;False;BRANCA
11530;3550308.0;São Paulo;Município de São Paulo;False;PRETA
11531;3530607.0;Mogi das Cruzes;Grande SP Leste;False;PARDA
11532;3550308.0;São Paulo;Município de São Paulo;False;NONE
11533;3550308.0;São Paulo;Município de São Paulo;False;BRANCA
11534;3550308.0;São Paulo;Município de São Paulo;False;AMARELA
11535;3550308.0;São Paulo;Município de São Paulo;False;BRANCA
11536;3550308.0;São Paulo;Município de São Paulo;False;BRANCA
11537;3550704.0;São Sebastião;Taubaté;False;BRANCA
11538;3530607.0;Mogi das Cruzes;Grande SP Leste;False;BRANCA
11539;3516309.0;Francisco Morato;Grande SP Norte;False;PARDA
11540;3547809.0;Santo André;Grande SP Sudeste;False;BRANCA
11541;3550308.0;São Paulo;Município de São Paulo;False;BRANCA
11542;3550308.0;São Paulo;Município de São Paulo;False;AMARELA
11543;3550308.0;São Paulo;Município de São Paulo;False;BRANCA
11544;3505500.0;Barretos;Barretos;False;
11545;3549409.0;São Joaquim da Barra;Franca;False;BRANCA
11546;3510609.0;Carapicuíba;Grande SP Oeste;False;AMARELA
11547;3550308.0;São Paulo;Município de São Paulo;False;BRANCA
11548;3557006.0;Votorantim;Sorocaba;False;BRANCA
11549;3557006.0;Votorantim;Sorocaba;False;BRANCA
11550;3547809.0;Santo André;Grande SP Sudeste;False;BRANCA
11551;3523107.0;Itaquaquecetuba;Grande SP Leste;False;NONE
11552;3550308.0;São Paulo;Município de São Paulo;False;BRANCA
11553;3549805.0;São José do Rio Preto;São José do Rio Preto;False;PARDA
11554;3534302.0;Orlândia;Franca;False;BRANCA
11555;3550308.0;São Paulo;Município de São Paulo;False;PARDA
11556;3523107.0;Itaquaquecetuba;Grande SP Leste;False;PARDA
11557;3506359.0;Bertioga;Baixada Santista;False;PARDA
11558;3548708.0;São Bernardo do Campo;Grande SP Sudeste;False;BRANCA
11559;3548708.0;São Bernardo do Campo;Grande SP Sudeste;False;BRANCA
11560;3542602.0;Registro;Registro;False;BRANCA
11561;3550308.0;São Paulo;Município de São Paulo;False;NONE
11562;3522307.0;Itapetininga;Sorocaba;False;BRANCA
11563;3550308.0;São Paulo;Município de São Paulo;False;BRANCA
11564;3548906.0;São Carlos;Araraquara;False;IGNORADO
11565;3509502.0;Campinas;Campinas;False;PARDA
11566;3550308.0;São Paulo;Município de São Paulo;False;BRANCA
11567;3538709.0;Piracicaba;Piracicaba;False;BRANCA
11568;3554300.0;Teodoro Sampaio;Presidente Prudente;False;BRANCA
11569;3550308.0;São Paulo;Município de São Paulo;False;BRANCA
11570;3549706.0;São José do Rio Pardo;São João da Boa Vista;False;BRANCA
11571;3530102.0;Mirandópolis;Araçatuba;False;BRANCA
11572;3529401.0;Mauá;Grande SP Sudeste;False;BRANCA
11573;3553708.0;Taquaritinga;Araraquara;False;BRANCA
11574;3510609.0;Carapicuíba;Grande SP Oeste;False;IGNORADO
11575;3541000.0;Praia Grande;Baixada Santista;False;PARDA
11576;3550308.0;São Paulo;Município de São Paulo;False;PARDA
11577;3552809.0;Taboão da Serra;Grande SP Sudoeste;False;BRANCA
11578;3513801.0;Diadema;Grande SP Sudeste;False;BRANCA
11579;3513801.0;Diadema;Grande SP Sudeste;False;BRANCA
11580;3535804.0;Paranapanema;Bauru;False;IGNORADO
11581;3543303.0;Ribeirão Pires;Grande SP Sudeste;False;AMARELA
11582;3524402.0;Jacareí;Taubaté;False;BRANCA
11583;3526902.0;Limeira;Piracicaba;False;BRANCA
11584;3519600.0;Ibitinga;Araraquara;False;PRETA
11585;3554102.0;Taubaté;Taubaté;False;BRANCA
11586;3506003.0;Bauru;Bauru;False;PARDA
11587;3526100.0;Juquiá;Registro;False;PARDA
11588;3529005.0;Marília;Marília;False;IGNORADO
11589;3521705.0;Itaberá;Sorocaba;False;BRANCA
11590;3509205.0;Cajamar;Grande SP Norte;False;AMARELA
11591;3507605.0;Bragança Paulista;Campinas;False;
11592;3550308.0;São Paulo;Município de São Paulo;False;IGNORADO
11593;3537909.0;Pilar do Sul;Sorocaba;False;BRANCA
11594;3516200.0;Franca;Franca;False;BRANCA
11595;3526902.0;Limeira;Piracicaba;False;BRANCA
11596;3501608.0;Americana;Campinas;False;IGNORADO
11597;3550308.0;São Paulo;Município de São Paulo;False;BRANCA
11598;3550308.0;São Paulo;Município de São Paulo;False;BRANCA
11599;3556503.0;Várzea Paulista;Campinas;False;BRANCA
11600;3550308.0;São Paulo;Município de São Paulo;False;BRANCA
11601;3550308.0;São Paulo;Município de São Paulo;False;BRANCA
11602;3523404.0;Itatiba;Campinas;False;IGNORADO
11603;3550308.0;São Paulo;Município de São Paulo;False;BRANCA
11604;3515186.0;Espírito Santo do Pinhal;São João da Boa Vista;False;BRANCA
11605;3506003.0;Bauru;Bauru;False;BRANCA
11606;3550308.0;São Paulo;Município de São Paulo;False;INDIGENA
11607;3550308.0;São Paulo;Município de São Paulo;False;IGNORADO
11608;3526902.0;Limeira;Piracicaba;False;IGNORADO
11609;3552205.0;Sorocaba;Sorocaba;False;BRANCA
11610;3550308.0;São Paulo;Município de São Paulo;False;BRANCA
11611;3507001.0;Boituva;Sorocaba;False;BRANCA
11612;3525904.0;Jundiaí;Campinas;False;IGNORADO
11613;3550308.0;São Paulo;Município de São Paulo;False;PARDA
11614;3526803.0;Lençóis Paulista;Bauru;False;BRANCA
11615;3554102.0;Taubaté;Taubaté;False;BRANCA
11616;3543303.0;Ribeirão Pires;Grande SP Sudeste;False;IGNORADO
11617;3550308.0;São Paulo;Município de São Paulo;False;IGNORADO
11618;3509502.0;Campinas;Campinas;False;BRANCA
11619;3534708.0;Ourinhos;Marília;False;BRANCA
11620;3524105.0;Ituverava;Franca;False;PARDA
11621;3550308.0;São Paulo;Município de São Paulo;False;PARDA
11622;3506359.0;Bertioga;Baixada Santista;False;PARDA
11623;3550308.0;São Paulo;Município de São Paulo;False;PARDA
11624;3548708.0;São Bernardo do Campo;Grande SP Sudeste;False;BRANCA
11625;3549904.0;São José dos Campos;Taubaté;False;BRANCA
11626;3552403.0;Sumaré;Campinas;False;PRETA
11627;3550308.0;São Paulo;Município de São Paulo;False;BRANCA
11628;3547809.0;Santo André;Grande SP Sudeste;False;BRANCA
11629;3550308.0;São Paulo;Município de São Paulo;False;BRANCA
11630;3548500.0;Santos;Baixada Santista;False;PARDA
11631;3513801.0;Diadema;Grande SP Sudeste;False;BRANCA
11632;3550308.0;São Paulo;Município de São Paulo;False;
11633;3521408.0;Iracemápolis;Piracicaba;False;BRANCA
11634;3523305.0;Itariri;Registro;False;PARDA
11635;3550308.0;São Paulo;Município de São Paulo;False;PARDA
11636;3539806.0;Poá;Grande SP Leste;False;BRANCA
11637;3518701.0;Guarujá;Baixada Santista;False;PARDA
11638;3518800.0;Guarulhos;Grande SP Leste;False;BRANCA
11639;3547809.0;Santo André;Grande SP Sudeste;False;IGNORADO
11640;3552403.0;Sumaré;Campinas;False;BRANCA
11641;3550308.0;São Paulo;Município de São Paulo;False;PRETA
11642;3550308.0;São Paulo;Município de São Paulo;False;IGNORADO
11643;3550308.0;São Paulo;Município de São Paulo;False;BRANCA
11644;3530607.0;Mogi das Cruzes;Grande SP Leste;False;BRANCA
11645;3530706.0;Mogi Guaçu;São João da Boa Vista;False;PRETA
11646;3518800.0;Guarulhos;Grande SP Leste;False;PARDA
11647;3551009.0;São Vicente;Baixada Santista;False;PARDA
11648;3530607.0;Mogi das Cruzes;Grande SP Leste;False;BRANCA
11649;3516309.0;Francisco Morato;Grande SP Norte;False;BRANCA
11650;3552403.0;Sumaré;Campinas;False;BRANCA
11651;3518800.0;Guarulhos;Grande SP Leste;False;
11652;3547809.0;Santo André;Grande SP Sudeste;False;PARDA
11653;3507506.0;Botucatu;Bauru;False;IGNORADO
11654;3536505.0;Paulínia;Campinas;False;PARDA
11655;3538709.0;Piracicaba;Piracicaba;False;PRETA
11656;3550308.0;São Paulo;Município de São Paulo;False;BRANCA
11657;3510500.0;Caraguatatuba;Taubaté;False;IGNORADO
11658;3550308.0;São Paulo;Município de São Paulo;False;PARDA
11659;3520004.0;Igaraçu do Tietê;Bauru;False;PARDA
11660;3550308.0;São Paulo;Município de São Paulo;False;BRANCA
11661;3554102.0;Taubaté;Taubaté;False;BRANCA
11662;3518800.0;Guarulhos;Grande SP Leste;False;AMARELA
11663;3554102.0;Taubaté;Taubaté;False;IGNORADO
11664;3509502.0;Campinas;Campinas;False;PARDA
11665;3551009.0;São Vicente;Baixada Santista;False;IGNORADO
11666;3512803.0;Cosmópolis;Campinas;False;BRANCA
11667;3550308.0;São Paulo;Município de São Paulo;False;BRANCA
11668;3549904.0;São José dos Campos;Taubaté;False;BRANCA
11669;3552502.0;Suzano;Grande SP Leste;False;PARDA
11670;3513504.0;Cubatão;Baixada Santista;False;IGNORADO
11671;3548500.0;Santos;Baixada Santista;False;AMARELA
