45961;3550308.0;São Paulo;Município de São Paulo;False;NONE
45962;3550308.0;São Paulo;Município de São Paulo;False;BRANCA
45963;3518800.0;Guarulhos;Grande SP Leste;False;PRETA
45964;3552809.0;Taboão da Serra;Grande SP Sudoeste;False;PARDA
45965;3531100.0;Mongaguá;Baixada Santista;False;PARDA
45966;3505500.0;Barretos;Barretos;False;BRANCA
45967;3547601.0;Santa Rosa de Viterbo;Ribeirão Preto;False;BRANCA
45968;3550308.0;São Paulo;Município de São Paulo;False;BRANCA
45969;3510609.0;Carapicuíba;Grande SP Oeste;False;IGNORADO
45970;3518800.0;Guarulhos;Grande SP Leste;True;PARDA
45971;3550308.0;São Paulo;Município de São Paulo;False;PARDA
45972;3548708.0;São Bernardo do Campo;Grande SP Sudeste;False;NONE
45973;3525904.0;Jundiaí;Campinas;False;BRANCA
45974;3550308.0;São Paulo;Município de São Paulo;False;BRANCA
45975;3520400.0;Ilhabela;Taubaté;False;PARDA
45976;3505500.0;Barretos;Barretos;False;NONE
45977;3545803.0;Santa Bárbara d'Oeste;Campinas;False;AMARELA
45978;3551009.0;São Vicente;Baixada Santista;False;PARDA
45979;3548708.0;São Bernardo do Campo;Grande SP Sudeste;False;BRANCA
45980;3550308.0;São Paulo;Município de São Paulo;False;
45981;3550308.0;São Paulo;Município de São Paulo;False;AMARELA
45982;3504107.0;Atibaia;Campinas;False;AMARELA
45983;3550308.0;São Paulo;Município de São Paulo;False;BRANCA
45984;3548708.0;São Bernardo do Campo;Grande SP Sudeste;False;PARDA
45985;3548500.0;Santos;Baixada Santista;False;BRANCA
45986;3515004.0;Embu das Artes;Grande SP Sudoeste;False;BRANCA
45987;3548500.0;Santos;Baixada Santista;False;IGNORADO
45988;3520301.0;Iguape;Registro;False;PARDA
45989;3538709.0;Piracicaba;Piracicaba;False;IGNORADO
45990;3526902.0;Limeira;Piracicaba;False;BRANCA
45991;3548708.0;São Bernardo do Campo;Grande SP Sudeste;False;
45992;3548500.0;Santos;Baixada Santista;False;IGNORADO
45993;3510609.0;Carapicuíba;Grande SP Oeste;False;BRANCA
45994;3535507.0;Paraguaçu Paulista;Marília;False;BRANCA
45995;3525904.0;Jundiaí;Campinas;False;BRANCA
45996;3550308.0;São Paulo;Município de São Paulo;False;PARDA
45997;3550308.0;São Paulo;Município de São Paulo;False;BRANCA
45998;3543402.0;Ribeirão Preto;Ribeirão Preto;False;BRANCA
45999;3504701.0;Balbinos;Bauru;False;BRANCA
46000;3521408.0;Iracemápolis;Piracicaba;False;AMARELA
46001;3552809.0;Taboão da Serra;Grande SP Sudoeste;False;BRANCA
46002;3548708.0;São Bernardo do Campo;Grande SP Sudeste;False;
46003;3509502.0;Campinas;Campinas;False;BRANCA
46004;3520509.0;Indaiatuba;Campinas;False;PARDA
46005;3537107.0;Pedreira;Campinas;False;BRANCA
46006;3539806.0;Poá;Grande SP Leste;False;BRANCA
46007;3513504.0;Cubatão;Baixada Santista;False;BRANCA
46008;3550308.0;São Paulo;Município de São Paulo;False;BRANCA
46009;3550308.0;São Paulo;Município de São Paulo;False;NONE
46010;3543402.0;Ribeirão Preto;Ribeirão Preto;False;PARDA
46011;3550308.0;São Paulo;Município de São Paulo;True;BRANCA
46012;3548500.0;Santos;Baixada Santista;False;BRANCA
46013;3514809.0;Eldorado;Registro;False;IGNORADO
46014;3509502.0;Campinas;Campinas;False;BRANCA
46015;3556453.0;Vargem Grande Paulista;Grande SP Sudoeste;False;BRANCA
46016;3541406.0;Presidente Prudente;Presidente Prudente;False;BRANCA
46017;3550407.0;São Pedro;Piracicaba;False;IGNORADO
46018;3552809.0;Taboão da Serra;Grande SP Sudoeste;False;PARDA
46019;3548500.0;Santos;Baixada Santista;False;IGNORADO
46020;3550308.0;São Paulo;Município de São Paulo;False;PARDA
46021;3513504.0;Cubatão;Baixada Santista;False;PARDA
46022;3550308.0;São Paulo;Município de São Paulo;False;BRANCA
46023;3548500.0;Santos;Baixada Santista;False;BRANCA
46024;3549805.0;São José do Rio Preto;São José do Rio Preto;False;BRANCA
46025;3525904.0;Jundiaí;Campinas;False;IGNORADO
46026;3550308.0;São Paulo;Município de São Paulo;True;NONE
46027;3522406.0;Itapeva;Sorocaba;False;BRANCA
46028;3536505.0;Paulínia;Campinas;False;BRANCA
46029;3507100.0;Bom Jesus dos Perdões;Campinas;False;AMARELA
46030;3534401.0;Osasco;Grande SP Oeste;False;PARDA
46031;3550308.0;São Paulo;Município de São Paulo;False;PARDA
46032;3552205.0;Sorocaba;Sorocaba;False;PARDA
46033;3541000.0;Praia Grande;Baixada Santista;False;AMARELA
46034;3552403.0;Sumaré;Campinas;False;AMARELA
46035;3529401.0;Mauá;Grande SP Sudeste;False;BRANCA
46036;3531902.0;Morro Agudo;Franca;False;PARDA
46037;3553203.0;Taiúva;Barretos;False;PARDA
46038;3550308.0;São Paulo;Município de São Paulo;True;BRANCA
46039;3550308.0;São Paulo;Município de São Paulo;True;BRANCA
46040;3530300.0;Mirassol;São José do Rio Preto;False;IGNORADO
46041;3556701.0;Vinhedo;Campinas;False;BRANCA
46042;3512803.0;Cosmópolis;Campinas;False;PRETA
46043;3550308.0;São Paulo;Município de São Paulo;False;PARDA
46044;3515004.0;Embu das Artes;Grande SP Sudoeste;False;PARDA
46045;3530607.0;Mogi das Cruzes;Grande SP Leste;False;PRETA
46046;3518800.0;Guarulhos;Grande SP Leste;False;BRANCA
46047;3550308.0;São Paulo;Município de São Paulo;False;PARDA
46048;3550308.0;São Paulo;Município de São Paulo;False;IGNORADO
46049;3550308.0;São Paulo;Município de São Paulo;False;BRANCA
46050;3549904.0;São José dos Campos;Taubaté;False;BRANCA
46051;3547809.0;Santo André;Grande SP Sudeste;False;BRANCA
46052;3550308.0;São Paulo;Município de São Paulo;False;BRANCA
46053;3515509.0;Fernandópolis;São José do Rio Preto;False;BRANCA
46054;3545803.0;Santa Bárbara d'Oeste;Campinas;False;AMARELA
46055;3529708.0;Miguelópolis;Franca;True;BRANCA
46056;3550308.0;São Paulo;Município de São Paulo;False;BRANCA
46057;3517307.0;Guaimbê;Marília;False;BRANCA
46058;3506003.0;Bauru;Bauru;False;AMARELA
46059;3550308.0;São Paulo;Município de São Paulo;False;PARDA
46060;3509502.0;Campinas;Campinas;False;PARDA
46061;3550308.0;São Paulo;Município de São Paulo;False;BRANCA
46062;3550308.0;São Paulo;Município de São Paulo;False;BRANCA
46063;3550308.0;São Paulo;Município de São Paulo;False;PRETA
46064;3548500.0;Santos;Baixada Santista;False;BRANCA
46065;3543402.0;Ribeirão Preto;Ribeirão Preto;False;AMARELA
46066;3513801.0;Diadema;Grande SP Sudeste;False;PARDA
46067;3547809.0;Santo André;Grande SP Sudeste;False;NONE
46068;3550308.0;São Paulo;Município de São Paulo;False;PARDA
46069;3530607.0;Mogi das Cruzes;Grande SP Leste;False;BRANCA
46070;3513801.0;Diadema;Grande SP Sudeste;False;BRANCA
46071;3549805.0;São José do Rio Preto;São José do Rio Preto;False;BRANCA
46072;3549904.0;São José dos Campos;Taubaté;False;IGNORADO
46073;3548203.0;Santo Antônio do Pinhal;Taubaté;False;BRANCA
46074;3501905.0;Amparo;Campinas;False;BRANCA
46075;3548500.0;Santos;Baixada Santista;False;
46076;3550308.0;São Paulo;Município de São Paulo;False;BRANCA
46077;3547809.0;Santo André;Grande SP Sudeste;False;PRETA
46078;3541406.0;Presidente Prudente;Presidente Prudente;False;BRANCA
46079;3550308.0;São Paulo;Município de São Paulo;False;BRANCA
46080;3550308.0;São Paulo;Município de São Paulo;False;PARDA
46081;3548500.0;Santos;Baixada Santista;False;NONE
46082;3547809.0;Santo André;Grande SP Sudeste;False;BRANCA
46083;3523503.0;Itatinga;Bauru;False;BRANCA
46084;3524808.0;Jales;São José do Rio Preto;False;BRANCA
46085;3550308.0;São Paulo;Município de São Paulo;False;IGNORADO
46086;3547809.0;Santo André;Grande SP Sudeste;False;BRANCA
46087;3543402.0;Ribeirão Preto;Ribeirão Preto;False;PRETA
46088;3518107.0;Guarantã;Marília;False;BRANCA
46089;3550308.0;São Paulo;Município de São Paulo;False;BRANCA
46090;3513504.0;Cubatão;Baixada Santista;False;PARDA
46091;3505708.0;Barueri;Grande SP Oeste;False;PARDA
46092;3550308.0;São Paulo;Município de São Paulo;False;IGNORADO
46093;3530607.0;Mogi das Cruzes;Grande SP Leste;False;
46094;3545001.0;Salesópolis;Grande SP Leste;False;BRANCA
46095;3516200.0;Franca;Franca;False;IGNORADO
46096;3500105.0;Adamantina;Marília;False;BRANCA
46097;3550308.0;São Paulo;Município de São Paulo;False;AMARELA
46098;3552205.0;Sorocaba;Sorocaba;False;BRANCA
46099;3505708.0;Barueri;Grande SP Oeste;False;AMARELA
46100;3501608.0;Americana;Campinas;False;IGNORADO
46101;3549805.0;São José do Rio Preto;São José do Rio Preto;False;IGNORADO
46102;3523404.0;Itatiba;Campinas;False;PARDA
