15498;3552809.0;Taboão da Serra;Grande SP Sudoeste;False;
15499;3524709.0;Jaguariúna;Campinas;False;BRANCA
15500;3541406.0;Presidente Prudente;Presidente Prudente;False;PARDA
15501;3550308.0;São Paulo;Município de São Paulo;False;BRANCA
15502;3526100.0;Juquiá;Registro;False;PARDA
15503;3526100.0;Juquiá;Registro;False;BRANCA
15504;3552601.0;Tabapuã;São José do Rio Preto;False;
15505;3548500.0;Santos;Baixada Santista;False;PARDA
15506;3550308.0;São Paulo;Município de São Paulo;False;PRETA
15507;3543402.0;Ribeirão Preto;Ribeirão Preto;False;PARDA
15508;3509502.0;Campinas;Campinas;False;BRANCA
15509;3548708.0;São Bernardo do Campo;Grande SP Sudeste;False;BRANCA
15510;3530607.0;Mogi das Cruzes;Grande SP Leste;False;BRANCA
15511;3550308.0;São Paulo;Município de São Paulo;False;BRANCA
15512;3552205.0;Sorocaba;Sorocaba;False;
15513;3515509.0;Fernandópolis;São José do Rio Preto;False;BRANCA
15514;3550308.0;São Paulo;Município de São Paulo;False;BRANCA
15515;3503307.0;Araras;Piracicaba;False;PARDA
15516;3509700.0;Campos do Jordão;Taubaté;False;BRANCA
15517;3522505.0;Itapevi;Grande SP Oeste;False;BRANCA
15518;3510609.0;Carapicuíba;Grande SP Oeste;False;NONE
15519;3549805.0;São José do Rio Preto;São José do Rio Preto;False;BRANCA
15520;3539202.0;Pirapozinho;Presidente Prudente;False;PARDA
15521;3506003.0;Bauru;Bauru;False;BRANCA
15522;3550308.0;São Paulo;Município de São Paulo;False;BRANCA
15523;3550308.0;São Paulo;Município de São Paulo;False;PARDA
15524;3550308.0;São Paulo;Município de São Paulo;False;BRANCA
15525;3550308.0;São Paulo;Município de São Paulo;True;BRANCA
15526;3500709.0;Agudos;Bauru;True;BRANCA
15527;3557006.0;Votorantim;Sorocaba;False;BRANCA
15528;3549904.0;São José dos Campos;Taubaté;False;BRANCA
15529;3556008.0;Urupês;São José do Rio Preto;False;BRANCA
15530;3503307.0;Araras;Piracicaba;False;IGNORADO
15531;3549805.0;São José do Rio Preto;São José do Rio Preto;False;BRANCA
15532;3541604.0;Promissão;Bauru;False;AMARELA
15533;3537909.0;Pilar do Sul;Sorocaba;False;
15534;3519071.0;Hortolândia;Campinas;False;
15535;3550308.0;São Paulo;Município de São Paulo;False;BRANCA
15536;3550308.0;São Paulo;Município de São Paulo;False;BRANCA
15537;3548708.0;São Bernardo do Campo;Grande SP Sudeste;False;BRANCA
15538;3550308.0;São Paulo;Município de São Paulo;False;PARDA
15539;3509502.0;Campinas;Campinas;False;PRETA
15540;3556107.0;Valentim Gentil;São José do Rio Preto;False;BRANCA
15541;3501905.0;Amparo;Campinas;False;BRANCA
15542;3550308.0;São Paulo;Município de São Paulo;False;BRANCA
15543;3550308.0;São Paulo;Município de São Paulo;False;AMARELA
15544;3533304.0;Nova Luzitânia;Araçatuba;False;BRANCA
15545;3548708.0;São Bernardo do Campo;Grande SP Sudeste;False;
15546;3549904.0;São José dos Campos;Taubaté;False;BRANCA
15547;3530706.0;Mogi Guaçu;São João da Boa Vista;False;BRANCA
15548;3522208.0;Itapecerica da Serra;Grande SP Sudoeste;False;PRETA
15549;3550308.0;São Paulo;Município de São Paulo;False;PARDA
15550;3547502.0;Santa Rita do Passa Quatro;Ribeirão Preto;False;AMARELA
15551;3550308.0;São Paulo;Município de São Paulo;False;PARDA
15552;3548005.0;Santo Antônio de Posse;Campinas;False;BRANCA
15553;3501152.0;Alumínio;Sorocaba;False;BRANCA
15554;3550308.0;São Paulo;Município de São Paulo;False;BRANCA
15555;3518503.0;Guareí;Sorocaba;False;
15556;3546702.0;Santa Gertrudes;Piracicaba;False;BRANCA
15557;3505302.0;Barra Bonita;Bauru;False;BRANCA
15558;3552403.0;Sumaré;Campinas;False;BRANCA
15559;3545803.0;Santa Bárbara d'Oeste;Campinas;False;BRANCA
15560;3530607.0;Mogi das Cruzes;Grande SP Leste;False;
15561;3550308.0;São Paulo;Município de São Paulo;False;IGNORADO
15562;3550308.0;São Paulo;Município de São Paulo;False;PRETA
15563;3509502.0;Campinas;Campinas;False;BRANCA
15564;3546256.0;Santa Cruz da Esperança;Ribeirão Preto;False;BRANCA
15565;3548500.0;Santos;Baixada Santista;False;BRANCA
15566;3522505.0;Itapevi;Grande SP Oeste;False;PRETA
15567;3505500.0;Barretos;Barretos;False;PARDA
15568;3556800.0;Viradouro;Barretos;False;BRANCA
15569;3509502.0;Campinas;Campinas;False;BRANCA
15570;3518800.0;Guarulhos;Grande SP Leste;False;
15571;3549904.0;São José dos Campos;Taubaté;False;BRANCA
15572;3530706.0;Mogi Guaçu;São João da Boa Vista;False;BRANCA
15573;3525904.0;Jundiaí;Campinas;False;BRANCA
15574;3524006.0;Itupeva;Campinas;False;BRANCA
15575;3546801.0;Santa Isabel;Grande SP Leste;False;BRANCA
15576;3510203.0;Capão Bonito;Sorocaba;False;BRANCA
15577;3554102.0;Taubaté;Taubaté;False;BRANCA
15578;3525003.0;Jandira;Grande SP Oeste;False;BRANCA
15579;3521002.0;Iperó;Sorocaba;False;NONE
15580;3529401.0;Mauá;Grande SP Sudeste;False;PARDA
15581;3552809.0;Taboão da Serra;Grande SP Sudoeste;False;
15582;3525904.0;Jundiaí;Campinas;False;BRANCA
15583;3503208.0;Araraquara;Araraquara;False;BRANCA
15584;3509502.0;Campinas;Campinas;False;PARDA
15585;3548500.0;Santos;Baixada Santista;False;PRETA
15586;3509502.0;Campinas;Campinas;False;PRETA
15587;3550308.0;São Paulo;Município de São Paulo;False;
15588;3550308.0;São Paulo;Município de São Paulo;False;BRANCA
15589;3507605.0;Bragança Paulista;Campinas;False;BRANCA
15590;3509205.0;Cajamar;Grande SP Norte;True;PRETA
15591;3501608.0;Americana;Campinas;False;BRANCA
15592;3518701.0;Guarujá;Baixada Santista;False;PARDA
15593;3519071.0;Hortolândia;Campinas;False;BRANCA
15594;3550308.0;São Paulo;Município de São Paulo;False;AMARELA
15595;3517703.0;Guará;Franca;False;PRETA
15596;3503208.0;Araraquara;Araraquara;False;PRETA
15597;3550308.0;São Paulo;Município de São Paulo;True;BRANCA
15598;3550308.0;São Paulo;Município de São Paulo;False;BRANCA
15599;3550308.0;São Paulo;Município de São Paulo;True;BRANCA
15600;3551405.0;Serra Azul;Ribeirão Preto;False;BRANCA
15601;3519071.0;Hortolândia;Campinas;False;BRANCA
15602;3550308.0;São Paulo;Município de São Paulo;False;PARDA
15603;3530300.0;Mirassol;São José do Rio Preto;False;IGNORADO
15604;3549409.0;São Joaquim da Barra;Franca;False;IGNORADO
15605;3547809.0;Santo André;Grande SP Sudeste;False;PARDA
15606;3501608.0;Americana;Campinas;False;PARDA
15607;3543402.0;Ribeirão Preto;Ribeirão Preto;False;PARDA
15608;3524907.0;Jambeiro;Taubaté;False;BRANCA
15609;3517703.0;Guará;Franca;False;PRETA
15610;3550308.0;São Paulo;Município de São Paulo;False;BRANCA
15611;3550308.0;São Paulo;Município de São Paulo;False;BRANCA
15612;3550308.0;São Paulo;Município de São Paulo;False;BRANCA
15613;3522505.0;Itapevi;Grande SP Oeste;False;BRANCA
15614;3522505.0;Itapevi;Grande SP Oeste;False;BRANCA
15615;3502606.0;Aparecida d'Oeste;São José do Rio Preto;False;BRANCA
15616;3552205.0;Sorocaba;Sorocaba;False;BRANCA
15617;3540606.0;Porto Feliz;Sorocaba;False;IGNORADO
15618;3548708.0;São Bernardo do Campo;Grande SP Sudeste;False;IGNORADO
15619;3501608.0;Americana;Campinas;False;BRANCA
15620;3541604.0;Promissão;Bauru;False;BRANCA
15621;3550308.0;São Paulo;Município de São Paulo;False;BRANCA
15622;3550308.0;São Paulo;Município de São Paulo;False;BRANCA
15623;3537800.0;Piedade;Sorocaba;True;BRANCA
15624;3547809.0;Santo André;Grande SP Sudeste;False;BRANCA
15625;3534401.0;Osasco;Grande SP Oeste;False;BRANCA
15626;3549805.0;São José do Rio Preto;São José do Rio Preto;False;PARDA
15627;3506003.0;Bauru;Bauru;False;IGNORADO
15628;3537305.0;Penápolis;Araçatuba;False;BRANCA
15629;3554102.0;Taubaté;Taubaté;False;BRANCA
15630;3536505.0;Paulínia;Campinas;False;BRANCA
15631;3537602.0;Peruíbe;Baixada Santista;False;BRANCA
15632;3522109.0;Itanhaém;Baixada Santista;False;AMARELA
15633;3549805.0;São José do Rio Preto;São José do Rio Preto;False;BRANCA
15634;3536505.0;Paulínia;Campinas;False;BRANCA
15635;3526704.0;Leme;Piracicaba;False;BRANCA
15636;3548708.0;São Bernardo do Campo;Grande SP Sudeste;False;PARDA
15637;3548708.0;São Bernardo do Campo;Grande SP Sudeste;False;PRETA
15638;3550308.0;São Paulo;Município de São Paulo;False;BRANCA
15639;3550308.0;São Paulo;Município de São Paulo;False;BRANCA
15640;3547809.0;Santo André;Grande SP Sudeste;False;PRETA
15641;3543907.0;Rio Claro;Piracicaba;False;BRANCA
15642;3510609.0;Carapicuíba;Grande SP Oeste;False;PARDA
