39246;3529807.0;Mineiros do Tietê;Bauru;False;BRANCA
39247;3525904.0;Jundiaí;Campinas;False;BRANCA
39248;3550308.0;São Paulo;Município de São Paulo;False;
39249;3553401.0;Tanabi;São José do Rio Preto;False;BRANCA
39250;3518800.0;Guarulhos;Grande SP Leste;False;BRANCA
39251;3525300.0;Jaú;Bauru;False;BRANCA
39252;3519600.0;Ibitinga;Araraquara;True;BRANCA
39253;3550308.0;São Paulo;Município de São Paulo;False;PARDA
39254;3524402.0;Jacareí;Taubaté;False;BRANCA
39255;3518800.0;Guarulhos;Grande SP Leste;False;AMARELA
39256;3529401.0;Mauá;Grande SP Sudeste;False;BRANCA
39257;3510609.0;Carapicuíba;Grande SP Oeste;False;IGNORADO
39258;3548500.0;Santos;Baixada Santista;False;NONE
39259;3529401.0;Mauá;Grande SP Sudeste;False;BRANCA
39260;3537800.0;Piedade;Sorocaba;False;BRANCA
39261;3507506.0;Botucatu;Bauru;False;BRANCA
39262;3541307.0;Presidente Epitácio;Presidente Prudente;False;IGNORADO
39263;3548906.0;São Carlos;Araraquara;False;IGNORADO
39264;3501400.0;Álvaro de Carvalho;Marília;False;BRANCA
39265;3550308.0;São Paulo;Município de São Paulo;False;PARDA
39266;3506003.0;Bauru;Bauru;False;BRANCA
39267;3536703.0;Pederneiras;Bauru;False;BRANCA
39268;3526803.0;Lençóis Paulista;Bauru;False;BRANCA
39269;3520400.0;Ilhabela;Taubaté;False;PARDA
39270;3506508.0;Birigui;Araçatuba;False;BRANCA
39271;3550308.0;São Paulo;Município de São Paulo;False;BRANCA
39272;3516309.0;Francisco Morato;Grande SP Norte;False;BRANCA
39273;3550308.0;São Paulo;Município de São Paulo;False;BRANCA
39274;3550308.0;São Paulo;Município de São Paulo;False;BRANCA
39275;3534708.0;Ourinhos;Marília;False;BRANCA
39276;3506003.0;Bauru;Bauru;False;BRANCA
39277;3516200.0;Franca;Franca;False;IGNORADO
39278;3511102.0;Catanduva;São José do Rio Preto;False;BRANCA
39279;3550308.0;São Paulo;Município de São Paulo;False;BRANCA
39280;3547809.0;Santo André;Grande SP Sudeste;False;BRANCA
39281;3551900.0;Severínia;Barretos;False;BRANCA
39282;3539301.0;Pirassununga;Piracicaba;False;BRANCA
39283;3509502.0;Campinas;Campinas;False;PARDA
39284;3510708.0;Cardoso;São José do Rio Preto;False;BRANCA
39285;3536703.0;Pederneiras;Bauru;False;BRANCA
39286;3503208.0;Araraquara;Araraquara;False;BRANCA
39287;3530706.0;Mogi Guaçu;São João da Boa Vista;False;BRANCA
39288;3550308.0;São Paulo;Município de São Paulo;False;BRANCA
39289;3549805.0;São José do Rio Preto;São José do Rio Preto;False;BRANCA
39290;3506003.0;Bauru;Bauru;False;PRETA
39291;3550308.0;São Paulo;Município de São Paulo;False;BRANCA
39292;3551009.0;São Vicente;Baixada Santista;False;
39293;3552809.0;Taboão da Serra;Grande SP Sudoeste;False;PARDA
39294;3547304.0;Santana de Parnaíba;Grande SP Oeste;False;BRANCA
39295;3543402.0;Ribeirão Preto;Ribeirão Preto;False;PARDA
39296;3543402.0;Ribeirão Preto;Ribeirão Preto;False;PARDA
39297;3550308.0;São Paulo;Município de São Paulo;False;BRANCA
39298;3550704.0;São Sebastião;Taubaté;False;BRANCA
39299;3549904.0;São José dos Campos;Taubaté;False;BRANCA
39300;3521002.0;Iperó;Sorocaba;False;PARDA
39301;3547809.0;Santo André;Grande SP Sudeste;False;IGNORADO
39302;3553302.0;Tambaú;São João da Boa Vista;False;BRANCA
39303;3523107.0;Itaquaquecetuba;Grande SP Leste;False;PARDA
39304;3551504.0;Serrana;Ribeirão Preto;False;BRANCA
39305;3509254.0;Cajati;Registro;False;PARDA
39306;3543402.0;Ribeirão Preto;Ribeirão Preto;False;PARDA
39307;3503208.0;Araraquara;Araraquara;False;BRANCA
39308;3550308.0;São Paulo;Município de São Paulo;False;BRANCA
39309;3502804.0;Araçatuba;Araçatuba;False;BRANCA
39310;3549904.0;São José dos Campos;Taubaté;False;BRANCA
39311;3550308.0;São Paulo;Município de São Paulo;False;NONE
39312;3557105.0;Votuporanga;São José do Rio Preto;False;BRANCA
39313;3550308.0;São Paulo;Município de São Paulo;False;BRANCA
39314;3550308.0;São Paulo;Município de São Paulo;False;PARDA
39315;3554102.0;Taubaté;Taubaté;False;BRANCA
39316;3509601.0;Campo Limpo Paulista;Campinas;False;BRANCA
39317;3547809.0;Santo André;Grande SP Sudeste;False;
39318;3550308.0;São Paulo;Município de São Paulo;False;PARDA
39319;3550308.0;São Paulo;Município de São Paulo;False;BRANCA
39320;3549805.0;São José do Rio Preto;São José do Rio Preto;False;BRANCA
39321;3538709.0;Piracicaba;Piracicaba;False;BRANCA
39322;3509502.0;Campinas;Campinas;False;BRANCA
39323;3547809.0;Santo André;Grande SP Sudeste;False;BRANCA
39324;3550308.0;São Paulo;Município de São Paulo;False;
39325;3554706.0;Torrinha;Bauru;False;BRANCA
39326;3513900.0;Divinolândia;São João da Boa Vista;False;BRANCA
39327;3550605.0;São Roque;Sorocaba;False;BRANCA
39328;3543600.0;Rifaina;Franca;False;BRANCA
39329;3552106.0;Socorro;Campinas;False;BRANCA
39330;3548708.0;São Bernardo do Campo;Grande SP Sudeste;False;BRANCA
39331;3527207.0;Lorena;Taubaté;False;BRANCA
39332;3527108.0;Lins;Bauru;False;BRANCA
39333;3523206.0;Itararé;Sorocaba;False;BRANCA
39334;3550308.0;São Paulo;Município de São Paulo;False;PARDA
39335;3543907.0;Rio Claro;Piracicaba;False;BRANCA
39336;3550308.0;São Paulo;Município de São Paulo;False;BRANCA
39337;3543402.0;Ribeirão Preto;Ribeirão Preto;False;IGNORADO
39338;3505500.0;Barretos;Barretos;False;BRANCA
39339;3550308.0;São Paulo;Município de São Paulo;False;BRANCA
39340;3518701.0;Guarujá;Baixada Santista;False;BRANCA
39341;3540804.0;Potirendaba;São José do Rio Preto;False;BRANCA
39342;3550308.0;São Paulo;Município de São Paulo;False;AMARELA
39343;3550308.0;São Paulo;Município de São Paulo;False;BRANCA
39344;3539806.0;Poá;Grande SP Leste;False;BRANCA
39345;3550308.0;São Paulo;Município de São Paulo;False;IGNORADO
39346;3550308.0;São Paulo;Município de São Paulo;False;BRANCA
39347;3534708.0;Ourinhos;Marília;False;BRANCA
39348;3518800.0;Guarulhos;Grande SP Leste;False;BRANCA
39349;3540903.0;Pradópolis;Ribeirão Preto;False;BRANCA
39350;3529401.0;Mauá;Grande SP Sudeste;False;
39351;3529302.0;Matão;Araraquara;False;BRANCA
39352;3545803.0;Santa Bárbara d'Oeste;Campinas;False;BRANCA
39353;3550308.0;São Paulo;Município de São Paulo;False;BRANCA
39354;3519600.0;Ibitinga;Araraquara;False;NONE
39355;3502804.0;Araçatuba;Araçatuba;False;BRANCA
39356;3539202.0;Pirapozinho;Presidente Prudente;False;BRANCA
39357;3513801.0;Diadema;Grande SP Sudeste;False;
39358;3506003.0;Bauru;Bauru;False;BRANCA
39359;3543303.0;Ribeirão Pires;Grande SP Sudeste;False;BRANCA
39360;3550308.0;São Paulo;Município de São Paulo;False;AMARELA
39361;3509502.0;Campinas;Campinas;False;BRANCA
39362;3533908.0;Olímpia;Barretos;False;IGNORADO
39363;3516200.0;Franca;Franca;False;PARDA
39364;3530409.0;Mirassolândia;São José do Rio Preto;False;BRANCA
39365;3533908.0;Olímpia;Barretos;False;BRANCA
39366;3550704.0;São Sebastião;Taubaté;False;BRANCA
39367;3556701.0;Vinhedo;Campinas;False;BRANCA
39368;3550308.0;São Paulo;Município de São Paulo;False;BRANCA
39369;3540804.0;Potirendaba;São José do Rio Preto;False;BRANCA
39370;3547304.0;Santana de Parnaíba;Grande SP Oeste;False;BRANCA
39371;3525003.0;Jandira;Grande SP Oeste;False;
39372;3529708.0;Miguelópolis;Franca;False;BRANCA
39373;3554102.0;Taubaté;Taubaté;False;AMARELA
39374;3552205.0;Sorocaba;Sorocaba;False;BRANCA
39375;3550308.0;São Paulo;Município de São Paulo;False;BRANCA
39376;3546405.0;Santa Cruz do Rio Pardo;Marília;False;
39377;3528007.0;Macatuba;Bauru;False;BRANCA
39378;3525904.0;Jundiaí;Campinas;False;PARDA
39379;3551009.0;São Vicente;Baixada Santista;False;AMARELA
39380;3538709.0;Piracicaba;Piracicaba;False;BRANCA
39381;3534401.0;Osasco;Grande SP Oeste;False;IGNORADO
39382;3550308.0;São Paulo;Município de São Paulo;False;PARDA
39383;3550308.0;São Paulo;Município de São Paulo;False;PARDA
39384;3547809.0;Santo André;Grande SP Sudeste;False;AMARELA
39385;3548807.0;São Caetano do Sul;Grande SP Sudeste;False;NONE
39386;3519071.0;Hortolândia;Campinas;False;BRANCA
39387;3548708.0;São Bernardo do Campo;Grande SP Sudeste;False;PARDA
39388;3550308.0;São Paulo;Município de São Paulo;False;IGNORADO
39389;3531902.0;Morro Agudo;Franca;False;BRANCA
39390;3552205.0;Sorocaba;Sorocaba;False;IGNORADO
39391;3550308.0;São Paulo;Município de São Paulo;False;BRANCA
39392;3548500.0;Santos;Baixada Santista;False;BRANCA
