9510;3550308.0;São Paulo;Município de São Paulo;False;BRANCA
9511;3553005.0;Taguaí;Bauru;False;BRANCA
9512;3552403.0;Sumaré;Campinas;False;IGNORADO
9513;3550308.0;São Paulo;Município de São Paulo;False;BRANCA
9514;3509502.0;Campinas;Campinas;False;AMARELA
9515;3509502.0;Campinas;Campinas;False;BRANCA
9516;3556503.0;Várzea Paulista;Campinas;False;AMARELA
9517;3550308.0;São Paulo;Município de São Paulo;False;PRETA
9518;3534401.0;Osasco;Grande SP Oeste;False;BRANCA
9519;3552809.0;Taboão da Serra;Grande SP Sudoeste;False;BRANCA
9520;3516408.0;Franco da Rocha;Grande SP Norte;False;PARDA
9521;3504206.0;Auriflama;Araçatuba;False;BRANCA
9522;3525904.0;Jundiaí;Campinas;False;BRANCA
9523;3506003.0;Bauru;Bauru;False;BRANCA
9524;3509601.0;Campo Limpo Paulista;Campinas;False;IGNORADO
9525;3514403.0;Dracena;Presidente Prudente;False;BRANCA
9526;3522505.0;Itapevi;Grande SP Oeste;False;BRANCA
9527;3550308.0;São Paulo;Município de São Paulo;False;IGNORADO
9528;3550308.0;São Paulo;Município de São Paulo;False;NONE
9529;3557105.0;Votuporanga;São José do Rio Preto;False;BRANCA
9530;3523107.0;Itaquaquecetuba;Grande SP Leste;False;PRETA
9531;3551702.0;Sertãozinho;Ribeirão Preto;False;AMARELA
9532;3543907.0;Rio Claro;Piracicaba;False;BRANCA
9533;3549904.0;São José dos Campos;Taubaté;False;BRANCA
9534;3520509.0;Indaiatuba;Campinas;False;AMARELA
9535;3503109.0;Arandu;Bauru;False;PARDA
9536;3550308.0;São Paulo;Município de São Paulo;False;PARDA
9537;3552205.0;Sorocaba;Sorocaba;False;PRETA
9538;3513801.0;Diadema;Grande SP Sudeste;False;BRANCA
9539;3550308.0;São Paulo;Município de São Paulo;False;PARDA
9540;3538709.0;Piracicaba;Piracicaba;False;BRANCA
9541;3520509.0;Indaiatuba;Campinas;False;PRETA
9542;3520400.0;Ilhabela;Taubaté;False;PRETA
9543;3518701.0;Guarujá;Baixada Santista;False;IGNORADO
9544;3525904.0;Jundiaí;Campinas;False;
9545;3552403.0;Sumaré;Campinas;True;PARDA
9546;3538709.0;Piracicaba;Piracicaba;False;BRANCA
9547;3531902.0;Morro Agudo;Franca;False;PARDA
9548;3522505.0;Itapevi;Grande SP Oeste;False;PARDA
9549;3550308.0;São Paulo;Município de São Paulo;False;BRANCA
9550;3546603.0;Santa Fé do Sul;São José do Rio Preto;False;IGNORADO
9551;3530300.0;Mirassol;São José do Rio Preto;False;BRANCA
9552;3550308.0;São Paulo;Município de São Paulo;False;PARDA
9553;3547809.0;Santo André;Grande SP Sudeste;False;PARDA
9554;3509502.0;Campinas;Campinas;False;PARDA
9555;3522406.0;Itapeva;Sorocaba;False;IGNORADO
9556;3513405.0;Cruzeiro;Taubaté;False;BRANCA
9557;3500105.0;Adamantina;Marília;False;BRANCA
9558;3549805.0;São José do Rio Preto;São José do Rio Preto;False;
9559;3549409.0;São Joaquim da Barra;Franca;False;BRANCA
9560;3501707.0;Américo Brasiliense;Araraquara;False;PARDA
9561;3549805.0;São José do Rio Preto;São José do Rio Preto;False;PARDA
9562;3544004.0;Rio das Pedras;Piracicaba;False;BRANCA
9563;3510500.0;Caraguatatuba;Taubaté;False;PARDA
9564;3550308.0;São Paulo;Município de São Paulo;False;PARDA
9565;3503802.0;Artur Nogueira;Campinas;False;PARDA
9566;3550308.0;São Paulo;Município de São Paulo;True;PARDA
9567;3554508.0;Tietê;Sorocaba;False;BRANCA
9568;3541406.0;Presidente Prudente;Presidente Prudente;False;PRETA
9569;3550308.0;São Paulo;Município de São Paulo;True;BRANCA
9570;3550308.0;São Paulo;Município de São Paulo;False;BRANCA
9571;3500303.0;Aguaí;São João da Boa Vista;False;BRANCA
9572;3520202.0;Igaratá;Taubaté;False;AMARELA
9573;3501301.0;Álvares Machado;Presidente Prudente;False;BRANCA
9574;3550308.0;São Paulo;Município de São Paulo;False;BRANCA
9575;3548500.0;Santos;Baixada Santista;True;BRANCA
9576;3548500.0;Santos;Baixada Santista;True;BRANCA
9577;3533502.0;Novo Horizonte;São José do Rio Preto;False;BRANCA
9578;3550308.0;São Paulo;Município de São Paulo;False;
9579;3550308.0;São Paulo;Município de São Paulo;False;NONE
9580;3549805.0;São José do Rio Preto;São José do Rio Preto;False;BRANCA
9581;3550308.0;São Paulo;Município de São Paulo;False;BRANCA
9582;3500303.0;Aguaí;São João da Boa Vista;False;IGNORADO
9583;3509007.0;Caieiras;Grande SP Norte;False;PARDA
9584;3551504.0;Serrana;Ribeirão Preto;False;BRANCA
9585;3525904.0;Jundiaí;Campinas;False;PARDA
9586;3531506.0;Monte Azul Paulista;Barretos;False;AMARELA
9587;3513009.0;Cotia;Grande SP Sudoeste;False;IGNORADO
9588;3530300.0;Mirassol;São José do Rio Preto;False;BRANCA
9589;3550308.0;São Paulo;Município de São Paulo;False;NONE
9590;3550308.0;São Paulo;Município de São Paulo;False;PARDA
9591;3543907.0;Rio Claro;Piracicaba;False;BRANCA
9592;3526407.0;Laranjal Paulista;Bauru;False;AMARELA
9593;3549805.0;São José do Rio Preto;São José do Rio Preto;True;BRANCA
9594;3516309.0;Francisco Morato;Grande SP Norte;False;BRANCA
9595;3548708.0;São Bernardo do Campo;Grande SP Sudeste;False;AMARELA
9596;3506003.0;Bauru;Bauru;False;BRANCA
9597;3538709.0;Piracicaba;Piracicaba;False;BRANCA
9598;3533908.0;Olímpia;Barretos;False;BRANCA
9599;3548500.0;Santos;Baixada Santista;False;BRANCA
9600;3548500.0;Santos;Baixada Santista;False;BRANCA
9601;3506003.0;Bauru;Bauru;False;BRANCA
9602;3526704.0;Leme;Piracicaba;False;BRANCA
9603;3525904.0;Jundiaí;Campinas;False;BRANCA
9604;3550308.0;São Paulo;Município de São Paulo;False;PARDA
9605;3523107.0;Itaquaquecetuba;Grande SP Leste;False;PARDA
9606;3552403.0;Sumaré;Campinas;False;PRETA
9607;3550308.0;São Paulo;Município de São Paulo;False;BRANCA
9608;3550308.0;São Paulo;Município de São Paulo;False;BRANCA
9609;3550308.0;São Paulo;Município de São Paulo;False;PARDA
9610;3506003.0;Bauru;Bauru;False;PARDA
9611;3518701.0;Guarujá;Baixada Santista;False;IGNORADO
9612;3550308.0;São Paulo;Município de São Paulo;False;NONE
9613;3502804.0;Araçatuba;Araçatuba;False;BRANCA
9614;3547809.0;Santo André;Grande SP Sudeste;False;
9615;3550308.0;São Paulo;Município de São Paulo;False;BRANCA
9616;3500550.0;Águas de Santa Bárbara;Bauru;False;BRANCA
9617;3548500.0;Santos;Baixada Santista;False;BRANCA
9618;3525201.0;Jarinu;Campinas;False;PARDA
9619;3550308.0;São Paulo;Município de São Paulo;False;BRANCA
9620;3512407.0;Cordeirópolis;Piracicaba;False;PARDA
9621;3546603.0;Santa Fé do Sul;São José do Rio Preto;False;IGNORADO
9622;3513504.0;Cubatão;Baixada Santista;False;PARDA
9623;3548708.0;São Bernardo do Campo;Grande SP Sudeste;False;BRANCA
9624;3536505.0;Paulínia;Campinas;False;BRANCA
9625;3533908.0;Olímpia;Barretos;False;BRANCA
9626;3550308.0;São Paulo;Município de São Paulo;False;IGNORADO
9627;3528502.0;Mairiporã;Grande SP Norte;False;BRANCA
9628;3502101.0;Andradina;Araçatuba;False;AMARELA
9629;3518800.0;Guarulhos;Grande SP Leste;False;PARDA
9630;3515509.0;Fernandópolis;São José do Rio Preto;False;PARDA
9631;3518602.0;Guariba;Ribeirão Preto;False;PARDA
9632;3552205.0;Sorocaba;Sorocaba;False;
9633;3509502.0;Campinas;Campinas;False;BRANCA
9634;3507506.0;Botucatu;Bauru;False;BRANCA
9635;3526803.0;Lençóis Paulista;Bauru;False;BRANCA
9636;3550308.0;São Paulo;Município de São Paulo;False;PARDA
9637;3510500.0;Caraguatatuba;Taubaté;False;AMARELA
9638;3550308.0;São Paulo;Município de São Paulo;False;BRANCA
9639;3515004.0;Embu das Artes;Grande SP Sudoeste;False;PARDA
9640;3550308.0;São Paulo;Município de São Paulo;False;PRETA
9641;3504008.0;Assis;Marília;False;BRANCA
9642;3509502.0;Campinas;Campinas;True;BRANCA
9643;3539806.0;Poá;Grande SP Leste;False;IGNORADO
9644;3526902.0;Limeira;Piracicaba;False;BRANCA
9645;3529401.0;Mauá;Grande SP Sudeste;False;PARDA
9646;3550308.0;São Paulo;Município de São Paulo;False;
9647;3550308.0;São Paulo;Município de São Paulo;True;BRANCA
9648;3541604.0;Promissão;Bauru;False;BRANCA
9649;3545209.0;Salto;Sorocaba;False;AMARELA
9650;3526704.0;Leme;Piracicaba;False;BRANCA
9651;3548906.0;São Carlos;Araraquara;False;BRANCA
9652;3509502.0;Campinas;Campinas;False;BRANCA
9653;3550308.0;São Paulo;Município de São Paulo;False;BRANCA
9654;3534401.0;Osasco;Grande SP Oeste;False;BRANCA
9655;3546405.0;Santa Cruz do Rio Pardo;Marília;False;BRANCA
9656;3550308.0;São Paulo;Município de São Paulo;False;PARDA
9657;3550308.0;São Paulo;Município de São Paulo;False;PRETA
9658;3549904.0;São José dos Campos;Taubaté;False;BRANCA
