9954;3552205.0;Sorocaba;Sorocaba;True;BRANCA
9955;3550308.0;São Paulo;Município de São Paulo;False;PARDA
9956;3513504.0;Cubatão;Baixada Santista;False;PARDA
9957;3550308.0;São Paulo;Município de São Paulo;False;BRANCA
9958;3554508.0;Tietê;Sorocaba;False;IGNORADO
9959;3542206.0;Rancharia;Presidente Prudente;False;BRANCA
9960;3555000.0;Tupã;Marília;False;BRANCA
9961;3551405.0;Serra Azul;Ribeirão Preto;False;PARDA
9962;3552403.0;Sumaré;Campinas;False;BRANCA
9963;3518909.0;Guzolândia;Araçatuba;False;PRETA
9964;3506003.0;Bauru;Bauru;False;BRANCA
9965;3526407.0;Laranjal Paulista;Bauru;False;IGNORADO
9966;3550308.0;São Paulo;Município de São Paulo;False;NONE
9967;3529401.0;Mauá;Grande SP Sudeste;False;BRANCA
9968;3550308.0;São Paulo;Município de São Paulo;False;BRANCA
9969;3506508.0;Birigui;Araçatuba;False;BRANCA
9970;3523107.0;Itaquaquecetuba;Grande SP Leste;True;BRANCA
9971;3528403.0;Mairinque;Sorocaba;True;PRETA
9972;3551702.0;Sertãozinho;Ribeirão Preto;False;AMARELA
9973;3511102.0;Catanduva;São José do Rio Preto;False;PARDA
9974;3550308.0;São Paulo;Município de São Paulo;False;PARDA
9975;3533403.0;Nova Odessa;Campinas;True;BRANCA
9976;3524501.0;Jaci;São José do Rio Preto;False;PARDA
9977;3534708.0;Ourinhos;Marília;False;BRANCA
9978;3530706.0;Mogi Guaçu;São João da Boa Vista;True;BRANCA
9979;3509304.0;Cajobi;Barretos;False;BRANCA
9980;3526902.0;Limeira;Piracicaba;False;BRANCA
9981;3550308.0;São Paulo;Município de São Paulo;False;PARDA
9982;3509502.0;Campinas;Campinas;False;IGNORADO
9983;3550308.0;São Paulo;Município de São Paulo;False;PARDA
9984;3550308.0;São Paulo;Município de São Paulo;False;PARDA
9985;3538709.0;Piracicaba;Piracicaba;False;BRANCA
9986;3550308.0;São Paulo;Município de São Paulo;True;BRANCA
9987;3541604.0;Promissão;Bauru;False;BRANCA
9988;3529708.0;Miguelópolis;Franca;False;IGNORADO
9989;3550308.0;São Paulo;Município de São Paulo;False;
9990;3550308.0;São Paulo;Município de São Paulo;False;PARDA
9991;3550308.0;São Paulo;Município de São Paulo;False;BRANCA
9992;3525904.0;Jundiaí;Campinas;False;
9993;3525904.0;Jundiaí;Campinas;False;NONE
9994;3550308.0;São Paulo;Município de São Paulo;False;BRANCA
9995;3513801.0;Diadema;Grande SP Sudeste;False;PARDA
9996;3543402.0;Ribeirão Preto;Ribeirão Preto;False;PARDA
9997;3552809.0;Taboão da Serra;Grande SP Sudoeste;False;BRANCA
9998;3548500.0;Santos;Baixada Santista;False;BRANCA
9999;3550308.0;São Paulo;Município de São Paulo;False;PARDA
10000;3506003.0;Bauru;Bauru;False;BRANCA
10001;3551009.0;São Vicente;Baixada Santista;False;IGNORADO
10002;3549805.0;São José do Rio Preto;São José do Rio Preto;False;NONE
10003;3518800.0;Guarulhos;Grande SP Leste;False;
10004;3523107.0;Itaquaquecetuba;Grande SP Leste;False;BRANCA
10005;3522604.0;Itapira;São João da Boa Vista;False;IGNORADO
10006;3550308.0;São Paulo;Município de São Paulo;False;BRANCA
10007;3539806.0;Poá;Grande SP Leste;False;PARDA
10008;3550308.0;São Paulo;Município de São Paulo;False;IGNORADO
10009;3538709.0;Piracicaba;Piracicaba;False;BRANCA
10010;3550308.0;São Paulo;Município de São Paulo;False;BRANCA
10011;3518701.0;Guarujá;Baixada Santista;False;PARDA
10012;3550308.0;São Paulo;Município de São Paulo;False;PRETA
10013;3518800.0;Guarulhos;Grande SP Leste;False;PARDA
10014;3509007.0;Caieiras;Grande SP Norte;False;PARDA
10015;3503901.0;Arujá;Grande SP Leste;False;IGNORADO
10016;3518701.0;Guarujá;Baixada Santista;False;PRETA
10017;3501608.0;Americana;Campinas;False;BRANCA
10018;3504107.0;Atibaia;Campinas;False;BRANCA
10019;3549805.0;São José do Rio Preto;São José do Rio Preto;True;BRANCA
10020;3550308.0;São Paulo;Município de São Paulo;False;NONE
10021;3541000.0;Praia Grande;Baixada Santista;True;BRANCA
10022;3552809.0;Taboão da Serra;Grande SP Sudoeste;False;PARDA
10023;3504008.0;Assis;Marília;False;BRANCA
10024;3504008.0;Assis;Marília;False;PARDA
10025;3541000.0;Praia Grande;Baixada Santista;False;PARDA
10026;3549102.0;São João da Boa Vista;São João da Boa Vista;True;NONE
10027;3550308.0;São Paulo;Município de São Paulo;False;
10028;3548500.0;Santos;Baixada Santista;False;BRANCA
10029;3548807.0;São Caetano do Sul;Grande SP Sudeste;False;BRANCA
10030;3550308.0;São Paulo;Município de São Paulo;False;NONE
10031;3526902.0;Limeira;Piracicaba;False;PRETA
10032;3550308.0;São Paulo;Município de São Paulo;False;BRANCA
10033;3545001.0;Salesópolis;Grande SP Leste;False;BRANCA
10034;3545001.0;Salesópolis;Grande SP Leste;False;BRANCA
10035;3550308.0;São Paulo;Município de São Paulo;False;IGNORADO
10036;3552809.0;Taboão da Serra;Grande SP Sudoeste;False;
10037;3538709.0;Piracicaba;Piracicaba;False;BRANCA
10038;3550308.0;São Paulo;Município de São Paulo;False;IGNORADO
10039;3547304.0;Santana de Parnaíba;Grande SP Oeste;False;IGNORADO
10040;3520509.0;Indaiatuba;Campinas;False;BRANCA
10041;3516408.0;Franco da Rocha;Grande SP Norte;False;PARDA
10042;3548906.0;São Carlos;Araraquara;False;BRANCA
10043;3513504.0;Cubatão;Baixada Santista;False;PARDA
10044;3508504.0;Caçapava;Taubaté;False;NONE
10045;3541604.0;Promissão;Bauru;False;PARDA
10046;3550308.0;São Paulo;Município de São Paulo;False;BRANCA
10047;3543402.0;Ribeirão Preto;Ribeirão Preto;False;BRANCA
10048;3525904.0;Jundiaí;Campinas;False;
10049;3550308.0;São Paulo;Município de São Paulo;True;PARDA
10050;3504107.0;Atibaia;Campinas;False;BRANCA
10051;3550308.0;São Paulo;Município de São Paulo;True;BRANCA
10052;3506003.0;Bauru;Bauru;False;BRANCA
10053;3548708.0;São Bernardo do Campo;Grande SP Sudeste;False;NONE
10054;3530102.0;Mirandópolis;Araçatuba;False;PARDA
10055;3538709.0;Piracicaba;Piracicaba;False;BRANCA
10056;3550308.0;São Paulo;Município de São Paulo;False;PARDA
10057;3542503.0;Reginópolis;Bauru;False;
10058;3548500.0;Santos;Baixada Santista;True;BRANCA
10059;3550308.0;São Paulo;Município de São Paulo;False;BRANCA
10060;3550308.0;São Paulo;Município de São Paulo;True;NONE
10061;3550308.0;São Paulo;Município de São Paulo;False;NONE
10062;3550308.0;São Paulo;Município de São Paulo;False;PARDA
10063;3529005.0;Marília;Marília;False;BRANCA
10064;3550308.0;São Paulo;Município de São Paulo;False;BRANCA
10065;3550308.0;São Paulo;Município de São Paulo;False;IGNORADO
10066;3541000.0;Praia Grande;Baixada Santista;False;BRANCA
10067;3550308.0;São Paulo;Município de São Paulo;False;BRANCA
10068;3551009.0;São Vicente;Baixada Santista;False;IGNORADO
10069;3550308.0;São Paulo;Município de São Paulo;False;AMARELA
10070;3550308.0;São Paulo;Município de São Paulo;False;PARDA
10071;3550308.0;São Paulo;Município de São Paulo;False;IGNORADO
10072;3550308.0;São Paulo;Município de São Paulo;False;NONE
10073;3527405.0;Lucélia;Marília;False;BRANCA
10074;3550308.0;São Paulo;Município de São Paulo;False;BRANCA
10075;3550308.0;São Paulo;Município de São Paulo;False;NONE
10076;3556701.0;Vinhedo;Campinas;False;BRANCA
10077;3543402.0;Ribeirão Preto;Ribeirão Preto;False;BRANCA
10078;3518800.0;Guarulhos;Grande SP Leste;True;BRANCA
10079;3543402.0;Ribeirão Preto;Ribeirão Preto;False;IGNORADO
10080;3554102.0;Taubaté;Taubaté;False;BRANCA
10081;3549805.0;São José do Rio Preto;São José do Rio Preto;False;BRANCA
10082;3549904.0;São José dos Campos;Taubaté;False;BRANCA
10083;3548500.0;Santos;Baixada Santista;True;BRANCA
10084;3501608.0;Americana;Campinas;False;BRANCA
10085;3548708.0;São Bernardo do Campo;Grande SP Sudeste;False;BRANCA
10086;3512407.0;Cordeirópolis;Piracicaba;False;BRANCA
10087;3550308.0;São Paulo;Município de São Paulo;False;BRANCA
10088;3502408.0;Anhumas;Presidente Prudente;False;BRANCA
10089;3504008.0;Assis;Marília;False;BRANCA
10090;3553708.0;Taquaritinga;Araraquara;False;BRANCA
10091;3550308.0;São Paulo;Município de São Paulo;False;IGNORADO
10092;3550308.0;São Paulo;Município de São Paulo;False;BRANCA
10093;3548708.0;São Bernardo do Campo;Grande SP Sudeste;False;BRANCA
10094;3550308.0;São Paulo;Município de São Paulo;False;BRANCA
10095;3550308.0;São Paulo;Município de São Paulo;False;PARDA
10096;3529807.0;Mineiros do Tietê;Bauru;False;BRANCA
10097;3530805.0;Mogi Mirim;São João da Boa Vista;False;BRANCA
