14390;3556800.0;Viradouro;Barretos;False;BRANCA
14391;3550308.0;São Paulo;Município de São Paulo;False;AMARELA
14392;3506003.0;Bauru;Bauru;False;BRANCA
14393;3550308.0;São Paulo;Município de São Paulo;False;BRANCA
14394;3506003.0;Bauru;Bauru;False;BRANCA
14395;3549805.0;São José do Rio Preto;São José do Rio Preto;False;PARDA
14396;3525904.0;Jundiaí;Campinas;False;BRANCA
14397;3509502.0;Campinas;Campinas;False;BRANCA
14398;3509502.0;Campinas;Campinas;False;BRANCA
14399;3507506.0;Botucatu;Bauru;False;BRANCA
14400;3550308.0;São Paulo;Município de São Paulo;False;NONE
14401;3504107.0;Atibaia;Campinas;False;PARDA
14402;3545803.0;Santa Bárbara d'Oeste;Campinas;False;BRANCA
14403;3550308.0;São Paulo;Município de São Paulo;False;BRANCA
14404;3554102.0;Taubaté;Taubaté;False;BRANCA
14405;3531308.0;Monte Alto;Ribeirão Preto;False;BRANCA
14406;3550308.0;São Paulo;Município de São Paulo;False;PARDA
14407;3547304.0;Santana de Parnaíba;Grande SP Oeste;False;IGNORADO
14408;3525904.0;Jundiaí;Campinas;False;BRANCA
14409;3518800.0;Guarulhos;Grande SP Leste;False;BRANCA
14410;3550308.0;São Paulo;Município de São Paulo;False;PARDA
14411;3534401.0;Osasco;Grande SP Oeste;False;BRANCA
14412;3534708.0;Ourinhos;Marília;False;BRANCA
14413;3550308.0;São Paulo;Município de São Paulo;False;BRANCA
14414;3533007.0;Nova Granada;São José do Rio Preto;False;BRANCA
14415;3550308.0;São Paulo;Município de São Paulo;False;AMARELA
14416;3550308.0;São Paulo;Município de São Paulo;False;NONE
14417;3515186.0;Espírito Santo do Pinhal;São João da Boa Vista;False;PRETA
14418;3508504.0;Caçapava;Taubaté;False;BRANCA
14419;3509502.0;Campinas;Campinas;False;BRANCA
14420;3509502.0;Campinas;Campinas;False;BRANCA
14421;3550308.0;São Paulo;Município de São Paulo;False;PRETA
14422;3550308.0;São Paulo;Município de São Paulo;False;BRANCA
14423;3550308.0;São Paulo;Município de São Paulo;False;BRANCA
14424;3552809.0;Taboão da Serra;Grande SP Sudoeste;False;PARDA
14425;3536505.0;Paulínia;Campinas;False;IGNORADO
14426;3550308.0;São Paulo;Município de São Paulo;False;PARDA
14427;3518800.0;Guarulhos;Grande SP Leste;False;BRANCA
14428;3550308.0;São Paulo;Município de São Paulo;False;PARDA
14429;3548500.0;Santos;Baixada Santista;False;IGNORADO
14430;3509502.0;Campinas;Campinas;False;BRANCA
14431;3508405.0;Cabreúva;Campinas;False;BRANCA
14432;3513504.0;Cubatão;Baixada Santista;False;
14433;3550308.0;São Paulo;Município de São Paulo;False;PRETA
14434;3550308.0;São Paulo;Município de São Paulo;False;PRETA
14435;3548708.0;São Bernardo do Campo;Grande SP Sudeste;False;
14436;3555406.0;Ubatuba;Taubaté;False;IGNORADO
14437;3554102.0;Taubaté;Taubaté;False;BRANCA
14438;3509502.0;Campinas;Campinas;False;BRANCA
14439;3520509.0;Indaiatuba;Campinas;False;IGNORADO
14440;3507902.0;Brotas;Bauru;False;BRANCA
14441;3541406.0;Presidente Prudente;Presidente Prudente;False;AMARELA
14442;3508405.0;Cabreúva;Campinas;False;BRANCA
14443;3505203.0;Bariri;Bauru;False;BRANCA
14444;3523909.0;Itu;Sorocaba;False;BRANCA
14445;3502804.0;Araçatuba;Araçatuba;False;PARDA
14446;3550308.0;São Paulo;Município de São Paulo;False;BRANCA
14447;3550308.0;São Paulo;Município de São Paulo;False;BRANCA
14448;3528858.0;Marapoama;São José do Rio Preto;False;BRANCA
14449;3550308.0;São Paulo;Município de São Paulo;False;IGNORADO
14450;3526001.0;Junqueirópolis;Presidente Prudente;False;BRANCA
14451;3527306.0;Louveira;Campinas;False;BRANCA
14452;3550308.0;São Paulo;Município de São Paulo;False;BRANCA
14453;3529005.0;Marília;Marília;False;IGNORADO
14454;3507605.0;Bragança Paulista;Campinas;False;BRANCA
14455;3547304.0;Santana de Parnaíba;Grande SP Oeste;False;PARDA
14456;3549805.0;São José do Rio Preto;São José do Rio Preto;False;BRANCA
14457;3525904.0;Jundiaí;Campinas;False;BRANCA
14458;3552205.0;Sorocaba;Sorocaba;False;BRANCA
14459;3506003.0;Bauru;Bauru;False;BRANCA
14460;3550308.0;São Paulo;Município de São Paulo;False;BRANCA
14461;3536505.0;Paulínia;Campinas;False;BRANCA
14462;3526902.0;Limeira;Piracicaba;False;IGNORADO
14463;3503208.0;Araraquara;Araraquara;False;BRANCA
14464;3510500.0;Caraguatatuba;Taubaté;True;IGNORADO
14465;3517505.0;Guapiaçu;São José do Rio Preto;True;BRANCA
14466;3524402.0;Jacareí;Taubaté;False;BRANCA
14467;3557105.0;Votuporanga;São José do Rio Preto;False;BRANCA
14468;3551405.0;Serra Azul;Ribeirão Preto;False;BRANCA
14469;3536604.0;Paulo de Faria;São José do Rio Preto;False;BRANCA
14470;3551900.0;Severínia;Barretos;True;BRANCA
14471;3550308.0;São Paulo;Município de São Paulo;False;IGNORADO
14472;3547809.0;Santo André;Grande SP Sudeste;True;BRANCA
14473;3503208.0;Araraquara;Araraquara;False;PARDA
14474;3551702.0;Sertãozinho;Ribeirão Preto;False;PRETA
14475;3554102.0;Taubaté;Taubaté;False;BRANCA
14476;3548708.0;São Bernardo do Campo;Grande SP Sudeste;False;PRETA
14477;3509908.0;Cananéia;Registro;False;IGNORADO
14478;3545803.0;Santa Bárbara d'Oeste;Campinas;False;BRANCA
14479;3512902.0;Cosmorama;São José do Rio Preto;True;BRANCA
14480;3550308.0;São Paulo;Município de São Paulo;False;PARDA
14481;3550308.0;São Paulo;Município de São Paulo;False;PARDA
14482;3550308.0;São Paulo;Município de São Paulo;False;BRANCA
14483;3551009.0;São Vicente;Baixada Santista;False;IGNORADO
14484;3529401.0;Mauá;Grande SP Sudeste;False;BRANCA
14485;3518800.0;Guarulhos;Grande SP Leste;False;PARDA
14486;3527306.0;Louveira;Campinas;False;AMARELA
14487;3512803.0;Cosmópolis;Campinas;False;IGNORADO
14488;3519600.0;Ibitinga;Araraquara;False;BRANCA
14489;3545803.0;Santa Bárbara d'Oeste;Campinas;False;BRANCA
14490;3536505.0;Paulínia;Campinas;False;BRANCA
14491;3502804.0;Araçatuba;Araçatuba;False;BRANCA
14492;3548708.0;São Bernardo do Campo;Grande SP Sudeste;False;PARDA
14493;3518701.0;Guarujá;Baixada Santista;False;BRANCA
14494;3549904.0;São José dos Campos;Taubaté;False;BRANCA
14495;3534401.0;Osasco;Grande SP Oeste;False;BRANCA
14496;3524808.0;Jales;São José do Rio Preto;False;BRANCA
14497;3550308.0;São Paulo;Município de São Paulo;False;PARDA
14498;3518701.0;Guarujá;Baixada Santista;False;PARDA
14499;3522505.0;Itapevi;Grande SP Oeste;True;BRANCA
14500;3550308.0;São Paulo;Município de São Paulo;False;
14501;3549805.0;São José do Rio Preto;São José do Rio Preto;False;BRANCA
14502;3540705.0;Porto Ferreira;Araraquara;False;PARDA
14503;3507605.0;Bragança Paulista;Campinas;False;BRANCA
14504;3515004.0;Embu das Artes;Grande SP Sudoeste;False;AMARELA
14505;3551009.0;São Vicente;Baixada Santista;False;BRANCA
14506;3550308.0;São Paulo;Município de São Paulo;False;BRANCA
14507;3521408.0;Iracemápolis;Piracicaba;False;IGNORADO
14508;3551009.0;São Vicente;Baixada Santista;False;BRANCA
14509;3502903.0;Araçoiaba da Serra;Sorocaba;False;AMARELA
14510;3510104.0;Cândido Rodrigues;Araraquara;False;BRANCA
14511;3555406.0;Ubatuba;Taubaté;False;BRANCA
14512;3554003.0;Tatuí;Sorocaba;False;BRANCA
14513;3520004.0;Igaraçu do Tietê;Bauru;False;BRANCA
14514;3551702.0;Sertãozinho;Ribeirão Preto;False;BRANCA
14515;3507308.0;Boracéia;Bauru;False;BRANCA
14516;3549508.0;São José da Bela Vista;Franca;False;BRANCA
14517;3534401.0;Osasco;Grande SP Oeste;False;BRANCA
14518;3554003.0;Tatuí;Sorocaba;False;BRANCA
14519;3541000.0;Praia Grande;Baixada Santista;False;BRANCA
14520;3547304.0;Santana de Parnaíba;Grande SP Oeste;False;BRANCA
14521;3534708.0;Ourinhos;Marília;False;BRANCA
14522;3509700.0;Campos do Jordão;Taubaté;False;PRETA
14523;3548500.0;Santos;Baixada Santista;False;BRANCA
14524;3550308.0;São Paulo;Município de São Paulo;False;BRANCA
14525;3552809.0;Taboão da Serra;Grande SP Sudoeste;False;
14526;3529401.0;Mauá;Grande SP Sudeste;False;
14527;3556404.0;Vargem Grande do Sul;São João da Boa Vista;False;BRANCA
14528;3536208.0;Pariquera-Açu;Registro;False;BRANCA
14529;3550308.0;São Paulo;Município de São Paulo;False;PARDA
14530;3505302.0;Barra Bonita;Bauru;False;BRANCA
14531;3543402.0;Ribeirão Preto;Ribeirão Preto;False;NONE
14532;3504503.0;Avaré;Bauru;False;PARDA
14533;3548500.0;Santos;Baixada Santista;False;AMARELA
14534;3502804.0;Araçatuba;Araçatuba;False;BRANCA
14535;3550308.0;São Paulo;Município de São Paulo;False;PARDA
