33883;3556206.0;Valinhos;Campinas;False;BRANCA
33884;3538709.0;Piracicaba;Piracicaba;True;BRANCA
33885;3519006.0;Herculândia;Marília;False;BRANCA
33886;3529005.0;Marília;Marília;True;BRANCA
33887;3550308.0;São Paulo;Município de São Paulo;False;PARDA
33888;3524600.0;Jacupiranga;Registro;False;AMARELA
33889;3540606.0;Porto Feliz;Sorocaba;False;BRANCA
33890;3549805.0;São José do Rio Preto;São José do Rio Preto;False;BRANCA
33891;3523404.0;Itatiba;Campinas;False;BRANCA
33892;3530805.0;Mogi Mirim;São João da Boa Vista;False;BRANCA
33893;3525904.0;Jundiaí;Campinas;False;AMARELA
33894;3550308.0;São Paulo;Município de São Paulo;False;IGNORADO
33895;3525904.0;Jundiaí;Campinas;False;BRANCA
33896;3550308.0;São Paulo;Município de São Paulo;False;IGNORADO
33897;3550308.0;São Paulo;Município de São Paulo;True;IGNORADO
33898;3530607.0;Mogi das Cruzes;Grande SP Leste;False;BRANCA
33899;3518602.0;Guariba;Ribeirão Preto;True;BRANCA
33900;3543303.0;Ribeirão Pires;Grande SP Sudeste;False;PARDA
33901;3550308.0;São Paulo;Município de São Paulo;True;BRANCA
33902;3548807.0;São Caetano do Sul;Grande SP Sudeste;False;PARDA
33903;3537602.0;Peruíbe;Baixada Santista;False;PRETA
33904;3515509.0;Fernandópolis;São José do Rio Preto;False;BRANCA
33905;3550308.0;São Paulo;Município de São Paulo;False;PARDA
33906;3518800.0;Guarulhos;Grande SP Leste;False;PARDA
33907;3550308.0;São Paulo;Município de São Paulo;False;BRANCA
33908;3515004.0;Embu das Artes;Grande SP Sudoeste;False;BRANCA
33909;3534401.0;Osasco;Grande SP Oeste;False;BRANCA
33910;3555505.0;Ubirajara;Marília;False;BRANCA
33911;3550308.0;São Paulo;Município de São Paulo;False;BRANCA
33912;3549805.0;São José do Rio Preto;São José do Rio Preto;False;BRANCA
33913;3522505.0;Itapevi;Grande SP Oeste;False;BRANCA
33914;3547809.0;Santo André;Grande SP Sudeste;False;BRANCA
33915;3514403.0;Dracena;Presidente Prudente;False;PRETA
33916;3550308.0;São Paulo;Município de São Paulo;False;
33917;3503307.0;Araras;Piracicaba;False;IGNORADO
33918;3550308.0;São Paulo;Município de São Paulo;False;
33919;3525904.0;Jundiaí;Campinas;False;BRANCA
33920;3526209.0;Juquitiba;Grande SP Sudoeste;False;BRANCA
33921;3550308.0;São Paulo;Município de São Paulo;False;
33922;3528700.0;Marabá Paulista;Presidente Prudente;False;PRETA
33923;3540705.0;Porto Ferreira;Araraquara;False;PRETA
33924;3550308.0;São Paulo;Município de São Paulo;False;BRANCA
33925;3556701.0;Vinhedo;Campinas;False;BRANCA
33926;3541505.0;Presidente Venceslau;Presidente Prudente;False;BRANCA
33927;3547809.0;Santo André;Grande SP Sudeste;False;BRANCA
33928;3502804.0;Araçatuba;Araçatuba;False;IGNORADO
33929;3522653.0;Itapirapuã Paulista;Sorocaba;False;BRANCA
33930;3536307.0;Patrocínio Paulista;Franca;False;IGNORADO
33931;3553500.0;Tapiraí;Sorocaba;False;BRANCA
33932;3503901.0;Arujá;Grande SP Leste;False;PARDA
33933;3549805.0;São José do Rio Preto;São José do Rio Preto;False;IGNORADO
33934;3550308.0;São Paulo;Município de São Paulo;False;PARDA
33935;3547809.0;Santo André;Grande SP Sudeste;False;PARDA
33936;3503802.0;Artur Nogueira;Campinas;False;BRANCA
33937;3530607.0;Mogi das Cruzes;Grande SP Leste;False;BRANCA
33938;3525706.0;José Bonifácio;São José do Rio Preto;False;BRANCA
33939;3518404.0;Guaratinguetá;Taubaté;False;NONE
33940;3547809.0;Santo André;Grande SP Sudeste;False;BRANCA
33941;3549904.0;São José dos Campos;Taubaté;False;BRANCA
33942;3523404.0;Itatiba;Campinas;False;PRETA
33943;3540903.0;Pradópolis;Ribeirão Preto;False;NONE
33944;3520509.0;Indaiatuba;Campinas;False;BRANCA
33945;3525904.0;Jundiaí;Campinas;False;BRANCA
33946;3550308.0;São Paulo;Município de São Paulo;False;BRANCA
33947;3501608.0;Americana;Campinas;False;BRANCA
33948;3549805.0;São José do Rio Preto;São José do Rio Preto;False;IGNORADO
33949;3513405.0;Cruzeiro;Taubaté;False;BRANCA
33950;3501608.0;Americana;Campinas;False;BRANCA
33951;3506359.0;Bertioga;Baixada Santista;False;IGNORADO
33952;3529906.0;Miracatu;Registro;False;BRANCA
33953;3509007.0;Caieiras;Grande SP Norte;False;IGNORADO
33954;3536505.0;Paulínia;Campinas;False;BRANCA
33955;3550308.0;São Paulo;Município de São Paulo;False;IGNORADO
33956;3510500.0;Caraguatatuba;Taubaté;False;BRANCA
33957;3550308.0;São Paulo;Município de São Paulo;False;BRANCA
33958;3531902.0;Morro Agudo;Franca;False;PARDA
33959;3550308.0;São Paulo;Município de São Paulo;False;NONE
33960;3550308.0;São Paulo;Município de São Paulo;True;BRANCA
33961;3530607.0;Mogi das Cruzes;Grande SP Leste;False;AMARELA
33962;3542602.0;Registro;Registro;False;PRETA
33963;3526803.0;Lençóis Paulista;Bauru;False;PARDA
33964;3550308.0;São Paulo;Município de São Paulo;False;BRANCA
33965;3515509.0;Fernandópolis;São José do Rio Preto;False;AMARELA
33966;3538709.0;Piracicaba;Piracicaba;False;BRANCA
33967;3545308.0;Salto de Pirapora;Sorocaba;False;BRANCA
33968;3550308.0;São Paulo;Município de São Paulo;False;BRANCA
33969;3539905.0;Poloni;São José do Rio Preto;False;BRANCA
33970;3506003.0;Bauru;Bauru;False;BRANCA
33971;3518800.0;Guarulhos;Grande SP Leste;False;IGNORADO
33972;3549904.0;São José dos Campos;Taubaté;False;PARDA
33973;3525904.0;Jundiaí;Campinas;True;BRANCA
33974;3520202.0;Igaratá;Taubaté;False;AMARELA
33975;3549904.0;São José dos Campos;Taubaté;False;BRANCA
33976;3523107.0;Itaquaquecetuba;Grande SP Leste;False;PARDA
33977;3550308.0;São Paulo;Município de São Paulo;False;PARDA
33978;3522406.0;Itapeva;Sorocaba;False;IGNORADO
33979;3550308.0;São Paulo;Município de São Paulo;False;PARDA
33980;3550308.0;São Paulo;Município de São Paulo;False;IGNORADO
33981;3526704.0;Leme;Piracicaba;False;PARDA
33982;3507605.0;Bragança Paulista;Campinas;False;BRANCA
33983;3508405.0;Cabreúva;Campinas;False;AMARELA
33984;3519303.0;Ibaté;Araraquara;False;PARDA
33985;3542602.0;Registro;Registro;False;BRANCA
33986;3509502.0;Campinas;Campinas;True;BRANCA
33987;3511508.0;Cerquilho;Sorocaba;False;BRANCA
33988;3506359.0;Bertioga;Baixada Santista;False;IGNORADO
33989;3517208.0;Guaiçara;Bauru;False;BRANCA
33990;3551009.0;São Vicente;Baixada Santista;False;BRANCA
33991;3550308.0;São Paulo;Município de São Paulo;False;PARDA
33992;3548708.0;São Bernardo do Campo;Grande SP Sudeste;False;PRETA
33993;3517000.0;Getulina;Bauru;False;AMARELA
33994;3550308.0;São Paulo;Município de São Paulo;False;BRANCA
33995;3506508.0;Birigui;Araçatuba;False;BRANCA
33996;3549805.0;São José do Rio Preto;São José do Rio Preto;False;BRANCA
33997;3552809.0;Taboão da Serra;Grande SP Sudoeste;False;PRETA
33998;3543402.0;Ribeirão Preto;Ribeirão Preto;False;IGNORADO
33999;3543402.0;Ribeirão Preto;Ribeirão Preto;False;BRANCA
34000;3525904.0;Jundiaí;Campinas;False;BRANCA
34001;3507001.0;Boituva;Sorocaba;False;BRANCA
34002;3550308.0;São Paulo;Município de São Paulo;False;NONE
34003;3548708.0;São Bernardo do Campo;Grande SP Sudeste;False;BRANCA
34004;3509254.0;Cajati;Registro;False;BRANCA
34005;3534401.0;Osasco;Grande SP Oeste;False;BRANCA
34006;3550308.0;São Paulo;Município de São Paulo;False;NONE
34007;3534401.0;Osasco;Grande SP Oeste;False;BRANCA
34008;3548708.0;São Bernardo do Campo;Grande SP Sudeste;False;
34009;3550308.0;São Paulo;Município de São Paulo;False;PARDA
34010;3556107.0;Valentim Gentil;São José do Rio Preto;False;PARDA
34011;3509502.0;Campinas;Campinas;False;BRANCA
34012;3550308.0;São Paulo;Município de São Paulo;False;NONE
34013;3550308.0;São Paulo;Município de São Paulo;False;BRANCA
34014;3550704.0;São Sebastião;Taubaté;False;PRETA
34015;3550308.0;São Paulo;Município de São Paulo;False;PARDA
34016;3509502.0;Campinas;Campinas;False;IGNORADO
34017;3548500.0;Santos;Baixada Santista;False;IGNORADO
34018;3546801.0;Santa Isabel;Grande SP Leste;False;BRANCA
34019;3513504.0;Cubatão;Baixada Santista;False;PARDA
34020;3552403.0;Sumaré;Campinas;False;BRANCA
34021;3509502.0;Campinas;Campinas;False;BRANCA
34022;3550308.0;São Paulo;Município de São Paulo;False;BRANCA
34023;3547809.0;Santo André;Grande SP Sudeste;False;BRANCA
34024;3550308.0;São Paulo;Município de São Paulo;False;PRETA
34025;3550308.0;São Paulo;Município de São Paulo;False;IGNORADO
34026;3528502.0;Mairiporã;Grande SP Norte;False;BRANCA
