60097;3526902.0;Limeira;Piracicaba;False;BRANCA
60098;3549904.0;São José dos Campos;Taubaté;False;IGNORADO
60099;3550308.0;São Paulo;Município de São Paulo;False;PARDA
60100;3504107.0;Atibaia;Campinas;False;PRETA
60101;3543402.0;Ribeirão Preto;Ribeirão Preto;False;BRANCA
60102;3525904.0;Jundiaí;Campinas;False;BRANCA
60103;3547809.0;Santo André;Grande SP Sudeste;False;AMARELA
60104;3506102.0;Bebedouro;Barretos;False;BRANCA
60105;3538709.0;Piracicaba;Piracicaba;False;IGNORADO
60106;3550308.0;São Paulo;Município de São Paulo;False;IGNORADO
60107;3550308.0;São Paulo;Município de São Paulo;False;PARDA
60108;3541406.0;Presidente Prudente;Presidente Prudente;False;BRANCA
60109;3512407.0;Cordeirópolis;Piracicaba;False;PARDA
60110;3505500.0;Barretos;Barretos;False;BRANCA
60111;3541000.0;Praia Grande;Baixada Santista;False;BRANCA
60112;3511102.0;Catanduva;São José do Rio Preto;False;BRANCA
60113;3548708.0;São Bernardo do Campo;Grande SP Sudeste;False;BRANCA
60114;3550308.0;São Paulo;Município de São Paulo;False;BRANCA
60115;3550308.0;São Paulo;Município de São Paulo;False;PRETA
60116;3550308.0;São Paulo;Município de São Paulo;False;IGNORADO
60117;3538709.0;Piracicaba;Piracicaba;False;BRANCA
60118;3550308.0;São Paulo;Município de São Paulo;False;BRANCA
60119;3519071.0;Hortolândia;Campinas;False;BRANCA
60120;3550308.0;São Paulo;Município de São Paulo;False;PARDA
60121;3548500.0;Santos;Baixada Santista;False;BRANCA
60122;3552809.0;Taboão da Serra;Grande SP Sudoeste;False;PARDA
60123;3557105.0;Votuporanga;São José do Rio Preto;False;BRANCA
60124;3518800.0;Guarulhos;Grande SP Leste;False;PRETA
60125;3512803.0;Cosmópolis;Campinas;False;AMARELA
60126;3534401.0;Osasco;Grande SP Oeste;False;BRANCA
60127;3550308.0;São Paulo;Município de São Paulo;False;BRANCA
60128;3522901.0;Itapuí;Bauru;False;PARDA
60129;3516200.0;Franca;Franca;False;IGNORADO
60130;3548708.0;São Bernardo do Campo;Grande SP Sudeste;False;PARDA
60131;3548104.0;Santo Antônio do Jardim;São João da Boa Vista;False;NONE
60132;3516200.0;Franca;Franca;False;IGNORADO
60133;3550308.0;São Paulo;Município de São Paulo;False;BRANCA
60134;3551009.0;São Vicente;Baixada Santista;False;BRANCA
60135;3551009.0;São Vicente;Baixada Santista;False;BRANCA
60136;3538709.0;Piracicaba;Piracicaba;False;BRANCA
60137;3550308.0;São Paulo;Município de São Paulo;False;PARDA
60138;3548500.0;Santos;Baixada Santista;False;BRANCA
60139;3550308.0;São Paulo;Município de São Paulo;False;PARDA
60140;3526407.0;Laranjal Paulista;Bauru;False;IGNORADO
60141;3500501.0;Águas de Lindóia;Campinas;False;AMARELA
60142;3556453.0;Vargem Grande Paulista;Grande SP Sudoeste;False;BRANCA
60143;3509502.0;Campinas;Campinas;False;IGNORADO
60144;3545803.0;Santa Bárbara d'Oeste;Campinas;False;BRANCA
60145;3509502.0;Campinas;Campinas;False;BRANCA
60146;3554904.0;Três Fronteiras;São José do Rio Preto;False;BRANCA
60147;3550209.0;São Miguel Arcanjo;Sorocaba;False;BRANCA
60148;3500204.0;Adolfo;São José do Rio Preto;False;BRANCA
60149;3503208.0;Araraquara;Araraquara;False;BRANCA
60150;3548708.0;São Bernardo do Campo;Grande SP Sudeste;False;IGNORADO
60151;3549805.0;São José do Rio Preto;São José do Rio Preto;False;IGNORADO
60152;3524501.0;Jaci;São José do Rio Preto;False;PRETA
60153;3550308.0;São Paulo;Município de São Paulo;False;BRANCA
60154;3550308.0;São Paulo;Município de São Paulo;False;PRETA
60155;3548807.0;São Caetano do Sul;Grande SP Sudeste;False;BRANCA
60156;3521150.0;Ipiguá;São José do Rio Preto;False;BRANCA
60157;3550308.0;São Paulo;Município de São Paulo;False;PARDA
60158;3550308.0;São Paulo;Município de São Paulo;False;PARDA
60159;3516309.0;Francisco Morato;Grande SP Norte;False;PARDA
60160;3557105.0;Votuporanga;São José do Rio Preto;False;BRANCA
60161;3545803.0;Santa Bárbara d'Oeste;Campinas;False;PARDA
60162;3543402.0;Ribeirão Preto;Ribeirão Preto;False;AMARELA
60163;3507803.0;Brodowski;Ribeirão Preto;False;BRANCA
60164;3545803.0;Santa Bárbara d'Oeste;Campinas;False;PRETA
60165;3551009.0;São Vicente;Baixada Santista;False;IGNORADO
60166;3550308.0;São Paulo;Município de São Paulo;False;NONE
60167;3541406.0;Presidente Prudente;Presidente Prudente;False;BRANCA
60168;3502804.0;Araçatuba;Araçatuba;False;BRANCA
60169;3508405.0;Cabreúva;Campinas;False;BRANCA
60170;3552403.0;Sumaré;Campinas;False;BRANCA
60171;3548500.0;Santos;Baixada Santista;False;BRANCA
60172;3541406.0;Presidente Prudente;Presidente Prudente;False;IGNORADO
60173;3520509.0;Indaiatuba;Campinas;False;BRANCA
60174;3534401.0;Osasco;Grande SP Oeste;False;BRANCA
60175;3550308.0;São Paulo;Município de São Paulo;False;PARDA
60176;3550308.0;São Paulo;Município de São Paulo;False;PARDA
60177;3524808.0;Jales;São José do Rio Preto;False;BRANCA
60178;3529005.0;Marília;Marília;False;PRETA
60179;3518800.0;Guarulhos;Grande SP Leste;False;PARDA
60180;3504008.0;Assis;Marília;False;BRANCA
60181;3541307.0;Presidente Epitácio;Presidente Prudente;False;PARDA
60182;3549805.0;São José do Rio Preto;São José do Rio Preto;False;BRANCA
60183;3549805.0;São José do Rio Preto;São José do Rio Preto;False;PARDA
60184;3509502.0;Campinas;Campinas;False;BRANCA
60185;3549805.0;São José do Rio Preto;São José do Rio Preto;False;BRANCA
60186;3542305.0;Redenção da Serra;Taubaté;False;BRANCA
60187;3550308.0;São Paulo;Município de São Paulo;False;BRANCA
60188;3509502.0;Campinas;Campinas;False;BRANCA
60189;3547809.0;Santo André;Grande SP Sudeste;False;PARDA
60190;3549904.0;São José dos Campos;Taubaté;False;PARDA
60191;3550308.0;São Paulo;Município de São Paulo;False;PARDA
60192;3550308.0;São Paulo;Município de São Paulo;False;NONE
60193;3550308.0;São Paulo;Município de São Paulo;False;BRANCA
60194;3541000.0;Praia Grande;Baixada Santista;False;BRANCA
60195;3502200.0;Angatuba;Sorocaba;False;BRANCA
60196;3507605.0;Bragança Paulista;Campinas;False;BRANCA
60197;3523107.0;Itaquaquecetuba;Grande SP Leste;False;PARDA
60198;3540101.0;Pongaí;Bauru;False;BRANCA
60199;3510401.0;Capivari;Piracicaba;False;BRANCA
60200;3551009.0;São Vicente;Baixada Santista;False;IGNORADO
60201;3550308.0;São Paulo;Município de São Paulo;False;PARDA
60202;3549904.0;São José dos Campos;Taubaté;False;IGNORADO
60203;3516705.0;Garça;Marília;False;BRANCA
60204;3550308.0;São Paulo;Município de São Paulo;False;PARDA
60205;3550308.0;São Paulo;Município de São Paulo;False;BRANCA
60206;3550308.0;São Paulo;Município de São Paulo;False;PARDA
60207;3509502.0;Campinas;Campinas;False;BRANCA
60208;3550308.0;São Paulo;Município de São Paulo;False;BRANCA
60209;3548500.0;Santos;Baixada Santista;False;PARDA
60210;3518800.0;Guarulhos;Grande SP Leste;False;PARDA
60211;3505708.0;Barueri;Grande SP Oeste;False;AMARELA
60212;3550308.0;São Paulo;Município de São Paulo;False;NONE
60213;3505500.0;Barretos;Barretos;False;
60214;3550308.0;São Paulo;Município de São Paulo;False;PARDA
60215;3550308.0;São Paulo;Município de São Paulo;False;PARDA
60216;3523107.0;Itaquaquecetuba;Grande SP Leste;False;BRANCA
60217;3550308.0;São Paulo;Município de São Paulo;False;BRANCA
60218;3550308.0;São Paulo;Município de São Paulo;False;BRANCA
60219;3518800.0;Guarulhos;Grande SP Leste;False;NONE
60220;3523107.0;Itaquaquecetuba;Grande SP Leste;False;PARDA
60221;3523107.0;Itaquaquecetuba;Grande SP Leste;False;PARDA
60222;3550308.0;São Paulo;Município de São Paulo;False;BRANCA
60223;3526902.0;Limeira;Piracicaba;False;IGNORADO
60224;3520509.0;Indaiatuba;Campinas;False;BRANCA
60225;3550308.0;São Paulo;Município de São Paulo;False;AMARELA
60226;3550308.0;São Paulo;Município de São Paulo;False;
60227;3550308.0;São Paulo;Município de São Paulo;False;
60228;3520509.0;Indaiatuba;Campinas;False;BRANCA
60229;3527306.0;Louveira;Campinas;False;BRANCA
60230;3553005.0;Taguaí;Bauru;False;BRANCA
60231;3549904.0;São José dos Campos;Taubaté;False;IGNORADO
60232;3550308.0;São Paulo;Município de São Paulo;False;BRANCA
60233;3550308.0;São Paulo;Município de São Paulo;False;BRANCA
60234;3545506.0;Sandovalina;Presidente Prudente;False;PARDA
60235;3550308.0;São Paulo;Município de São Paulo;False;IGNORADO
60236;3509254.0;Cajati;Registro;False;PARDA
