2054;3554102.0;Taubaté;Taubaté;False;PARDA
2055;3550308.0;São Paulo;Município de São Paulo;False;IGNORADO
2056;3550308.0;São Paulo;Município de São Paulo;False;BRANCA
2057;3551009.0;São Vicente;Baixada Santista;False;NONE
2058;3550308.0;São Paulo;Município de São Paulo;False;PARDA
2059;3550308.0;São Paulo;Município de São Paulo;False;IGNORADO
2060;3547809.0;Santo André;Grande SP Sudeste;False;BRANCA
2061;3545209.0;Salto;Sorocaba;False;BRANCA
2062;3550308.0;São Paulo;Município de São Paulo;False;BRANCA
2063;3518800.0;Guarulhos;Grande SP Leste;False;PARDA
2064;3526902.0;Limeira;Piracicaba;False;BRANCA
2065;3550308.0;São Paulo;Município de São Paulo;False;BRANCA
2066;3550308.0;São Paulo;Município de São Paulo;False;NONE
2067;3543402.0;Ribeirão Preto;Ribeirão Preto;False;BRANCA
2068;3550308.0;São Paulo;Município de São Paulo;False;PARDA
2069;3553708.0;Taquaritinga;Araraquara;False;BRANCA
2070;3541208.0;Presidente Bernardes;Presidente Prudente;False;BRANCA
2071;3550308.0;São Paulo;Município de São Paulo;False;PRETA
2072;3522505.0;Itapevi;Grande SP Oeste;False;BRANCA
2073;3550308.0;São Paulo;Município de São Paulo;False;NONE
2074;3525706.0;José Bonifácio;São José do Rio Preto;False;BRANCA
2075;3515509.0;Fernandópolis;São José do Rio Preto;False;BRANCA
2076;3525904.0;Jundiaí;Campinas;False;IGNORADO
2077;3517505.0;Guapiaçu;São José do Rio Preto;False;BRANCA
2078;3551009.0;São Vicente;Baixada Santista;False;
2079;3503802.0;Artur Nogueira;Campinas;False;BRANCA
2080;3549805.0;São José do Rio Preto;São José do Rio Preto;False;BRANCA
2081;3529401.0;Mauá;Grande SP Sudeste;False;BRANCA
2082;3507803.0;Brodowski;Ribeirão Preto;False;PRETA
2083;3548500.0;Santos;Baixada Santista;False;NONE
2084;3549805.0;São José do Rio Preto;São José do Rio Preto;False;BRANCA
2085;3530607.0;Mogi das Cruzes;Grande SP Leste;False;BRANCA
2086;3502804.0;Araçatuba;Araçatuba;False;BRANCA
2087;3549904.0;São José dos Campos;Taubaté;False;IGNORADO
2088;3525904.0;Jundiaí;Campinas;False;BRANCA
2089;3550308.0;São Paulo;Município de São Paulo;False;BRANCA
2090;3508504.0;Caçapava;Taubaté;False;BRANCA
2091;3549409.0;São Joaquim da Barra;Franca;False;PARDA
2092;3534708.0;Ourinhos;Marília;False;BRANCA
2093;3546405.0;Santa Cruz do Rio Pardo;Marília;False;
2094;3548906.0;São Carlos;Araraquara;False;PARDA
2095;3505500.0;Barretos;Barretos;False;BRANCA
2096;3546900.0;Santa Lúcia;Araraquara;False;BRANCA
2097;3525904.0;Jundiaí;Campinas;False;BRANCA
2098;3516408.0;Franco da Rocha;Grande SP Norte;False;
2099;3528007.0;Macatuba;Bauru;False;BRANCA
2100;3550308.0;São Paulo;Município de São Paulo;False;IGNORADO
2101;3545209.0;Salto;Sorocaba;False;BRANCA
2102;3543907.0;Rio Claro;Piracicaba;False;BRANCA
2103;3503307.0;Araras;Piracicaba;False;BRANCA
2104;3502804.0;Araçatuba;Araçatuba;False;BRANCA
2105;3513009.0;Cotia;Grande SP Sudoeste;False;BRANCA
2106;3552205.0;Sorocaba;Sorocaba;False;IGNORADO
2107;3523107.0;Itaquaquecetuba;Grande SP Leste;False;BRANCA
2108;3548708.0;São Bernardo do Campo;Grande SP Sudeste;False;PRETA
2109;3556206.0;Valinhos;Campinas;False;BRANCA
2110;3509502.0;Campinas;Campinas;False;BRANCA
2111;3550308.0;São Paulo;Município de São Paulo;False;
2112;3515707.0;Ferraz de Vasconcelos;Grande SP Leste;False;
2113;3511102.0;Catanduva;São José do Rio Preto;False;BRANCA
2114;3553401.0;Tanabi;São José do Rio Preto;False;BRANCA
2115;3509502.0;Campinas;Campinas;False;BRANCA
2116;3511102.0;Catanduva;São José do Rio Preto;False;BRANCA
2117;3501707.0;Américo Brasiliense;Araraquara;False;BRANCA
2118;3518206.0;Guararapes;Araçatuba;False;AMARELA
2119;3550308.0;São Paulo;Município de São Paulo;False;BRANCA
2120;3549805.0;São José do Rio Preto;São José do Rio Preto;False;BRANCA
2121;3533254.0;Novais;São José do Rio Preto;False;BRANCA
2122;3525201.0;Jarinu;Campinas;False;BRANCA
2123;3530706.0;Mogi Guaçu;São João da Boa Vista;False;BRANCA
2124;3556701.0;Vinhedo;Campinas;False;BRANCA
2125;3556701.0;Vinhedo;Campinas;False;BRANCA
2126;3531902.0;Morro Agudo;Franca;False;BRANCA
2127;3552403.0;Sumaré;Campinas;False;BRANCA
2128;3515707.0;Ferraz de Vasconcelos;Grande SP Leste;False;IGNORADO
2129;3550308.0;São Paulo;Município de São Paulo;False;BRANCA
2130;3525300.0;Jaú;Bauru;False;BRANCA
2131;3503109.0;Arandu;Bauru;False;PARDA
2132;3534005.0;Onda Verde;São José do Rio Preto;False;PARDA
2133;3536505.0;Paulínia;Campinas;False;PARDA
2134;3517406.0;Guaíra;Barretos;False;PARDA
2135;3519071.0;Hortolândia;Campinas;False;BRANCA
2136;3549805.0;São José do Rio Preto;São José do Rio Preto;False;BRANCA
2137;3549904.0;São José dos Campos;Taubaté;False;PARDA
2138;3501608.0;Americana;Campinas;False;BRANCA
2139;3552502.0;Suzano;Grande SP Leste;False;BRANCA
2140;3543402.0;Ribeirão Preto;Ribeirão Preto;False;PARDA
2141;3557006.0;Votorantim;Sorocaba;False;BRANCA
2142;3523909.0;Itu;Sorocaba;False;PARDA
2143;3550308.0;São Paulo;Município de São Paulo;False;BRANCA
2144;3549805.0;São José do Rio Preto;São José do Rio Preto;False;BRANCA
2145;3529401.0;Mauá;Grande SP Sudeste;False;BRANCA
2146;3505708.0;Barueri;Grande SP Oeste;False;IGNORADO
2147;3550308.0;São Paulo;Município de São Paulo;False;PARDA
2148;3526902.0;Limeira;Piracicaba;False;BRANCA
2149;3543402.0;Ribeirão Preto;Ribeirão Preto;False;BRANCA
2150;3518701.0;Guarujá;Baixada Santista;False;BRANCA
2151;3533403.0;Nova Odessa;Campinas;False;PARDA
2152;3550308.0;São Paulo;Município de São Paulo;False;
2153;3518800.0;Guarulhos;Grande SP Leste;False;BRANCA
2154;3528403.0;Mairinque;Sorocaba;False;BRANCA
2155;3550308.0;São Paulo;Município de São Paulo;False;IGNORADO
2156;3555406.0;Ubatuba;Taubaté;False;BRANCA
2157;3520509.0;Indaiatuba;Campinas;False;BRANCA
2158;3534401.0;Osasco;Grande SP Oeste;False;BRANCA
2159;3550308.0;São Paulo;Município de São Paulo;False;BRANCA
2160;3526803.0;Lençóis Paulista;Bauru;False;BRANCA
2161;3547809.0;Santo André;Grande SP Sudeste;False;BRANCA
2162;3522208.0;Itapecerica da Serra;Grande SP Sudoeste;False;BRANCA
2163;3520509.0;Indaiatuba;Campinas;False;BRANCA
2164;3520509.0;Indaiatuba;Campinas;False;BRANCA
2165;3550308.0;São Paulo;Município de São Paulo;False;BRANCA
2166;3507506.0;Botucatu;Bauru;False;BRANCA
2167;3502804.0;Araçatuba;Araçatuba;False;BRANCA
2168;3509502.0;Campinas;Campinas;False;BRANCA
2169;3550308.0;São Paulo;Município de São Paulo;False;BRANCA
2170;3523909.0;Itu;Sorocaba;False;BRANCA
2171;3515103.0;Embu-Guaçu;Grande SP Sudoeste;False;PARDA
2172;3547809.0;Santo André;Grande SP Sudeste;True;BRANCA
2173;3524402.0;Jacareí;Taubaté;False;BRANCA
2174;3550308.0;São Paulo;Município de São Paulo;False;PRETA
2175;3530607.0;Mogi das Cruzes;Grande SP Leste;False;IGNORADO
2176;3534708.0;Ourinhos;Marília;False;BRANCA
2177;3550308.0;São Paulo;Município de São Paulo;False;BRANCA
2178;3507605.0;Bragança Paulista;Campinas;False;BRANCA
2179;3550308.0;São Paulo;Município de São Paulo;False;BRANCA
2180;3529005.0;Marília;Marília;False;BRANCA
2181;3533403.0;Nova Odessa;Campinas;False;BRANCA
2182;3547809.0;Santo André;Grande SP Sudeste;False;PRETA
2183;3516408.0;Franco da Rocha;Grande SP Norte;False;PRETA
2184;3509254.0;Cajati;Registro;False;PARDA
2185;3550308.0;São Paulo;Município de São Paulo;False;NONE
2186;3550308.0;São Paulo;Município de São Paulo;False;
2187;3550308.0;São Paulo;Município de São Paulo;False;PARDA
2188;3548500.0;Santos;Baixada Santista;False;BRANCA
2189;3550308.0;São Paulo;Município de São Paulo;False;
2190;3550308.0;São Paulo;Município de São Paulo;False;PARDA
2191;3520509.0;Indaiatuba;Campinas;False;BRANCA
2192;3549102.0;São João da Boa Vista;São João da Boa Vista;False;BRANCA
2193;3550308.0;São Paulo;Município de São Paulo;False;IGNORADO
2194;3550308.0;São Paulo;Município de São Paulo;False;IGNORADO
2195;3513009.0;Cotia;Grande SP Sudoeste;False;PRETA
2196;3526704.0;Leme;Piracicaba;False;BRANCA
2197;3524808.0;Jales;São José do Rio Preto;False;BRANCA
2198;3524204.0;Jaborandi;Barretos;False;BRANCA
2199;3550308.0;São Paulo;Município de São Paulo;False;PRETA
2200;3530607.0;Mogi das Cruzes;Grande SP Leste;False;PRETA
2201;3509502.0;Campinas;Campinas;False;BRANCA
