9494;3549805.0;São José do Rio Preto;São José do Rio Preto;False;BRANCA
9495;3555000.0;Tupã;Marília;True;BRANCA
9496;3545803.0;Santa Bárbara d'Oeste;Campinas;False;BRANCA
9497;3545803.0;Santa Bárbara d'Oeste;Campinas;False;BRANCA
9498;3549805.0;São José do Rio Preto;São José do Rio Preto;False;PARDA
9499;3509502.0;Campinas;Campinas;False;IGNORADO
9500;3511300.0;Cedral;São José do Rio Preto;False;BRANCA
9501;3504602.0;Bady Bassitt;São José do Rio Preto;False;BRANCA
9502;3552908.0;Taciba;Presidente Prudente;False;BRANCA
9503;3534401.0;Osasco;Grande SP Oeste;False;PARDA
9504;3548708.0;São Bernardo do Campo;Grande SP Sudeste;False;BRANCA
9505;3523909.0;Itu;Sorocaba;False;IGNORADO
9506;3508504.0;Caçapava;Taubaté;False;BRANCA
9507;3547809.0;Santo André;Grande SP Sudeste;False;BRANCA
9508;3550308.0;São Paulo;Município de São Paulo;False;PARDA
9509;3530607.0;Mogi das Cruzes;Grande SP Leste;False;AMARELA
9510;3549805.0;São José do Rio Preto;São José do Rio Preto;False;BRANCA
9511;3509502.0;Campinas;Campinas;False;IGNORADO
9512;3550308.0;São Paulo;Município de São Paulo;False;BRANCA
9513;3518800.0;Guarulhos;Grande SP Leste;False;BRANCA
9514;3550308.0;São Paulo;Município de São Paulo;False;BRANCA
9515;3550308.0;São Paulo;Município de São Paulo;False;BRANCA
9516;3550308.0;São Paulo;Município de São Paulo;False;PARDA
9517;3538709.0;Piracicaba;Piracicaba;False;BRANCA
9518;3537305.0;Penápolis;Araçatuba;False;BRANCA
9519;3523909.0;Itu;Sorocaba;False;IGNORADO
9520;3505708.0;Barueri;Grande SP Oeste;False;
9521;3528502.0;Mairiporã;Grande SP Norte;False;BRANCA
9522;3534302.0;Orlândia;Franca;False;AMARELA
9523;3551009.0;São Vicente;Baixada Santista;False;NONE
9524;3530508.0;Mococa;São João da Boa Vista;False;BRANCA
9525;3526902.0;Limeira;Piracicaba;False;BRANCA
9526;3550308.0;São Paulo;Município de São Paulo;False;PARDA
9527;3537800.0;Piedade;Sorocaba;False;BRANCA
9528;3547809.0;Santo André;Grande SP Sudeste;False;IGNORADO
9529;3523206.0;Itararé;Sorocaba;False;BRANCA
9530;3550308.0;São Paulo;Município de São Paulo;False;BRANCA
9531;3548708.0;São Bernardo do Campo;Grande SP Sudeste;False;NONE
9532;3549102.0;São João da Boa Vista;São João da Boa Vista;False;BRANCA
9533;3550308.0;São Paulo;Município de São Paulo;False;PARDA
9534;3524006.0;Itupeva;Campinas;False;BRANCA
9535;3549904.0;São José dos Campos;Taubaté;False;IGNORADO
9536;3550308.0;São Paulo;Município de São Paulo;False;PRETA
9537;3550308.0;São Paulo;Município de São Paulo;False;BRANCA
9538;3548906.0;São Carlos;Araraquara;False;BRANCA
9539;3513801.0;Diadema;Grande SP Sudeste;False;AMARELA
9540;3550308.0;São Paulo;Município de São Paulo;False;PARDA
9541;3509502.0;Campinas;Campinas;False;IGNORADO
9542;3521804.0;Itaí;Bauru;False;BRANCA
9543;3548708.0;São Bernardo do Campo;Grande SP Sudeste;False;BRANCA
9544;3548906.0;São Carlos;Araraquara;False;IGNORADO
9545;3539806.0;Poá;Grande SP Leste;False;BRANCA
9546;3539202.0;Pirapozinho;Presidente Prudente;False;PARDA
9547;3539301.0;Pirassununga;Piracicaba;False;PARDA
9548;3556701.0;Vinhedo;Campinas;False;BRANCA
9549;3525904.0;Jundiaí;Campinas;True;PARDA
9550;3550308.0;São Paulo;Município de São Paulo;False;PARDA
9551;3549102.0;São João da Boa Vista;São João da Boa Vista;False;BRANCA
9552;3518701.0;Guarujá;Baixada Santista;False;PARDA
9553;3550308.0;São Paulo;Município de São Paulo;True;NONE
9554;3516200.0;Franca;Franca;True;BRANCA
9555;3550308.0;São Paulo;Município de São Paulo;False;BRANCA
9556;3550308.0;São Paulo;Município de São Paulo;False;BRANCA
9557;3529401.0;Mauá;Grande SP Sudeste;False;BRANCA
9558;3550308.0;São Paulo;Município de São Paulo;True;BRANCA
9559;3542404.0;Regente Feijó;Presidente Prudente;False;BRANCA
9560;3518305.0;Guararema;Grande SP Leste;False;PRETA
9561;3517505.0;Guapiaçu;São José do Rio Preto;False;BRANCA
9562;3550308.0;São Paulo;Município de São Paulo;False;PRETA
9563;3547809.0;Santo André;Grande SP Sudeste;False;BRANCA
9564;3515004.0;Embu das Artes;Grande SP Sudoeste;False;BRANCA
9565;3549102.0;São João da Boa Vista;São João da Boa Vista;True;PARDA
9566;3550308.0;São Paulo;Município de São Paulo;False;IGNORADO
9567;3505708.0;Barueri;Grande SP Oeste;False;BRANCA
9568;3526704.0;Leme;Piracicaba;False;BRANCA
9569;3548807.0;São Caetano do Sul;Grande SP Sudeste;False;BRANCA
9570;3550308.0;São Paulo;Município de São Paulo;False;PARDA
9571;3550308.0;São Paulo;Município de São Paulo;False;IGNORADO
9572;3550308.0;São Paulo;Município de São Paulo;False;PARDA
9573;3503208.0;Araraquara;Araraquara;False;IGNORADO
9574;3550308.0;São Paulo;Município de São Paulo;False;BRANCA
9575;3525904.0;Jundiaí;Campinas;False;PARDA
9576;3550308.0;São Paulo;Município de São Paulo;False;PARDA
9577;3550308.0;São Paulo;Município de São Paulo;False;BRANCA
9578;3531407.0;Monte Aprazível;São José do Rio Preto;False;PARDA
9579;3547809.0;Santo André;Grande SP Sudeste;False;BRANCA
9580;3534401.0;Osasco;Grande SP Oeste;False;BRANCA
9581;3550308.0;São Paulo;Município de São Paulo;False;PRETA
9582;3550308.0;São Paulo;Município de São Paulo;False;PARDA
9583;3550308.0;São Paulo;Município de São Paulo;False;NONE
9584;3550308.0;São Paulo;Município de São Paulo;False;BRANCA
9585;3505708.0;Barueri;Grande SP Oeste;False;IGNORADO
9586;3551009.0;São Vicente;Baixada Santista;False;NONE
9587;3509502.0;Campinas;Campinas;False;BRANCA
9588;3550308.0;São Paulo;Município de São Paulo;False;BRANCA
9589;3509502.0;Campinas;Campinas;False;BRANCA
9590;3550308.0;São Paulo;Município de São Paulo;False;PARDA
9591;3541000.0;Praia Grande;Baixada Santista;False;IGNORADO
9592;3550308.0;São Paulo;Município de São Paulo;True;BRANCA
9593;3512209.0;Conchal;Piracicaba;False;BRANCA
9594;3555406.0;Ubatuba;Taubaté;False;AMARELA
9595;3516408.0;Franco da Rocha;Grande SP Norte;False;BRANCA
9596;3543402.0;Ribeirão Preto;Ribeirão Preto;False;BRANCA
9597;3550308.0;São Paulo;Município de São Paulo;False;PARDA
9598;3550308.0;São Paulo;Município de São Paulo;False;BRANCA
9599;3511102.0;Catanduva;São José do Rio Preto;True;BRANCA
9600;3528502.0;Mairiporã;Grande SP Norte;False;PARDA
9601;3535002.0;Palestina;São José do Rio Preto;False;BRANCA
9602;3515509.0;Fernandópolis;São José do Rio Preto;True;BRANCA
9603;3524808.0;Jales;São José do Rio Preto;False;BRANCA
9604;3522109.0;Itanhaém;Baixada Santista;False;IGNORADO
9605;3529609.0;Meridiano;São José do Rio Preto;False;BRANCA
9606;3540200.0;Pontal;Ribeirão Preto;False;BRANCA
9607;3553401.0;Tanabi;São José do Rio Preto;False;BRANCA
9608;3550308.0;São Paulo;Município de São Paulo;False;BRANCA
9609;3552205.0;Sorocaba;Sorocaba;False;BRANCA
9610;3550308.0;São Paulo;Município de São Paulo;True;BRANCA
9611;3543402.0;Ribeirão Preto;Ribeirão Preto;True;BRANCA
9612;3522703.0;Itápolis;Araraquara;False;BRANCA
9613;3526803.0;Lençóis Paulista;Bauru;False;BRANCA
9614;3520400.0;Ilhabela;Taubaté;False;PARDA
9615;3509502.0;Campinas;Campinas;False;BRANCA
9616;3552700.0;Tabatinga;Araraquara;False;BRANCA
9617;3534401.0;Osasco;Grande SP Oeste;False;BRANCA
9618;3550308.0;São Paulo;Município de São Paulo;False;BRANCA
9619;3550308.0;São Paulo;Município de São Paulo;True;BRANCA
9620;3505609.0;Barrinha;Ribeirão Preto;False;IGNORADO
9621;3525904.0;Jundiaí;Campinas;False;BRANCA
9622;3550308.0;São Paulo;Município de São Paulo;False;PARDA
9623;3549805.0;São José do Rio Preto;São José do Rio Preto;False;IGNORADO
9624;3550308.0;São Paulo;Município de São Paulo;False;BRANCA
9625;3550308.0;São Paulo;Município de São Paulo;True;BRANCA
9626;3505708.0;Barueri;Grande SP Oeste;False;IGNORADO
9627;3550308.0;São Paulo;Município de São Paulo;False;PRETA
9628;3547304.0;Santana de Parnaíba;Grande SP Oeste;False;PARDA
9629;3555406.0;Ubatuba;Taubaté;False;BRANCA
9630;3537602.0;Peruíbe;Baixada Santista;False;BRANCA
9631;3518800.0;Guarulhos;Grande SP Leste;False;PARDA
9632;3509502.0;Campinas;Campinas;False;BRANCA
9633;3529401.0;Mauá;Grande SP Sudeste;False;
9634;3550308.0;São Paulo;Município de São Paulo;False;PARDA
9635;3529401.0;Mauá;Grande SP Sudeste;False;IGNORADO
9636;3547809.0;Santo André;Grande SP Sudeste;False;BRANCA
