46347;3512308.0;Conchas;Bauru;False;BRANCA
46348;3539301.0;Pirassununga;Piracicaba;False;BRANCA
46349;3550308.0;São Paulo;Município de São Paulo;False;PRETA
46350;3557105.0;Votuporanga;São José do Rio Preto;False;BRANCA
46351;3509502.0;Campinas;Campinas;False;PARDA
46352;3550704.0;São Sebastião;Taubaté;False;IGNORADO
46353;3525003.0;Jandira;Grande SP Oeste;False;BRANCA
46354;3539608.0;Planalto;São José do Rio Preto;False;BRANCA
46355;3508405.0;Cabreúva;Campinas;False;NONE
46356;3548005.0;Santo Antônio de Posse;Campinas;False;BRANCA
46357;3549805.0;São José do Rio Preto;São José do Rio Preto;False;BRANCA
46358;3556206.0;Valinhos;Campinas;False;BRANCA
46359;3508801.0;Cafelândia;Bauru;False;BRANCA
46360;3541406.0;Presidente Prudente;Presidente Prudente;False;BRANCA
46361;3529401.0;Mauá;Grande SP Sudeste;False;BRANCA
46362;3501905.0;Amparo;Campinas;False;BRANCA
46363;3527207.0;Lorena;Taubaté;False;PARDA
46364;3509502.0;Campinas;Campinas;False;IGNORADO
46365;3513801.0;Diadema;Grande SP Sudeste;False;NONE
46366;3550308.0;São Paulo;Município de São Paulo;False;PARDA
46367;3504602.0;Bady Bassitt;São José do Rio Preto;False;BRANCA
46368;3550308.0;São Paulo;Município de São Paulo;False;BRANCA
46369;3521408.0;Iracemápolis;Piracicaba;False;BRANCA
46370;3548708.0;São Bernardo do Campo;Grande SP Sudeste;False;BRANCA
46371;3513801.0;Diadema;Grande SP Sudeste;False;BRANCA
46372;3504107.0;Atibaia;Campinas;False;BRANCA
46373;3547809.0;Santo André;Grande SP Sudeste;False;IGNORADO
46374;3550308.0;São Paulo;Município de São Paulo;False;BRANCA
46375;3513504.0;Cubatão;Baixada Santista;False;PARDA
46376;3550308.0;São Paulo;Município de São Paulo;False;BRANCA
46377;3538709.0;Piracicaba;Piracicaba;False;IGNORADO
46378;3504206.0;Auriflama;Araçatuba;False;BRANCA
46379;3509502.0;Campinas;Campinas;False;IGNORADO
46380;3549805.0;São José do Rio Preto;São José do Rio Preto;False;BRANCA
46381;3554102.0;Taubaté;Taubaté;False;BRANCA
46382;3518800.0;Guarulhos;Grande SP Leste;False;BRANCA
46383;3534401.0;Osasco;Grande SP Oeste;False;BRANCA
46384;3550308.0;São Paulo;Município de São Paulo;False;BRANCA
46385;3550308.0;São Paulo;Município de São Paulo;False;BRANCA
46386;3550308.0;São Paulo;Município de São Paulo;False;NONE
46387;3530607.0;Mogi das Cruzes;Grande SP Leste;False;BRANCA
46388;3509205.0;Cajamar;Grande SP Norte;False;PARDA
46389;3550308.0;São Paulo;Município de São Paulo;False;PARDA
46390;3550308.0;São Paulo;Município de São Paulo;False;BRANCA
46391;3550308.0;São Paulo;Município de São Paulo;False;IGNORADO
46392;3502754.0;Araçariguama;Sorocaba;False;BRANCA
46393;3549805.0;São José do Rio Preto;São José do Rio Preto;False;IGNORADO
46394;3524808.0;Jales;São José do Rio Preto;False;BRANCA
46395;3550308.0;São Paulo;Município de São Paulo;False;PARDA
46396;3550308.0;São Paulo;Município de São Paulo;False;
46397;3515004.0;Embu das Artes;Grande SP Sudoeste;False;
46398;3547809.0;Santo André;Grande SP Sudeste;False;PARDA
46399;3552403.0;Sumaré;Campinas;False;BRANCA
46400;3534401.0;Osasco;Grande SP Oeste;False;IGNORADO
46401;3550308.0;São Paulo;Município de São Paulo;False;PARDA
46402;3538709.0;Piracicaba;Piracicaba;False;BRANCA
46403;3506003.0;Bauru;Bauru;False;BRANCA
46404;3550308.0;São Paulo;Município de São Paulo;False;BRANCA
46405;3550308.0;São Paulo;Município de São Paulo;False;BRANCA
46406;3505500.0;Barretos;Barretos;False;PARDA
46407;3550308.0;São Paulo;Município de São Paulo;False;BRANCA
46408;3552502.0;Suzano;Grande SP Leste;False;BRANCA
46409;3527306.0;Louveira;Campinas;False;BRANCA
46410;3524808.0;Jales;São José do Rio Preto;False;BRANCA
46411;3545605.0;Santa Adélia;São José do Rio Preto;False;BRANCA
46412;3515707.0;Ferraz de Vasconcelos;Grande SP Leste;False;AMARELA
46413;3550308.0;São Paulo;Município de São Paulo;False;BRANCA
46414;3513009.0;Cotia;Grande SP Sudoeste;False;BRANCA
46415;3525904.0;Jundiaí;Campinas;False;BRANCA
46416;3534302.0;Orlândia;Franca;True;BRANCA
46417;3509502.0;Campinas;Campinas;False;BRANCA
46418;3547601.0;Santa Rosa de Viterbo;Ribeirão Preto;False;PARDA
46419;3547601.0;Santa Rosa de Viterbo;Ribeirão Preto;False;BRANCA
46420;3516002.0;Flórida Paulista;Marília;False;BRANCA
46421;3519709.0;Ibiúna;Sorocaba;False;BRANCA
46422;3536208.0;Pariquera-Açu;Registro;False;BRANCA
46423;3532900.0;Nova Europa;Araraquara;False;BRANCA
46424;3553401.0;Tanabi;São José do Rio Preto;False;BRANCA
46425;3550308.0;São Paulo;Município de São Paulo;False;IGNORADO
46426;3556701.0;Vinhedo;Campinas;False;IGNORADO
46427;3518800.0;Guarulhos;Grande SP Leste;False;PARDA
46428;3550308.0;São Paulo;Município de São Paulo;False;NONE
46429;3550308.0;São Paulo;Município de São Paulo;False;NONE
46430;3538709.0;Piracicaba;Piracicaba;False;BRANCA
46431;3538006.0;Pindamonhangaba;Taubaté;False;AMARELA
46432;3550308.0;São Paulo;Município de São Paulo;False;PARDA
46433;3541406.0;Presidente Prudente;Presidente Prudente;False;BRANCA
46434;3550308.0;São Paulo;Município de São Paulo;False;PRETA
46435;3550308.0;São Paulo;Município de São Paulo;False;NONE
46436;3520400.0;Ilhabela;Taubaté;False;BRANCA
46437;3533403.0;Nova Odessa;Campinas;False;PARDA
46438;3550308.0;São Paulo;Município de São Paulo;False;BRANCA
46439;3527207.0;Lorena;Taubaté;False;IGNORADO
46440;3509502.0;Campinas;Campinas;False;BRANCA
46441;3506359.0;Bertioga;Baixada Santista;False;AMARELA
46442;3550308.0;São Paulo;Município de São Paulo;False;PARDA
46443;3550308.0;São Paulo;Município de São Paulo;False;AMARELA
46444;3543402.0;Ribeirão Preto;Ribeirão Preto;False;PARDA
46445;3513801.0;Diadema;Grande SP Sudeste;False;BRANCA
46446;3550308.0;São Paulo;Município de São Paulo;False;PARDA
46447;3504206.0;Auriflama;Araçatuba;False;PARDA
46448;3549904.0;São José dos Campos;Taubaté;False;BRANCA
46449;3518701.0;Guarujá;Baixada Santista;False;BRANCA
46450;3533908.0;Olímpia;Barretos;False;IGNORADO
46451;3556701.0;Vinhedo;Campinas;False;BRANCA
46452;3548906.0;São Carlos;Araraquara;False;BRANCA
46453;3539806.0;Poá;Grande SP Leste;False;BRANCA
46454;3548708.0;São Bernardo do Campo;Grande SP Sudeste;False;IGNORADO
46455;3515103.0;Embu-Guaçu;Grande SP Sudoeste;False;BRANCA
46456;3548500.0;Santos;Baixada Santista;False;NONE
46457;3550308.0;São Paulo;Município de São Paulo;False;IGNORADO
46458;3534708.0;Ourinhos;Marília;False;AMARELA
46459;3509205.0;Cajamar;Grande SP Norte;False;BRANCA
46460;3520509.0;Indaiatuba;Campinas;False;BRANCA
46461;3509007.0;Caieiras;Grande SP Norte;False;PARDA
46462;3514908.0;Elias Fausto;Piracicaba;False;BRANCA
46463;3550308.0;São Paulo;Município de São Paulo;False;IGNORADO
46464;3550308.0;São Paulo;Município de São Paulo;False;BRANCA
46465;3550308.0;São Paulo;Município de São Paulo;False;PARDA
46466;3519071.0;Hortolândia;Campinas;False;BRANCA
46467;3552809.0;Taboão da Serra;Grande SP Sudoeste;False;BRANCA
46468;3522505.0;Itapevi;Grande SP Oeste;False;PARDA
46469;3523107.0;Itaquaquecetuba;Grande SP Leste;False;BRANCA
46470;3550308.0;São Paulo;Município de São Paulo;False;BRANCA
46471;3518701.0;Guarujá;Baixada Santista;False;BRANCA
46472;3508108.0;Buritama;Araçatuba;False;PARDA
46473;3551009.0;São Vicente;Baixada Santista;False;PARDA
46474;3510609.0;Carapicuíba;Grande SP Oeste;False;BRANCA
46475;3550308.0;São Paulo;Município de São Paulo;False;BRANCA
46476;3550308.0;São Paulo;Município de São Paulo;False;PRETA
46477;3550308.0;São Paulo;Município de São Paulo;False;BRANCA
46478;3540804.0;Potirendaba;São José do Rio Preto;False;BRANCA
46479;3550308.0;São Paulo;Município de São Paulo;False;BRANCA
46480;3518800.0;Guarulhos;Grande SP Leste;False;PARDA
46481;3534302.0;Orlândia;Franca;False;BRANCA
46482;3525904.0;Jundiaí;Campinas;False;BRANCA
46483;3506508.0;Birigui;Araçatuba;False;PARDA
46484;3550308.0;São Paulo;Município de São Paulo;False;BRANCA
46485;3506003.0;Bauru;Bauru;False;BRANCA
46486;3526902.0;Limeira;Piracicaba;False;BRANCA
46487;3557154.0;Zacarias;São José do Rio Preto;False;BRANCA
46488;3549904.0;São José dos Campos;Taubaté;False;NONE
46489;3510500.0;Caraguatatuba;Taubaté;False;BRANCA
46490;3509502.0;Campinas;Campinas;False;PARDA
