19357;3538709.0;Piracicaba;Piracicaba;False;PARDA
19358;3509502.0;Campinas;Campinas;False;BRANCA
19359;3550308.0;São Paulo;Município de São Paulo;True;BRANCA
19360;3550308.0;São Paulo;Município de São Paulo;False;AMARELA
19361;3552403.0;Sumaré;Campinas;False;PRETA
19362;3514403.0;Dracena;Presidente Prudente;False;BRANCA
19363;3534401.0;Osasco;Grande SP Oeste;False;IGNORADO
19364;3520400.0;Ilhabela;Taubaté;False;AMARELA
19365;3549805.0;São José do Rio Preto;São José do Rio Preto;False;NONE
19366;3524501.0;Jaci;São José do Rio Preto;False;BRANCA
19367;3525706.0;José Bonifácio;São José do Rio Preto;False;PARDA
19368;3509908.0;Cananéia;Registro;False;BRANCA
19369;3525904.0;Jundiaí;Campinas;False;PARDA
19370;3551504.0;Serrana;Ribeirão Preto;False;BRANCA
19371;3550308.0;São Paulo;Município de São Paulo;False;BRANCA
19372;3512506.0;Coroados;Araçatuba;False;BRANCA
19373;3529005.0;Marília;Marília;False;BRANCA
19374;3520004.0;Igaraçu do Tietê;Bauru;False;BRANCA
19375;3510807.0;Casa Branca;São João da Boa Vista;False;BRANCA
19376;3556909.0;Vista Alegre do Alto;Barretos;False;BRANCA
19377;3534401.0;Osasco;Grande SP Oeste;False;PARDA
19378;3537107.0;Pedreira;Campinas;False;BRANCA
19379;3548500.0;Santos;Baixada Santista;False;IGNORADO
19380;3545803.0;Santa Bárbara d'Oeste;Campinas;False;AMARELA
19381;3550308.0;São Paulo;Município de São Paulo;False;PARDA
19382;3550308.0;São Paulo;Município de São Paulo;False;PARDA
19383;3547809.0;Santo André;Grande SP Sudeste;False;PARDA
19384;3515509.0;Fernandópolis;São José do Rio Preto;False;BRANCA
19385;3538709.0;Piracicaba;Piracicaba;False;IGNORADO
19386;3533908.0;Olímpia;Barretos;False;IGNORADO
19387;3550308.0;São Paulo;Município de São Paulo;False;PRETA
19388;3502804.0;Araçatuba;Araçatuba;False;BRANCA
19389;3555802.0;Urânia;São José do Rio Preto;False;BRANCA
19390;3519071.0;Hortolândia;Campinas;False;PARDA
19391;3547809.0;Santo André;Grande SP Sudeste;False;PRETA
19392;3534708.0;Ourinhos;Marília;False;IGNORADO
19393;3548708.0;São Bernardo do Campo;Grande SP Sudeste;False;BRANCA
19394;3509502.0;Campinas;Campinas;False;BRANCA
19395;3549904.0;São José dos Campos;Taubaté;False;IGNORADO
19396;3550308.0;São Paulo;Município de São Paulo;False;AMARELA
19397;3550308.0;São Paulo;Município de São Paulo;False;PARDA
19398;3512209.0;Conchal;Piracicaba;False;BRANCA
19399;3549904.0;São José dos Campos;Taubaté;False;BRANCA
19400;3518602.0;Guariba;Ribeirão Preto;False;IGNORADO
19401;3550308.0;São Paulo;Município de São Paulo;False;BRANCA
19402;3505500.0;Barretos;Barretos;False;BRANCA
19403;3537602.0;Peruíbe;Baixada Santista;False;BRANCA
19404;3550308.0;São Paulo;Município de São Paulo;False;BRANCA
19405;3510609.0;Carapicuíba;Grande SP Oeste;False;BRANCA
19406;3538709.0;Piracicaba;Piracicaba;False;BRANCA
19407;3505708.0;Barueri;Grande SP Oeste;False;BRANCA
19408;3552205.0;Sorocaba;Sorocaba;False;AMARELA
19409;3550308.0;São Paulo;Município de São Paulo;False;NONE
19410;3533403.0;Nova Odessa;Campinas;False;PRETA
19411;3509205.0;Cajamar;Grande SP Norte;False;BRANCA
19412;3550308.0;São Paulo;Município de São Paulo;False;BRANCA
19413;3556305.0;Valparaíso;Araçatuba;False;BRANCA
19414;3550308.0;São Paulo;Município de São Paulo;False;PARDA
19415;3550308.0;São Paulo;Município de São Paulo;False;NONE
19416;3524402.0;Jacareí;Taubaté;False;BRANCA
19417;3550308.0;São Paulo;Município de São Paulo;False;PARDA
19418;3545803.0;Santa Bárbara d'Oeste;Campinas;False;BRANCA
19419;3536505.0;Paulínia;Campinas;False;BRANCA
19420;3538709.0;Piracicaba;Piracicaba;False;IGNORADO
19421;3509502.0;Campinas;Campinas;False;AMARELA
19422;3529401.0;Mauá;Grande SP Sudeste;False;PARDA
19423;3506003.0;Bauru;Bauru;False;IGNORADO
19424;3513504.0;Cubatão;Baixada Santista;False;PARDA
19425;3553005.0;Taguaí;Bauru;False;BRANCA
19426;3524808.0;Jales;São José do Rio Preto;False;BRANCA
19427;3550308.0;São Paulo;Município de São Paulo;False;
19428;3513801.0;Diadema;Grande SP Sudeste;False;NONE
19429;3543402.0;Ribeirão Preto;Ribeirão Preto;False;AMARELA
19430;3552403.0;Sumaré;Campinas;False;AMARELA
19431;3503208.0;Araraquara;Araraquara;False;PARDA
19432;3541000.0;Praia Grande;Baixada Santista;False;
19433;3550308.0;São Paulo;Município de São Paulo;False;PARDA
19434;3506102.0;Bebedouro;Barretos;False;PARDA
19435;3550308.0;São Paulo;Município de São Paulo;False;
19436;3550308.0;São Paulo;Município de São Paulo;False;AMARELA
19437;3550308.0;São Paulo;Município de São Paulo;False;BRANCA
19438;3531803.0;Monte Mor;Campinas;False;PARDA
19439;3530607.0;Mogi das Cruzes;Grande SP Leste;False;PARDA
19440;3515004.0;Embu das Artes;Grande SP Sudoeste;False;PRETA
19441;3503307.0;Araras;Piracicaba;False;AMARELA
19442;3537800.0;Piedade;Sorocaba;False;BRANCA
19443;3548807.0;São Caetano do Sul;Grande SP Sudeste;False;BRANCA
19444;3534401.0;Osasco;Grande SP Oeste;False;PARDA
19445;3527306.0;Louveira;Campinas;False;BRANCA
19446;3548807.0;São Caetano do Sul;Grande SP Sudeste;False;BRANCA
19447;3550308.0;São Paulo;Município de São Paulo;False;BRANCA
19448;3552809.0;Taboão da Serra;Grande SP Sudoeste;False;
19449;3550308.0;São Paulo;Município de São Paulo;False;PARDA
19450;3548708.0;São Bernardo do Campo;Grande SP Sudeste;False;PRETA
19451;3547809.0;Santo André;Grande SP Sudeste;False;PARDA
19452;3550308.0;São Paulo;Município de São Paulo;False;PARDA
19453;3550308.0;São Paulo;Município de São Paulo;False;BRANCA
19454;3534401.0;Osasco;Grande SP Oeste;False;BRANCA
19455;3552205.0;Sorocaba;Sorocaba;False;BRANCA
19456;3550308.0;São Paulo;Município de São Paulo;False;BRANCA
19457;3505500.0;Barretos;Barretos;False;AMARELA
19458;3550308.0;São Paulo;Município de São Paulo;False;PARDA
19459;3550308.0;São Paulo;Município de São Paulo;False;PARDA
19460;3550308.0;São Paulo;Município de São Paulo;False;AMARELA
19461;3543402.0;Ribeirão Preto;Ribeirão Preto;False;PRETA
19462;3550308.0;São Paulo;Município de São Paulo;False;NONE
19463;3550704.0;São Sebastião;Taubaté;False;NONE
19464;3550308.0;São Paulo;Município de São Paulo;False;PARDA
19465;3552205.0;Sorocaba;Sorocaba;False;BRANCA
19466;3548500.0;Santos;Baixada Santista;False;IGNORADO
19467;3502754.0;Araçariguama;Sorocaba;False;BRANCA
19468;3543402.0;Ribeirão Preto;Ribeirão Preto;False;BRANCA
19469;3550308.0;São Paulo;Município de São Paulo;False;BRANCA
19470;3530607.0;Mogi das Cruzes;Grande SP Leste;False;BRANCA
19471;3508504.0;Caçapava;Taubaté;False;PARDA
19472;3513801.0;Diadema;Grande SP Sudeste;False;PARDA
19473;3550308.0;São Paulo;Município de São Paulo;False;INDIGENA
19474;3545209.0;Salto;Sorocaba;False;BRANCA
19475;3517505.0;Guapiaçu;São José do Rio Preto;False;BRANCA
19476;3530607.0;Mogi das Cruzes;Grande SP Leste;False;AMARELA
19477;3507001.0;Boituva;Sorocaba;False;BRANCA
19478;3550308.0;São Paulo;Município de São Paulo;False;PARDA
19479;3516408.0;Franco da Rocha;Grande SP Norte;False;PRETA
19480;3548708.0;São Bernardo do Campo;Grande SP Sudeste;False;BRANCA
19481;3534401.0;Osasco;Grande SP Oeste;False;BRANCA
19482;3550308.0;São Paulo;Município de São Paulo;False;PARDA
19483;3505708.0;Barueri;Grande SP Oeste;False;PARDA
19484;3552403.0;Sumaré;Campinas;False;PARDA
19485;3534401.0;Osasco;Grande SP Oeste;True;PARDA
19486;3550308.0;São Paulo;Município de São Paulo;False;NONE
19487;3550308.0;São Paulo;Município de São Paulo;False;
19488;3550308.0;São Paulo;Município de São Paulo;False;
19489;3530102.0;Mirandópolis;Araçatuba;False;BRANCA
19490;3550308.0;São Paulo;Município de São Paulo;False;PARDA
19491;3550308.0;São Paulo;Município de São Paulo;False;BRANCA
19492;3543907.0;Rio Claro;Piracicaba;False;BRANCA
19493;3512803.0;Cosmópolis;Campinas;False;PARDA
19494;3550308.0;São Paulo;Município de São Paulo;False;NONE
19495;3547304.0;Santana de Parnaíba;Grande SP Oeste;False;BRANCA
19496;3550308.0;São Paulo;Município de São Paulo;False;PARDA
19497;3526209.0;Juquitiba;Grande SP Sudoeste;False;IGNORADO
19498;3504107.0;Atibaia;Campinas;False;PARDA
19499;3550308.0;São Paulo;Município de São Paulo;False;BRANCA
19500;3522208.0;Itapecerica da Serra;Grande SP Sudoeste;False;BRANCA
