50005;3550308.0;São Paulo;Município de São Paulo;False;AMARELA
50006;3550308.0;São Paulo;Município de São Paulo;False;PARDA
50007;3550308.0;São Paulo;Município de São Paulo;False;NONE
50008;3526803.0;Lençóis Paulista;Bauru;False;BRANCA
50009;3529401.0;Mauá;Grande SP Sudeste;False;IGNORADO
50010;3534401.0;Osasco;Grande SP Oeste;False;PARDA
50011;3550308.0;São Paulo;Município de São Paulo;False;BRANCA
50012;3549904.0;São José dos Campos;Taubaté;False;PARDA
50013;3520400.0;Ilhabela;Taubaté;False;IGNORADO
50014;3529401.0;Mauá;Grande SP Sudeste;False;BRANCA
50015;3510609.0;Carapicuíba;Grande SP Oeste;False;IGNORADO
50016;3554102.0;Taubaté;Taubaté;False;BRANCA
50017;3509502.0;Campinas;Campinas;False;PARDA
50018;3543402.0;Ribeirão Preto;Ribeirão Preto;False;NONE
50019;3523107.0;Itaquaquecetuba;Grande SP Leste;False;NONE
50020;3550308.0;São Paulo;Município de São Paulo;False;PRETA
50021;3550308.0;São Paulo;Município de São Paulo;False;PARDA
50022;3550308.0;São Paulo;Município de São Paulo;False;PARDA
50023;3550308.0;São Paulo;Município de São Paulo;False;BRANCA
50024;3549904.0;São José dos Campos;Taubaté;False;BRANCA
50025;3515509.0;Fernandópolis;São José do Rio Preto;False;BRANCA
50026;3523503.0;Itatinga;Bauru;False;BRANCA
50027;3543402.0;Ribeirão Preto;Ribeirão Preto;False;IGNORADO
50028;3526803.0;Lençóis Paulista;Bauru;False;PARDA
50029;3543402.0;Ribeirão Preto;Ribeirão Preto;False;IGNORADO
50030;3550308.0;São Paulo;Município de São Paulo;False;PRETA
50031;3511102.0;Catanduva;São José do Rio Preto;False;AMARELA
50032;3516408.0;Franco da Rocha;Grande SP Norte;False;PARDA
50033;3538709.0;Piracicaba;Piracicaba;False;BRANCA
50034;3544608.0;Sabino;Bauru;False;BRANCA
50035;3550308.0;São Paulo;Município de São Paulo;False;PARDA
50036;3505500.0;Barretos;Barretos;False;AMARELA
50037;3550308.0;São Paulo;Município de São Paulo;False;BRANCA
50038;3509502.0;Campinas;Campinas;True;PARDA
50039;3548500.0;Santos;Baixada Santista;False;PARDA
50040;3548500.0;Santos;Baixada Santista;False;BRANCA
50041;3548500.0;Santos;Baixada Santista;True;PRETA
50042;3522505.0;Itapevi;Grande SP Oeste;False;IGNORADO
50043;3552205.0;Sorocaba;Sorocaba;False;PARDA
50044;3550308.0;São Paulo;Município de São Paulo;False;PARDA
50045;3550308.0;São Paulo;Município de São Paulo;False;PARDA
50046;3524808.0;Jales;São José do Rio Preto;False;IGNORADO
50047;3543907.0;Rio Claro;Piracicaba;False;BRANCA
50048;3550308.0;São Paulo;Município de São Paulo;False;BRANCA
50049;3509254.0;Cajati;Registro;False;BRANCA
50050;3503307.0;Araras;Piracicaba;False;BRANCA
50051;3510609.0;Carapicuíba;Grande SP Oeste;False;PARDA
50052;3550308.0;São Paulo;Município de São Paulo;False;BRANCA
50053;3522505.0;Itapevi;Grande SP Oeste;False;AMARELA
50054;3508603.0;Cachoeira Paulista;Taubaté;False;PRETA
50055;3551702.0;Sertãozinho;Ribeirão Preto;False;BRANCA
50056;3550308.0;São Paulo;Município de São Paulo;False;BRANCA
50057;3548906.0;São Carlos;Araraquara;False;BRANCA
50058;3520509.0;Indaiatuba;Campinas;True;BRANCA
50059;3550308.0;São Paulo;Município de São Paulo;False;IGNORADO
50060;3550308.0;São Paulo;Município de São Paulo;False;BRANCA
50061;3501707.0;Américo Brasiliense;Araraquara;False;PRETA
50062;3552502.0;Suzano;Grande SP Leste;False;IGNORADO
50063;3550704.0;São Sebastião;Taubaté;False;AMARELA
50064;3540200.0;Pontal;Ribeirão Preto;False;PARDA
50065;3518701.0;Guarujá;Baixada Santista;False;BRANCA
50066;3550308.0;São Paulo;Município de São Paulo;False;PARDA
50067;3550308.0;São Paulo;Município de São Paulo;False;BRANCA
50068;3550308.0;São Paulo;Município de São Paulo;False;BRANCA
50069;3550308.0;São Paulo;Município de São Paulo;False;PARDA
50070;3547304.0;Santana de Parnaíba;Grande SP Oeste;False;PARDA
50071;3519071.0;Hortolândia;Campinas;False;BRANCA
50072;3509502.0;Campinas;Campinas;False;BRANCA
50073;3515707.0;Ferraz de Vasconcelos;Grande SP Leste;False;AMARELA
50074;3549805.0;São José do Rio Preto;São José do Rio Preto;False;PARDA
50075;3513009.0;Cotia;Grande SP Sudoeste;False;AMARELA
50076;3509502.0;Campinas;Campinas;False;PARDA
50077;3550308.0;São Paulo;Município de São Paulo;False;PARDA
50078;3535002.0;Palestina;São José do Rio Preto;False;BRANCA
50079;3528106.0;Macaubal;São José do Rio Preto;False;PRETA
50080;3516309.0;Francisco Morato;Grande SP Norte;False;AMARELA
50081;3515004.0;Embu das Artes;Grande SP Sudoeste;False;IGNORADO
50082;3513801.0;Diadema;Grande SP Sudeste;False;BRANCA
50083;3550308.0;São Paulo;Município de São Paulo;False;PARDA
50084;3538709.0;Piracicaba;Piracicaba;False;BRANCA
50085;3520509.0;Indaiatuba;Campinas;False;PRETA
50086;3520400.0;Ilhabela;Taubaté;False;PRETA
50087;3518701.0;Guarujá;Baixada Santista;False;IGNORADO
50088;3525904.0;Jundiaí;Campinas;False;
50089;3526902.0;Limeira;Piracicaba;False;BRANCA
50090;3554003.0;Tatuí;Sorocaba;False;PARDA
50091;3523404.0;Itatiba;Campinas;False;PARDA
50092;3550308.0;São Paulo;Município de São Paulo;False;PARDA
50093;3550308.0;São Paulo;Município de São Paulo;False;BRANCA
50094;3523107.0;Itaquaquecetuba;Grande SP Leste;False;NONE
50095;3550308.0;São Paulo;Município de São Paulo;False;
50096;3502903.0;Araçoiaba da Serra;Sorocaba;False;PRETA
50097;3518800.0;Guarulhos;Grande SP Leste;False;PARDA
50098;3550308.0;São Paulo;Município de São Paulo;False;PARDA
50099;3509502.0;Campinas;Campinas;False;AMARELA
50100;3525904.0;Jundiaí;Campinas;False;PARDA
50101;3509502.0;Campinas;Campinas;False;PRETA
50102;3550308.0;São Paulo;Município de São Paulo;False;PARDA
50103;3550308.0;São Paulo;Município de São Paulo;True;IGNORADO
50104;3548708.0;São Bernardo do Campo;Grande SP Sudeste;False;PARDA
50105;3549805.0;São José do Rio Preto;São José do Rio Preto;False;BRANCA
50106;3550308.0;São Paulo;Município de São Paulo;False;
50107;3549904.0;São José dos Campos;Taubaté;False;BRANCA
50108;3513504.0;Cubatão;Baixada Santista;False;PRETA
50109;3509601.0;Campo Limpo Paulista;Campinas;False;BRANCA
50110;3530706.0;Mogi Guaçu;São João da Boa Vista;False;PARDA
50111;3550308.0;São Paulo;Município de São Paulo;False;PARDA
50112;3550308.0;São Paulo;Município de São Paulo;False;PARDA
50113;3550308.0;São Paulo;Município de São Paulo;False;PARDA
50114;3550308.0;São Paulo;Município de São Paulo;False;PRETA
50115;3552809.0;Taboão da Serra;Grande SP Sudoeste;False;PARDA
50116;3557105.0;Votuporanga;São José do Rio Preto;False;AMARELA
50117;3550308.0;São Paulo;Município de São Paulo;True;PARDA
50118;3550308.0;São Paulo;Município de São Paulo;False;PRETA
50119;3508405.0;Cabreúva;Campinas;False;BRANCA
50120;3550308.0;São Paulo;Município de São Paulo;False;PARDA
50121;3552502.0;Suzano;Grande SP Leste;False;BRANCA
50122;3550308.0;São Paulo;Município de São Paulo;False;PARDA
50123;3550308.0;São Paulo;Município de São Paulo;False;BRANCA
50124;3535507.0;Paraguaçu Paulista;Marília;False;AMARELA
50125;3536505.0;Paulínia;Campinas;False;AMARELA
50126;3550308.0;São Paulo;Município de São Paulo;False;NONE
50127;3543303.0;Ribeirão Pires;Grande SP Sudeste;False;PARDA
50128;3550308.0;São Paulo;Município de São Paulo;False;BRANCA
50129;3549904.0;São José dos Campos;Taubaté;False;BRANCA
50130;3554003.0;Tatuí;Sorocaba;True;BRANCA
50131;3550308.0;São Paulo;Município de São Paulo;False;BRANCA
50132;3550308.0;São Paulo;Município de São Paulo;False;AMARELA
50133;3523008.0;Itapura;Araçatuba;False;AMARELA
50134;3505708.0;Barueri;Grande SP Oeste;False;BRANCA
50135;3548708.0;São Bernardo do Campo;Grande SP Sudeste;False;PARDA
50136;3531100.0;Mongaguá;Baixada Santista;False;PARDA
50137;3550308.0;São Paulo;Município de São Paulo;False;BRANCA
50138;3525904.0;Jundiaí;Campinas;False;PARDA
50139;3504107.0;Atibaia;Campinas;False;BRANCA
50140;3525201.0;Jarinu;Campinas;True;BRANCA
50141;3509502.0;Campinas;Campinas;False;BRANCA
50142;3550308.0;São Paulo;Município de São Paulo;False;PARDA
50143;3550308.0;São Paulo;Município de São Paulo;False;BRANCA
50144;3550308.0;São Paulo;Município de São Paulo;False;BRANCA
50145;3548708.0;São Bernardo do Campo;Grande SP Sudeste;False;BRANCA
50146;3522307.0;Itapetininga;Sorocaba;False;BRANCA
