28794;3550308.0;São Paulo;Município de São Paulo;False;BRANCA
28795;3523909.0;Itu;Sorocaba;False;BRANCA
28796;3510005.0;Cândido Mota;Marília;False;BRANCA
28797;3548500.0;Santos;Baixada Santista;False;IGNORADO
28798;3552502.0;Suzano;Grande SP Leste;True;BRANCA
28799;3541406.0;Presidente Prudente;Presidente Prudente;False;BRANCA
28800;3550308.0;São Paulo;Município de São Paulo;False;PARDA
28801;3546405.0;Santa Cruz do Rio Pardo;Marília;False;IGNORADO
28802;3515103.0;Embu-Guaçu;Grande SP Sudoeste;True;PARDA
28803;3506508.0;Birigui;Araçatuba;True;BRANCA
28804;3506003.0;Bauru;Bauru;False;BRANCA
28805;3550308.0;São Paulo;Município de São Paulo;False;PARDA
28806;3542602.0;Registro;Registro;False;BRANCA
28807;3542206.0;Rancharia;Presidente Prudente;False;BRANCA
28808;3519105.0;Iacanga;Bauru;False;BRANCA
28809;3554102.0;Taubaté;Taubaté;False;BRANCA
28810;3554102.0;Taubaté;Taubaté;False;PARDA
28811;3502804.0;Araçatuba;Araçatuba;False;BRANCA
28812;3548807.0;São Caetano do Sul;Grande SP Sudeste;False;BRANCA
28813;3524303.0;Jaboticabal;Ribeirão Preto;False;BRANCA
28814;3550308.0;São Paulo;Município de São Paulo;False;BRANCA
28815;3518800.0;Guarulhos;Grande SP Leste;False;BRANCA
28816;3516408.0;Franco da Rocha;Grande SP Norte;False;
28817;3538709.0;Piracicaba;Piracicaba;False;AMARELA
28818;3550308.0;São Paulo;Município de São Paulo;False;PARDA
28819;3515707.0;Ferraz de Vasconcelos;Grande SP Leste;False;IGNORADO
28820;3550308.0;São Paulo;Município de São Paulo;False;BRANCA
28821;3557006.0;Votorantim;Sorocaba;False;BRANCA
28822;3523107.0;Itaquaquecetuba;Grande SP Leste;False;PARDA
28823;3551504.0;Serrana;Ribeirão Preto;False;BRANCA
28824;3548500.0;Santos;Baixada Santista;True;PARDA
28825;3550308.0;São Paulo;Município de São Paulo;False;PRETA
28826;3550308.0;São Paulo;Município de São Paulo;False;BRANCA
28827;3547809.0;Santo André;Grande SP Sudeste;False;BRANCA
28828;3509700.0;Campos do Jordão;Taubaté;False;BRANCA
28829;3513504.0;Cubatão;Baixada Santista;False;PARDA
28830;3508603.0;Cachoeira Paulista;Taubaté;False;BRANCA
28831;3550308.0;São Paulo;Município de São Paulo;False;PRETA
28832;3550308.0;São Paulo;Município de São Paulo;False;IGNORADO
28833;3552809.0;Taboão da Serra;Grande SP Sudoeste;False;BRANCA
28834;3550308.0;São Paulo;Município de São Paulo;False;BRANCA
28835;3538709.0;Piracicaba;Piracicaba;False;BRANCA
28836;3522901.0;Itapuí;Bauru;False;BRANCA
28837;3550308.0;São Paulo;Município de São Paulo;False;NONE
28838;3526407.0;Laranjal Paulista;Bauru;False;BRANCA
28839;3515707.0;Ferraz de Vasconcelos;Grande SP Leste;False;NONE
28840;3548500.0;Santos;Baixada Santista;False;BRANCA
28841;3548708.0;São Bernardo do Campo;Grande SP Sudeste;False;PARDA
28842;3529401.0;Mauá;Grande SP Sudeste;False;PARDA
28843;3550308.0;São Paulo;Município de São Paulo;False;BRANCA
28844;3550308.0;São Paulo;Município de São Paulo;False;BRANCA
28845;3550308.0;São Paulo;Município de São Paulo;True;BRANCA
28846;3548708.0;São Bernardo do Campo;Grande SP Sudeste;False;BRANCA
28847;3509502.0;Campinas;Campinas;False;PARDA
28848;3552205.0;Sorocaba;Sorocaba;False;BRANCA
28849;3550308.0;São Paulo;Município de São Paulo;False;PRETA
28850;3507605.0;Bragança Paulista;Campinas;False;BRANCA
28851;3550308.0;São Paulo;Município de São Paulo;False;PARDA
28852;3505203.0;Bariri;Bauru;False;BRANCA
28853;3536505.0;Paulínia;Campinas;False;PRETA
28854;3550308.0;São Paulo;Município de São Paulo;False;BRANCA
28855;3515707.0;Ferraz de Vasconcelos;Grande SP Leste;False;IGNORADO
28856;3552502.0;Suzano;Grande SP Leste;False;PARDA
28857;3550308.0;São Paulo;Município de São Paulo;False;BRANCA
28858;3525300.0;Jaú;Bauru;False;AMARELA
28859;3522109.0;Itanhaém;Baixada Santista;False;BRANCA
28860;3519071.0;Hortolândia;Campinas;False;AMARELA
28861;3514007.0;Dobrada;Araraquara;False;BRANCA
28862;3509502.0;Campinas;Campinas;False;
28863;3550308.0;São Paulo;Município de São Paulo;False;BRANCA
28864;3550308.0;São Paulo;Município de São Paulo;False;BRANCA
28865;3550308.0;São Paulo;Município de São Paulo;False;PARDA
28866;3520400.0;Ilhabela;Taubaté;False;BRANCA
28867;3550308.0;São Paulo;Município de São Paulo;False;PARDA
28868;3530607.0;Mogi das Cruzes;Grande SP Leste;False;PARDA
28869;3550308.0;São Paulo;Município de São Paulo;False;PARDA
28870;3547809.0;Santo André;Grande SP Sudeste;False;BRANCA
28871;3510005.0;Cândido Mota;Marília;False;BRANCA
28872;3515707.0;Ferraz de Vasconcelos;Grande SP Leste;False;PARDA
28873;3548005.0;Santo Antônio de Posse;Campinas;False;IGNORADO
28874;3534401.0;Osasco;Grande SP Oeste;False;AMARELA
28875;3550308.0;São Paulo;Município de São Paulo;False;AMARELA
28876;3526902.0;Limeira;Piracicaba;False;AMARELA
28877;3548500.0;Santos;Baixada Santista;False;IGNORADO
28878;3543303.0;Ribeirão Pires;Grande SP Sudeste;False;BRANCA
28879;3543303.0;Ribeirão Pires;Grande SP Sudeste;False;PARDA
28880;3550308.0;São Paulo;Município de São Paulo;False;PARDA
28881;3550308.0;São Paulo;Município de São Paulo;False;BRANCA
28882;3550308.0;São Paulo;Município de São Paulo;False;BRANCA
28883;3507902.0;Brotas;Bauru;False;IGNORADO
28884;3509502.0;Campinas;Campinas;False;BRANCA
28885;3550308.0;São Paulo;Município de São Paulo;False;PARDA
28886;3550308.0;São Paulo;Município de São Paulo;False;PARDA
28887;3518701.0;Guarujá;Baixada Santista;False;PARDA
28888;3550308.0;São Paulo;Município de São Paulo;False;BRANCA
28889;3510005.0;Cândido Mota;Marília;False;IGNORADO
28890;3515707.0;Ferraz de Vasconcelos;Grande SP Leste;False;BRANCA
28891;3551504.0;Serrana;Ribeirão Preto;False;BRANCA
28892;3513801.0;Diadema;Grande SP Sudeste;False;BRANCA
28893;3539806.0;Poá;Grande SP Leste;True;BRANCA
28894;3539806.0;Poá;Grande SP Leste;False;PARDA
28895;3550308.0;São Paulo;Município de São Paulo;False;BRANCA
28896;3524303.0;Jaboticabal;Ribeirão Preto;False;IGNORADO
28897;3549805.0;São José do Rio Preto;São José do Rio Preto;False;PRETA
28898;3522505.0;Itapevi;Grande SP Oeste;False;PARDA
28899;3541000.0;Praia Grande;Baixada Santista;False;PARDA
28900;3506508.0;Birigui;Araçatuba;False;IGNORADO
28901;3550308.0;São Paulo;Município de São Paulo;False;
28902;3550308.0;São Paulo;Município de São Paulo;False;BRANCA
28903;3550308.0;São Paulo;Município de São Paulo;False;PRETA
28904;3526100.0;Juquiá;Registro;False;PARDA
28905;3505500.0;Barretos;Barretos;False;
28906;3509502.0;Campinas;Campinas;False;PARDA
28907;3552205.0;Sorocaba;Sorocaba;False;PARDA
28908;3501905.0;Amparo;Campinas;False;BRANCA
28909;3525904.0;Jundiaí;Campinas;False;BRANCA
28910;3505708.0;Barueri;Grande SP Oeste;False;AMARELA
28911;3545803.0;Santa Bárbara d'Oeste;Campinas;False;BRANCA
28912;3503208.0;Araraquara;Araraquara;False;BRANCA
28913;3550308.0;São Paulo;Município de São Paulo;False;PARDA
28914;3509502.0;Campinas;Campinas;False;BRANCA
28915;3537305.0;Penápolis;Araçatuba;False;BRANCA
28916;3549805.0;São José do Rio Preto;São José do Rio Preto;False;BRANCA
28917;3549805.0;São José do Rio Preto;São José do Rio Preto;False;BRANCA
28918;3519402.0;Ibirá;São José do Rio Preto;False;BRANCA
28919;3505500.0;Barretos;Barretos;False;BRANCA
28920;3519402.0;Ibirá;São José do Rio Preto;False;BRANCA
28921;3549805.0;São José do Rio Preto;São José do Rio Preto;False;BRANCA
28922;3533007.0;Nova Granada;São José do Rio Preto;False;BRANCA
28923;3549805.0;São José do Rio Preto;São José do Rio Preto;False;BRANCA
28924;3532504.0;Neves Paulista;São José do Rio Preto;False;BRANCA
28925;3549805.0;São José do Rio Preto;São José do Rio Preto;False;BRANCA
28926;3515509.0;Fernandópolis;São José do Rio Preto;False;BRANCA
28927;3550308.0;São Paulo;Município de São Paulo;False;IGNORADO
28928;3550308.0;São Paulo;Município de São Paulo;False;IGNORADO
28929;3550308.0;São Paulo;Município de São Paulo;False;BRANCA
28930;3519600.0;Ibitinga;Araraquara;False;BRANCA
28931;3550308.0;São Paulo;Município de São Paulo;False;IGNORADO
28932;3541000.0;Praia Grande;Baixada Santista;False;BRANCA
28933;3550308.0;São Paulo;Município de São Paulo;False;IGNORADO
28934;3534401.0;Osasco;Grande SP Oeste;False;NONE
28935;3515509.0;Fernandópolis;São José do Rio Preto;False;BRANCA
