3795;3526902.0;Limeira;Piracicaba;False;IGNORADO
3796;3539806.0;Poá;Grande SP Leste;False;PARDA
3797;3550308.0;São Paulo;Município de São Paulo;False;PARDA
3798;3552502.0;Suzano;Grande SP Leste;False;PRETA
3799;3550308.0;São Paulo;Município de São Paulo;False;BRANCA
3800;3548500.0;Santos;Baixada Santista;False;IGNORADO
3801;3547809.0;Santo André;Grande SP Sudeste;False;PARDA
3802;3550308.0;São Paulo;Município de São Paulo;False;BRANCA
3803;3536505.0;Paulínia;Campinas;False;BRANCA
3804;3550308.0;São Paulo;Município de São Paulo;False;BRANCA
3805;3550308.0;São Paulo;Município de São Paulo;False;
3806;3543402.0;Ribeirão Preto;Ribeirão Preto;False;BRANCA
3807;3526902.0;Limeira;Piracicaba;False;IGNORADO
3808;3550308.0;São Paulo;Município de São Paulo;False;BRANCA
3809;3550308.0;São Paulo;Município de São Paulo;False;BRANCA
3810;3550308.0;São Paulo;Município de São Paulo;False;BRANCA
3811;3547304.0;Santana de Parnaíba;Grande SP Oeste;False;BRANCA
3812;3550308.0;São Paulo;Município de São Paulo;False;BRANCA
3813;3513009.0;Cotia;Grande SP Sudoeste;False;PARDA
3814;3550308.0;São Paulo;Município de São Paulo;False;BRANCA
3815;3550308.0;São Paulo;Município de São Paulo;False;
3816;3548500.0;Santos;Baixada Santista;False;PARDA
3817;3534401.0;Osasco;Grande SP Oeste;False;BRANCA
3818;3513504.0;Cubatão;Baixada Santista;False;AMARELA
3819;3519600.0;Ibitinga;Araraquara;False;NONE
3820;3543402.0;Ribeirão Preto;Ribeirão Preto;False;PARDA
3821;3509502.0;Campinas;Campinas;False;BRANCA
3822;3512506.0;Coroados;Araçatuba;False;BRANCA
3823;3509502.0;Campinas;Campinas;False;AMARELA
3824;3550308.0;São Paulo;Município de São Paulo;False;BRANCA
3825;3550308.0;São Paulo;Município de São Paulo;False;IGNORADO
3826;3550308.0;São Paulo;Município de São Paulo;False;PARDA
3827;3502903.0;Araçoiaba da Serra;Sorocaba;False;AMARELA
3828;3550308.0;São Paulo;Município de São Paulo;False;PARDA
3829;3550308.0;São Paulo;Município de São Paulo;False;PARDA
3830;3550308.0;São Paulo;Município de São Paulo;False;BRANCA
3831;3550308.0;São Paulo;Município de São Paulo;False;PARDA
3832;3550308.0;São Paulo;Município de São Paulo;False;BRANCA
3833;3550308.0;São Paulo;Município de São Paulo;False;
3834;3548500.0;Santos;Baixada Santista;False;BRANCA
3835;3530607.0;Mogi das Cruzes;Grande SP Leste;False;BRANCA
3836;3541000.0;Praia Grande;Baixada Santista;False;PARDA
3837;3523909.0;Itu;Sorocaba;False;BRANCA
3838;3550308.0;São Paulo;Município de São Paulo;False;BRANCA
3839;3520202.0;Igaratá;Taubaté;False;BRANCA
3840;3543402.0;Ribeirão Preto;Ribeirão Preto;False;BRANCA
3841;3550308.0;São Paulo;Município de São Paulo;False;PARDA
3842;3550308.0;São Paulo;Município de São Paulo;False;BRANCA
3843;3507605.0;Bragança Paulista;Campinas;False;BRANCA
3844;3550308.0;São Paulo;Município de São Paulo;False;BRANCA
3845;3550308.0;São Paulo;Município de São Paulo;False;PARDA
3846;3550308.0;São Paulo;Município de São Paulo;False;
3847;3550308.0;São Paulo;Município de São Paulo;False;BRANCA
3848;3523206.0;Itararé;Sorocaba;False;BRANCA
3849;3518701.0;Guarujá;Baixada Santista;False;BRANCA
3850;3522505.0;Itapevi;Grande SP Oeste;False;BRANCA
3851;3518800.0;Guarulhos;Grande SP Leste;False;PARDA
3852;3507506.0;Botucatu;Bauru;False;BRANCA
3853;3549805.0;São José do Rio Preto;São José do Rio Preto;False;PARDA
3854;3522307.0;Itapetininga;Sorocaba;False;
3855;3505906.0;Batatais;Ribeirão Preto;False;BRANCA
3856;3543402.0;Ribeirão Preto;Ribeirão Preto;False;BRANCA
3857;3550308.0;São Paulo;Município de São Paulo;True;IGNORADO
3858;3526902.0;Limeira;Piracicaba;False;IGNORADO
3859;3526407.0;Laranjal Paulista;Bauru;False;BRANCA
3860;3522406.0;Itapeva;Sorocaba;False;BRANCA
3861;3550308.0;São Paulo;Município de São Paulo;False;IGNORADO
3862;3548708.0;São Bernardo do Campo;Grande SP Sudeste;False;
3863;3523909.0;Itu;Sorocaba;False;BRANCA
3864;3550308.0;São Paulo;Município de São Paulo;False;BRANCA
3865;3554102.0;Taubaté;Taubaté;False;IGNORADO
3866;3529005.0;Marília;Marília;False;BRANCA
3867;3529005.0;Marília;Marília;False;PARDA
3868;3505500.0;Barretos;Barretos;False;PARDA
3869;3548906.0;São Carlos;Araraquara;False;BRANCA
3870;3550308.0;São Paulo;Município de São Paulo;False;IGNORADO
3871;3551009.0;São Vicente;Baixada Santista;False;IGNORADO
3872;3549904.0;São José dos Campos;Taubaté;False;BRANCA
3873;3519600.0;Ibitinga;Araraquara;False;BRANCA
3874;3509502.0;Campinas;Campinas;False;BRANCA
3875;3551009.0;São Vicente;Baixada Santista;False;BRANCA
3876;3550308.0;São Paulo;Município de São Paulo;False;PARDA
3877;3547809.0;Santo André;Grande SP Sudeste;False;IGNORADO
3878;3525201.0;Jarinu;Campinas;False;PARDA
3879;3531803.0;Monte Mor;Campinas;False;BRANCA
3880;3550308.0;São Paulo;Município de São Paulo;False;PARDA
3881;3503901.0;Arujá;Grande SP Leste;False;BRANCA
3882;3548708.0;São Bernardo do Campo;Grande SP Sudeste;False;IGNORADO
3883;3503901.0;Arujá;Grande SP Leste;False;BRANCA
3884;3544103.0;Rio Grande da Serra;Grande SP Sudeste;False;PARDA
3885;3549953.0;São Lourenço da Serra;Grande SP Sudoeste;False;BRANCA
3886;3522406.0;Itapeva;Sorocaba;False;IGNORADO
3887;3535606.0;Paraibuna;Taubaté;False;PARDA
3888;3509502.0;Campinas;Campinas;False;PARDA
3889;3526902.0;Limeira;Piracicaba;False;BRANCA
3890;3539806.0;Poá;Grande SP Leste;False;
3891;3539806.0;Poá;Grande SP Leste;False;BRANCA
3892;3542602.0;Registro;Registro;False;BRANCA
3893;3515186.0;Espírito Santo do Pinhal;São João da Boa Vista;False;BRANCA
3894;3550308.0;São Paulo;Município de São Paulo;False;
3895;3526100.0;Juquiá;Registro;False;PARDA
3896;3543402.0;Ribeirão Preto;Ribeirão Preto;False;PARDA
3897;3512506.0;Coroados;Araçatuba;False;BRANCA
3898;3550308.0;São Paulo;Município de São Paulo;False;BRANCA
3899;3547809.0;Santo André;Grande SP Sudeste;False;BRANCA
3900;3518800.0;Guarulhos;Grande SP Leste;False;BRANCA
3901;3511508.0;Cerquilho;Sorocaba;False;BRANCA
3902;3550308.0;São Paulo;Município de São Paulo;False;BRANCA
3903;3556800.0;Viradouro;Barretos;False;BRANCA
3904;3550308.0;São Paulo;Município de São Paulo;False;BRANCA
3905;3541505.0;Presidente Venceslau;Presidente Prudente;False;BRANCA
3906;3529005.0;Marília;Marília;False;BRANCA
3907;3557006.0;Votorantim;Sorocaba;False;BRANCA
3908;3550308.0;São Paulo;Município de São Paulo;False;IGNORADO
3909;3550308.0;São Paulo;Município de São Paulo;False;NONE
3910;3557105.0;Votuporanga;São José do Rio Preto;False;BRANCA
3911;3550308.0;São Paulo;Município de São Paulo;False;NONE
3912;3518701.0;Guarujá;Baixada Santista;False;BRANCA
3913;3528403.0;Mairinque;Sorocaba;False;BRANCA
3914;3548500.0;Santos;Baixada Santista;False;BRANCA
3915;3550308.0;São Paulo;Município de São Paulo;False;IGNORADO
3916;3549201.0;São João das Duas Pontes;São José do Rio Preto;False;BRANCA
3917;3522307.0;Itapetininga;Sorocaba;False;BRANCA
3918;3505906.0;Batatais;Ribeirão Preto;False;IGNORADO
3919;3530607.0;Mogi das Cruzes;Grande SP Leste;False;PRETA
3920;3550308.0;São Paulo;Município de São Paulo;False;BRANCA
3921;3550308.0;São Paulo;Município de São Paulo;False;PARDA
3922;3550308.0;São Paulo;Município de São Paulo;True;BRANCA
3923;3522307.0;Itapetininga;Sorocaba;False;BRANCA
3924;3504503.0;Avaré;Bauru;False;BRANCA
3925;3550308.0;São Paulo;Município de São Paulo;False;BRANCA
3926;3549805.0;São José do Rio Preto;São José do Rio Preto;False;BRANCA
3927;3530607.0;Mogi das Cruzes;Grande SP Leste;False;
3928;3550308.0;São Paulo;Município de São Paulo;False;IGNORADO
3929;3549904.0;São José dos Campos;Taubaté;False;BRANCA
3930;3556206.0;Valinhos;Campinas;False;BRANCA
3931;3516309.0;Francisco Morato;Grande SP Norte;False;BRANCA
3932;3513504.0;Cubatão;Baixada Santista;False;PARDA
3933;3549805.0;São José do Rio Preto;São José do Rio Preto;False;BRANCA
3934;3518800.0;Guarulhos;Grande SP Leste;False;BRANCA
3935;3550308.0;São Paulo;Município de São Paulo;False;NONE
3936;3543402.0;Ribeirão Preto;Ribeirão Preto;False;BRANCA
3937;3503307.0;Araras;Piracicaba;False;BRANCA
3938;;;;False;BRANCA
3939;3502804.0;Araçatuba;Araçatuba;False;IGNORADO
3940;3513801.0;Diadema;Grande SP Sudeste;False;PARDA
