28580;3515707.0;Ferraz de Vasconcelos;Grande SP Leste;False;BRANCA
28581;3548500.0;Santos;Baixada Santista;False;NONE
28582;3530607.0;Mogi das Cruzes;Grande SP Leste;False;BRANCA
28583;3545209.0;Salto;Sorocaba;False;AMARELA
28584;3516200.0;Franca;Franca;False;BRANCA
28585;3550308.0;São Paulo;Município de São Paulo;False;PARDA
28586;3520509.0;Indaiatuba;Campinas;False;IGNORADO
28587;3554003.0;Tatuí;Sorocaba;False;BRANCA
28588;3546405.0;Santa Cruz do Rio Pardo;Marília;False;BRANCA
28589;3509502.0;Campinas;Campinas;False;BRANCA
28590;3553708.0;Taquaritinga;Araraquara;False;BRANCA
28591;3549904.0;São José dos Campos;Taubaté;False;IGNORADO
28592;3522505.0;Itapevi;Grande SP Oeste;False;BRANCA
28593;3540606.0;Porto Feliz;Sorocaba;False;BRANCA
28594;3529401.0;Mauá;Grande SP Sudeste;False;IGNORADO
28595;3544202.0;Riolândia;São José do Rio Preto;False;PARDA
28596;3550308.0;São Paulo;Município de São Paulo;False;BRANCA
28597;3534401.0;Osasco;Grande SP Oeste;True;BRANCA
28598;3520509.0;Indaiatuba;Campinas;False;BRANCA
28599;3540606.0;Porto Feliz;Sorocaba;False;BRANCA
28600;3550308.0;São Paulo;Município de São Paulo;False;PARDA
28601;3509502.0;Campinas;Campinas;False;PARDA
28602;3550308.0;São Paulo;Município de São Paulo;False;IGNORADO
28603;3548906.0;São Carlos;Araraquara;False;BRANCA
28604;3507605.0;Bragança Paulista;Campinas;False;BRANCA
28605;3549904.0;São José dos Campos;Taubaté;False;BRANCA
28606;3533908.0;Olímpia;Barretos;False;BRANCA
28607;3548906.0;São Carlos;Araraquara;False;IGNORADO
28608;3549805.0;São José do Rio Preto;São José do Rio Preto;False;BRANCA
28609;3512803.0;Cosmópolis;Campinas;False;PARDA
28610;3513504.0;Cubatão;Baixada Santista;False;BRANCA
28611;3550308.0;São Paulo;Município de São Paulo;False;PARDA
28612;3548708.0;São Bernardo do Campo;Grande SP Sudeste;False;NONE
28613;3548500.0;Santos;Baixada Santista;False;PARDA
28614;3550308.0;São Paulo;Município de São Paulo;False;PARDA
28615;3548500.0;Santos;Baixada Santista;False;BRANCA
28616;3550308.0;São Paulo;Município de São Paulo;False;BRANCA
28617;3550308.0;São Paulo;Município de São Paulo;False;BRANCA
28618;3518800.0;Guarulhos;Grande SP Leste;False;NONE
28619;3557105.0;Votuporanga;São José do Rio Preto;False;AMARELA
28620;3509502.0;Campinas;Campinas;False;BRANCA
28621;3545209.0;Salto;Sorocaba;False;BRANCA
28622;3549904.0;São José dos Campos;Taubaté;False;PRETA
28623;3550308.0;São Paulo;Município de São Paulo;False;PARDA
28624;3552205.0;Sorocaba;Sorocaba;False;BRANCA
28625;3527108.0;Lins;Bauru;False;IGNORADO
28626;3515509.0;Fernandópolis;São José do Rio Preto;False;BRANCA
28627;3500501.0;Águas de Lindóia;Campinas;False;BRANCA
28628;3529401.0;Mauá;Grande SP Sudeste;False;BRANCA
28629;3518800.0;Guarulhos;Grande SP Leste;False;BRANCA
28630;3539202.0;Pirapozinho;Presidente Prudente;False;BRANCA
28631;3548500.0;Santos;Baixada Santista;True;BRANCA
28632;3541000.0;Praia Grande;Baixada Santista;False;PARDA
28633;3547809.0;Santo André;Grande SP Sudeste;False;BRANCA
28634;3556305.0;Valparaíso;Araçatuba;False;BRANCA
28635;3548500.0;Santos;Baixada Santista;False;BRANCA
28636;3535101.0;Palmares Paulista;São José do Rio Preto;False;BRANCA
28637;3550308.0;São Paulo;Município de São Paulo;False;BRANCA
28638;3534757.0;Ouroeste;São José do Rio Preto;False;BRANCA
28639;3550308.0;São Paulo;Município de São Paulo;False;BRANCA
28640;3549805.0;São José do Rio Preto;São José do Rio Preto;False;BRANCA
28641;3501608.0;Americana;Campinas;False;BRANCA
28642;3550308.0;São Paulo;Município de São Paulo;False;BRANCA
28643;3530607.0;Mogi das Cruzes;Grande SP Leste;False;PARDA
28644;3548708.0;São Bernardo do Campo;Grande SP Sudeste;False;BRANCA
28645;3543402.0;Ribeirão Preto;Ribeirão Preto;False;BRANCA
28646;3529005.0;Marília;Marília;False;BRANCA
28647;3549805.0;São José do Rio Preto;São José do Rio Preto;False;PARDA
28648;3550308.0;São Paulo;Município de São Paulo;False;PARDA
28649;3539202.0;Pirapozinho;Presidente Prudente;False;BRANCA
28650;3506508.0;Birigui;Araçatuba;False;BRANCA
28651;3550308.0;São Paulo;Município de São Paulo;False;BRANCA
28652;3557006.0;Votorantim;Sorocaba;False;BRANCA
28653;3502804.0;Araçatuba;Araçatuba;False;PRETA
28654;3525904.0;Jundiaí;Campinas;False;BRANCA
28655;3505401.0;Barra do Turvo;Registro;False;PRETA
28656;3556206.0;Valinhos;Campinas;False;BRANCA
28657;3518602.0;Guariba;Ribeirão Preto;False;BRANCA
28658;3524402.0;Jacareí;Taubaté;False;IGNORADO
28659;3550308.0;São Paulo;Município de São Paulo;False;IGNORADO
28660;3502804.0;Araçatuba;Araçatuba;False;BRANCA
28661;3539509.0;Pitangueiras;Ribeirão Preto;False;BRANCA
28662;3501608.0;Americana;Campinas;False;IGNORADO
28663;3506003.0;Bauru;Bauru;False;BRANCA
28664;3502804.0;Araçatuba;Araçatuba;False;PARDA
28665;3550308.0;São Paulo;Município de São Paulo;False;PARDA
28666;3509205.0;Cajamar;Grande SP Norte;False;BRANCA
28667;3550308.0;São Paulo;Município de São Paulo;False;PARDA
28668;3501608.0;Americana;Campinas;False;BRANCA
28669;3504107.0;Atibaia;Campinas;False;
28670;3550308.0;São Paulo;Município de São Paulo;False;AMARELA
28671;3524709.0;Jaguariúna;Campinas;False;BRANCA
28672;3550308.0;São Paulo;Município de São Paulo;False;BRANCA
28673;3550308.0;São Paulo;Município de São Paulo;False;PARDA
28674;3550308.0;São Paulo;Município de São Paulo;False;PARDA
28675;3520400.0;Ilhabela;Taubaté;False;PARDA
28676;3522505.0;Itapevi;Grande SP Oeste;False;
28677;3550308.0;São Paulo;Município de São Paulo;False;BRANCA
28678;3510609.0;Carapicuíba;Grande SP Oeste;False;BRANCA
28679;3509502.0;Campinas;Campinas;False;PRETA
28680;3547809.0;Santo André;Grande SP Sudeste;False;BRANCA
28681;3506508.0;Birigui;Araçatuba;False;BRANCA
28682;3518701.0;Guarujá;Baixada Santista;False;BRANCA
28683;3510609.0;Carapicuíba;Grande SP Oeste;False;PARDA
28684;3550308.0;São Paulo;Município de São Paulo;False;
28685;3526902.0;Limeira;Piracicaba;False;BRANCA
28686;3509502.0;Campinas;Campinas;False;BRANCA
28687;3548500.0;Santos;Baixada Santista;False;PARDA
28688;3512407.0;Cordeirópolis;Piracicaba;False;BRANCA
28689;3550308.0;São Paulo;Município de São Paulo;False;NONE
28690;3557105.0;Votuporanga;São José do Rio Preto;False;BRANCA
28691;3550308.0;São Paulo;Município de São Paulo;False;NONE
28692;3556453.0;Vargem Grande Paulista;Grande SP Sudoeste;False;BRANCA
28693;3550308.0;São Paulo;Município de São Paulo;False;PARDA
28694;3539806.0;Poá;Grande SP Leste;False;PRETA
28695;3550308.0;São Paulo;Município de São Paulo;False;PARDA
28696;3506003.0;Bauru;Bauru;False;BRANCA
28697;3522505.0;Itapevi;Grande SP Oeste;False;BRANCA
28698;3549904.0;São José dos Campos;Taubaté;False;PARDA
28699;3556701.0;Vinhedo;Campinas;False;BRANCA
28700;3548500.0;Santos;Baixada Santista;False;PARDA
28701;3550308.0;São Paulo;Município de São Paulo;False;PARDA
28702;3522307.0;Itapetininga;Sorocaba;False;BRANCA
28703;3552403.0;Sumaré;Campinas;False;BRANCA
28704;3550308.0;São Paulo;Município de São Paulo;False;NONE
28705;3509502.0;Campinas;Campinas;False;IGNORADO
28706;3530706.0;Mogi Guaçu;São João da Boa Vista;False;PARDA
28707;3522505.0;Itapevi;Grande SP Oeste;False;PARDA
28708;3549904.0;São José dos Campos;Taubaté;False;PRETA
28709;3526902.0;Limeira;Piracicaba;False;BRANCA
28710;3554102.0;Taubaté;Taubaté;False;BRANCA
28711;3549805.0;São José do Rio Preto;São José do Rio Preto;False;BRANCA
28712;3529401.0;Mauá;Grande SP Sudeste;False;PARDA
28713;3509007.0;Caieiras;Grande SP Norte;False;BRANCA
28714;3511102.0;Catanduva;São José do Rio Preto;False;BRANCA
28715;3550308.0;São Paulo;Município de São Paulo;False;AMARELA
28716;3550308.0;São Paulo;Município de São Paulo;False;BRANCA
28717;3505708.0;Barueri;Grande SP Oeste;False;IGNORADO
28718;3554102.0;Taubaté;Taubaté;False;IGNORADO
28719;3554102.0;Taubaté;Taubaté;False;IGNORADO
28720;3550308.0;São Paulo;Município de São Paulo;False;PARDA
28721;3510500.0;Caraguatatuba;Taubaté;False;BRANCA
28722;3550308.0;São Paulo;Município de São Paulo;False;IGNORADO
28723;3550308.0;São Paulo;Município de São Paulo;False;PARDA
28724;3504107.0;Atibaia;Campinas;False;BRANCA
28725;3550308.0;São Paulo;Município de São Paulo;False;PARDA
