39100;3510203.0;Capão Bonito;Sorocaba;False;BRANCA
39101;3519071.0;Hortolândia;Campinas;False;AMARELA
39102;3518701.0;Guarujá;Baixada Santista;False;NONE
39103;3550308.0;São Paulo;Município de São Paulo;False;PARDA
39104;3512308.0;Conchas;Bauru;False;IGNORADO
39105;3546801.0;Santa Isabel;Grande SP Leste;False;BRANCA
39106;3552809.0;Taboão da Serra;Grande SP Sudoeste;False;PARDA
39107;3550308.0;São Paulo;Município de São Paulo;False;BRANCA
39108;3540903.0;Pradópolis;Ribeirão Preto;False;BRANCA
39109;3537503.0;Pereiras;Bauru;False;IGNORADO
39110;3520509.0;Indaiatuba;Campinas;False;IGNORADO
39111;3548906.0;São Carlos;Araraquara;False;BRANCA
39112;3505500.0;Barretos;Barretos;False;PRETA
39113;3506508.0;Birigui;Araçatuba;False;BRANCA
39114;3550308.0;São Paulo;Município de São Paulo;False;IGNORADO
39115;3509502.0;Campinas;Campinas;False;BRANCA
39116;3551504.0;Serrana;Ribeirão Preto;False;BRANCA
39117;3519071.0;Hortolândia;Campinas;True;PARDA
39118;3522505.0;Itapevi;Grande SP Oeste;False;BRANCA
39119;3517208.0;Guaiçara;Bauru;False;BRANCA
39120;3543402.0;Ribeirão Preto;Ribeirão Preto;False;BRANCA
39121;3550308.0;São Paulo;Município de São Paulo;False;PARDA
39122;3550308.0;São Paulo;Município de São Paulo;False;PRETA
39123;3501608.0;Americana;Campinas;False;BRANCA
39124;3543303.0;Ribeirão Pires;Grande SP Sudeste;False;PARDA
39125;3548500.0;Santos;Baixada Santista;False;PRETA
39126;3547809.0;Santo André;Grande SP Sudeste;True;BRANCA
39127;3550308.0;São Paulo;Município de São Paulo;False;NONE
39128;3518701.0;Guarujá;Baixada Santista;False;BRANCA
39129;3550902.0;São Simão;Ribeirão Preto;False;BRANCA
39130;3550308.0;São Paulo;Município de São Paulo;False;PARDA
39131;3523107.0;Itaquaquecetuba;Grande SP Leste;False;AMARELA
39132;3524006.0;Itupeva;Campinas;True;PARDA
39133;3520202.0;Igaratá;Taubaté;False;PARDA
39134;3550308.0;São Paulo;Município de São Paulo;False;IGNORADO
39135;3550308.0;São Paulo;Município de São Paulo;False;IGNORADO
39136;3550308.0;São Paulo;Município de São Paulo;False;
39137;3550308.0;São Paulo;Município de São Paulo;False;PRETA
39138;3550308.0;São Paulo;Município de São Paulo;False;AMARELA
39139;3548708.0;São Bernardo do Campo;Grande SP Sudeste;False;BRANCA
39140;3507506.0;Botucatu;Bauru;False;IGNORADO
39141;3506508.0;Birigui;Araçatuba;False;BRANCA
39142;3523404.0;Itatiba;Campinas;False;BRANCA
39143;3550308.0;São Paulo;Município de São Paulo;True;PARDA
39144;3549904.0;São José dos Campos;Taubaté;False;IGNORADO
39145;3547809.0;Santo André;Grande SP Sudeste;False;BRANCA
39146;3549904.0;São José dos Campos;Taubaté;False;BRANCA
39147;3548500.0;Santos;Baixada Santista;False;BRANCA
39148;3552205.0;Sorocaba;Sorocaba;False;BRANCA
39149;3547809.0;Santo André;Grande SP Sudeste;False;BRANCA
39150;3550308.0;São Paulo;Município de São Paulo;False;NONE
39151;3548708.0;São Bernardo do Campo;Grande SP Sudeste;False;BRANCA
39152;3552205.0;Sorocaba;Sorocaba;False;PARDA
39153;3543402.0;Ribeirão Preto;Ribeirão Preto;True;BRANCA
39154;3550308.0;São Paulo;Município de São Paulo;False;NONE
39155;3503208.0;Araraquara;Araraquara;False;BRANCA
39156;3549409.0;São Joaquim da Barra;Franca;False;BRANCA
39157;3550308.0;São Paulo;Município de São Paulo;False;PRETA
39158;3513009.0;Cotia;Grande SP Sudoeste;False;PARDA
39159;3518800.0;Guarulhos;Grande SP Leste;False;AMARELA
39160;3509205.0;Cajamar;Grande SP Norte;False;PARDA
39161;3529005.0;Marília;Marília;False;
39162;3540705.0;Porto Ferreira;Araraquara;False;BRANCA
39163;3550308.0;São Paulo;Município de São Paulo;False;PARDA
39164;3507605.0;Bragança Paulista;Campinas;False;IGNORADO
39165;3518503.0;Guareí;Sorocaba;False;
39166;3550308.0;São Paulo;Município de São Paulo;False;BRANCA
39167;3507506.0;Botucatu;Bauru;False;BRANCA
39168;3518701.0;Guarujá;Baixada Santista;False;IGNORADO
39169;3547809.0;Santo André;Grande SP Sudeste;False;
39170;3557105.0;Votuporanga;São José do Rio Preto;False;AMARELA
39171;3548500.0;Santos;Baixada Santista;False;IGNORADO
39172;3518206.0;Guararapes;Araçatuba;False;BRANCA
39173;3550308.0;São Paulo;Município de São Paulo;False;PARDA
39174;3509502.0;Campinas;Campinas;False;BRANCA
39175;3526902.0;Limeira;Piracicaba;False;PARDA
39176;3543402.0;Ribeirão Preto;Ribeirão Preto;False;BRANCA
39177;3509502.0;Campinas;Campinas;False;PRETA
39178;3552403.0;Sumaré;Campinas;False;PARDA
39179;3546306.0;Santa Cruz das Palmeiras;São João da Boa Vista;False;BRANCA
39180;3507605.0;Bragança Paulista;Campinas;True;BRANCA
39181;3523107.0;Itaquaquecetuba;Grande SP Leste;False;PARDA
39182;3550308.0;São Paulo;Município de São Paulo;False;BRANCA
39183;3503208.0;Araraquara;Araraquara;False;BRANCA
39184;3527306.0;Louveira;Campinas;False;BRANCA
39185;3509502.0;Campinas;Campinas;False;BRANCA
39186;3550308.0;São Paulo;Município de São Paulo;False;BRANCA
39187;3550308.0;São Paulo;Município de São Paulo;False;BRANCA
39188;3550308.0;São Paulo;Município de São Paulo;False;BRANCA
39189;3548708.0;São Bernardo do Campo;Grande SP Sudeste;False;
39190;3501608.0;Americana;Campinas;False;BRANCA
39191;3532405.0;Nazaré Paulista;Campinas;False;BRANCA
39192;3518800.0;Guarulhos;Grande SP Leste;False;BRANCA
39193;3550308.0;São Paulo;Município de São Paulo;False;BRANCA
39194;3550407.0;São Pedro;Piracicaba;False;IGNORADO
39195;3510153.0;Canitar;Marília;False;BRANCA
39196;3513009.0;Cotia;Grande SP Sudoeste;False;PARDA
39197;3548708.0;São Bernardo do Campo;Grande SP Sudeste;False;IGNORADO
39198;3552205.0;Sorocaba;Sorocaba;False;BRANCA
39199;3550308.0;São Paulo;Município de São Paulo;False;PRETA
39200;3548708.0;São Bernardo do Campo;Grande SP Sudeste;False;BRANCA
39201;3541604.0;Promissão;Bauru;False;BRANCA
39202;3550308.0;São Paulo;Município de São Paulo;False;BRANCA
39203;3552403.0;Sumaré;Campinas;False;BRANCA
39204;3518206.0;Guararapes;Araçatuba;False;AMARELA
39205;3550308.0;São Paulo;Município de São Paulo;False;BRANCA
39206;3552502.0;Suzano;Grande SP Leste;False;BRANCA
39207;3508405.0;Cabreúva;Campinas;False;BRANCA
39208;3550308.0;São Paulo;Município de São Paulo;False;PARDA
39209;3505708.0;Barueri;Grande SP Oeste;False;BRANCA
39210;3550308.0;São Paulo;Município de São Paulo;False;PARDA
39211;3550308.0;São Paulo;Município de São Paulo;False;NONE
39212;3502804.0;Araçatuba;Araçatuba;False;IGNORADO
39213;3550308.0;São Paulo;Município de São Paulo;True;PARDA
39214;3541000.0;Praia Grande;Baixada Santista;False;BRANCA
39215;3550308.0;São Paulo;Município de São Paulo;False;BRANCA
39216;3547809.0;Santo André;Grande SP Sudeste;False;BRANCA
39217;3549102.0;São João da Boa Vista;São João da Boa Vista;False;BRANCA
39218;3538709.0;Piracicaba;Piracicaba;False;PRETA
39219;3551009.0;São Vicente;Baixada Santista;False;NONE
39220;3550308.0;São Paulo;Município de São Paulo;False;BRANCA
39221;3518800.0;Guarulhos;Grande SP Leste;False;PARDA
39222;3550308.0;São Paulo;Município de São Paulo;False;IGNORADO
39223;3551009.0;São Vicente;Baixada Santista;False;BRANCA
39224;3512308.0;Conchas;Bauru;False;BRANCA
39225;3548708.0;São Bernardo do Campo;Grande SP Sudeste;False;BRANCA
39226;3549805.0;São José do Rio Preto;São José do Rio Preto;False;BRANCA
39227;3526902.0;Limeira;Piracicaba;False;BRANCA
39228;3547809.0;Santo André;Grande SP Sudeste;False;IGNORADO
39229;3503802.0;Artur Nogueira;Campinas;False;BRANCA
39230;3552809.0;Taboão da Serra;Grande SP Sudoeste;False;
39231;3513009.0;Cotia;Grande SP Sudoeste;False;PARDA
39232;3548708.0;São Bernardo do Campo;Grande SP Sudeste;False;BRANCA
39233;3516200.0;Franca;Franca;False;BRANCA
39234;3538709.0;Piracicaba;Piracicaba;False;BRANCA
39235;3510500.0;Caraguatatuba;Taubaté;False;IGNORADO
39236;3534401.0;Osasco;Grande SP Oeste;False;BRANCA
39237;3549805.0;São José do Rio Preto;São José do Rio Preto;False;PARDA
39238;3543402.0;Ribeirão Preto;Ribeirão Preto;False;
39239;3509601.0;Campo Limpo Paulista;Campinas;False;BRANCA
39240;3550308.0;São Paulo;Município de São Paulo;False;BRANCA
39241;3504503.0;Avaré;Bauru;False;AMARELA
39242;3516705.0;Garça;Marília;False;BRANCA
39243;3530607.0;Mogi das Cruzes;Grande SP Leste;False;PARDA
39244;3550308.0;São Paulo;Município de São Paulo;False;IGNORADO
