59958;3526902.0;Limeira;Piracicaba;False;BRANCA
59959;3550308.0;São Paulo;Município de São Paulo;False;AMARELA
59960;3506003.0;Bauru;Bauru;False;BRANCA
59961;3550308.0;São Paulo;Município de São Paulo;False;BRANCA
59962;3539806.0;Poá;Grande SP Leste;False;BRANCA
59963;3551009.0;São Vicente;Baixada Santista;False;BRANCA
59964;3525904.0;Jundiaí;Campinas;False;BRANCA
59965;3549904.0;São José dos Campos;Taubaté;False;BRANCA
59966;3507100.0;Bom Jesus dos Perdões;Campinas;False;BRANCA
59967;3549904.0;São José dos Campos;Taubaté;False;BRANCA
59968;3529401.0;Mauá;Grande SP Sudeste;False;BRANCA
59969;3523800.0;Itobi;São João da Boa Vista;False;AMARELA
59970;3549805.0;São José do Rio Preto;São José do Rio Preto;False;BRANCA
59971;3503307.0;Araras;Piracicaba;False;BRANCA
59972;3510609.0;Carapicuíba;Grande SP Oeste;True;PARDA
59973;3522307.0;Itapetininga;Sorocaba;False;BRANCA
59974;3550308.0;São Paulo;Município de São Paulo;False;IGNORADO
59975;3548500.0;Santos;Baixada Santista;False;IGNORADO
59976;3513504.0;Cubatão;Baixada Santista;False;BRANCA
59977;3556503.0;Várzea Paulista;Campinas;False;PARDA
59978;3522307.0;Itapetininga;Sorocaba;False;BRANCA
59979;3550308.0;São Paulo;Município de São Paulo;False;BRANCA
59980;3503802.0;Artur Nogueira;Campinas;False;BRANCA
59981;3550308.0;São Paulo;Município de São Paulo;False;PARDA
59982;3547809.0;Santo André;Grande SP Sudeste;False;BRANCA
59983;3538709.0;Piracicaba;Piracicaba;False;BRANCA
59984;3550308.0;São Paulo;Município de São Paulo;False;BRANCA
59985;3550308.0;São Paulo;Município de São Paulo;False;PARDA
59986;3550308.0;São Paulo;Município de São Paulo;False;PARDA
59987;3550308.0;São Paulo;Município de São Paulo;False;INDIGENA
59988;3550308.0;São Paulo;Município de São Paulo;False;IGNORADO
59989;3550308.0;São Paulo;Município de São Paulo;False;BRANCA
59990;3550308.0;São Paulo;Município de São Paulo;False;INDIGENA
59991;3550308.0;São Paulo;Município de São Paulo;False;
59992;3550308.0;São Paulo;Município de São Paulo;False;PARDA
59993;3550308.0;São Paulo;Município de São Paulo;False;PARDA
59994;3550308.0;São Paulo;Município de São Paulo;False;INDIGENA
59995;3550308.0;São Paulo;Município de São Paulo;False;INDIGENA
59996;3509502.0;Campinas;Campinas;False;BRANCA
59997;3550308.0;São Paulo;Município de São Paulo;False;BRANCA
59998;3550308.0;São Paulo;Município de São Paulo;False;IGNORADO
59999;3550308.0;São Paulo;Município de São Paulo;False;BRANCA
60000;3550308.0;São Paulo;Município de São Paulo;False;INDIGENA
60001;3550308.0;São Paulo;Município de São Paulo;False;PARDA
60002;3550308.0;São Paulo;Município de São Paulo;False;PARDA
60003;3550308.0;São Paulo;Município de São Paulo;False;INDIGENA
60004;3550308.0;São Paulo;Município de São Paulo;False;PRETA
60005;3550308.0;São Paulo;Município de São Paulo;False;INDIGENA
60006;3550308.0;São Paulo;Município de São Paulo;False;PARDA
60007;3550308.0;São Paulo;Município de São Paulo;False;BRANCA
60008;3550308.0;São Paulo;Município de São Paulo;False;INDIGENA
60009;3550308.0;São Paulo;Município de São Paulo;False;BRANCA
60010;3550308.0;São Paulo;Município de São Paulo;False;PARDA
60011;3550308.0;São Paulo;Município de São Paulo;False;PARDA
60012;3550308.0;São Paulo;Município de São Paulo;False;INDIGENA
60013;3550308.0;São Paulo;Município de São Paulo;False;PARDA
60014;3550308.0;São Paulo;Município de São Paulo;False;INDIGENA
60015;3550308.0;São Paulo;Município de São Paulo;False;INDIGENA
60016;3550308.0;São Paulo;Município de São Paulo;False;INDIGENA
60017;3534401.0;Osasco;Grande SP Oeste;False;IGNORADO
60018;3550308.0;São Paulo;Município de São Paulo;False;INDIGENA
60019;3550308.0;São Paulo;Município de São Paulo;False;INDIGENA
60020;3550308.0;São Paulo;Município de São Paulo;False;BRANCA
60021;3550308.0;São Paulo;Município de São Paulo;False;INDIGENA
60022;3550308.0;São Paulo;Município de São Paulo;False;PARDA
60023;3550308.0;São Paulo;Município de São Paulo;False;PARDA
60024;3515509.0;Fernandópolis;São José do Rio Preto;False;BRANCA
60025;3550308.0;São Paulo;Município de São Paulo;False;PARDA
60026;3550308.0;São Paulo;Município de São Paulo;False;INDIGENA
60027;3550308.0;São Paulo;Município de São Paulo;False;INDIGENA
60028;3550308.0;São Paulo;Município de São Paulo;False;IGNORADO
60029;3550308.0;São Paulo;Município de São Paulo;False;INDIGENA
60030;3550308.0;São Paulo;Município de São Paulo;False;BRANCA
60031;3550308.0;São Paulo;Município de São Paulo;False;BRANCA
60032;3550308.0;São Paulo;Município de São Paulo;False;INDIGENA
60033;3550308.0;São Paulo;Município de São Paulo;False;INDIGENA
60034;3550308.0;São Paulo;Município de São Paulo;False;PRETA
60035;3509502.0;Campinas;Campinas;False;BRANCA
60036;3550308.0;São Paulo;Município de São Paulo;False;BRANCA
60037;3550308.0;São Paulo;Município de São Paulo;False;NONE
60038;3550308.0;São Paulo;Município de São Paulo;False;INDIGENA
60039;3550308.0;São Paulo;Município de São Paulo;False;PARDA
60040;3550308.0;São Paulo;Município de São Paulo;False;BRANCA
60041;3550308.0;São Paulo;Município de São Paulo;False;BRANCA
60042;3550308.0;São Paulo;Município de São Paulo;False;PARDA
60043;3550308.0;São Paulo;Município de São Paulo;False;PARDA
60044;3550308.0;São Paulo;Município de São Paulo;False;PARDA
60045;3550308.0;São Paulo;Município de São Paulo;False;BRANCA
60046;3550308.0;São Paulo;Município de São Paulo;False;PARDA
60047;3550308.0;São Paulo;Município de São Paulo;False;IGNORADO
60048;3550308.0;São Paulo;Município de São Paulo;False;PARDA
60049;3550308.0;São Paulo;Município de São Paulo;False;PARDA
60050;3550308.0;São Paulo;Município de São Paulo;False;BRANCA
60051;3550308.0;São Paulo;Município de São Paulo;False;PARDA
60052;3550308.0;São Paulo;Município de São Paulo;False;INDIGENA
60053;3541604.0;Promissão;Bauru;False;BRANCA
60054;3550308.0;São Paulo;Município de São Paulo;False;IGNORADO
60055;3550308.0;São Paulo;Município de São Paulo;False;INDIGENA
60056;3550308.0;São Paulo;Município de São Paulo;False;BRANCA
60057;3534401.0;Osasco;Grande SP Oeste;False;PARDA
60058;3550308.0;São Paulo;Município de São Paulo;False;BRANCA
60059;3527108.0;Lins;Bauru;False;BRANCA
60060;3550308.0;São Paulo;Município de São Paulo;False;BRANCA
60061;3550308.0;São Paulo;Município de São Paulo;False;PARDA
60062;3543402.0;Ribeirão Preto;Ribeirão Preto;False;PARDA
60063;3550308.0;São Paulo;Município de São Paulo;False;BRANCA
60064;3550308.0;São Paulo;Município de São Paulo;False;PARDA
60065;3550308.0;São Paulo;Município de São Paulo;False;IGNORADO
60066;3550308.0;São Paulo;Município de São Paulo;False;INDIGENA
60067;3550308.0;São Paulo;Município de São Paulo;False;BRANCA
60068;3509502.0;Campinas;Campinas;False;BRANCA
60069;3552205.0;Sorocaba;Sorocaba;False;IGNORADO
60070;3506003.0;Bauru;Bauru;False;BRANCA
60071;3503901.0;Arujá;Grande SP Leste;False;
60072;3503901.0;Arujá;Grande SP Leste;False;AMARELA
60073;3549805.0;São José do Rio Preto;São José do Rio Preto;False;BRANCA
60074;3549805.0;São José do Rio Preto;São José do Rio Preto;False;IGNORADO
60075;3527108.0;Lins;Bauru;False;AMARELA
60076;3550308.0;São Paulo;Município de São Paulo;False;NONE
60077;3507100.0;Bom Jesus dos Perdões;Campinas;False;BRANCA
60078;3550308.0;São Paulo;Município de São Paulo;False;BRANCA
60079;3506003.0;Bauru;Bauru;False;PARDA
60080;3550308.0;São Paulo;Município de São Paulo;False;IGNORADO
60081;3538709.0;Piracicaba;Piracicaba;False;BRANCA
60082;3550308.0;São Paulo;Município de São Paulo;False;AMARELA
60083;3507209.0;Borá;Marília;False;BRANCA
60084;3534401.0;Osasco;Grande SP Oeste;False;PARDA
60085;3502606.0;Aparecida d'Oeste;São José do Rio Preto;False;BRANCA
60086;3528403.0;Mairinque;Sorocaba;False;BRANCA
60087;3523404.0;Itatiba;Campinas;False;BRANCA
60088;3511102.0;Catanduva;São José do Rio Preto;False;BRANCA
60089;3550308.0;São Paulo;Município de São Paulo;False;BRANCA
60090;3548807.0;São Caetano do Sul;Grande SP Sudeste;False;BRANCA
60091;3511102.0;Catanduva;São José do Rio Preto;False;BRANCA
