4642;Osasco;3534401;42.0;MASCULINO;CONFIRMADO;2020-11-26;0;IGNORADO;IGNORADO;IGNORADO;IGNORADO;IGNORADO;IGNORADO;IGNORADO;IGNORADO;IGNORADO;IGNORADO;IGNORADO;IGNORADO;IGNORADO
4643;Santa Cruz das Palmeiras;3546306;45.0;MASCULINO;CONFIRMADO;2020-06-13;0;IGNORADO;IGNORADO;IGNORADO;IGNORADO;IGNORADO;IGNORADO;IGNORADO;IGNORADO;IGNORADO;IGNORADO;IGNORADO;IGNORADO;IGNORADO
4644;Osasco;3534401;43.0;MASCULINO;CONFIRMADO;2020-07-17;0;IGNORADO;IGNORADO;IGNORADO;IGNORADO;IGNORADO;IGNORADO;IGNORADO;IGNORADO;IGNORADO;IGNORADO;IGNORADO;IGNORADO;IGNORADO
4645;Mococa;3530508;51.0;MASCULINO;CONFIRMADO;2020-07-22;0;IGNORADO;IGNORADO;IGNORADO;IGNORADO;IGNORADO;IGNORADO;IGNORADO;IGNORADO;IGNORADO;IGNORADO;IGNORADO;IGNORADO;IGNORADO
4646;Barueri;3505708;48.0;MASCULINO;CONFIRMADO;2020-08-08;0;IGNORADO;IGNORADO;IGNORADO;IGNORADO;IGNORADO;IGNORADO;IGNORADO;IGNORADO;IGNORADO;IGNORADO;IGNORADO;IGNORADO;IGNORADO
4647;Itapira;3522604;27.0;MASCULINO;CONFIRMADO;2020-08-08;0;IGNORADO;IGNORADO;IGNORADO;IGNORADO;IGNORADO;IGNORADO;IGNORADO;IGNORADO;IGNORADO;IGNORADO;IGNORADO;IGNORADO;IGNORADO
4648;Porto Ferreira;3540705;40.0;MASCULINO;CONFIRMADO;2020-06-15;0;IGNORADO;IGNORADO;IGNORADO;IGNORADO;IGNORADO;IGNORADO;IGNORADO;IGNORADO;IGNORADO;IGNORADO;IGNORADO;IGNORADO;IGNORADO
4649;Salto;3545209;29.0;MASCULINO;CONFIRMADO;2020-06-28;0;IGNORADO;IGNORADO;IGNORADO;IGNORADO;IGNORADO;IGNORADO;IGNORADO;IGNORADO;IGNORADO;IGNORADO;IGNORADO;IGNORADO;IGNORADO
4650;Santa Rosa de Viterbo;3547601;24.0;MASCULINO;CONFIRMADO;2020-10-17;0;IGNORADO;IGNORADO;IGNORADO;IGNORADO;IGNORADO;IGNORADO;IGNORADO;IGNORADO;IGNORADO;IGNORADO;IGNORADO;IGNORADO;IGNORADO
4651;Taboão da Serra;3552809;11.0;FEMININO;CONFIRMADO;;0;IGNORADO;IGNORADO;IGNORADO;IGNORADO;IGNORADO;IGNORADO;IGNORADO;IGNORADO;IGNORADO;IGNORADO;IGNORADO;IGNORADO;IGNORADO
4652;Guararapes;3518206;37.0;MASCULINO;CONFIRMADO;2020-07-13;0;NÃO;NÃO;NÃO;NÃO;NÃO;NÃO;IGNORADO;NÃO;NÃO;SIM;NÃO;NÃO;NÃO
4653;Juquiá;3526100;18.0;MASCULINO;CONFIRMADO;2020-07-03;0;IGNORADO;IGNORADO;IGNORADO;IGNORADO;IGNORADO;IGNORADO;IGNORADO;IGNORADO;IGNORADO;IGNORADO;IGNORADO;IGNORADO;IGNORADO
4654;Taboão da Serra;3552809;22.0;MASCULINO;CONFIRMADO;;0;IGNORADO;IGNORADO;IGNORADO;IGNORADO;IGNORADO;IGNORADO;IGNORADO;IGNORADO;IGNORADO;IGNORADO;IGNORADO;IGNORADO;IGNORADO
4655;Lins;3527108;32.0;MASCULINO;CONFIRMADO;2020-12-15;0;IGNORADO;IGNORADO;IGNORADO;IGNORADO;IGNORADO;IGNORADO;IGNORADO;IGNORADO;IGNORADO;IGNORADO;IGNORADO;IGNORADO;IGNORADO
4656;Tatuí;3554003;27.0;MASCULINO;CONFIRMADO;2020-11-05;0;IGNORADO;IGNORADO;IGNORADO;IGNORADO;IGNORADO;IGNORADO;IGNORADO;IGNORADO;IGNORADO;IGNORADO;IGNORADO;IGNORADO;IGNORADO
4657;Mineiros do Tietê;3529807;33.0;MASCULINO;CONFIRMADO;2020-07-20;0;IGNORADO;IGNORADO;IGNORADO;IGNORADO;IGNORADO;IGNORADO;IGNORADO;IGNORADO;IGNORADO;IGNORADO;IGNORADO;IGNORADO;IGNORADO
4658;Guarulhos;3518800;43.0;MASCULINO;CONFIRMADO;2020-10-16;0;IGNORADO;IGNORADO;IGNORADO;IGNORADO;IGNORADO;IGNORADO;IGNORADO;IGNORADO;IGNORADO;IGNORADO;IGNORADO;IGNORADO;IGNORADO
4659;São Bernardo do Campo;3548708;70.0;MASCULINO;CONFIRMADO;2020-12-11;0;IGNORADO;IGNORADO;IGNORADO;IGNORADO;IGNORADO;IGNORADO;IGNORADO;IGNORADO;IGNORADO;IGNORADO;IGNORADO;IGNORADO;IGNORADO
4660;São Paulo;3550308;54.0;MASCULINO;CONFIRMADO;2020-06-03;0;IGNORADO;IGNORADO;IGNORADO;IGNORADO;IGNORADO;IGNORADO;IGNORADO;IGNORADO;IGNORADO;IGNORADO;IGNORADO;IGNORADO;IGNORADO
4661;Santo André;3547809;44.0;MASCULINO;CONFIRMADO;2020-12-18;0;IGNORADO;IGNORADO;IGNORADO;IGNORADO;IGNORADO;IGNORADO;IGNORADO;IGNORADO;IGNORADO;IGNORADO;IGNORADO;IGNORADO;IGNORADO
4662;Alfredo Marcondes;3500808;61.0;MASCULINO;CONFIRMADO;2020-07-21;0;IGNORADO;IGNORADO;IGNORADO;IGNORADO;IGNORADO;IGNORADO;IGNORADO;IGNORADO;IGNORADO;IGNORADO;IGNORADO;IGNORADO;IGNORADO
4663;Socorro;3552106;34.0;MASCULINO;CONFIRMADO;2020-10-15;0;IGNORADO;IGNORADO;IGNORADO;IGNORADO;IGNORADO;IGNORADO;IGNORADO;IGNORADO;IGNORADO;IGNORADO;IGNORADO;IGNORADO;IGNORADO
4664;Taboão da Serra;3552809;34.0;MASCULINO;CONFIRMADO;2020-08-12;0;IGNORADO;IGNORADO;IGNORADO;IGNORADO;IGNORADO;IGNORADO;IGNORADO;IGNORADO;IGNORADO;IGNORADO;IGNORADO;IGNORADO;IGNORADO
4665;Santos;3548500;17.0;MASCULINO;CONFIRMADO;2020-06-25;0;IGNORADO;IGNORADO;IGNORADO;IGNORADO;IGNORADO;IGNORADO;IGNORADO;IGNORADO;IGNORADO;IGNORADO;IGNORADO;IGNORADO;IGNORADO
4666;São Paulo;3550308;43.0;MASCULINO;CONFIRMADO;2020-04-27;0;IGNORADO;IGNORADO;SIM;IGNORADO;IGNORADO;IGNORADO;IGNORADO;IGNORADO;IGNORADO;IGNORADO;IGNORADO;IGNORADO;IGNORADO
4667;São Paulo;3550308;30.0;MASCULINO;CONFIRMADO;2020-08-29;0;IGNORADO;IGNORADO;IGNORADO;IGNORADO;IGNORADO;IGNORADO;IGNORADO;IGNORADO;IGNORADO;IGNORADO;IGNORADO;IGNORADO;IGNORADO
4668;São José do Rio Preto;3549805;35.0;MASCULINO;CONFIRMADO;2020-08-31;0;IGNORADO;IGNORADO;IGNORADO;IGNORADO;IGNORADO;IGNORADO;IGNORADO;IGNORADO;IGNORADO;IGNORADO;IGNORADO;IGNORADO;IGNORADO
4669;São Paulo;3550308;22.0;MASCULINO;CONFIRMADO;2020-05-27;0;IGNORADO;IGNORADO;IGNORADO;IGNORADO;IGNORADO;IGNORADO;IGNORADO;IGNORADO;IGNORADO;IGNORADO;IGNORADO;IGNORADO;IGNORADO
4670;São Paulo;3550308;36.0;MASCULINO;CONFIRMADO;2020-09-27;0;IGNORADO;IGNORADO;IGNORADO;IGNORADO;IGNORADO;IGNORADO;IGNORADO;IGNORADO;IGNORADO;IGNORADO;IGNORADO;IGNORADO;IGNORADO
4671;São Paulo;3550308;61.0;MASCULINO;CONFIRMADO;2020-08-21;0;IGNORADO;IGNORADO;IGNORADO;IGNORADO;IGNORADO;IGNORADO;IGNORADO;IGNORADO;IGNORADO;IGNORADO;IGNORADO;IGNORADO;IGNORADO
4672;São Paulo;3550308;33.0;MASCULINO;CONFIRMADO;2020-05-24;0;IGNORADO;IGNORADO;IGNORADO;IGNORADO;IGNORADO;IGNORADO;IGNORADO;IGNORADO;IGNORADO;IGNORADO;IGNORADO;IGNORADO;IGNORADO
4673;São Paulo;3550308;34.0;MASCULINO;CONFIRMADO;2020-09-05;0;IGNORADO;IGNORADO;IGNORADO;IGNORADO;IGNORADO;IGNORADO;IGNORADO;IGNORADO;IGNORADO;IGNORADO;IGNORADO;IGNORADO;IGNORADO
4674;Ribeirão Preto;3543402;54.0;MASCULINO;CONFIRMADO;2020-12-11;0;IGNORADO;IGNORADO;IGNORADO;IGNORADO;IGNORADO;IGNORADO;IGNORADO;IGNORADO;IGNORADO;IGNORADO;IGNORADO;IGNORADO;IGNORADO
4675;Boituva;3507001;33.0;MASCULINO;CONFIRMADO;2020-12-09;0;IGNORADO;IGNORADO;IGNORADO;IGNORADO;IGNORADO;IGNORADO;IGNORADO;IGNORADO;IGNORADO;IGNORADO;IGNORADO;IGNORADO;IGNORADO
4676;São Paulo;3550308;26.0;MASCULINO;CONFIRMADO;2020-07-06;0;IGNORADO;IGNORADO;IGNORADO;IGNORADO;IGNORADO;IGNORADO;IGNORADO;IGNORADO;IGNORADO;IGNORADO;IGNORADO;IGNORADO;IGNORADO
4677;Itapecerica da Serra;3522208;29.0;MASCULINO;CONFIRMADO;2020-12-02;0;IGNORADO;IGNORADO;SIM;IGNORADO;IGNORADO;IGNORADO;IGNORADO;IGNORADO;IGNORADO;IGNORADO;IGNORADO;IGNORADO;IGNORADO
4678;São José do Rio Preto;3549805;21.0;MASCULINO;CONFIRMADO;2020-11-26;0;IGNORADO;IGNORADO;IGNORADO;IGNORADO;IGNORADO;IGNORADO;IGNORADO;IGNORADO;IGNORADO;IGNORADO;IGNORADO;IGNORADO;IGNORADO
4679;São Paulo;3550308;37.0;MASCULINO;CONFIRMADO;2020-09-23;0;IGNORADO;IGNORADO;IGNORADO;IGNORADO;IGNORADO;IGNORADO;IGNORADO;IGNORADO;IGNORADO;IGNORADO;IGNORADO;IGNORADO;IGNORADO
4680;São Paulo;3550308;34.0;MASCULINO;CONFIRMADO;2020-04-18;0;IGNORADO;IGNORADO;IGNORADO;IGNORADO;IGNORADO;IGNORADO;IGNORADO;IGNORADO;IGNORADO;IGNORADO;IGNORADO;IGNORADO;IGNORADO
4681;São Paulo;3550308;40.0;MASCULINO;CONFIRMADO;2020-09-20;0;IGNORADO;IGNORADO;IGNORADO;IGNORADO;IGNORADO;IGNORADO;IGNORADO;IGNORADO;IGNORADO;IGNORADO;IGNORADO;IGNORADO;IGNORADO
4682;Itatiba;3523404;51.0;MASCULINO;CONFIRMADO;2020-07-15;0;IGNORADO;IGNORADO;IGNORADO;IGNORADO;IGNORADO;IGNORADO;IGNORADO;IGNORADO;IGNORADO;IGNORADO;IGNORADO;IGNORADO;IGNORADO
4683;Ribeirão Preto;3543402;20.0;MASCULINO;CONFIRMADO;2020-12-15;0;IGNORADO;IGNORADO;IGNORADO;IGNORADO;IGNORADO;IGNORADO;IGNORADO;IGNORADO;IGNORADO;IGNORADO;IGNORADO;IGNORADO;IGNORADO
4684;Mogi das Cruzes;3530607;31.0;MASCULINO;CONFIRMADO;2020-11-17;0;IGNORADO;IGNORADO;IGNORADO;IGNORADO;IGNORADO;IGNORADO;IGNORADO;IGNORADO;IGNORADO;IGNORADO;IGNORADO;IGNORADO;IGNORADO
4685;Sorocaba;3552205;37.0;MASCULINO;CONFIRMADO;2020-11-27;0;IGNORADO;IGNORADO;IGNORADO;IGNORADO;IGNORADO;IGNORADO;IGNORADO;IGNORADO;IGNORADO;IGNORADO;IGNORADO;IGNORADO;IGNORADO
4686;Francisco Morato;3516309;39.0;MASCULINO;CONFIRMADO;2020-05-21;0;IGNORADO;IGNORADO;IGNORADO;IGNORADO;IGNORADO;IGNORADO;IGNORADO;IGNORADO;IGNORADO;IGNORADO;IGNORADO;IGNORADO;IGNORADO
4687;São José do Rio Preto;3549805;47.0;MASCULINO;CONFIRMADO;2020-11-18;0;IGNORADO;IGNORADO;IGNORADO;IGNORADO;IGNORADO;IGNORADO;IGNORADO;IGNORADO;IGNORADO;IGNORADO;IGNORADO;IGNORADO;IGNORADO
