7143;Presidente Prudente;3541406;40.0;MASCULINO;CONFIRMADO;2020-07-16;0;IGNORADO;IGNORADO;IGNORADO;IGNORADO;IGNORADO;IGNORADO;IGNORADO;IGNORADO;IGNORADO;IGNORADO;IGNORADO;IGNORADO;IGNORADO
7144;São Paulo;3550308;36.0;MASCULINO;CONFIRMADO;2020-11-22;0;IGNORADO;IGNORADO;IGNORADO;IGNORADO;IGNORADO;IGNORADO;IGNORADO;IGNORADO;IGNORADO;IGNORADO;IGNORADO;IGNORADO;IGNORADO
7145;Orindiúva;3534203;22.0;MASCULINO;CONFIRMADO;2020-09-07;0;IGNORADO;IGNORADO;IGNORADO;IGNORADO;IGNORADO;IGNORADO;IGNORADO;IGNORADO;IGNORADO;IGNORADO;IGNORADO;IGNORADO;IGNORADO
7146;Ipiguá;3521150;25.0;MASCULINO;CONFIRMADO;2020-07-10;0;IGNORADO;IGNORADO;IGNORADO;IGNORADO;IGNORADO;IGNORADO;IGNORADO;IGNORADO;IGNORADO;IGNORADO;IGNORADO;IGNORADO;IGNORADO
7147;Campinas;3509502;50.0;MASCULINO;CONFIRMADO;2020-07-03;0;IGNORADO;IGNORADO;IGNORADO;IGNORADO;IGNORADO;IGNORADO;IGNORADO;IGNORADO;IGNORADO;IGNORADO;IGNORADO;IGNORADO;IGNORADO
7148;Taquaritinga;3553708;46.0;FEMININO;CONFIRMADO;2020-11-20;0;IGNORADO;IGNORADO;IGNORADO;IGNORADO;IGNORADO;IGNORADO;IGNORADO;IGNORADO;IGNORADO;IGNORADO;IGNORADO;IGNORADO;IGNORADO
7149;São Paulo;3550308;69.0;MASCULINO;CONFIRMADO;2020-07-27;0;NÃO;SIM;NÃO;NÃO;NÃO;NÃO;NÃO;NÃO;NÃO;SIM;NÃO;IGNORADO;NÃO
7150;Ribeirão Preto;3543402;59.0;MASCULINO;CONFIRMADO;2020-05-24;0;IGNORADO;IGNORADO;IGNORADO;IGNORADO;IGNORADO;IGNORADO;IGNORADO;IGNORADO;IGNORADO;IGNORADO;IGNORADO;IGNORADO;IGNORADO
7151;Pradópolis;3540903;68.0;MASCULINO;CONFIRMADO;2020-07-05;0;IGNORADO;IGNORADO;IGNORADO;IGNORADO;IGNORADO;IGNORADO;IGNORADO;IGNORADO;IGNORADO;IGNORADO;IGNORADO;IGNORADO;IGNORADO
7152;São Paulo;3550308;64.0;MASCULINO;CONFIRMADO;2020-08-19;0;NÃO;NÃO;NÃO;NÃO;SIM;NÃO;NÃO;NÃO;NÃO;NÃO;NÃO;IGNORADO;NÃO
7153;São Paulo;3550308;47.0;FEMININO;CONFIRMADO;2020-12-07;0;IGNORADO;IGNORADO;IGNORADO;IGNORADO;IGNORADO;IGNORADO;IGNORADO;IGNORADO;IGNORADO;IGNORADO;IGNORADO;IGNORADO;IGNORADO
7154;São Paulo;3550308;52.0;FEMININO;CONFIRMADO;2020-06-29;0;IGNORADO;IGNORADO;IGNORADO;IGNORADO;IGNORADO;IGNORADO;IGNORADO;IGNORADO;IGNORADO;SIM;IGNORADO;IGNORADO;IGNORADO
7155;São Paulo;3550308;44.0;FEMININO;CONFIRMADO;2020-12-25;0;IGNORADO;IGNORADO;IGNORADO;IGNORADO;IGNORADO;IGNORADO;IGNORADO;IGNORADO;IGNORADO;IGNORADO;IGNORADO;IGNORADO;IGNORADO
7156;Guarulhos;3518800;76.0;FEMININO;CONFIRMADO;2020-11-20;0;IGNORADO;IGNORADO;IGNORADO;IGNORADO;IGNORADO;IGNORADO;IGNORADO;IGNORADO;IGNORADO;SIM;IGNORADO;IGNORADO;IGNORADO
7157;Carapicuíba;3510609;69.0;FEMININO;CONFIRMADO;2020-07-28;0;IGNORADO;IGNORADO;IGNORADO;IGNORADO;IGNORADO;IGNORADO;IGNORADO;IGNORADO;IGNORADO;IGNORADO;IGNORADO;IGNORADO;IGNORADO
7158;São José dos Campos;3549904;50.0;FEMININO;CONFIRMADO;2020-08-30;0;IGNORADO;IGNORADO;IGNORADO;IGNORADO;IGNORADO;IGNORADO;IGNORADO;IGNORADO;IGNORADO;IGNORADO;IGNORADO;IGNORADO;IGNORADO
7159;Guarulhos;3518800;45.0;FEMININO;CONFIRMADO;2020-10-06;0;IGNORADO;IGNORADO;IGNORADO;IGNORADO;IGNORADO;IGNORADO;IGNORADO;IGNORADO;IGNORADO;IGNORADO;IGNORADO;IGNORADO;IGNORADO
7160;Serra Azul;3551405;50.0;MASCULINO;CONFIRMADO;2020-11-10;0;IGNORADO;SIM;IGNORADO;IGNORADO;IGNORADO;IGNORADO;IGNORADO;IGNORADO;IGNORADO;IGNORADO;IGNORADO;IGNORADO;IGNORADO
7161;São José dos Campos;3549904;41.0;MASCULINO;CONFIRMADO;2020-09-25;0;IGNORADO;IGNORADO;IGNORADO;IGNORADO;IGNORADO;IGNORADO;IGNORADO;IGNORADO;IGNORADO;IGNORADO;IGNORADO;IGNORADO;IGNORADO
7162;Mogi das Cruzes;3530607;33.0;FEMININO;CONFIRMADO;2020-07-12;0;IGNORADO;IGNORADO;IGNORADO;IGNORADO;IGNORADO;IGNORADO;IGNORADO;IGNORADO;IGNORADO;IGNORADO;IGNORADO;IGNORADO;IGNORADO
7163;Santos;3548500;52.0;FEMININO;CONFIRMADO;2020-10-19;0;IGNORADO;IGNORADO;IGNORADO;IGNORADO;IGNORADO;IGNORADO;IGNORADO;IGNORADO;IGNORADO;IGNORADO;IGNORADO;IGNORADO;IGNORADO
7164;Capão Bonito;3510203;45.0;MASCULINO;CONFIRMADO;2020-10-10;0;IGNORADO;IGNORADO;IGNORADO;IGNORADO;IGNORADO;IGNORADO;IGNORADO;IGNORADO;IGNORADO;IGNORADO;IGNORADO;IGNORADO;IGNORADO
7165;São Paulo;3550308;41.0;MASCULINO;CONFIRMADO;2020-12-13;0;IGNORADO;IGNORADO;IGNORADO;IGNORADO;IGNORADO;IGNORADO;IGNORADO;IGNORADO;IGNORADO;IGNORADO;IGNORADO;IGNORADO;IGNORADO
7166;Biritiba Mirim;3506607;34.0;FEMININO;CONFIRMADO;2020-08-20;0;IGNORADO;IGNORADO;IGNORADO;IGNORADO;IGNORADO;IGNORADO;IGNORADO;IGNORADO;IGNORADO;IGNORADO;IGNORADO;IGNORADO;IGNORADO
7167;Ribeirão Preto;3543402;38.0;FEMININO;CONFIRMADO;2020-07-19;0;IGNORADO;IGNORADO;IGNORADO;IGNORADO;IGNORADO;IGNORADO;IGNORADO;IGNORADO;IGNORADO;IGNORADO;IGNORADO;IGNORADO;IGNORADO
7168;São Paulo;3550308;36.0;FEMININO;CONFIRMADO;2020-07-05;0;IGNORADO;IGNORADO;IGNORADO;IGNORADO;IGNORADO;IGNORADO;IGNORADO;IGNORADO;IGNORADO;IGNORADO;IGNORADO;IGNORADO;IGNORADO
7169;Pirassununga;3539301;31.0;FEMININO;CONFIRMADO;2020-06-27;0;IGNORADO;IGNORADO;IGNORADO;IGNORADO;IGNORADO;IGNORADO;IGNORADO;IGNORADO;IGNORADO;IGNORADO;IGNORADO;IGNORADO;IGNORADO
7170;São Paulo;3550308;25.0;FEMININO;CONFIRMADO;2020-11-12;0;IGNORADO;IGNORADO;IGNORADO;IGNORADO;IGNORADO;IGNORADO;IGNORADO;IGNORADO;IGNORADO;IGNORADO;IGNORADO;IGNORADO;IGNORADO
7171;São Paulo;3550308;38.0;FEMININO;CONFIRMADO;2020-11-28;0;IGNORADO;IGNORADO;IGNORADO;IGNORADO;IGNORADO;IGNORADO;IGNORADO;IGNORADO;IGNORADO;IGNORADO;IGNORADO;IGNORADO;IGNORADO
7172;São Paulo;3550308;23.0;FEMININO;CONFIRMADO;2020-06-13;0;IGNORADO;IGNORADO;IGNORADO;IGNORADO;IGNORADO;IGNORADO;IGNORADO;IGNORADO;IGNORADO;IGNORADO;IGNORADO;IGNORADO;IGNORADO
7173;Ribeirão Preto;3543402;72.0;MASCULINO;CONFIRMADO;2020-08-13;0;IGNORADO;IGNORADO;IGNORADO;IGNORADO;IGNORADO;IGNORADO;IGNORADO;IGNORADO;IGNORADO;IGNORADO;IGNORADO;IGNORADO;IGNORADO
7174;Ribeirão Preto;3543402;47.0;MASCULINO;CONFIRMADO;2020-07-06;0;IGNORADO;SIM;SIM;IGNORADO;IGNORADO;IGNORADO;IGNORADO;IGNORADO;IGNORADO;IGNORADO;IGNORADO;IGNORADO;IGNORADO
7175;São Paulo;3550308;56.0;MASCULINO;CONFIRMADO;2020-08-01;0;IGNORADO;IGNORADO;IGNORADO;IGNORADO;IGNORADO;IGNORADO;IGNORADO;IGNORADO;IGNORADO;IGNORADO;IGNORADO;IGNORADO;IGNORADO
7176;Santana de Parnaíba;3547304;32.0;MASCULINO;CONFIRMADO;2020-09-15;0;IGNORADO;IGNORADO;IGNORADO;IGNORADO;IGNORADO;IGNORADO;IGNORADO;IGNORADO;IGNORADO;IGNORADO;IGNORADO;IGNORADO;IGNORADO
7177;Presidente Venceslau;3541505;60.0;MASCULINO;CONFIRMADO;2020-12-02;0;IGNORADO;IGNORADO;IGNORADO;IGNORADO;IGNORADO;IGNORADO;IGNORADO;IGNORADO;IGNORADO;IGNORADO;IGNORADO;IGNORADO;IGNORADO
7178;Ribeirão Preto;3543402;63.0;MASCULINO;CONFIRMADO;2020-08-20;0;IGNORADO;IGNORADO;IGNORADO;IGNORADO;IGNORADO;IGNORADO;IGNORADO;IGNORADO;IGNORADO;IGNORADO;IGNORADO;IGNORADO;IGNORADO
7179;São Paulo;3550308;41.0;MASCULINO;CONFIRMADO;2020-05-15;0;IGNORADO;IGNORADO;IGNORADO;IGNORADO;IGNORADO;IGNORADO;IGNORADO;IGNORADO;IGNORADO;IGNORADO;IGNORADO;IGNORADO;IGNORADO
7180;São José do Rio Preto;3549805;41.0;MASCULINO;CONFIRMADO;2020-09-08;0;IGNORADO;IGNORADO;SIM;IGNORADO;IGNORADO;IGNORADO;IGNORADO;IGNORADO;IGNORADO;IGNORADO;IGNORADO;IGNORADO;IGNORADO
7181;Amparo;3501905;55.0;MASCULINO;CONFIRMADO;2020-10-17;0;IGNORADO;SIM;IGNORADO;IGNORADO;IGNORADO;IGNORADO;IGNORADO;IGNORADO;IGNORADO;IGNORADO;IGNORADO;IGNORADO;IGNORADO
7182;São Paulo;3550308;33.0;FEMININO;CONFIRMADO;2020-04-29;0;IGNORADO;IGNORADO;IGNORADO;IGNORADO;IGNORADO;IGNORADO;IGNORADO;IGNORADO;IGNORADO;IGNORADO;IGNORADO;IGNORADO;IGNORADO
7183;São Paulo;3550308;39.0;FEMININO;CONFIRMADO;2020-03-18;0;IGNORADO;IGNORADO;IGNORADO;IGNORADO;IGNORADO;IGNORADO;IGNORADO;IGNORADO;IGNORADO;IGNORADO;IGNORADO;IGNORADO;IGNORADO
7184;São Bernardo do Campo;3548708;22.0;FEMININO;CONFIRMADO;2020-04-11;0;IGNORADO;IGNORADO;IGNORADO;IGNORADO;IGNORADO;IGNORADO;IGNORADO;SIM;IGNORADO;IGNORADO;IGNORADO;IGNORADO;IGNORADO
7185;São Paulo;3550308;19.0;FEMININO;CONFIRMADO;2020-03-25;0;IGNORADO;IGNORADO;IGNORADO;IGNORADO;IGNORADO;IGNORADO;IGNORADO;IGNORADO;IGNORADO;IGNORADO;IGNORADO;IGNORADO;IGNORADO
7186;Ferraz de Vasconcelos;3515707;22.0;FEMININO;CONFIRMADO;2020-06-22;0;IGNORADO;IGNORADO;IGNORADO;IGNORADO;IGNORADO;IGNORADO;IGNORADO;IGNORADO;IGNORADO;IGNORADO;IGNORADO;IGNORADO;IGNORADO
7187;São Paulo;3550308;24.0;FEMININO;CONFIRMADO;2020-07-11;0;IGNORADO;IGNORADO;IGNORADO;IGNORADO;IGNORADO;IGNORADO;IGNORADO;IGNORADO;IGNORADO;IGNORADO;IGNORADO;IGNORADO;IGNORADO
7188;São José do Rio Preto;3549805;45.0;FEMININO;CONFIRMADO;2020-10-05;0;IGNORADO;IGNORADO;IGNORADO;IGNORADO;IGNORADO;IGNORADO;IGNORADO;IGNORADO;IGNORADO;IGNORADO;IGNORADO;IGNORADO;IGNORADO
