9104;São Paulo;3550308;65.0;MASCULINO;CONFIRMADO;2020-07-20;0;IGNORADO;SIM;IGNORADO;IGNORADO;IGNORADO;IGNORADO;IGNORADO;IGNORADO;IGNORADO;IGNORADO;IGNORADO;IGNORADO;IGNORADO
9105;São José do Rio Preto;3549805;47.0;MASCULINO;CONFIRMADO;;0;IGNORADO;IGNORADO;IGNORADO;IGNORADO;IGNORADO;IGNORADO;IGNORADO;IGNORADO;IGNORADO;IGNORADO;IGNORADO;IGNORADO;IGNORADO
9106;São Paulo;3550308;55.0;MASCULINO;CONFIRMADO;2020-10-20;0;IGNORADO;IGNORADO;IGNORADO;IGNORADO;IGNORADO;IGNORADO;IGNORADO;IGNORADO;IGNORADO;IGNORADO;IGNORADO;IGNORADO;IGNORADO
9107;Santos;3548500;42.0;MASCULINO;CONFIRMADO;2020-12-10;0;IGNORADO;IGNORADO;IGNORADO;IGNORADO;IGNORADO;IGNORADO;IGNORADO;IGNORADO;IGNORADO;IGNORADO;IGNORADO;IGNORADO;IGNORADO
9108;São Paulo;3550308;59.0;MASCULINO;CONFIRMADO;2020-05-25;0;IGNORADO;IGNORADO;IGNORADO;IGNORADO;IGNORADO;IGNORADO;IGNORADO;IGNORADO;IGNORADO;IGNORADO;IGNORADO;IGNORADO;IGNORADO
9109;São José do Rio Preto;3549805;73.0;FEMININO;CONFIRMADO;2020-08-02;0;IGNORADO;IGNORADO;IGNORADO;IGNORADO;IGNORADO;IGNORADO;IGNORADO;IGNORADO;IGNORADO;IGNORADO;IGNORADO;IGNORADO;IGNORADO
9110;São Paulo;3550308;20.0;MASCULINO;CONFIRMADO;2020-07-04;0;IGNORADO;IGNORADO;IGNORADO;IGNORADO;IGNORADO;IGNORADO;IGNORADO;IGNORADO;IGNORADO;IGNORADO;IGNORADO;IGNORADO;IGNORADO
9111;Guarulhos;3518800;72.0;FEMININO;CONFIRMADO;2020-08-27;0;IGNORADO;IGNORADO;IGNORADO;IGNORADO;IGNORADO;IGNORADO;IGNORADO;IGNORADO;IGNORADO;IGNORADO;IGNORADO;IGNORADO;IGNORADO
9112;São José dos Campos;3549904;1.0;MASCULINO;CONFIRMADO;2020-09-04;0;IGNORADO;IGNORADO;IGNORADO;IGNORADO;IGNORADO;IGNORADO;IGNORADO;IGNORADO;IGNORADO;IGNORADO;IGNORADO;IGNORADO;IGNORADO
9113;São José dos Campos;3549904;20.0;MASCULINO;CONFIRMADO;2020-07-11;0;IGNORADO;IGNORADO;IGNORADO;IGNORADO;IGNORADO;IGNORADO;IGNORADO;IGNORADO;IGNORADO;IGNORADO;IGNORADO;IGNORADO;IGNORADO
9114;Guarulhos;3518800;29.0;MASCULINO;CONFIRMADO;;0;IGNORADO;IGNORADO;IGNORADO;IGNORADO;IGNORADO;IGNORADO;IGNORADO;IGNORADO;IGNORADO;IGNORADO;IGNORADO;IGNORADO;IGNORADO
9115;Indaiatuba;3520509;76.0;MASCULINO;CONFIRMADO;2020-11-10;0;IGNORADO;IGNORADO;IGNORADO;IGNORADO;IGNORADO;IGNORADO;IGNORADO;IGNORADO;IGNORADO;IGNORADO;IGNORADO;IGNORADO;IGNORADO
9116;Fernandópolis;3515509;67.0;MASCULINO;CONFIRMADO;2020-10-06;0;IGNORADO;IGNORADO;IGNORADO;IGNORADO;IGNORADO;IGNORADO;IGNORADO;IGNORADO;IGNORADO;IGNORADO;IGNORADO;IGNORADO;IGNORADO
9117;São Paulo;3550308;24.0;MASCULINO;CONFIRMADO;2020-05-30;0;IGNORADO;IGNORADO;IGNORADO;IGNORADO;IGNORADO;IGNORADO;IGNORADO;IGNORADO;IGNORADO;IGNORADO;IGNORADO;IGNORADO;IGNORADO
9118;São Paulo;3550308;26.0;MASCULINO;CONFIRMADO;2020-08-28;0;IGNORADO;IGNORADO;IGNORADO;IGNORADO;IGNORADO;IGNORADO;IGNORADO;IGNORADO;IGNORADO;IGNORADO;IGNORADO;IGNORADO;IGNORADO
9119;São Paulo;3550308;30.0;MASCULINO;CONFIRMADO;2020-05-19;0;IGNORADO;IGNORADO;IGNORADO;IGNORADO;IGNORADO;IGNORADO;IGNORADO;IGNORADO;IGNORADO;IGNORADO;IGNORADO;IGNORADO;IGNORADO
9120;São Paulo;3550308;29.0;MASCULINO;CONFIRMADO;2020-08-01;0;IGNORADO;IGNORADO;IGNORADO;IGNORADO;IGNORADO;IGNORADO;IGNORADO;IGNORADO;IGNORADO;IGNORADO;IGNORADO;IGNORADO;IGNORADO
9121;Agudos;3500709;12.0;MASCULINO;CONFIRMADO;2020-10-24;0;IGNORADO;IGNORADO;IGNORADO;IGNORADO;IGNORADO;IGNORADO;IGNORADO;IGNORADO;IGNORADO;IGNORADO;IGNORADO;IGNORADO;IGNORADO
9122;Marília;3529005;22.0;MASCULINO;CONFIRMADO;2020-10-19;0;IGNORADO;IGNORADO;IGNORADO;IGNORADO;IGNORADO;IGNORADO;IGNORADO;IGNORADO;IGNORADO;IGNORADO;IGNORADO;IGNORADO;IGNORADO
9123;São Paulo;3550308;21.0;MASCULINO;CONFIRMADO;2020-10-09;0;IGNORADO;IGNORADO;IGNORADO;IGNORADO;IGNORADO;IGNORADO;IGNORADO;IGNORADO;IGNORADO;IGNORADO;IGNORADO;IGNORADO;IGNORADO
9124;Mauá;3529401;31.0;MASCULINO;CONFIRMADO;2020-12-25;0;IGNORADO;IGNORADO;IGNORADO;IGNORADO;IGNORADO;IGNORADO;IGNORADO;IGNORADO;IGNORADO;IGNORADO;IGNORADO;IGNORADO;IGNORADO
9125;Santos;3548500;15.0;MASCULINO;CONFIRMADO;2020-06-27;0;IGNORADO;IGNORADO;IGNORADO;IGNORADO;IGNORADO;IGNORADO;IGNORADO;IGNORADO;IGNORADO;IGNORADO;IGNORADO;IGNORADO;IGNORADO
9126;São Paulo;3550308;26.0;MASCULINO;CONFIRMADO;2020-11-17;0;IGNORADO;IGNORADO;IGNORADO;IGNORADO;IGNORADO;IGNORADO;IGNORADO;IGNORADO;IGNORADO;IGNORADO;IGNORADO;IGNORADO;IGNORADO
9127;São Paulo;3550308;31.0;MASCULINO;CONFIRMADO;2020-08-29;0;IGNORADO;IGNORADO;IGNORADO;IGNORADO;IGNORADO;IGNORADO;IGNORADO;IGNORADO;IGNORADO;IGNORADO;IGNORADO;IGNORADO;IGNORADO
9128;Rubiácea;3544400;39.0;MASCULINO;CONFIRMADO;2020-08-09;0;IGNORADO;IGNORADO;IGNORADO;IGNORADO;IGNORADO;IGNORADO;IGNORADO;IGNORADO;IGNORADO;IGNORADO;IGNORADO;IGNORADO;IGNORADO
9129;Paulínia;3536505;34.0;MASCULINO;CONFIRMADO;2020-06-15;0;IGNORADO;IGNORADO;IGNORADO;IGNORADO;IGNORADO;IGNORADO;IGNORADO;IGNORADO;IGNORADO;IGNORADO;IGNORADO;IGNORADO;IGNORADO
9130;Paraíso;3535705;50.0;FEMININO;CONFIRMADO;2020-06-07;0;IGNORADO;SIM;IGNORADO;IGNORADO;IGNORADO;IGNORADO;IGNORADO;IGNORADO;IGNORADO;IGNORADO;IGNORADO;IGNORADO;IGNORADO
9131;Carapicuíba;3510609;56.0;MASCULINO;CONFIRMADO;2020-09-03;0;IGNORADO;IGNORADO;IGNORADO;IGNORADO;IGNORADO;IGNORADO;IGNORADO;IGNORADO;IGNORADO;IGNORADO;IGNORADO;IGNORADO;IGNORADO
9132;Guaratinguetá;3518404;6.0;MASCULINO;CONFIRMADO;2020-08-10;0;IGNORADO;IGNORADO;IGNORADO;IGNORADO;IGNORADO;IGNORADO;IGNORADO;IGNORADO;IGNORADO;IGNORADO;IGNORADO;IGNORADO;IGNORADO
9133;Araçatuba;3502804;20.0;MASCULINO;CONFIRMADO;2020-07-19;0;IGNORADO;IGNORADO;IGNORADO;IGNORADO;IGNORADO;IGNORADO;IGNORADO;IGNORADO;IGNORADO;IGNORADO;IGNORADO;IGNORADO;IGNORADO
9134;Iracemápolis;3521408;23.0;MASCULINO;CONFIRMADO;2020-06-03;0;IGNORADO;IGNORADO;IGNORADO;IGNORADO;IGNORADO;IGNORADO;IGNORADO;IGNORADO;IGNORADO;IGNORADO;IGNORADO;IGNORADO;IGNORADO
9135;Ipiguá;3521150;9.0;MASCULINO;CONFIRMADO;2020-12-23;0;IGNORADO;IGNORADO;IGNORADO;IGNORADO;IGNORADO;IGNORADO;IGNORADO;IGNORADO;IGNORADO;IGNORADO;IGNORADO;IGNORADO;IGNORADO
9136;Guarulhos;3518800;16.0;MASCULINO;CONFIRMADO;2020-07-17;0;IGNORADO;IGNORADO;IGNORADO;IGNORADO;IGNORADO;IGNORADO;IGNORADO;IGNORADO;IGNORADO;IGNORADO;IGNORADO;IGNORADO;IGNORADO
9137;Rio Claro;3543907;33.0;MASCULINO;CONFIRMADO;2020-09-19;0;IGNORADO;IGNORADO;IGNORADO;IGNORADO;IGNORADO;IGNORADO;IGNORADO;SIM;IGNORADO;IGNORADO;IGNORADO;IGNORADO;IGNORADO
9138;Paulínia;3536505;25.0;MASCULINO;CONFIRMADO;2020-12-02;0;IGNORADO;IGNORADO;IGNORADO;IGNORADO;IGNORADO;IGNORADO;IGNORADO;IGNORADO;IGNORADO;IGNORADO;IGNORADO;IGNORADO;IGNORADO
9139;Campinas;3509502;26.0;MASCULINO;CONFIRMADO;2020-11-20;0;IGNORADO;IGNORADO;IGNORADO;IGNORADO;IGNORADO;IGNORADO;IGNORADO;IGNORADO;IGNORADO;IGNORADO;IGNORADO;IGNORADO;IGNORADO
9140;Leme;3526704;39.0;MASCULINO;CONFIRMADO;2020-06-24;0;IGNORADO;IGNORADO;IGNORADO;IGNORADO;IGNORADO;IGNORADO;IGNORADO;IGNORADO;IGNORADO;IGNORADO;IGNORADO;IGNORADO;IGNORADO
9141;Araras;3503307;10.0;MASCULINO;CONFIRMADO;2020-10-02;0;IGNORADO;IGNORADO;IGNORADO;IGNORADO;IGNORADO;IGNORADO;IGNORADO;IGNORADO;IGNORADO;IGNORADO;IGNORADO;IGNORADO;IGNORADO
9142;Itapira;3522604;79.0;MASCULINO;CONFIRMADO;2020-08-03;1;NÃO;NÃO;NÃO;NÃO;NÃO;NÃO;NÃO;NÃO;NÃO;SIM;NÃO;NÃO;NÃO
9143;Carapicuíba;3510609;35.0;MASCULINO;CONFIRMADO;2020-04-20;0;IGNORADO;IGNORADO;IGNORADO;IGNORADO;IGNORADO;IGNORADO;IGNORADO;IGNORADO;IGNORADO;IGNORADO;IGNORADO;IGNORADO;IGNORADO
9144;Campinas;3509502;14.0;MASCULINO;CONFIRMADO;2020-07-21;0;IGNORADO;IGNORADO;IGNORADO;IGNORADO;IGNORADO;IGNORADO;IGNORADO;IGNORADO;IGNORADO;IGNORADO;IGNORADO;IGNORADO;IGNORADO
9145;São José dos Campos;3549904;24.0;MASCULINO;CONFIRMADO;2020-12-03;0;IGNORADO;IGNORADO;IGNORADO;IGNORADO;IGNORADO;IGNORADO;IGNORADO;IGNORADO;IGNORADO;IGNORADO;IGNORADO;IGNORADO;IGNORADO
9146;São José dos Campos;3549904;22.0;MASCULINO;CONFIRMADO;2020-11-14;0;IGNORADO;IGNORADO;IGNORADO;IGNORADO;IGNORADO;IGNORADO;IGNORADO;IGNORADO;IGNORADO;IGNORADO;IGNORADO;IGNORADO;IGNORADO
9147;Serra Azul;3551405;28.0;MASCULINO;CONFIRMADO;2020-11-06;0;IGNORADO;IGNORADO;IGNORADO;IGNORADO;IGNORADO;IGNORADO;IGNORADO;IGNORADO;IGNORADO;IGNORADO;IGNORADO;IGNORADO;IGNORADO
9148;Iracemápolis;3521408;24.0;MASCULINO;CONFIRMADO;2020-12-12;0;IGNORADO;IGNORADO;IGNORADO;IGNORADO;IGNORADO;IGNORADO;IGNORADO;IGNORADO;IGNORADO;IGNORADO;IGNORADO;IGNORADO;IGNORADO
9149;São Caetano do Sul;3548807;28.0;MASCULINO;CONFIRMADO;2020-06-18;0;IGNORADO;IGNORADO;IGNORADO;IGNORADO;IGNORADO;IGNORADO;IGNORADO;IGNORADO;IGNORADO;IGNORADO;IGNORADO;IGNORADO;IGNORADO
