14925;Santa Bárbara d'Oeste;3545803;35.0;FEMININO;CONFIRMADO;2020-12-11;0;IGNORADO;IGNORADO;IGNORADO;IGNORADO;IGNORADO;IGNORADO;IGNORADO;IGNORADO;IGNORADO;IGNORADO;IGNORADO;IGNORADO;IGNORADO
14926;Areiópolis;3503604;63.0;MASCULINO;CONFIRMADO;2020-11-07;0;IGNORADO;IGNORADO;IGNORADO;IGNORADO;IGNORADO;IGNORADO;IGNORADO;IGNORADO;IGNORADO;IGNORADO;IGNORADO;IGNORADO;IGNORADO
14927;São Bernardo do Campo;3548708;57.0;INDEFINIDO;CONFIRMADO;2020-07-14;0;IGNORADO;SIM;SIM;IGNORADO;IGNORADO;IGNORADO;IGNORADO;IGNORADO;IGNORADO;IGNORADO;IGNORADO;IGNORADO;IGNORADO
14928;Bariri;3505203;38.0;FEMININO;CONFIRMADO;2020-08-02;0;IGNORADO;IGNORADO;IGNORADO;IGNORADO;IGNORADO;IGNORADO;IGNORADO;IGNORADO;IGNORADO;IGNORADO;IGNORADO;IGNORADO;IGNORADO
14929;São Bernardo do Campo;3548708;22.0;FEMININO;CONFIRMADO;2020-06-01;0;IGNORADO;IGNORADO;IGNORADO;IGNORADO;IGNORADO;IGNORADO;IGNORADO;IGNORADO;IGNORADO;IGNORADO;IGNORADO;IGNORADO;IGNORADO
14930;São Paulo;3550308;32.0;FEMININO;CONFIRMADO;2020-05-15;0;IGNORADO;IGNORADO;IGNORADO;IGNORADO;IGNORADO;IGNORADO;IGNORADO;IGNORADO;IGNORADO;IGNORADO;IGNORADO;IGNORADO;IGNORADO
14931;Ferraz de Vasconcelos;3515707;21.0;FEMININO;CONFIRMADO;2020-09-28;0;IGNORADO;IGNORADO;IGNORADO;IGNORADO;IGNORADO;IGNORADO;IGNORADO;IGNORADO;IGNORADO;IGNORADO;IGNORADO;IGNORADO;IGNORADO
14932;Francisco Morato;3516309;22.0;FEMININO;CONFIRMADO;2020-07-28;0;IGNORADO;IGNORADO;IGNORADO;IGNORADO;IGNORADO;IGNORADO;IGNORADO;IGNORADO;IGNORADO;IGNORADO;IGNORADO;IGNORADO;IGNORADO
14933;São Paulo;3550308;17.0;FEMININO;CONFIRMADO;;0;IGNORADO;IGNORADO;IGNORADO;IGNORADO;IGNORADO;IGNORADO;IGNORADO;IGNORADO;IGNORADO;IGNORADO;IGNORADO;IGNORADO;IGNORADO
14934;Francisco Morato;3516309;27.0;FEMININO;CONFIRMADO;2020-08-02;0;IGNORADO;IGNORADO;IGNORADO;IGNORADO;IGNORADO;IGNORADO;IGNORADO;IGNORADO;IGNORADO;IGNORADO;IGNORADO;IGNORADO;IGNORADO
14935;São Paulo;3550308;25.0;FEMININO;CONFIRMADO;2020-05-09;0;IGNORADO;IGNORADO;IGNORADO;IGNORADO;IGNORADO;IGNORADO;IGNORADO;IGNORADO;IGNORADO;IGNORADO;IGNORADO;IGNORADO;IGNORADO
14936;Mauá;3529401;26.0;FEMININO;CONFIRMADO;2020-03-01;0;IGNORADO;IGNORADO;IGNORADO;IGNORADO;IGNORADO;IGNORADO;IGNORADO;IGNORADO;IGNORADO;IGNORADO;IGNORADO;IGNORADO;IGNORADO
14937;Santos;3548500;41.0;MASCULINO;CONFIRMADO;2020-07-04;0;IGNORADO;SIM;IGNORADO;IGNORADO;IGNORADO;IGNORADO;IGNORADO;IGNORADO;IGNORADO;IGNORADO;IGNORADO;IGNORADO;IGNORADO
14938;Vinhedo;3556701;73.0;MASCULINO;CONFIRMADO;2020-11-07;0;NÃO;SIM;NÃO;NÃO;NÃO;NÃO;NÃO;NÃO;NÃO;NÃO;NÃO;NÃO;NÃO
14939;São Paulo;3550308;43.0;MASCULINO;CONFIRMADO;2020-09-02;0;IGNORADO;IGNORADO;IGNORADO;IGNORADO;IGNORADO;IGNORADO;IGNORADO;IGNORADO;IGNORADO;IGNORADO;IGNORADO;IGNORADO;IGNORADO
14940;São Bernardo do Campo;3548708;65.0;MASCULINO;CONFIRMADO;2020-06-26;0;IGNORADO;IGNORADO;IGNORADO;IGNORADO;IGNORADO;IGNORADO;IGNORADO;IGNORADO;IGNORADO;IGNORADO;IGNORADO;IGNORADO;IGNORADO
14941;Franco da Rocha;3516408;73.0;MASCULINO;CONFIRMADO;2020-05-18;1;NÃO;SIM;SIM;NÃO;NÃO;NÃO;NÃO;NÃO;NÃO;NÃO;NÃO;NÃO;NÃO
14942;Campinas;3509502;47.0;MASCULINO;CONFIRMADO;2020-08-26;0;IGNORADO;IGNORADO;IGNORADO;IGNORADO;IGNORADO;IGNORADO;IGNORADO;IGNORADO;IGNORADO;IGNORADO;IGNORADO;IGNORADO;IGNORADO
14943;Morro Agudo;3531902;11.0;MASCULINO;CONFIRMADO;2020-04-28;0;IGNORADO;IGNORADO;IGNORADO;IGNORADO;IGNORADO;IGNORADO;IGNORADO;IGNORADO;IGNORADO;IGNORADO;IGNORADO;IGNORADO;IGNORADO
14944;Campinas;3509502;72.0;MASCULINO;CONFIRMADO;2020-07-19;0;IGNORADO;IGNORADO;IGNORADO;IGNORADO;IGNORADO;IGNORADO;IGNORADO;IGNORADO;IGNORADO;IGNORADO;IGNORADO;IGNORADO;IGNORADO
14945;Jales;3524808;86.0;MASCULINO;CONFIRMADO;2020-09-25;1;IGNORADO;IGNORADO;IGNORADO;IGNORADO;IGNORADO;IGNORADO;IGNORADO;IGNORADO;IGNORADO;IGNORADO;IGNORADO;IGNORADO;IGNORADO
14946;Votuporanga;3557105;80.0;MASCULINO;CONFIRMADO;2020-06-12;0;NÃO;NÃO;NÃO;NÃO;NÃO;SIM;NÃO;NÃO;NÃO;NÃO;NÃO;NÃO;NÃO
14947;Araras;3503307;72.0;MASCULINO;CONFIRMADO;2020-04-10;1;NÃO;SIM;NÃO;NÃO;NÃO;NÃO;NÃO;NÃO;NÃO;SIM;NÃO;NÃO;NÃO
14948;Orlândia;3534302;66.0;MASCULINO;CONFIRMADO;2020-07-17;0;IGNORADO;IGNORADO;IGNORADO;IGNORADO;IGNORADO;IGNORADO;IGNORADO;IGNORADO;IGNORADO;IGNORADO;IGNORADO;IGNORADO;IGNORADO
14949;Santa Bárbara d'Oeste;3545803;37.0;FEMININO;CONFIRMADO;2020-09-06;0;IGNORADO;IGNORADO;IGNORADO;IGNORADO;IGNORADO;IGNORADO;IGNORADO;IGNORADO;IGNORADO;IGNORADO;IGNORADO;IGNORADO;IGNORADO
14950;Sertãozinho;3551702;37.0;MASCULINO;CONFIRMADO;2020-07-30;0;IGNORADO;IGNORADO;IGNORADO;IGNORADO;IGNORADO;IGNORADO;IGNORADO;IGNORADO;IGNORADO;IGNORADO;IGNORADO;IGNORADO;IGNORADO
14951;Guariba;3518602;38.0;FEMININO;CONFIRMADO;2020-09-06;0;IGNORADO;IGNORADO;IGNORADO;IGNORADO;IGNORADO;IGNORADO;IGNORADO;IGNORADO;IGNORADO;IGNORADO;IGNORADO;IGNORADO;IGNORADO
14952;Caçapava;3508504;40.0;MASCULINO;CONFIRMADO;2020-07-01;0;IGNORADO;IGNORADO;IGNORADO;IGNORADO;IGNORADO;IGNORADO;IGNORADO;IGNORADO;IGNORADO;IGNORADO;IGNORADO;IGNORADO;IGNORADO
14953;Jundiaí;3525904;42.0;FEMININO;CONFIRMADO;2020-11-20;0;IGNORADO;IGNORADO;IGNORADO;IGNORADO;IGNORADO;IGNORADO;IGNORADO;IGNORADO;IGNORADO;IGNORADO;IGNORADO;IGNORADO;IGNORADO
14954;São Paulo;3550308;53.0;MASCULINO;CONFIRMADO;2020-12-21;0;IGNORADO;IGNORADO;IGNORADO;IGNORADO;IGNORADO;IGNORADO;IGNORADO;IGNORADO;IGNORADO;IGNORADO;IGNORADO;IGNORADO;IGNORADO
14955;Santa Bárbara d'Oeste;3545803;29.0;FEMININO;CONFIRMADO;2020-11-01;0;IGNORADO;IGNORADO;IGNORADO;IGNORADO;IGNORADO;IGNORADO;IGNORADO;IGNORADO;IGNORADO;IGNORADO;IGNORADO;IGNORADO;IGNORADO
14956;Martinópolis;3529203;27.0;MASCULINO;CONFIRMADO;2020-10-04;0;IGNORADO;IGNORADO;IGNORADO;IGNORADO;IGNORADO;IGNORADO;IGNORADO;IGNORADO;IGNORADO;IGNORADO;IGNORADO;IGNORADO;IGNORADO
14957;São Paulo;3550308;38.0;MASCULINO;CONFIRMADO;2020-05-08;0;IGNORADO;IGNORADO;IGNORADO;IGNORADO;IGNORADO;IGNORADO;IGNORADO;IGNORADO;IGNORADO;IGNORADO;IGNORADO;IGNORADO;IGNORADO
14958;São Paulo;3550308;31.0;MASCULINO;CONFIRMADO;2020-06-23;0;IGNORADO;IGNORADO;IGNORADO;IGNORADO;IGNORADO;IGNORADO;IGNORADO;IGNORADO;IGNORADO;IGNORADO;IGNORADO;IGNORADO;IGNORADO
14959;São Paulo;3550308;37.0;MASCULINO;CONFIRMADO;2020-12-16;0;IGNORADO;IGNORADO;IGNORADO;IGNORADO;IGNORADO;IGNORADO;IGNORADO;IGNORADO;IGNORADO;IGNORADO;IGNORADO;IGNORADO;IGNORADO
14960;São Paulo;3550308;34.0;FEMININO;CONFIRMADO;2020-07-24;0;IGNORADO;SIM;SIM;IGNORADO;IGNORADO;IGNORADO;IGNORADO;IGNORADO;IGNORADO;IGNORADO;IGNORADO;IGNORADO;IGNORADO
14961;São Paulo;3550308;32.0;FEMININO;CONFIRMADO;2020-08-01;0;IGNORADO;IGNORADO;IGNORADO;IGNORADO;IGNORADO;IGNORADO;IGNORADO;IGNORADO;IGNORADO;IGNORADO;IGNORADO;IGNORADO;IGNORADO
14962;Sorocaba;3552205;18.0;FEMININO;CONFIRMADO;2020-08-02;0;IGNORADO;IGNORADO;IGNORADO;IGNORADO;IGNORADO;IGNORADO;IGNORADO;IGNORADO;IGNORADO;IGNORADO;IGNORADO;IGNORADO;IGNORADO
14963;São Bernardo do Campo;3548708;41.0;FEMININO;CONFIRMADO;2020-07-16;0;IGNORADO;IGNORADO;IGNORADO;IGNORADO;IGNORADO;IGNORADO;IGNORADO;IGNORADO;IGNORADO;IGNORADO;IGNORADO;IGNORADO;IGNORADO
14964;Osasco;3534401;57.0;MASCULINO;CONFIRMADO;2020-07-12;0;IGNORADO;IGNORADO;IGNORADO;IGNORADO;IGNORADO;IGNORADO;IGNORADO;IGNORADO;IGNORADO;IGNORADO;IGNORADO;IGNORADO;IGNORADO
14965;São Paulo;3550308;34.0;FEMININO;CONFIRMADO;2020-09-06;0;IGNORADO;IGNORADO;IGNORADO;IGNORADO;IGNORADO;IGNORADO;IGNORADO;IGNORADO;IGNORADO;IGNORADO;IGNORADO;IGNORADO;IGNORADO
14966;Itapevi;3522505;37.0;FEMININO;CONFIRMADO;2020-03-28;0;IGNORADO;IGNORADO;IGNORADO;IGNORADO;IGNORADO;IGNORADO;IGNORADO;IGNORADO;IGNORADO;IGNORADO;IGNORADO;IGNORADO;IGNORADO
14967;São Paulo;3550308;47.0;FEMININO;CONFIRMADO;2020-05-01;0;IGNORADO;IGNORADO;IGNORADO;IGNORADO;IGNORADO;IGNORADO;IGNORADO;IGNORADO;IGNORADO;IGNORADO;IGNORADO;IGNORADO;IGNORADO
14968;São Paulo;3550308;51.0;FEMININO;CONFIRMADO;2020-07-31;0;IGNORADO;IGNORADO;IGNORADO;IGNORADO;IGNORADO;IGNORADO;IGNORADO;IGNORADO;IGNORADO;IGNORADO;IGNORADO;IGNORADO;IGNORADO
14969;Itapira;3522604;27.0;FEMININO;CONFIRMADO;2020-12-09;0;IGNORADO;IGNORADO;IGNORADO;IGNORADO;IGNORADO;IGNORADO;IGNORADO;IGNORADO;IGNORADO;IGNORADO;IGNORADO;IGNORADO;IGNORADO
14970;Pirangi;3539004;36.0;FEMININO;CONFIRMADO;2020-08-01;0;IGNORADO;IGNORADO;IGNORADO;IGNORADO;IGNORADO;IGNORADO;IGNORADO;IGNORADO;IGNORADO;IGNORADO;IGNORADO;IGNORADO;IGNORADO
14971;Bauru;3506003;31.0;FEMININO;CONFIRMADO;2020-12-16;0;IGNORADO;IGNORADO;IGNORADO;IGNORADO;IGNORADO;IGNORADO;IGNORADO;IGNORADO;IGNORADO;IGNORADO;IGNORADO;IGNORADO;IGNORADO
