12852;São Paulo;3550308;68.0;FEMININO;CONFIRMADO;;0;IGNORADO;IGNORADO;IGNORADO;IGNORADO;IGNORADO;IGNORADO;IGNORADO;IGNORADO;IGNORADO;SIM;IGNORADO;IGNORADO;IGNORADO
12853;Serrana;3551504;62.0;FEMININO;CONFIRMADO;;0;IGNORADO;IGNORADO;IGNORADO;IGNORADO;IGNORADO;IGNORADO;IGNORADO;IGNORADO;IGNORADO;IGNORADO;IGNORADO;IGNORADO;IGNORADO
12854;São Paulo;3550308;64.0;FEMININO;CONFIRMADO;;0;IGNORADO;IGNORADO;IGNORADO;IGNORADO;IGNORADO;IGNORADO;IGNORADO;IGNORADO;IGNORADO;IGNORADO;IGNORADO;IGNORADO;IGNORADO
12855;São Paulo;3550308;58.0;FEMININO;CONFIRMADO;;0;NÃO;SIM;NÃO;NÃO;NÃO;NÃO;NÃO;NÃO;NÃO;NÃO;NÃO;NÃO;NÃO
12856;São Paulo;3550308;62.0;FEMININO;CONFIRMADO;2020-07-10;0;IGNORADO;IGNORADO;IGNORADO;IGNORADO;IGNORADO;IGNORADO;IGNORADO;IGNORADO;IGNORADO;IGNORADO;IGNORADO;IGNORADO;IGNORADO
12857;Santo André;3547809;67.0;FEMININO;CONFIRMADO;;0;IGNORADO;IGNORADO;IGNORADO;IGNORADO;IGNORADO;IGNORADO;IGNORADO;IGNORADO;IGNORADO;IGNORADO;IGNORADO;IGNORADO;IGNORADO
12858;São Paulo;3550308;61.0;FEMININO;CONFIRMADO;2020-06-06;0;IGNORADO;IGNORADO;IGNORADO;IGNORADO;IGNORADO;IGNORADO;SIM;IGNORADO;IGNORADO;IGNORADO;IGNORADO;IGNORADO;IGNORADO
12859;Itanhaém;3522109;48.0;FEMININO;CONFIRMADO;2021-05-01;0;IGNORADO;IGNORADO;IGNORADO;IGNORADO;IGNORADO;IGNORADO;IGNORADO;IGNORADO;IGNORADO;IGNORADO;IGNORADO;IGNORADO;IGNORADO
12860;Guaratinguetá;3518404;30.0;MASCULINO;CONFIRMADO;;0;IGNORADO;IGNORADO;IGNORADO;IGNORADO;IGNORADO;IGNORADO;IGNORADO;IGNORADO;IGNORADO;IGNORADO;IGNORADO;IGNORADO;IGNORADO
12861;Cosmópolis;3512803;29.0;MASCULINO;CONFIRMADO;2020-07-07;0;IGNORADO;IGNORADO;IGNORADO;IGNORADO;IGNORADO;IGNORADO;IGNORADO;IGNORADO;IGNORADO;IGNORADO;IGNORADO;IGNORADO;IGNORADO
12862;Pompéia;3540002;36.0;MASCULINO;CONFIRMADO;2020-10-07;0;IGNORADO;IGNORADO;IGNORADO;IGNORADO;IGNORADO;IGNORADO;IGNORADO;IGNORADO;IGNORADO;IGNORADO;IGNORADO;IGNORADO;IGNORADO
12863;São José dos Campos;3549904;33.0;MASCULINO;CONFIRMADO;;0;IGNORADO;IGNORADO;IGNORADO;IGNORADO;IGNORADO;IGNORADO;IGNORADO;IGNORADO;IGNORADO;IGNORADO;IGNORADO;IGNORADO;IGNORADO
12864;Praia Grande;3541000;38.0;FEMININO;CONFIRMADO;;0;IGNORADO;IGNORADO;SIM;IGNORADO;IGNORADO;IGNORADO;IGNORADO;IGNORADO;IGNORADO;IGNORADO;IGNORADO;IGNORADO;IGNORADO
12865;Jaú;3525300;46.0;FEMININO;CONFIRMADO;;0;IGNORADO;IGNORADO;IGNORADO;IGNORADO;IGNORADO;IGNORADO;IGNORADO;IGNORADO;IGNORADO;IGNORADO;IGNORADO;IGNORADO;IGNORADO
12866;São Pedro;3550407;34.0;FEMININO;CONFIRMADO;2020-01-09;0;IGNORADO;IGNORADO;IGNORADO;IGNORADO;IGNORADO;IGNORADO;IGNORADO;IGNORADO;IGNORADO;IGNORADO;IGNORADO;IGNORADO;IGNORADO
12867;Suzano;3552502;37.0;FEMININO;CONFIRMADO;2020-01-06;0;IGNORADO;IGNORADO;IGNORADO;IGNORADO;IGNORADO;IGNORADO;IGNORADO;IGNORADO;IGNORADO;IGNORADO;IGNORADO;IGNORADO;IGNORADO
12868;Taubaté;3554102;37.0;FEMININO;CONFIRMADO;2020-10-06;0;IGNORADO;IGNORADO;IGNORADO;IGNORADO;IGNORADO;IGNORADO;IGNORADO;IGNORADO;IGNORADO;IGNORADO;IGNORADO;IGNORADO;IGNORADO
12869;Marília;3529005;40.0;FEMININO;CONFIRMADO;;0;IGNORADO;IGNORADO;IGNORADO;IGNORADO;IGNORADO;IGNORADO;IGNORADO;IGNORADO;IGNORADO;IGNORADO;IGNORADO;IGNORADO;IGNORADO
12870;São Paulo;3550308;51.0;FEMININO;CONFIRMADO;2020-07-07;0;IGNORADO;IGNORADO;IGNORADO;IGNORADO;IGNORADO;IGNORADO;IGNORADO;IGNORADO;IGNORADO;IGNORADO;IGNORADO;IGNORADO;IGNORADO
12871;São Paulo;3550308;55.0;FEMININO;CONFIRMADO;2020-05-10;0;IGNORADO;IGNORADO;SIM;IGNORADO;IGNORADO;IGNORADO;IGNORADO;IGNORADO;IGNORADO;IGNORADO;IGNORADO;IGNORADO;IGNORADO
12872;Santos;3548500;39.0;FEMININO;CONFIRMADO;;0;IGNORADO;IGNORADO;IGNORADO;IGNORADO;IGNORADO;IGNORADO;IGNORADO;IGNORADO;IGNORADO;IGNORADO;IGNORADO;IGNORADO;IGNORADO
12873;São Paulo;3550308;49.0;FEMININO;CONFIRMADO;2020-02-12;0;IGNORADO;IGNORADO;IGNORADO;IGNORADO;IGNORADO;IGNORADO;IGNORADO;IGNORADO;IGNORADO;IGNORADO;IGNORADO;IGNORADO;IGNORADO
12874;São Paulo;3550308;34.0;FEMININO;CONFIRMADO;2020-09-11;0;IGNORADO;IGNORADO;IGNORADO;IGNORADO;IGNORADO;IGNORADO;IGNORADO;IGNORADO;IGNORADO;IGNORADO;IGNORADO;IGNORADO;IGNORADO
12875;Santo André;3547809;37.0;FEMININO;CONFIRMADO;;0;IGNORADO;IGNORADO;IGNORADO;IGNORADO;IGNORADO;IGNORADO;IGNORADO;IGNORADO;IGNORADO;IGNORADO;IGNORADO;IGNORADO;IGNORADO
12876;São Paulo;3550308;46.0;FEMININO;CONFIRMADO;2020-09-12;0;IGNORADO;IGNORADO;IGNORADO;IGNORADO;IGNORADO;IGNORADO;IGNORADO;IGNORADO;IGNORADO;IGNORADO;IGNORADO;IGNORADO;IGNORADO
12877;Mauá;3529401;39.0;FEMININO;CONFIRMADO;;0;IGNORADO;IGNORADO;IGNORADO;IGNORADO;IGNORADO;IGNORADO;IGNORADO;IGNORADO;IGNORADO;IGNORADO;IGNORADO;IGNORADO;IGNORADO
12878;São Paulo;3550308;28.0;FEMININO;CONFIRMADO;;0;IGNORADO;IGNORADO;IGNORADO;IGNORADO;IGNORADO;IGNORADO;IGNORADO;IGNORADO;IGNORADO;IGNORADO;IGNORADO;IGNORADO;IGNORADO
12879;São Paulo;3550308;42.0;FEMININO;CONFIRMADO;;0;IGNORADO;IGNORADO;IGNORADO;IGNORADO;IGNORADO;IGNORADO;IGNORADO;IGNORADO;IGNORADO;IGNORADO;IGNORADO;IGNORADO;IGNORADO
12880;Vinhedo;3556701;26.0;FEMININO;CONFIRMADO;;0;IGNORADO;IGNORADO;IGNORADO;IGNORADO;IGNORADO;IGNORADO;IGNORADO;IGNORADO;IGNORADO;IGNORADO;IGNORADO;IGNORADO;IGNORADO
12881;Jandira;3525003;35.0;FEMININO;CONFIRMADO;;0;IGNORADO;IGNORADO;IGNORADO;IGNORADO;IGNORADO;IGNORADO;IGNORADO;IGNORADO;IGNORADO;IGNORADO;IGNORADO;IGNORADO;IGNORADO
12882;Serrana;3551504;50.0;FEMININO;CONFIRMADO;;0;IGNORADO;IGNORADO;IGNORADO;IGNORADO;IGNORADO;IGNORADO;IGNORADO;IGNORADO;IGNORADO;IGNORADO;IGNORADO;IGNORADO;IGNORADO
12883;São Paulo;3550308;43.0;FEMININO;CONFIRMADO;;0;IGNORADO;IGNORADO;IGNORADO;IGNORADO;IGNORADO;IGNORADO;IGNORADO;IGNORADO;IGNORADO;IGNORADO;IGNORADO;IGNORADO;IGNORADO
12884;São Paulo;3550308;29.0;FEMININO;CONFIRMADO;;0;IGNORADO;IGNORADO;IGNORADO;IGNORADO;IGNORADO;IGNORADO;IGNORADO;IGNORADO;IGNORADO;IGNORADO;IGNORADO;IGNORADO;IGNORADO
12885;São Paulo;3550308;29.0;FEMININO;CONFIRMADO;2020-08-11;0;IGNORADO;IGNORADO;IGNORADO;IGNORADO;IGNORADO;IGNORADO;IGNORADO;IGNORADO;IGNORADO;IGNORADO;IGNORADO;IGNORADO;IGNORADO
12886;São Paulo;3550308;44.0;FEMININO;CONFIRMADO;2020-03-11;0;IGNORADO;IGNORADO;IGNORADO;IGNORADO;IGNORADO;IGNORADO;IGNORADO;IGNORADO;IGNORADO;IGNORADO;IGNORADO;IGNORADO;IGNORADO
12887;Santo André;3547809;40.0;FEMININO;CONFIRMADO;;0;IGNORADO;IGNORADO;IGNORADO;IGNORADO;IGNORADO;IGNORADO;IGNORADO;IGNORADO;IGNORADO;IGNORADO;IGNORADO;IGNORADO;IGNORADO
12888;São Paulo;3550308;53.0;FEMININO;CONFIRMADO;;0;IGNORADO;IGNORADO;IGNORADO;IGNORADO;IGNORADO;IGNORADO;IGNORADO;IGNORADO;IGNORADO;IGNORADO;IGNORADO;IGNORADO;IGNORADO
12889;Mauá;3529401;44.0;FEMININO;CONFIRMADO;;0;IGNORADO;IGNORADO;IGNORADO;IGNORADO;IGNORADO;IGNORADO;IGNORADO;IGNORADO;IGNORADO;IGNORADO;IGNORADO;IGNORADO;IGNORADO
12890;Caraguatatuba;3510500;25.0;FEMININO;CONFIRMADO;;0;IGNORADO;IGNORADO;IGNORADO;IGNORADO;IGNORADO;IGNORADO;IGNORADO;IGNORADO;IGNORADO;IGNORADO;IGNORADO;IGNORADO;IGNORADO
12891;Ribeirão Preto;3543402;35.0;FEMININO;CONFIRMADO;2020-08-08;0;IGNORADO;IGNORADO;IGNORADO;IGNORADO;IGNORADO;IGNORADO;IGNORADO;IGNORADO;IGNORADO;IGNORADO;IGNORADO;IGNORADO;IGNORADO
12892;São Paulo;3550308;38.0;FEMININO;CONFIRMADO;;0;IGNORADO;IGNORADO;IGNORADO;IGNORADO;IGNORADO;IGNORADO;IGNORADO;IGNORADO;IGNORADO;IGNORADO;IGNORADO;IGNORADO;IGNORADO
12893;São Paulo;3550308;48.0;FEMININO;CONFIRMADO;2020-04-08;0;IGNORADO;IGNORADO;IGNORADO;IGNORADO;IGNORADO;IGNORADO;IGNORADO;IGNORADO;IGNORADO;IGNORADO;IGNORADO;IGNORADO;IGNORADO
12894;São Sebastião;3550704;35.0;FEMININO;CONFIRMADO;;0;IGNORADO;IGNORADO;IGNORADO;IGNORADO;IGNORADO;IGNORADO;IGNORADO;IGNORADO;IGNORADO;IGNORADO;IGNORADO;IGNORADO;IGNORADO
12895;São Paulo;3550308;39.0;FEMININO;CONFIRMADO;2020-05-05;0;IGNORADO;IGNORADO;IGNORADO;IGNORADO;IGNORADO;IGNORADO;IGNORADO;IGNORADO;IGNORADO;IGNORADO;IGNORADO;IGNORADO;IGNORADO
12896;Santo André;3547809;47.0;FEMININO;CONFIRMADO;;0;IGNORADO;IGNORADO;IGNORADO;IGNORADO;IGNORADO;IGNORADO;IGNORADO;IGNORADO;IGNORADO;IGNORADO;IGNORADO;IGNORADO;IGNORADO
12897;Poá;3539806;0.0;FEMININO;CONFIRMADO;;0;IGNORADO;IGNORADO;IGNORADO;IGNORADO;IGNORADO;IGNORADO;IGNORADO;IGNORADO;IGNORADO;IGNORADO;IGNORADO;IGNORADO;IGNORADO
12898;São Paulo;3550308;38.0;FEMININO;CONFIRMADO;;0;IGNORADO;IGNORADO;IGNORADO;IGNORADO;IGNORADO;IGNORADO;IGNORADO;IGNORADO;IGNORADO;IGNORADO;IGNORADO;IGNORADO;IGNORADO
12899;Poá;3539806;44.0;FEMININO;CONFIRMADO;2020-12-09;0;IGNORADO;IGNORADO;IGNORADO;IGNORADO;IGNORADO;IGNORADO;IGNORADO;IGNORADO;IGNORADO;IGNORADO;IGNORADO;IGNORADO;IGNORADO
