4563;Barueri;3505708;57.0;FEMININO;CONFIRMADO;2020-11-12;0;IGNORADO;IGNORADO;SIM;IGNORADO;IGNORADO;IGNORADO;IGNORADO;IGNORADO;IGNORADO;IGNORADO;IGNORADO;IGNORADO;IGNORADO
4564;São José do Rio Preto;3549805;30.0;MASCULINO;CONFIRMADO;2020-12-17;0;IGNORADO;IGNORADO;IGNORADO;IGNORADO;IGNORADO;IGNORADO;IGNORADO;IGNORADO;IGNORADO;IGNORADO;IGNORADO;IGNORADO;IGNORADO
4565;Gavião Peixoto;3516853;20.0;MASCULINO;CONFIRMADO;2020-08-25;0;IGNORADO;IGNORADO;IGNORADO;IGNORADO;IGNORADO;IGNORADO;IGNORADO;IGNORADO;IGNORADO;IGNORADO;IGNORADO;IGNORADO;IGNORADO
4566;Ribeirão Preto;3543402;21.0;MASCULINO;CONFIRMADO;2020-11-19;0;IGNORADO;IGNORADO;IGNORADO;IGNORADO;IGNORADO;IGNORADO;IGNORADO;IGNORADO;IGNORADO;IGNORADO;IGNORADO;IGNORADO;IGNORADO
4567;São Paulo;3550308;71.0;MASCULINO;CONFIRMADO;2020-10-25;0;IGNORADO;IGNORADO;IGNORADO;IGNORADO;IGNORADO;IGNORADO;IGNORADO;IGNORADO;IGNORADO;IGNORADO;IGNORADO;IGNORADO;IGNORADO
4568;Embu das Artes;3515004;25.0;MASCULINO;CONFIRMADO;2020-10-22;0;IGNORADO;IGNORADO;IGNORADO;IGNORADO;IGNORADO;IGNORADO;IGNORADO;IGNORADO;IGNORADO;IGNORADO;IGNORADO;IGNORADO;IGNORADO
4569;São Bernardo do Campo;3548708;30.0;FEMININO;CONFIRMADO;2020-07-17;0;IGNORADO;IGNORADO;IGNORADO;IGNORADO;IGNORADO;IGNORADO;IGNORADO;IGNORADO;IGNORADO;IGNORADO;IGNORADO;IGNORADO;IGNORADO
4570;São Paulo;3550308;39.0;FEMININO;CONFIRMADO;2020-05-13;0;IGNORADO;IGNORADO;IGNORADO;IGNORADO;IGNORADO;IGNORADO;IGNORADO;IGNORADO;IGNORADO;IGNORADO;IGNORADO;IGNORADO;IGNORADO
4571;São José do Rio Preto;3549805;19.0;MASCULINO;CONFIRMADO;2020-09-24;0;IGNORADO;IGNORADO;IGNORADO;IGNORADO;IGNORADO;IGNORADO;IGNORADO;IGNORADO;IGNORADO;IGNORADO;IGNORADO;IGNORADO;IGNORADO
4572;Mesópolis;3529658;19.0;MASCULINO;CONFIRMADO;2020-07-03;0;IGNORADO;IGNORADO;IGNORADO;IGNORADO;IGNORADO;IGNORADO;IGNORADO;IGNORADO;IGNORADO;IGNORADO;IGNORADO;IGNORADO;IGNORADO
4573;São Paulo;3550308;56.0;MASCULINO;CONFIRMADO;2020-05-12;0;IGNORADO;IGNORADO;IGNORADO;IGNORADO;IGNORADO;IGNORADO;IGNORADO;IGNORADO;IGNORADO;IGNORADO;IGNORADO;IGNORADO;IGNORADO
4574;São Roque;3550605;72.0;MASCULINO;CONFIRMADO;2020-11-16;0;IGNORADO;IGNORADO;IGNORADO;IGNORADO;IGNORADO;IGNORADO;IGNORADO;IGNORADO;IGNORADO;IGNORADO;IGNORADO;IGNORADO;IGNORADO
4575;São Paulo;3550308;33.0;MASCULINO;CONFIRMADO;2020-07-25;0;IGNORADO;IGNORADO;IGNORADO;IGNORADO;IGNORADO;IGNORADO;IGNORADO;IGNORADO;IGNORADO;IGNORADO;IGNORADO;IGNORADO;IGNORADO
4576;São Paulo;3550308;28.0;MASCULINO;CONFIRMADO;2020-04-03;0;IGNORADO;IGNORADO;IGNORADO;IGNORADO;IGNORADO;IGNORADO;IGNORADO;IGNORADO;IGNORADO;IGNORADO;IGNORADO;IGNORADO;IGNORADO
4577;São Paulo;3550308;33.0;MASCULINO;CONFIRMADO;2020-06-20;0;IGNORADO;IGNORADO;IGNORADO;IGNORADO;IGNORADO;IGNORADO;IGNORADO;IGNORADO;IGNORADO;IGNORADO;IGNORADO;IGNORADO;IGNORADO
4578;Carapicuíba;3510609;41.0;FEMININO;CONFIRMADO;2020-04-03;0;IGNORADO;IGNORADO;IGNORADO;IGNORADO;IGNORADO;IGNORADO;IGNORADO;IGNORADO;IGNORADO;IGNORADO;IGNORADO;IGNORADO;IGNORADO
4579;São Paulo;3550308;38.0;MASCULINO;CONFIRMADO;2020-04-30;0;IGNORADO;IGNORADO;IGNORADO;IGNORADO;IGNORADO;IGNORADO;IGNORADO;IGNORADO;IGNORADO;IGNORADO;IGNORADO;IGNORADO;IGNORADO
4580;Guará;3517703;38.0;MASCULINO;CONFIRMADO;2020-08-28;0;IGNORADO;SIM;IGNORADO;IGNORADO;IGNORADO;IGNORADO;IGNORADO;IGNORADO;IGNORADO;IGNORADO;IGNORADO;IGNORADO;IGNORADO
4581;Barueri;3505708;33.0;MASCULINO;CONFIRMADO;2020-07-15;0;IGNORADO;IGNORADO;IGNORADO;IGNORADO;IGNORADO;IGNORADO;IGNORADO;IGNORADO;IGNORADO;IGNORADO;IGNORADO;IGNORADO;IGNORADO
4582;Miguelópolis;3529708;49.0;FEMININO;CONFIRMADO;2020-09-07;0;IGNORADO;IGNORADO;IGNORADO;IGNORADO;IGNORADO;IGNORADO;IGNORADO;IGNORADO;IGNORADO;IGNORADO;IGNORADO;IGNORADO;IGNORADO
4583;Poá;3539806;54.0;MASCULINO;CONFIRMADO;2020-07-01;0;NÃO;SIM;NÃO;NÃO;NÃO;NÃO;NÃO;NÃO;NÃO;SIM;NÃO;NÃO;NÃO
4584;Guarulhos;3518800;34.0;FEMININO;CONFIRMADO;2020-06-12;0;IGNORADO;IGNORADO;IGNORADO;IGNORADO;IGNORADO;IGNORADO;IGNORADO;IGNORADO;IGNORADO;IGNORADO;IGNORADO;IGNORADO;IGNORADO
4585;Campinas;3509502;56.0;FEMININO;CONFIRMADO;2020-07-21;0;IGNORADO;IGNORADO;IGNORADO;IGNORADO;IGNORADO;IGNORADO;IGNORADO;IGNORADO;IGNORADO;IGNORADO;IGNORADO;IGNORADO;IGNORADO
4586;Santo André;3547809;15.0;FEMININO;CONFIRMADO;2020-09-28;0;IGNORADO;IGNORADO;IGNORADO;IGNORADO;IGNORADO;IGNORADO;IGNORADO;IGNORADO;IGNORADO;IGNORADO;IGNORADO;IGNORADO;IGNORADO
4587;Itaporanga;3522802;12.0;FEMININO;CONFIRMADO;2020-07-13;0;IGNORADO;IGNORADO;IGNORADO;IGNORADO;IGNORADO;IGNORADO;IGNORADO;IGNORADO;IGNORADO;IGNORADO;IGNORADO;IGNORADO;IGNORADO
4588;Itatiba;3523404;17.0;FEMININO;CONFIRMADO;2020-12-08;0;IGNORADO;IGNORADO;IGNORADO;IGNORADO;IGNORADO;IGNORADO;IGNORADO;IGNORADO;IGNORADO;IGNORADO;IGNORADO;IGNORADO;IGNORADO
4589;São Bernardo do Campo;3548708;16.0;FEMININO;CONFIRMADO;2020-08-27;0;IGNORADO;IGNORADO;IGNORADO;IGNORADO;IGNORADO;IGNORADO;IGNORADO;IGNORADO;IGNORADO;IGNORADO;IGNORADO;IGNORADO;IGNORADO
4590;Santos;3548500;10.0;FEMININO;CONFIRMADO;2020-12-07;0;IGNORADO;IGNORADO;IGNORADO;IGNORADO;IGNORADO;IGNORADO;IGNORADO;IGNORADO;IGNORADO;IGNORADO;IGNORADO;IGNORADO;IGNORADO
4591;Auriflama;3504206;19.0;FEMININO;CONFIRMADO;2020-10-27;0;IGNORADO;IGNORADO;IGNORADO;IGNORADO;IGNORADO;IGNORADO;IGNORADO;IGNORADO;IGNORADO;IGNORADO;IGNORADO;IGNORADO;IGNORADO
4592;São Paulo;3550308;39.0;MASCULINO;CONFIRMADO;2020-06-26;0;IGNORADO;IGNORADO;IGNORADO;IGNORADO;IGNORADO;IGNORADO;IGNORADO;IGNORADO;IGNORADO;IGNORADO;IGNORADO;IGNORADO;IGNORADO
4593;São Paulo;3550308;46.0;MASCULINO;CONFIRMADO;2020-04-18;1;IGNORADO;SIM;SIM;IGNORADO;IGNORADO;IGNORADO;SIM;IGNORADO;IGNORADO;IGNORADO;IGNORADO;IGNORADO;IGNORADO
4594;Poá;3539806;53.0;MASCULINO;CONFIRMADO;2020-07-17;1;IGNORADO;IGNORADO;IGNORADO;IGNORADO;IGNORADO;IGNORADO;IGNORADO;IGNORADO;IGNORADO;IGNORADO;IGNORADO;IGNORADO;IGNORADO
4595;São Paulo;3550308;11.0;MASCULINO;CONFIRMADO;2020-06-25;0;IGNORADO;IGNORADO;IGNORADO;IGNORADO;IGNORADO;IGNORADO;IGNORADO;IGNORADO;IGNORADO;IGNORADO;IGNORADO;IGNORADO;IGNORADO
4596;São Paulo;3550308;41.0;MASCULINO;CONFIRMADO;2020-08-02;0;IGNORADO;IGNORADO;IGNORADO;IGNORADO;IGNORADO;IGNORADO;IGNORADO;IGNORADO;IGNORADO;IGNORADO;IGNORADO;IGNORADO;IGNORADO
4597;São José do Rio Preto;3549805;52.0;MASCULINO;CONFIRMADO;2020-08-09;1;NÃO;SIM;NÃO;NÃO;NÃO;SIM;NÃO;NÃO;NÃO;SIM;NÃO;NÃO;NÃO
4598;São Paulo;3550308;22.0;FEMININO;CONFIRMADO;2020-03-27;0;IGNORADO;IGNORADO;IGNORADO;IGNORADO;IGNORADO;IGNORADO;IGNORADO;IGNORADO;IGNORADO;IGNORADO;IGNORADO;IGNORADO;IGNORADO
4599;São Paulo;3550308;22.0;FEMININO;CONFIRMADO;2020-11-26;0;IGNORADO;IGNORADO;IGNORADO;IGNORADO;IGNORADO;IGNORADO;IGNORADO;IGNORADO;IGNORADO;IGNORADO;IGNORADO;IGNORADO;IGNORADO
4600;Mauá;3529401;14.0;FEMININO;CONFIRMADO;2020-09-30;0;IGNORADO;IGNORADO;IGNORADO;IGNORADO;IGNORADO;IGNORADO;IGNORADO;IGNORADO;IGNORADO;IGNORADO;IGNORADO;IGNORADO;IGNORADO
4601;São José do Rio Preto;3549805;5.0;FEMININO;CONFIRMADO;2020-10-20;0;IGNORADO;IGNORADO;IGNORADO;IGNORADO;IGNORADO;IGNORADO;IGNORADO;IGNORADO;IGNORADO;IGNORADO;IGNORADO;IGNORADO;IGNORADO
4602;São Paulo;3550308;11.0;FEMININO;CONFIRMADO;2020-09-09;0;IGNORADO;IGNORADO;IGNORADO;IGNORADO;IGNORADO;IGNORADO;IGNORADO;IGNORADO;IGNORADO;IGNORADO;IGNORADO;IGNORADO;IGNORADO
4603;Jaú;3525300;15.0;FEMININO;CONFIRMADO;2020-09-09;0;IGNORADO;IGNORADO;IGNORADO;IGNORADO;IGNORADO;IGNORADO;IGNORADO;IGNORADO;IGNORADO;IGNORADO;IGNORADO;IGNORADO;IGNORADO
4604;Arujá;3503901;51.0;FEMININO;CONFIRMADO;2020-07-02;0;IGNORADO;SIM;IGNORADO;IGNORADO;IGNORADO;IGNORADO;IGNORADO;IGNORADO;IGNORADO;IGNORADO;IGNORADO;IGNORADO;IGNORADO
4605;Guarulhos;3518800;36.0;FEMININO;CONFIRMADO;2020-06-17;0;IGNORADO;IGNORADO;IGNORADO;IGNORADO;IGNORADO;IGNORADO;IGNORADO;IGNORADO;IGNORADO;IGNORADO;IGNORADO;IGNORADO;IGNORADO
4606;Clementina;3511904;40.0;FEMININO;CONFIRMADO;2020-06-14;0;IGNORADO;IGNORADO;IGNORADO;IGNORADO;IGNORADO;IGNORADO;IGNORADO;IGNORADO;IGNORADO;IGNORADO;IGNORADO;IGNORADO;IGNORADO
4607;Campinas;3509502;96.0;FEMININO;CONFIRMADO;2020-05-25;1;NÃO;NÃO;NÃO;NÃO;NÃO;NÃO;NÃO;NÃO;NÃO;SIM;NÃO;NÃO;NÃO
4608;Santo André;3547809;66.0;MASCULINO;CONFIRMADO;2020-12-03;0;IGNORADO;IGNORADO;IGNORADO;IGNORADO;IGNORADO;IGNORADO;IGNORADO;IGNORADO;IGNORADO;IGNORADO;IGNORADO;IGNORADO;IGNORADO
4609;São Paulo;3550308;83.0;MASCULINO;CONFIRMADO;2020-12-02;0;IGNORADO;IGNORADO;SIM;IGNORADO;IGNORADO;IGNORADO;SIM;IGNORADO;IGNORADO;IGNORADO;IGNORADO;IGNORADO;IGNORADO
