7398;Santos;3548500;60.0;FEMININO;CONFIRMADO;2020-08-15;0;IGNORADO;IGNORADO;IGNORADO;IGNORADO;IGNORADO;IGNORADO;IGNORADO;IGNORADO;IGNORADO;IGNORADO;IGNORADO;IGNORADO;IGNORADO
7399;São Paulo;3550308;37.0;FEMININO;CONFIRMADO;2020-07-10;0;IGNORADO;IGNORADO;IGNORADO;IGNORADO;IGNORADO;IGNORADO;IGNORADO;IGNORADO;IGNORADO;IGNORADO;IGNORADO;IGNORADO;IGNORADO
7400;Piquete;3538501;50.0;FEMININO;CONFIRMADO;2020-06-05;0;IGNORADO;IGNORADO;IGNORADO;IGNORADO;IGNORADO;IGNORADO;IGNORADO;IGNORADO;IGNORADO;IGNORADO;IGNORADO;IGNORADO;IGNORADO
7401;Santana de Parnaíba;3547304;55.0;FEMININO;CONFIRMADO;2020-07-05;0;IGNORADO;IGNORADO;IGNORADO;IGNORADO;IGNORADO;IGNORADO;IGNORADO;IGNORADO;IGNORADO;IGNORADO;IGNORADO;IGNORADO;IGNORADO
7402;Luís Antônio;3527603;31.0;MASCULINO;CONFIRMADO;2020-07-17;0;IGNORADO;IGNORADO;IGNORADO;IGNORADO;IGNORADO;IGNORADO;IGNORADO;IGNORADO;IGNORADO;IGNORADO;IGNORADO;IGNORADO;IGNORADO
7403;São Paulo;3550308;65.0;FEMININO;CONFIRMADO;2020-07-01;0;IGNORADO;IGNORADO;SIM;IGNORADO;IGNORADO;IGNORADO;IGNORADO;IGNORADO;IGNORADO;IGNORADO;IGNORADO;IGNORADO;IGNORADO
7404;São José do Rio Preto;3549805;29.0;MASCULINO;CONFIRMADO;2020-10-08;0;IGNORADO;IGNORADO;IGNORADO;IGNORADO;IGNORADO;IGNORADO;IGNORADO;IGNORADO;IGNORADO;IGNORADO;IGNORADO;IGNORADO;IGNORADO
7405;São Paulo;3550308;46.0;FEMININO;CONFIRMADO;2020-06-29;0;IGNORADO;IGNORADO;IGNORADO;IGNORADO;IGNORADO;IGNORADO;IGNORADO;IGNORADO;IGNORADO;IGNORADO;IGNORADO;IGNORADO;IGNORADO
7406;Ferraz de Vasconcelos;3515707;42.0;MASCULINO;CONFIRMADO;2020-04-20;0;IGNORADO;IGNORADO;IGNORADO;IGNORADO;IGNORADO;IGNORADO;IGNORADO;IGNORADO;IGNORADO;IGNORADO;IGNORADO;IGNORADO;IGNORADO
7407;São Caetano do Sul;3548807;39.0;MASCULINO;CONFIRMADO;2020-04-04;0;IGNORADO;IGNORADO;IGNORADO;IGNORADO;IGNORADO;IGNORADO;IGNORADO;IGNORADO;IGNORADO;IGNORADO;IGNORADO;IGNORADO;IGNORADO
7408;Mairinque;3528403;37.0;MASCULINO;CONFIRMADO;2020-12-21;0;IGNORADO;IGNORADO;IGNORADO;IGNORADO;IGNORADO;IGNORADO;IGNORADO;IGNORADO;IGNORADO;IGNORADO;IGNORADO;IGNORADO;IGNORADO
7409;Campinas;3509502;35.0;MASCULINO;CONFIRMADO;2020-10-19;0;IGNORADO;IGNORADO;IGNORADO;IGNORADO;IGNORADO;IGNORADO;IGNORADO;IGNORADO;IGNORADO;IGNORADO;IGNORADO;IGNORADO;IGNORADO
7410;Vargem Grande Paulista;3556453;41.0;MASCULINO;CONFIRMADO;2020-10-15;0;IGNORADO;IGNORADO;IGNORADO;IGNORADO;IGNORADO;IGNORADO;IGNORADO;IGNORADO;IGNORADO;IGNORADO;IGNORADO;IGNORADO;IGNORADO
7411;Mauá;3529401;42.0;MASCULINO;CONFIRMADO;2020-07-25;0;IGNORADO;IGNORADO;IGNORADO;IGNORADO;IGNORADO;IGNORADO;IGNORADO;IGNORADO;IGNORADO;SIM;IGNORADO;IGNORADO;IGNORADO
7412;São José do Rio Preto;3549805;41.0;MASCULINO;CONFIRMADO;2020-07-09;0;NÃO;SIM;NÃO;NÃO;NÃO;NÃO;NÃO;NÃO;SIM;NÃO;NÃO;NÃO;NÃO
7413;São Paulo;3550308;48.0;FEMININO;CONFIRMADO;2020-03-28;0;IGNORADO;SIM;IGNORADO;IGNORADO;IGNORADO;IGNORADO;IGNORADO;IGNORADO;IGNORADO;IGNORADO;IGNORADO;IGNORADO;IGNORADO
7414;Guarulhos;3518800;5.0;MASCULINO;CONFIRMADO;2020-07-01;0;IGNORADO;IGNORADO;IGNORADO;IGNORADO;IGNORADO;IGNORADO;IGNORADO;IGNORADO;IGNORADO;IGNORADO;IGNORADO;IGNORADO;IGNORADO
7415;Guarulhos;3518800;12.0;FEMININO;CONFIRMADO;2020-10-28;0;IGNORADO;IGNORADO;IGNORADO;IGNORADO;IGNORADO;IGNORADO;IGNORADO;IGNORADO;IGNORADO;IGNORADO;IGNORADO;IGNORADO;IGNORADO
7416;São Caetano do Sul;3548807;82.0;FEMININO;CONFIRMADO;2020-07-04;1;IGNORADO;SIM;IGNORADO;IGNORADO;IGNORADO;SIM;IGNORADO;IGNORADO;IGNORADO;SIM;IGNORADO;IGNORADO;IGNORADO
7417;Paraguaçu Paulista;3535507;15.0;FEMININO;CONFIRMADO;2020-12-26;0;IGNORADO;IGNORADO;IGNORADO;IGNORADO;IGNORADO;IGNORADO;IGNORADO;IGNORADO;IGNORADO;IGNORADO;IGNORADO;IGNORADO;IGNORADO
7418;Guarulhos;3518800;62.0;FEMININO;CONFIRMADO;2020-08-20;0;IGNORADO;IGNORADO;IGNORADO;IGNORADO;IGNORADO;IGNORADO;IGNORADO;IGNORADO;IGNORADO;IGNORADO;IGNORADO;IGNORADO;IGNORADO
7419;Ubatuba;3555406;29.0;FEMININO;CONFIRMADO;2020-08-02;0;IGNORADO;IGNORADO;IGNORADO;IGNORADO;IGNORADO;IGNORADO;IGNORADO;IGNORADO;IGNORADO;IGNORADO;IGNORADO;IGNORADO;IGNORADO
7420;Joanópolis;3525508;56.0;FEMININO;CONFIRMADO;2020-08-15;0;IGNORADO;IGNORADO;IGNORADO;IGNORADO;IGNORADO;IGNORADO;IGNORADO;IGNORADO;IGNORADO;IGNORADO;IGNORADO;IGNORADO;IGNORADO
7421;Guaratinguetá;3518404;21.0;FEMININO;CONFIRMADO;2020-10-27;0;IGNORADO;IGNORADO;IGNORADO;IGNORADO;IGNORADO;IGNORADO;IGNORADO;IGNORADO;IGNORADO;IGNORADO;IGNORADO;IGNORADO;IGNORADO
7422;São Paulo;3550308;32.0;FEMININO;CONFIRMADO;2020-08-21;0;IGNORADO;IGNORADO;IGNORADO;IGNORADO;IGNORADO;IGNORADO;IGNORADO;IGNORADO;IGNORADO;IGNORADO;IGNORADO;IGNORADO;IGNORADO
7423;São José do Rio Preto;3549805;6.0;FEMININO;CONFIRMADO;2020-08-10;0;IGNORADO;IGNORADO;IGNORADO;IGNORADO;IGNORADO;IGNORADO;IGNORADO;IGNORADO;IGNORADO;IGNORADO;IGNORADO;IGNORADO;IGNORADO
7424;São Paulo;3550308;18.0;FEMININO;CONFIRMADO;2020-07-15;0;IGNORADO;IGNORADO;IGNORADO;IGNORADO;IGNORADO;IGNORADO;IGNORADO;IGNORADO;IGNORADO;IGNORADO;IGNORADO;IGNORADO;IGNORADO
7425;Taboão da Serra;3552809;49.0;MASCULINO;CONFIRMADO;2020-10-22;0;IGNORADO;IGNORADO;SIM;IGNORADO;IGNORADO;IGNORADO;IGNORADO;IGNORADO;IGNORADO;IGNORADO;IGNORADO;IGNORADO;IGNORADO
7426;Itapevi;3522505;44.0;MASCULINO;CONFIRMADO;2020-05-11;0;IGNORADO;IGNORADO;IGNORADO;IGNORADO;IGNORADO;IGNORADO;IGNORADO;IGNORADO;IGNORADO;IGNORADO;IGNORADO;IGNORADO;IGNORADO
7427;São José do Rio Preto;3549805;66.0;FEMININO;CONFIRMADO;2020-09-18;0;IGNORADO;IGNORADO;IGNORADO;IGNORADO;IGNORADO;IGNORADO;IGNORADO;IGNORADO;IGNORADO;IGNORADO;IGNORADO;IGNORADO;IGNORADO
7428;Andradina;3502101;44.0;MASCULINO;CONFIRMADO;2020-12-01;0;IGNORADO;IGNORADO;IGNORADO;IGNORADO;IGNORADO;IGNORADO;IGNORADO;IGNORADO;IGNORADO;IGNORADO;IGNORADO;IGNORADO;IGNORADO
7429;Itapeva;3522406;48.0;FEMININO;CONFIRMADO;2020-10-31;0;IGNORADO;IGNORADO;IGNORADO;IGNORADO;IGNORADO;IGNORADO;IGNORADO;IGNORADO;IGNORADO;IGNORADO;IGNORADO;IGNORADO;IGNORADO
7430;Bocaina;3506805;66.0;FEMININO;CONFIRMADO;2020-08-05;0;IGNORADO;IGNORADO;IGNORADO;IGNORADO;IGNORADO;IGNORADO;IGNORADO;IGNORADO;IGNORADO;IGNORADO;IGNORADO;IGNORADO;IGNORADO
7431;Bauru;3506003;31.0;FEMININO;CONFIRMADO;2020-09-27;0;IGNORADO;IGNORADO;IGNORADO;IGNORADO;IGNORADO;IGNORADO;IGNORADO;IGNORADO;IGNORADO;IGNORADO;IGNORADO;IGNORADO;IGNORADO
7432;Sumaré;3552403;51.0;FEMININO;CONFIRMADO;2020-11-01;0;IGNORADO;IGNORADO;IGNORADO;IGNORADO;IGNORADO;IGNORADO;IGNORADO;IGNORADO;IGNORADO;IGNORADO;IGNORADO;IGNORADO;IGNORADO
7433;Jacareí;3524402;56.0;FEMININO;CONFIRMADO;;0;IGNORADO;IGNORADO;IGNORADO;IGNORADO;IGNORADO;IGNORADO;IGNORADO;IGNORADO;IGNORADO;IGNORADO;IGNORADO;IGNORADO;IGNORADO
7434;Itapevi;3522505;57.0;FEMININO;CONFIRMADO;2020-07-06;0;IGNORADO;SIM;SIM;IGNORADO;IGNORADO;IGNORADO;IGNORADO;IGNORADO;IGNORADO;IGNORADO;IGNORADO;IGNORADO;IGNORADO
7435;Limeira;3526902;49.0;FEMININO;CONFIRMADO;2020-06-01;0;IGNORADO;IGNORADO;IGNORADO;IGNORADO;IGNORADO;IGNORADO;IGNORADO;IGNORADO;IGNORADO;IGNORADO;IGNORADO;IGNORADO;IGNORADO
7436;Santos;3548500;31.0;MASCULINO;CONFIRMADO;2020-11-13;0;IGNORADO;IGNORADO;IGNORADO;IGNORADO;IGNORADO;IGNORADO;IGNORADO;IGNORADO;IGNORADO;IGNORADO;IGNORADO;IGNORADO;IGNORADO
7437;Santa Rita do Passa Quatro;3547502;68.0;FEMININO;CONFIRMADO;2020-06-27;0;IGNORADO;IGNORADO;SIM;IGNORADO;IGNORADO;IGNORADO;IGNORADO;IGNORADO;IGNORADO;IGNORADO;IGNORADO;IGNORADO;IGNORADO
7438;Barretos;3505500;4.0;FEMININO;CONFIRMADO;2020-07-08;0;IGNORADO;IGNORADO;IGNORADO;IGNORADO;IGNORADO;IGNORADO;IGNORADO;IGNORADO;IGNORADO;IGNORADO;IGNORADO;IGNORADO;IGNORADO
7439;Itapevi;3522505;22.0;FEMININO;CONFIRMADO;2020-11-25;0;IGNORADO;IGNORADO;IGNORADO;IGNORADO;IGNORADO;IGNORADO;IGNORADO;IGNORADO;IGNORADO;IGNORADO;IGNORADO;IGNORADO;IGNORADO
7440;Taboão da Serra;3552809;59.0;FEMININO;CONFIRMADO;;0;IGNORADO;IGNORADO;IGNORADO;IGNORADO;IGNORADO;IGNORADO;IGNORADO;IGNORADO;IGNORADO;IGNORADO;IGNORADO;IGNORADO;IGNORADO
7441;Bauru;3506003;53.0;FEMININO;CONFIRMADO;2020-07-23;0;IGNORADO;IGNORADO;IGNORADO;IGNORADO;IGNORADO;IGNORADO;IGNORADO;IGNORADO;IGNORADO;IGNORADO;IGNORADO;IGNORADO;IGNORADO
7442;Piracicaba;3538709;30.0;FEMININO;CONFIRMADO;2020-05-16;0;IGNORADO;IGNORADO;IGNORADO;IGNORADO;IGNORADO;IGNORADO;IGNORADO;IGNORADO;IGNORADO;IGNORADO;IGNORADO;IGNORADO;IGNORADO
7443;Bauru;3506003;54.0;FEMININO;CONFIRMADO;2020-08-31;0;IGNORADO;IGNORADO;IGNORADO;IGNORADO;IGNORADO;IGNORADO;IGNORADO;IGNORADO;IGNORADO;IGNORADO;IGNORADO;IGNORADO;IGNORADO
