21536;Cândido Mota;3510005;28.0;MASCULINO;CONFIRMADO;2020-07-19;0;IGNORADO;IGNORADO;IGNORADO;IGNORADO;IGNORADO;IGNORADO;IGNORADO;IGNORADO;IGNORADO;IGNORADO;IGNORADO;IGNORADO;IGNORADO
21537;Bauru;3506003;55.0;FEMININO;CONFIRMADO;2020-08-27;0;IGNORADO;IGNORADO;IGNORADO;IGNORADO;IGNORADO;IGNORADO;IGNORADO;IGNORADO;IGNORADO;IGNORADO;IGNORADO;IGNORADO;IGNORADO
21538;Rancharia;3542206;13.0;MASCULINO;CONFIRMADO;2020-08-03;0;IGNORADO;SIM;IGNORADO;IGNORADO;IGNORADO;IGNORADO;IGNORADO;IGNORADO;IGNORADO;IGNORADO;IGNORADO;IGNORADO;IGNORADO
21539;Araraquara;3503208;30.0;MASCULINO;CONFIRMADO;2020-12-02;0;IGNORADO;IGNORADO;IGNORADO;IGNORADO;IGNORADO;IGNORADO;IGNORADO;IGNORADO;IGNORADO;IGNORADO;IGNORADO;IGNORADO;IGNORADO
21540;Rio das Pedras;3544004;37.0;FEMININO;CONFIRMADO;2020-09-08;0;IGNORADO;IGNORADO;IGNORADO;IGNORADO;IGNORADO;IGNORADO;IGNORADO;IGNORADO;IGNORADO;IGNORADO;IGNORADO;IGNORADO;IGNORADO
21541;Atibaia;3504107;20.0;MASCULINO;CONFIRMADO;2020-08-09;0;IGNORADO;IGNORADO;IGNORADO;IGNORADO;IGNORADO;IGNORADO;IGNORADO;IGNORADO;IGNORADO;IGNORADO;IGNORADO;IGNORADO;IGNORADO
21542;Rancharia;3542206;34.0;MASCULINO;CONFIRMADO;2020-07-13;0;IGNORADO;IGNORADO;IGNORADO;IGNORADO;IGNORADO;IGNORADO;IGNORADO;IGNORADO;IGNORADO;IGNORADO;IGNORADO;IGNORADO;IGNORADO
21543;Piracicaba;3538709;47.0;FEMININO;CONFIRMADO;2020-09-30;0;IGNORADO;IGNORADO;IGNORADO;IGNORADO;IGNORADO;IGNORADO;IGNORADO;IGNORADO;IGNORADO;IGNORADO;IGNORADO;IGNORADO;IGNORADO
21544;Barueri;3505708;51.0;FEMININO;CONFIRMADO;2020-06-20;0;IGNORADO;IGNORADO;IGNORADO;IGNORADO;IGNORADO;IGNORADO;IGNORADO;IGNORADO;IGNORADO;IGNORADO;IGNORADO;IGNORADO;IGNORADO
21545;Bauru;3506003;26.0;FEMININO;CONFIRMADO;2020-07-17;0;IGNORADO;IGNORADO;IGNORADO;IGNORADO;IGNORADO;IGNORADO;IGNORADO;IGNORADO;IGNORADO;IGNORADO;IGNORADO;IGNORADO;IGNORADO
21546;Santos;3548500;47.0;FEMININO;CONFIRMADO;2020-07-29;0;IGNORADO;IGNORADO;IGNORADO;IGNORADO;IGNORADO;IGNORADO;IGNORADO;IGNORADO;IGNORADO;IGNORADO;IGNORADO;IGNORADO;IGNORADO
21547;São Paulo;3550308;33.0;FEMININO;CONFIRMADO;2020-11-04;0;IGNORADO;IGNORADO;IGNORADO;IGNORADO;IGNORADO;IGNORADO;IGNORADO;IGNORADO;IGNORADO;IGNORADO;IGNORADO;IGNORADO;IGNORADO
21548;São Paulo;3550308;16.0;FEMININO;CONFIRMADO;2020-10-15;0;IGNORADO;IGNORADO;IGNORADO;IGNORADO;IGNORADO;IGNORADO;IGNORADO;IGNORADO;IGNORADO;IGNORADO;IGNORADO;IGNORADO;IGNORADO
21549;Santo André;3547809;62.0;FEMININO;CONFIRMADO;2020-12-02;0;IGNORADO;IGNORADO;IGNORADO;IGNORADO;IGNORADO;IGNORADO;IGNORADO;IGNORADO;IGNORADO;IGNORADO;IGNORADO;IGNORADO;IGNORADO
21550;Santos;3548500;48.0;FEMININO;CONFIRMADO;2020-06-17;0;IGNORADO;IGNORADO;IGNORADO;IGNORADO;IGNORADO;IGNORADO;IGNORADO;IGNORADO;IGNORADO;IGNORADO;IGNORADO;IGNORADO;IGNORADO
21551;Capão Bonito;3510203;33.0;FEMININO;CONFIRMADO;2020-11-03;0;IGNORADO;IGNORADO;IGNORADO;IGNORADO;IGNORADO;IGNORADO;IGNORADO;IGNORADO;IGNORADO;IGNORADO;IGNORADO;IGNORADO;IGNORADO
21552;Itaquaquecetuba;3523107;61.0;MASCULINO;CONFIRMADO;2020-05-27;0;IGNORADO;IGNORADO;IGNORADO;IGNORADO;IGNORADO;IGNORADO;IGNORADO;IGNORADO;IGNORADO;IGNORADO;IGNORADO;IGNORADO;IGNORADO
21553;Tietê;3554508;59.0;FEMININO;CONFIRMADO;2020-07-07;0;IGNORADO;IGNORADO;IGNORADO;IGNORADO;IGNORADO;IGNORADO;IGNORADO;IGNORADO;IGNORADO;IGNORADO;IGNORADO;IGNORADO;IGNORADO
21554;Votuporanga;3557105;63.0;MASCULINO;CONFIRMADO;2020-08-20;0;IGNORADO;SIM;IGNORADO;IGNORADO;IGNORADO;IGNORADO;IGNORADO;IGNORADO;IGNORADO;IGNORADO;IGNORADO;IGNORADO;IGNORADO
21555;Campinas;3509502;68.0;MASCULINO;CONFIRMADO;2020-07-01;0;NÃO;NÃO;SIM;NÃO;NÃO;NÃO;NÃO;NÃO;NÃO;SIM;NÃO;NÃO;NÃO
21556;Santos;3548500;54.0;FEMININO;CONFIRMADO;2020-07-27;0;IGNORADO;IGNORADO;IGNORADO;IGNORADO;IGNORADO;IGNORADO;IGNORADO;IGNORADO;IGNORADO;IGNORADO;IGNORADO;IGNORADO;IGNORADO
21557;Cabreúva;3508405;42.0;FEMININO;CONFIRMADO;2020-06-17;0;IGNORADO;IGNORADO;IGNORADO;IGNORADO;IGNORADO;IGNORADO;IGNORADO;IGNORADO;IGNORADO;IGNORADO;IGNORADO;IGNORADO;IGNORADO
21558;Vargem Grande Paulista;3556453;75.0;FEMININO;CONFIRMADO;2020-07-05;0;IGNORADO;IGNORADO;IGNORADO;IGNORADO;IGNORADO;IGNORADO;IGNORADO;IGNORADO;IGNORADO;IGNORADO;IGNORADO;IGNORADO;IGNORADO
21559;Piracicaba;3538709;39.0;FEMININO;CONFIRMADO;2020-06-02;0;IGNORADO;IGNORADO;IGNORADO;IGNORADO;IGNORADO;IGNORADO;IGNORADO;IGNORADO;IGNORADO;IGNORADO;IGNORADO;IGNORADO;IGNORADO
21560;Osasco;3534401;29.0;FEMININO;CONFIRMADO;2020-05-07;0;IGNORADO;IGNORADO;IGNORADO;IGNORADO;IGNORADO;IGNORADO;IGNORADO;IGNORADO;IGNORADO;IGNORADO;IGNORADO;IGNORADO;IGNORADO
21561;Itupeva;3524006;39.0;FEMININO;CONFIRMADO;2020-07-02;0;IGNORADO;IGNORADO;IGNORADO;IGNORADO;IGNORADO;IGNORADO;IGNORADO;IGNORADO;IGNORADO;IGNORADO;IGNORADO;IGNORADO;IGNORADO
21562;Itápolis;3522703;49.0;FEMININO;CONFIRMADO;2020-11-19;0;IGNORADO;IGNORADO;IGNORADO;IGNORADO;IGNORADO;IGNORADO;IGNORADO;IGNORADO;IGNORADO;IGNORADO;IGNORADO;IGNORADO;IGNORADO
21563;São Paulo;3550308;33.0;MASCULINO;CONFIRMADO;2020-07-17;0;IGNORADO;IGNORADO;IGNORADO;IGNORADO;IGNORADO;IGNORADO;IGNORADO;IGNORADO;IGNORADO;IGNORADO;IGNORADO;IGNORADO;IGNORADO
21564;Cotia;3513009;35.0;FEMININO;CONFIRMADO;2020-05-18;0;IGNORADO;IGNORADO;IGNORADO;IGNORADO;IGNORADO;IGNORADO;IGNORADO;IGNORADO;IGNORADO;IGNORADO;IGNORADO;IGNORADO;IGNORADO
21565;Guarulhos;3518800;39.0;FEMININO;CONFIRMADO;2020-09-17;0;IGNORADO;IGNORADO;IGNORADO;IGNORADO;IGNORADO;IGNORADO;IGNORADO;IGNORADO;IGNORADO;IGNORADO;IGNORADO;IGNORADO;IGNORADO
21566;Paraguaçu Paulista;3535507;75.0;FEMININO;CONFIRMADO;2020-10-15;0;NÃO;NÃO;NÃO;NÃO;NÃO;NÃO;NÃO;NÃO;NÃO;SIM;NÃO;NÃO;NÃO
21567;Guarulhos;3518800;38.0;FEMININO;CONFIRMADO;2020-04-02;0;IGNORADO;IGNORADO;IGNORADO;IGNORADO;IGNORADO;IGNORADO;IGNORADO;IGNORADO;IGNORADO;IGNORADO;IGNORADO;IGNORADO;IGNORADO
21568;Fernandópolis;3515509;23.0;FEMININO;CONFIRMADO;2020-07-17;0;IGNORADO;IGNORADO;IGNORADO;IGNORADO;IGNORADO;IGNORADO;IGNORADO;IGNORADO;IGNORADO;IGNORADO;IGNORADO;IGNORADO;IGNORADO
21569;São Paulo;3550308;55.0;MASCULINO;CONFIRMADO;2020-04-01;0;IGNORADO;IGNORADO;SIM;IGNORADO;IGNORADO;IGNORADO;IGNORADO;IGNORADO;IGNORADO;IGNORADO;IGNORADO;IGNORADO;IGNORADO
21570;Ibirarema;3519501;51.0;FEMININO;CONFIRMADO;2020-12-01;0;IGNORADO;IGNORADO;IGNORADO;IGNORADO;IGNORADO;IGNORADO;IGNORADO;IGNORADO;IGNORADO;IGNORADO;IGNORADO;IGNORADO;IGNORADO
21571;Campinas;3509502;30.0;MASCULINO;CONFIRMADO;2020-07-16;0;IGNORADO;IGNORADO;IGNORADO;IGNORADO;IGNORADO;IGNORADO;IGNORADO;IGNORADO;IGNORADO;IGNORADO;IGNORADO;IGNORADO;IGNORADO
21572;São Paulo;3550308;24.0;FEMININO;CONFIRMADO;2020-06-04;0;IGNORADO;IGNORADO;IGNORADO;IGNORADO;IGNORADO;IGNORADO;IGNORADO;IGNORADO;IGNORADO;IGNORADO;IGNORADO;IGNORADO;IGNORADO
21573;Getulina;3517000;35.0;FEMININO;CONFIRMADO;2020-08-22;0;IGNORADO;IGNORADO;IGNORADO;IGNORADO;IGNORADO;IGNORADO;IGNORADO;IGNORADO;IGNORADO;IGNORADO;IGNORADO;IGNORADO;IGNORADO
21574;Tietê;3554508;41.0;MASCULINO;CONFIRMADO;2020-06-16;0;IGNORADO;IGNORADO;IGNORADO;IGNORADO;IGNORADO;IGNORADO;IGNORADO;IGNORADO;IGNORADO;IGNORADO;IGNORADO;IGNORADO;IGNORADO
21575;Santa Gertrudes;3546702;43.0;FEMININO;CONFIRMADO;2020-07-20;0;IGNORADO;IGNORADO;IGNORADO;IGNORADO;IGNORADO;IGNORADO;IGNORADO;IGNORADO;IGNORADO;IGNORADO;IGNORADO;IGNORADO;IGNORADO
21576;Santo André;3547809;1.0;MASCULINO;CONFIRMADO;2020-10-13;0;IGNORADO;IGNORADO;IGNORADO;IGNORADO;IGNORADO;IGNORADO;IGNORADO;IGNORADO;IGNORADO;IGNORADO;IGNORADO;IGNORADO;IGNORADO
21577;São Paulo;3550308;5.0;MASCULINO;CONFIRMADO;2020-12-06;0;IGNORADO;IGNORADO;IGNORADO;IGNORADO;IGNORADO;IGNORADO;IGNORADO;IGNORADO;IGNORADO;IGNORADO;IGNORADO;IGNORADO;IGNORADO
21578;Presidente Prudente;3541406;41.0;FEMININO;CONFIRMADO;2020-09-20;0;IGNORADO;IGNORADO;IGNORADO;IGNORADO;IGNORADO;IGNORADO;IGNORADO;IGNORADO;IGNORADO;IGNORADO;IGNORADO;IGNORADO;IGNORADO
21579;Juquitiba;3526209;24.0;MASCULINO;CONFIRMADO;2020-10-26;0;IGNORADO;IGNORADO;IGNORADO;IGNORADO;IGNORADO;IGNORADO;IGNORADO;IGNORADO;IGNORADO;IGNORADO;IGNORADO;IGNORADO;IGNORADO
21580;São Paulo;3550308;0.0;MASCULINO;CONFIRMADO;2020-06-14;0;IGNORADO;IGNORADO;IGNORADO;IGNORADO;IGNORADO;IGNORADO;IGNORADO;IGNORADO;IGNORADO;IGNORADO;IGNORADO;IGNORADO;IGNORADO
21581;São Paulo;3550308;1.0;MASCULINO;CONFIRMADO;2020-12-23;0;IGNORADO;IGNORADO;IGNORADO;IGNORADO;IGNORADO;IGNORADO;IGNORADO;IGNORADO;IGNORADO;IGNORADO;IGNORADO;IGNORADO;IGNORADO
21582;São Paulo;3550308;0.0;MASCULINO;CONFIRMADO;2020-06-14;0;IGNORADO;IGNORADO;IGNORADO;IGNORADO;IGNORADO;IGNORADO;IGNORADO;IGNORADO;IGNORADO;IGNORADO;IGNORADO;IGNORADO;IGNORADO
