;datahora;nome_drs;total_covid_uti_mm7d;pop;leitos_pc;internacoes_7d;internacoes_7d_l;internacoes_7v7
0;2020-05-19;Município de São Paulo;2868,00;11869660;24,16;5049;4728;  6,79
1;2020-05-19;Grande SP Leste; 329,14;2977781;11,05;596;480; 24,17
2;2020-05-19;Grande SP Norte;  58,14;603465; 9,63;120;110;  9,09
3;2020-05-19;Grande SP Oeste; 211,14;1858252;11,36;544;434; 25,35
4;2020-05-19;Grande SP Sudeste; 536,57;2690590;19,94;970;825; 17,58
5;2020-05-19;Grande SP Sudoeste;  98,86;1138499; 8,68;339;288; 17,71
6;2020-05-19;DRS 02 Araçatuba;  46,71;764041; 6,11;44;64;-31,25
7;2020-05-19;DRS 03 Araraquara;  76,43;991435; 7,71;160;70;128,57
8;2020-05-19;DRS 04 Baixada Santista; 274,57;1831884;14,99;487;397; 22,67
9;2020-05-19;DRS 05 Barretos;  55,00;425090;12,94;91;55; 65,45
10;2020-05-19;DRS 06 Bauru; 118,14;1741281; 6,78;268;191; 40,31
11;2020-05-19;DRS 07 Campinas; 572,71;4562125;12,55;658;557; 18,13
12;2020-05-19;DRS 08 Franca;  31,43;696336; 4,51;35;36; -2,78
13;2020-05-19;DRS 09 Marília; 100,71;1109670; 9,08;67;83;-19,28
14;2020-05-19;DRS 10 Piracicaba; 114,86;1539600; 7,46;135;116; 16,38
15;2020-05-19;DRS 11 Presidente Prudente;  42,57;752260; 5,66;88;89; -1,12
16;2020-05-19;DRS 12 Registro;  22,00;278754; 7,89;19;12; 58,33
17;2020-05-19;DRS 13 Ribeirão Preto; 116,00;1477530; 7,85;173;179; -3,35
18;2020-05-19;DRS 14 São João da Boa Vista;  79,00;809836; 9,76;74;65; 13,85
19;2020-05-19;DRS 15 São José do Rio Preto; 199,43;1570421;12,70;178;155; 14,84
20;2020-05-19;DRS 16 Sorocaba; 164,71;2461760; 6,69;232;176; 31,82
21;2020-05-19;DRS 17 Taubaté; 207,29;2489629; 8,33;317;255; 24,31
22;2020-05-19;Estado de São Paulo;6323,43;44639899;14,17;10644;9365; 13,66
23;2020-05-20;Município de São Paulo;2912,71;11869660;24,54;5055;4752;  6,38
24;2020-05-20;Grande SP Leste; 333,29;2977781;11,19;612;488; 25,41
25;2020-05-20;Grande SP Norte;  60,57;603465;10,04;115;110;  4,55
26;2020-05-20;Grande SP Oeste; 212,71;1858252;11,45;548;449; 22,05
27;2020-05-20;Grande SP Sudeste; 551,00;2690590;20,48;986;829; 18,94
28;2020-05-20;Grande SP Sudoeste;  99,14;1138499; 8,71;359;283; 26,86
29;2020-05-20;DRS 02 Araçatuba;  47,43;764041; 6,21;49;62;-20,97
30;2020-05-20;DRS 03 Araraquara;  77,86;991435; 7,85;157;81; 93,83
31;2020-05-20;DRS 04 Baixada Santista; 277,86;1831884;15,17;512;408; 25,49
32;2020-05-20;DRS 05 Barretos;  55,00;425090;12,94;96;54; 77,78
33;2020-05-20;DRS 06 Bauru; 118,00;1741281; 6,78;261;206; 26,70
34;2020-05-20;DRS 07 Campinas; 574,00;4562125;12,58;701;561; 24,96
35;2020-05-20;DRS 08 Franca;  31,00;696336; 4,45;39;34; 14,71
36;2020-05-20;DRS 09 Marília; 101,86;1109670; 9,18;66;79;-16,46
37;2020-05-20;DRS 10 Piracicaba; 114,00;1539600; 7,40;141;117; 20,51
38;2020-05-20;DRS 11 Presidente Prudente;  42,29;752260; 5,62;79;101;-21,78
39;2020-05-20;DRS 12 Registro;  22,00;278754; 7,89;18;10; 80,00
40;2020-05-20;DRS 13 Ribeirão Preto; 115,57;1477530; 7,82;193;162; 19,14
41;2020-05-20;DRS 14 São João da Boa Vista;  79,00;809836; 9,76;75;59; 27,12
42;2020-05-20;DRS 15 São José do Rio Preto; 200,57;1570421;12,77;182;154; 18,18
43;2020-05-20;DRS 16 Sorocaba; 164,43;2461760; 6,68;244;178; 37,08
44;2020-05-20;DRS 17 Taubaté; 210,86;2489629; 8,47;329;263; 25,10
45;2020-05-20;Estado de São Paulo;6401,14;44639899;14,34;10817;9440; 14,59
46;2020-05-21;Município de São Paulo;2947,71;11869660;24,83;5136;4775;  7,56
47;2020-05-21;Grande SP Leste; 338,00;2977781;11,35;636;509; 24,95
48;2020-05-21;Grande SP Norte;  63,43;603465;10,51;108;120;-10,00
49;2020-05-21;Grande SP Oeste; 215,00;1858252;11,57;539;487; 10,68
50;2020-05-21;Grande SP Sudeste; 561,14;2690590;20,86;1014;829; 22,32
51;2020-05-21;Grande SP Sudoeste;  99,57;1138499; 8,75;370;270; 37,04
52;2020-05-21;DRS 02 Araçatuba;  47,86;764041; 6,26;42;68;-38,24
53;2020-05-21;DRS 03 Araraquara;  79,14;991435; 7,98;167;79;111,39
54;2020-05-21;DRS 04 Baixada Santista; 284,29;1831884;15,52;531;411; 29,20
55;2020-05-21;DRS 05 Barretos;  54,43;425090;12,80;92;63; 46,03
56;2020-05-21;DRS 06 Bauru; 119,00;1741281; 6,83;254;223; 13,90
57;2020-05-21;DRS 07 Campinas; 574,29;4562125;12,59;732;567; 29,10
58;2020-05-21;DRS 08 Franca;  31,00;696336; 4,45;43;33; 30,30
59;2020-05-21;DRS 09 Marília; 103,57;1109670; 9,33;68;65;  4,62
60;2020-05-21;DRS 10 Piracicaba; 114,57;1539600; 7,44;156;108; 44,44
61;2020-05-21;DRS 11 Presidente Prudente;  42,29;752260; 5,62;90;92; -2,17
62;2020-05-21;DRS 12 Registro;  22,00;278754; 7,89;20;12; 66,67
63;2020-05-21;DRS 13 Ribeirão Preto; 113,86;1477530; 7,71;202;143; 41,26
64;2020-05-21;DRS 14 São João da Boa Vista;  79,00;809836; 9,76;70;67;  4,48
65;2020-05-21;DRS 15 São José do Rio Preto; 203,71;1570421;12,97;185;168; 10,12
66;2020-05-21;DRS 16 Sorocaba; 166,57;2461760; 6,77;244;196; 24,49
67;2020-05-21;DRS 17 Taubaté; 211,00;2489629; 8,48;341;275; 24,00
68;2020-05-21;Estado de São Paulo;6471,43;44639899;14,50;11040;9560; 15,48
69;2020-05-22;Município de São Paulo;2971,71;11869660;25,04;5167;4803;  7,58
70;2020-05-22;Grande SP Leste; 343,00;2977781;11,52;665;522; 27,39
71;2020-05-22;Grande SP Norte;  65,57;603465;10,87;107;116; -7,76
72;2020-05-22;Grande SP Oeste; 217,43;1858252;11,70;549;497; 10,46
73;2020-05-22;Grande SP Sudeste; 569,86;2690590;21,18;1043;831; 25,51
74;2020-05-22;Grande SP Sudoeste; 100,57;1138499; 8,83;410;266; 54,14
75;2020-05-22;DRS 02 Araçatuba;  50,71;764041; 6,64;40;63;-36,51
76;2020-05-22;DRS 03 Araraquara;  79,57;991435; 8,03;168;91; 84,62
77;2020-05-22;DRS 04 Baixada Santista; 290,71;1831884;15,87;516;427; 20,84
78;2020-05-22;DRS 05 Barretos;  53,86;425090;12,67;87;73; 19,18
79;2020-05-22;DRS 06 Bauru; 117,86;1741281; 6,77;253;226; 11,95
80;2020-05-22;DRS 07 Campinas; 575,00;4562125;12,60;754;584; 29,11
81;2020-05-22;DRS 08 Franca;  31,00;696336; 4,45;39;33; 18,18
82;2020-05-22;DRS 09 Marília; 104,14;1109670; 9,38;63;60;  5,00
83;2020-05-22;DRS 10 Piracicaba; 114,71;1539600; 7,45;164;107; 53,27
84;2020-05-22;DRS 11 Presidente Prudente;  42,29;752260; 5,62;84;92; -8,70
85;2020-05-22;DRS 12 Registro;  22,00;278754; 7,89;20;13; 53,85
86;2020-05-22;DRS 13 Ribeirão Preto; 112,00;1477530; 7,58;198;153; 29,41
87;2020-05-22;DRS 14 São João da Boa Vista;  78,57;809836; 9,70;71;67;  5,97
88;2020-05-22;DRS 15 São José do Rio Preto; 204,43;1570421;13,02;199;166; 19,88
89;2020-05-22;DRS 16 Sorocaba; 167,14;2461760; 6,79;258;204; 26,47
90;2020-05-22;DRS 17 Taubaté; 211,57;2489629; 8,50;336;295; 13,90
91;2020-05-22;Estado de São Paulo;6523,71;44639899;14,61;11191;9689; 15,50
92;2020-05-23;Município de São Paulo;2983,00;11869660;25,13;5121;5007;  2,28
93;2020-05-23;Grande SP Leste; 345,71;2977781;11,61;678;556; 21,94
94;2020-05-23;Grande SP Norte;  67,43;603465;11,17;114;115; -0,87
95;2020-05-23;Grande SP Oeste; 218,86;1858252;11,78;542;514;  5,45
96;2020-05-23;Grande SP Sudeste; 577,14;2690590;21,45;1041;871; 19,52
97;2020-05-23;Grande SP Sudoeste; 101,14;1138499; 8,88;378;282; 34,04
98;2020-05-23;DRS 02 Araçatuba;  53,14;764041; 6,96;48;56;-14,29
99;2020-05-23;DRS 03 Araraquara;  85,71;991435; 8,65;171;112; 52,68
100;2020-05-23;DRS 04 Baixada Santista; 299,00;1831884;16,32;542;443; 22,35
101;2020-05-23;DRS 05 Barretos;  53,29;425090;12,54;86;76; 13,16
102;2020-05-23;DRS 06 Bauru; 118,43;1741281; 6,80;256;236;  8,47
103;2020-05-23;DRS 07 Campinas; 574,14;4562125;12,58;771;610; 26,39
104;2020-05-23;DRS 08 Franca;  31,29;696336; 4,49;33;36; -8,33
105;2020-05-23;DRS 09 Marília; 105,14;1109670; 9,47;60;62; -3,23
106;2020-05-23;DRS 10 Piracicaba; 113,86;1539600; 7,40;161;119; 35,29
107;2020-05-23;DRS 11 Presidente Prudente;  42,43;752260; 5,64;85;98;-13,27
108;2020-05-23;DRS 12 Registro;  22,00;278754; 7,89;22;13; 69,23
109;2020-05-23;DRS 13 Ribeirão Preto; 110,43;1477530; 7,47;202;163; 23,93
110;2020-05-23;DRS 14 São João da Boa Vista;  78,00;809836; 9,63;75;69;  8,70
111;2020-05-23;DRS 15 São José do Rio Preto; 199,57;1570421;12,71;224;160; 40,00
112;2020-05-23;DRS 16 Sorocaba; 167,00;2461760; 6,78;256;217; 17,97
113;2020-05-23;DRS 17 Taubaté; 210,86;2489629; 8,47;368;295; 24,75
114;2020-05-23;Estado de São Paulo;6557,57;44639899;14,69;11234;10110; 11,12
115;2020-05-24;Município de São Paulo;3042,43;11869660;25,63;5202;5072;  2,56
116;2020-05-24;Grande SP Leste; 348,14;2977781;11,69;673;579; 16,23
117;2020-05-24;Grande SP Norte;  70,57;603465;11,69;134;112; 19,64
118;2020-05-24;Grande SP Oeste; 222,86;1858252;11,99;566;524;  8,02
119;2020-05-24;Grande SP Sudeste; 583,43;2690590;21,68;1070;927; 15,43
120;2020-05-24;Grande SP Sudoeste; 102,00;1138499; 8,96;378;285; 32,63
121;2020-05-24;DRS 02 Araçatuba;  55,57;764041; 7,27;57;49; 16,33
122;2020-05-24;DRS 03 Araraquara;  86,14;991435; 8,69;177;120; 47,50
123;2020-05-24;DRS 04 Baixada Santista; 307,71;1831884;16,80;556;442; 25,79
124;2020-05-24;DRS 05 Barretos;  53,29;425090;12,54;70;86;-18,60
125;2020-05-24;DRS 06 Bauru; 118,86;1741281; 6,83;261;263; -0,76
126;2020-05-24;DRS 07 Campinas; 576,29;4562125;12,63;796;629; 26,55
127;2020-05-24;DRS 08 Franca;  31,57;696336; 4,53;33;35; -5,71
128;2020-05-24;DRS 09 Marília; 105,43;1109670; 9,50;63;65; -3,08
129;2020-05-24;DRS 10 Piracicaba; 116,00;1539600; 7,53;164;133; 23,31
130;2020-05-24;DRS 11 Presidente Prudente;  42,71;752260; 5,68;79;92;-14,13
131;2020-05-24;DRS 12 Registro;  22,00;278754; 7,89;24;14; 71,43
132;2020-05-24;DRS 13 Ribeirão Preto; 114,71;1477530; 7,76;200;167; 19,76
133;2020-05-24;DRS 14 São João da Boa Vista;  77,71;809836; 9,60;74;65; 13,85
134;2020-05-24;DRS 15 São José do Rio Preto; 202,14;1570421;12,87;237;166; 42,77
135;2020-05-24;DRS 16 Sorocaba; 165,43;2461760; 6,72;252;238;  5,88
136;2020-05-24;DRS 17 Taubaté; 211,43;2489629; 8,49;379;291; 30,24
137;2020-05-24;Estado de São Paulo;6656,43;44639899;14,91;11445;10354; 10,54
138;2020-05-25;Município de São Paulo;3070,86;11869660;25,87;5306;5081;  4,43
139;2020-05-25;Grande SP Leste; 351,71;2977781;11,81;672;594; 13,13
140;2020-05-25;Grande SP Norte;  72,86;603465;12,07;133;122;  9,02
141;2020-05-25;Grande SP Oeste; 224,43;1858252;12,08;562;541;  3,88
142;2020-05-25;Grande SP Sudeste; 596,43;2690590;22,17;1118;934; 19,70
143;2020-05-25;Grande SP Sudoeste; 103,43;1138499; 9,08;352;329;  6,99
144;2020-05-25;DRS 02 Araçatuba;  57,86;764041; 7,57;57;43; 32,56
145;2020-05-25;DRS 03 Araraquara;  86,57;991435; 8,73;151;156; -3,21
146;2020-05-25;DRS 04 Baixada Santista; 315,43;1831884;17,22;565;451; 25,28
147;2020-05-25;DRS 05 Barretos;  53,29;425090;12,54;71;85;-16,47
148;2020-05-25;DRS 06 Bauru; 119,71;1741281; 6,87;262;268; -2,24
149;2020-05-25;DRS 07 Campinas; 576,29;4562125;12,63;802;637; 25,90
150;2020-05-25;DRS 08 Franca;  31,86;696336; 4,58;35;38; -7,89
151;2020-05-25;DRS 09 Marília; 106,57;1109670; 9,60;63;65; -3,08
152;2020-05-25;DRS 10 Piracicaba; 117,86;1539600; 7,66;169;141; 19,86
153;2020-05-25;DRS 11 Presidente Prudente;  42,57;752260; 5,66;77;89;-13,48
154;2020-05-25;DRS 12 Registro;  22,00;278754; 7,89;23;14; 64,29
155;2020-05-25;DRS 13 Ribeirão Preto; 118,29;1477530; 8,01;208;177; 17,51
156;2020-05-25;DRS 14 São João da Boa Vista;  77,86;809836; 9,61;73;74; -1,35
157;2020-05-25;DRS 15 São José do Rio Preto; 202,86;1570421;12,92;241;168; 43,45
158;2020-05-25;DRS 16 Sorocaba; 165,29;2461760; 6,71;258;244;  5,74
159;2020-05-25;DRS 17 Taubaté; 210,00;2489629; 8,43;389;305; 27,54
160;2020-05-25;Estado de São Paulo;6724,00;44639899;15,06;11587;10556;  9,77
161;2020-05-26;Município de São Paulo;3091,14;11869660;26,04;5335;5049;  5,66
162;2020-05-26;Grande SP Leste; 352,00;2977781;11,82;669;596; 12,25
163;2020-05-26;Grande SP Norte;  74,29;603465;12,31;125;120;  4,17
164;2020-05-26;Grande SP Oeste; 225,14;1858252;12,12;568;544;  4,41
165;2020-05-26;Grande SP Sudeste; 600,86;2690590;22,33;1120;970; 15,46
166;2020-05-26;Grande SP Sudoeste; 104,14;1138499; 9,15;344;339;  1,47
167;2020-05-26;DRS 02 Araçatuba;  61,14;764041; 8,00;56;44; 27,27
168;2020-05-26;DRS 03 Araraquara;  85,57;991435; 8,63;145;160; -9,37
169;2020-05-26;DRS 04 Baixada Santista; 322,29;1831884;17,59;535;487;  9,86
170;2020-05-26;DRS 05 Barretos;  53,29;425090;12,54;65;91;-28,57
171;2020-05-26;DRS 06 Bauru; 119,71;1741281; 6,87;264;268; -1,49
172;2020-05-26;DRS 07 Campinas; 577,57;4562125;12,66;797;658; 21,12
173;2020-05-26;DRS 08 Franca;  31,57;696336; 4,53;38;35;  8,57
174;2020-05-26;DRS 09 Marília; 107,71;1109670; 9,71;64;67; -4,48
175;2020-05-26;DRS 10 Piracicaba; 118,29;1539600; 7,68;175;135; 29,63
176;2020-05-26;DRS 11 Presidente Prudente;  42,86;752260; 5,70;69;88;-21,59
177;2020-05-26;DRS 12 Registro;  22,00;278754; 7,89;23;19; 21,05
178;2020-05-26;DRS 13 Ribeirão Preto; 121,71;1477530; 8,24;223;173; 28,90
179;2020-05-26;DRS 14 São João da Boa Vista;  78,00;809836; 9,63;77;74;  4,05
180;2020-05-26;DRS 15 São José do Rio Preto; 203,57;1570421;12,96;247;178; 38,76
181;2020-05-26;DRS 16 Sorocaba; 165,71;2461760; 6,73;279;232; 20,26
182;2020-05-26;DRS 17 Taubaté; 211,14;2489629; 8,48;384;317; 21,14
183;2020-05-26;Estado de São Paulo;6769,71;44639899;15,17;11602;10644;  9,00
184;2020-05-27;Município de São Paulo;3121,29;11869660;26,30;5358;5055;  5,99
185;2020-05-27;Grande SP Leste; 355,00;2977781;11,92;681;612; 11,27
186;2020-05-27;Grande SP Norte;  74,29;603465;12,31;145;115; 26,09
187;2020-05-27;Grande SP Oeste; 226,43;1858252;12,19;578;548;  5,47
188;2020-05-27;Grande SP Sudeste; 598,86;2690590;22,26;1136;986; 15,21
189;2020-05-27;Grande SP Sudoeste; 105,14;1138499; 9,23;341;359; -5,01
190;2020-05-27;DRS 02 Araçatuba;  63,43;764041; 8,30;50;49;  2,04
191;2020-05-27;DRS 03 Araraquara;  84,57;991435; 8,53;149;157; -5,10
192;2020-05-27;DRS 04 Baixada Santista; 330,86;1831884;18,06;535;512;  4,49
193;2020-05-27;DRS 05 Barretos;  53,71;425090;12,63;59;96;-38,54
194;2020-05-27;DRS 06 Bauru; 120,14;1741281; 6,90;260;261; -0,38
195;2020-05-27;DRS 07 Campinas; 579,57;4562125;12,70;769;701;  9,70
196;2020-05-27;DRS 08 Franca;  31,57;696336; 4,53;37;39; -5,13
197;2020-05-27;DRS 09 Marília; 107,71;1109670; 9,71;65;66; -1,52
198;2020-05-27;DRS 10 Piracicaba; 119,71;1539600; 7,78;179;141; 26,95
199;2020-05-27;DRS 11 Presidente Prudente;  43,00;752260; 5,72;58;79;-26,58
200;2020-05-27;DRS 12 Registro;  22,00;278754; 7,89;25;18; 38,89
201;2020-05-27;DRS 13 Ribeirão Preto; 124,86;1477530; 8,45;220;193; 13,99
202;2020-05-27;DRS 14 São João da Boa Vista;  78,00;809836; 9,63;78;75;  4,00
203;2020-05-27;DRS 15 São José do Rio Preto; 203,57;1570421;12,96;245;182; 34,62
204;2020-05-27;DRS 16 Sorocaba; 165,86;2461760; 6,74;281;244; 15,16
205;2020-05-27;DRS 17 Taubaté; 213,57;2489629; 8,58;363;329; 10,33
206;2020-05-27;Estado de São Paulo;6823,14;44639899;15,28;11612;10817;  7,35
207;2020-05-28;Município de São Paulo;3156,57;11869660;26,59;5412;5136;  5,37
208;2020-05-28;Grande SP Leste; 356,29;2977781;11,96;644;636;  1,26
209;2020-05-28;Grande SP Norte;  74,14;603465;12,29;153;108; 41,67
210;2020-05-28;Grande SP Oeste; 226,00;1858252;12,16;575;539;  6,68
211;2020-05-28;Grande SP Sudeste; 598,71;2690590;22,25;1152;1014; 13,61
212;2020-05-28;Grande SP Sudoeste; 106,00;1138499; 9,31;334;370; -9,73
213;2020-05-28;DRS 02 Araçatuba;  66,00;764041; 8,64;52;42; 23,81
214;2020-05-28;DRS 03 Araraquara;  84,00;991435; 8,47;138;167;-17,37
215;2020-05-28;DRS 04 Baixada Santista; 336,86;1831884;18,39;545;531;  2,64
216;2020-05-28;DRS 05 Barretos;  54,29;425090;12,77;51;92;-44,57
217;2020-05-28;DRS 06 Bauru; 119,71;1741281; 6,87;256;254;  0,79
218;2020-05-28;DRS 07 Campinas; 580,43;4562125;12,72;751;732;  2,60
219;2020-05-28;DRS 08 Franca;  31,57;696336; 4,53;36;43;-16,28
220;2020-05-28;DRS 09 Marília; 106,86;1109670; 9,63;73;68;  7,35
221;2020-05-28;DRS 10 Piracicaba; 117,86;1539600; 7,66;161;156;  3,21
222;2020-05-28;DRS 11 Presidente Prudente;  43,57;752260; 5,79;49;90;-45,56
223;2020-05-28;DRS 12 Registro;  22,00;278754; 7,89;27;20; 35,00
224;2020-05-28;DRS 13 Ribeirão Preto; 130,14;1477530; 8,81;218;202;  7,92
225;2020-05-28;DRS 14 São João da Boa Vista;  78,00;809836; 9,63;83;70; 18,57
226;2020-05-28;DRS 15 São José do Rio Preto; 201,29;1570421;12,82;241;185; 30,27
227;2020-05-28;DRS 16 Sorocaba; 163,57;2461760; 6,64;273;244; 11,89
228;2020-05-28;DRS 17 Taubaté; 219,57;2489629; 8,82;360;341;  5,57
229;2020-05-28;Estado de São Paulo;6873,43;44639899;15,40;11584;11040;  4,93
230;2020-05-29;Município de São Paulo;3192,43;11869660;26,90;5486;5167;  6,17
231;2020-05-29;Grande SP Leste; 364,29;2977781;12,23;649;665; -2,41
232;2020-05-29;Grande SP Norte;  71,00;603465;11,77;165;107; 54,21
233;2020-05-29;Grande SP Oeste; 225,00;1858252;12,11;585;549;  6,56
234;2020-05-29;Grande SP Sudeste; 609,00;2690590;22,63;1151;1043; 10,35
235;2020-05-29;Grande SP Sudoeste; 107,57;1138499; 9,45;294;410;-28,29
236;2020-05-29;DRS 02 Araçatuba;  66,00;764041; 8,64;52;40; 30,00
237;2020-05-29;DRS 03 Araraquara;  81,86;991435; 8,26;143;168;-14,88
238;2020-05-29;DRS 04 Baixada Santista; 343,86;1831884;18,77;558;516;  8,14
239;2020-05-29;DRS 05 Barretos;  54,86;425090;12,91;46;87;-47,13
240;2020-05-29;DRS 06 Bauru; 119,71;1741281; 6,87;236;253; -6,72
241;2020-05-29;DRS 07 Campinas; 584,86;4562125;12,82;758;754;  0,53
242;2020-05-29;DRS 08 Franca;  32,00;696336; 4,60;38;39; -2,56
243;2020-05-29;DRS 09 Marília; 106,86;1109670; 9,63;80;63; 26,98
244;2020-05-29;DRS 10 Piracicaba; 119,43;1539600; 7,76;155;164; -5,49
245;2020-05-29;DRS 11 Presidente Prudente;  43,71;752260; 5,81;50;84;-40,48
246;2020-05-29;DRS 12 Registro;  22,00;278754; 7,89;26;20; 30,00
247;2020-05-29;DRS 13 Ribeirão Preto; 135,71;1477530; 9,18;221;198; 11,62
248;2020-05-29;DRS 14 São João da Boa Vista;  77,86;809836; 9,61;84;71; 18,31
249;2020-05-29;DRS 15 São José do Rio Preto; 201,29;1570421;12,82;246;199; 23,62
250;2020-05-29;DRS 16 Sorocaba; 164,57;2461760; 6,69;267;258;  3,49
251;2020-05-29;DRS 17 Taubaté; 227,00;2489629; 9,12;351;336;  4,46
252;2020-05-29;Estado de São Paulo;6950,86;44639899;15,57;11641;11191;  4,02
253;2020-05-30;Município de São Paulo;3228,71;11869660;27,20;5636;5121; 10,06
254;2020-05-30;Grande SP Leste; 369,71;2977781;12,42;635;678; -6,34
255;2020-05-30;Grande SP Norte;  70,71;603465;11,72;155;114; 35,96
256;2020-05-30;Grande SP Oeste; 225,00;1858252;12,11;589;542;  8,67
257;2020-05-30;Grande SP Sudeste; 619,29;2690590;23,02;1189;1041; 14,22
258;2020-05-30;Grande SP Sudoeste; 109,71;1138499; 9,64;298;378;-21,16
259;2020-05-30;DRS 02 Araçatuba;  66,00;764041; 8,64;51;48;  6,25
260;2020-05-30;DRS 03 Araraquara;  74,86;991435; 7,55;129;171;-24,56
261;2020-05-30;DRS 04 Baixada Santista; 349,57;1831884;19,08;569;542;  4,98
262;2020-05-30;DRS 05 Barretos;  55,43;425090;13,04;48;86;-44,19
263;2020-05-30;DRS 06 Bauru; 119,71;1741281; 6,87;221;256;-13,67
264;2020-05-30;DRS 07 Campinas; 588,71;4562125;12,90;779;771;  1,04
265;2020-05-30;DRS 08 Franca;  32,29;696336; 4,64;38;33; 15,15
266;2020-05-30;DRS 09 Marília; 107,00;1109670; 9,64;92;60; 53,33
267;2020-05-30;DRS 10 Piracicaba; 121,57;1539600; 7,90;153;161; -4,97
268;2020-05-30;DRS 11 Presidente Prudente;  43,57;752260; 5,79;38;85;-55,29
269;2020-05-30;DRS 12 Registro;  22,00;278754; 7,89;25;22; 13,64
270;2020-05-30;DRS 13 Ribeirão Preto; 142,14;1477530; 9,62;219;202;  8,42
271;2020-05-30;DRS 14 São João da Boa Vista;  78,00;809836; 9,63;84;75; 12,00
272;2020-05-30;DRS 15 São José do Rio Preto; 201,29;1570421;12,82;236;224;  5,36
273;2020-05-30;DRS 16 Sorocaba; 164,71;2461760; 6,69;282;256; 10,16
274;2020-05-30;DRS 17 Taubaté; 234,29;2489629; 9,41;323;368;-12,23
275;2020-05-30;Estado de São Paulo;7024,29;44639899;15,74;11789;11234;  4,94
276;2020-05-31;Município de São Paulo;3232,71;11869660;27,24;5633;5202;  8,29
277;2020-05-31;Grande SP Leste; 375,57;2977781;12,61;634;673; -5,79
278;2020-05-31;Grande SP Norte;  69,00;603465;11,43;132;134; -1,49
279;2020-05-31;Grande SP Oeste; 219,86;1858252;11,83;566;566;  0,00
280;2020-05-31;Grande SP Sudeste; 628,14;2690590;23,35;1198;1070; 11,96
281;2020-05-31;Grande SP Sudoeste; 111,29;1138499; 9,78;276;378;-26,98
282;2020-05-31;DRS 02 Araçatuba;  66,14;764041; 8,66;50;57;-12,28
283;2020-05-31;DRS 03 Araraquara;  72,71;991435; 7,33;113;177;-36,16
284;2020-05-31;DRS 04 Baixada Santista; 355,43;1831884;19,40;582;556;  4,68
285;2020-05-31;DRS 05 Barretos;  55,43;425090;13,04;50;70;-28,57
286;2020-05-31;DRS 06 Bauru; 119,86;1741281; 6,88;205;261;-21,46
287;2020-05-31;DRS 07 Campinas; 593,00;4562125;13,00;770;796; -3,27
288;2020-05-31;DRS 08 Franca;  32,14;696336; 4,62;40;33; 21,21
289;2020-05-31;DRS 09 Marília; 107,00;1109670; 9,64;98;63; 55,56
290;2020-05-31;DRS 10 Piracicaba; 123,29;1539600; 8,01;152;164; -7,32
291;2020-05-31;DRS 11 Presidente Prudente;  43,43;752260; 5,77;45;79;-43,04
292;2020-05-31;DRS 12 Registro;  22,00;278754; 7,89;26;24;  8,33
293;2020-05-31;DRS 13 Ribeirão Preto; 142,86;1477530; 9,67;232;200; 16,00
294;2020-05-31;DRS 14 São João da Boa Vista;  78,57;809836; 9,70;86;74; 16,22
295;2020-05-31;DRS 15 São José do Rio Preto; 199,71;1570421;12,72;232;237; -2,11
296;2020-05-31;DRS 16 Sorocaba; 165,14;2461760; 6,71;282;252; 11,90
297;2020-05-31;DRS 17 Taubaté; 240,29;2489629; 9,65;313;379;-17,41
298;2020-05-31;Estado de São Paulo;7053,57;44639899;15,80;11715;11445;  2,36
299;2020-06-01;Município de São Paulo;3283,86;11869660;27,67;5679;5306;  7,03
300;2020-06-01;Grande SP Leste; 379,00;2977781;12,73;643;672; -4,32
301;2020-06-01;Grande SP Norte;  67,86;603465;11,25;128;133; -3,76
302;2020-06-01;Grande SP Oeste; 218,29;1858252;11,75;555;562; -1,25
303;2020-06-01;Grande SP Sudeste; 631,57;2690590;23,47;1207;1118;  7,96
304;2020-06-01;Grande SP Sudoeste; 112,43;1138499; 9,88;258;352;-26,70
305;2020-06-01;DRS 02 Araçatuba;  66,14;764041; 8,66;62;57;  8,77
306;2020-06-01;DRS 03 Araraquara;  70,57;991435; 7,12;118;151;-21,85
307;2020-06-01;DRS 04 Baixada Santista; 360,86;1831884;19,70;591;565;  4,60
308;2020-06-01;DRS 05 Barretos;  55,43;425090;13,04;46;71;-35,21
309;2020-06-01;DRS 06 Bauru; 122,00;1741281; 7,01;203;262;-22,52
310;2020-06-01;DRS 07 Campinas; 594,71;4562125;13,04;775;802; -3,37
311;2020-06-01;DRS 08 Franca;  32,00;696336; 4,60;45;35; 28,57
312;2020-06-01;DRS 09 Marília; 106,00;1109670; 9,55;100;63; 58,73
313;2020-06-01;DRS 10 Piracicaba; 124,14;1539600; 8,06;143;169;-15,38
314;2020-06-01;DRS 11 Presidente Prudente;  43,57;752260; 5,79;41;77;-46,75
315;2020-06-01;DRS 12 Registro;  22,00;278754; 7,89;26;23; 13,04
316;2020-06-01;DRS 13 Ribeirão Preto; 145,43;1477530; 9,84;230;208; 10,58
317;2020-06-01;DRS 14 São João da Boa Vista;  84,71;809836;10,46;88;73; 20,55
318;2020-06-01;DRS 15 São José do Rio Preto; 199,57;1570421;12,71;243;241;  0,83
319;2020-06-01;DRS 16 Sorocaba; 165,86;2461760; 6,74;268;258;  3,88
320;2020-06-01;DRS 17 Taubaté; 251,43;2489629;10,10;294;389;-24,42
321;2020-06-01;Estado de São Paulo;7137,43;44639899;15,99;11743;11587;  1,35
322;2020-06-02;Município de São Paulo;3310,71;11869660;27,89;5736;5335;  7,52
323;2020-06-02;Grande SP Leste; 383,00;2977781;12,86;677;669;  1,20
324;2020-06-02;Grande SP Norte;  67,43;603465;11,17;130;125;  4,00
325;2020-06-02;Grande SP Oeste; 219,29;1858252;11,80;556;568; -2,11
326;2020-06-02;Grande SP Sudeste; 638,00;2690590;23,71;1225;1120;  9,38
327;2020-06-02;Grande SP Sudoeste; 116,43;1138499;10,23;269;344;-21,80
328;2020-06-02;DRS 02 Araçatuba;  65,29;764041; 8,55;62;56; 10,71
329;2020-06-02;DRS 03 Araraquara;  68,43;991435; 6,90;126;145;-13,10
330;2020-06-02;DRS 04 Baixada Santista; 365,86;1831884;19,97;601;535; 12,34
331;2020-06-02;DRS 05 Barretos;  56,00;425090;13,17;45;65;-30,77
332;2020-06-02;DRS 06 Bauru; 121,43;1741281; 6,97;199;264;-24,62
333;2020-06-02;DRS 07 Campinas; 597,57;4562125;13,10;849;797;  6,52
334;2020-06-02;DRS 08 Franca;  32,29;696336; 4,64;41;38;  7,89
335;2020-06-02;DRS 09 Marília; 104,57;1109670; 9,42;102;64; 59,38
336;2020-06-02;DRS 10 Piracicaba; 127,29;1539600; 8,27;146;175;-16,57
337;2020-06-02;DRS 11 Presidente Prudente;  43,71;752260; 5,81;45;69;-34,78
338;2020-06-02;DRS 12 Registro;  22,00;278754; 7,89;22;23; -4,35
339;2020-06-02;DRS 13 Ribeirão Preto; 147,14;1477530; 9,96;241;223;  8,07
340;2020-06-02;DRS 14 São João da Boa Vista;  84,57;809836;10,44;90;77; 16,88
341;2020-06-02;DRS 15 São José do Rio Preto; 198,43;1570421;12,64;249;247;  0,81
342;2020-06-02;DRS 16 Sorocaba; 165,71;2461760; 6,73;256;279; -8,24
343;2020-06-02;DRS 17 Taubaté; 257,43;2489629;10,34;300;384;-21,88
344;2020-06-02;Estado de São Paulo;7192,57;44639899;16,11;11967;11602;  3,15
345;2020-06-03;Município de São Paulo;3337,00;11869660;28,11;5748;5358;  7,28
346;2020-06-03;Grande SP Leste; 390,71;2977781;13,12;671;681; -1,47
347;2020-06-03;Grande SP Norte;  67,29;603465;11,15;115;145;-20,69
348;2020-06-03;Grande SP Oeste; 219,29;1858252;11,80;544;578; -5,88
349;2020-06-03;Grande SP Sudeste; 654,57;2690590;24,33;1242;1136;  9,33
350;2020-06-03;Grande SP Sudoeste; 116,29;1138499;10,21;259;341;-24,05
351;2020-06-03;DRS 02 Araçatuba;  65,29;764041; 8,55;71;50; 42,00
352;2020-06-03;DRS 03 Araraquara;  67,71;991435; 6,83;136;149; -8,72
353;2020-06-03;DRS 04 Baixada Santista; 367,71;1831884;20,07;603;535; 12,71
354;2020-06-03;DRS 05 Barretos;  55,86;425090;13,14;48;59;-18,64
355;2020-06-03;DRS 06 Bauru; 121,29;1741281; 6,97;218;260;-16,15
356;2020-06-03;DRS 07 Campinas; 602,43;4562125;13,21;912;769; 18,60
357;2020-06-03;DRS 08 Franca;  32,29;696336; 4,64;42;37; 13,51
358;2020-06-03;DRS 09 Marília; 103,29;1109670; 9,31;114;65; 75,38
359;2020-06-03;DRS 10 Piracicaba; 128,86;1539600; 8,37;145;179;-18,99
360;2020-06-03;DRS 11 Presidente Prudente;  44,00;752260; 5,85;53;58; -8,62
361;2020-06-03;DRS 12 Registro;  22,71;278754; 8,15;23;25; -8,00
362;2020-06-03;DRS 13 Ribeirão Preto; 148,86;1477530;10,07;266;220; 20,91
363;2020-06-03;DRS 14 São João da Boa Vista;  85,14;809836;10,51;93;78; 19,23
364;2020-06-03;DRS 15 São José do Rio Preto; 205,71;1570421;13,10;273;245; 11,43
365;2020-06-03;DRS 16 Sorocaba; 167,14;2461760; 6,79;249;281;-11,39
366;2020-06-03;DRS 17 Taubaté; 261,00;2489629;10,48;319;363;-12,12
367;2020-06-03;Estado de São Paulo;7264,43;44639899;16,27;12144;11612;  4,58
368;2020-06-04;Município de São Paulo;3363,86;11869660;28,34;5707;5412;  5,45
369;2020-06-04;Grande SP Leste; 396,86;2977781;13,33;699;644;  8,54
370;2020-06-04;Grande SP Norte;  67,57;603465;11,20;108;153;-29,41
371;2020-06-04;Grande SP Oeste; 222,29;1858252;11,96;527;575; -8,35
372;2020-06-04;Grande SP Sudeste; 667,71;2690590;24,82;1240;1152;  7,64
373;2020-06-04;Grande SP Sudoeste; 115,86;1138499;10,18;271;334;-18,86
374;2020-06-04;DRS 02 Araçatuba;  68,00;764041; 8,90;79;52; 51,92
375;2020-06-04;DRS 03 Araraquara;  65,57;991435; 6,61;139;138;  0,72
376;2020-06-04;DRS 04 Baixada Santista; 370,14;1831884;20,21;623;545; 14,31
377;2020-06-04;DRS 05 Barretos;  55,86;425090;13,14;55;51;  7,84
378;2020-06-04;DRS 06 Bauru; 122,86;1741281; 7,06;226;256;-11,72
379;2020-06-04;DRS 07 Campinas; 604,43;4562125;13,25;942;751; 25,43
380;2020-06-04;DRS 08 Franca;  32,43;696336; 4,66;42;36; 16,67
381;2020-06-04;DRS 09 Marília; 101,86;1109670; 9,18;126;73; 72,60
382;2020-06-04;DRS 10 Piracicaba; 132,57;1539600; 8,61;163;161;  1,24
383;2020-06-04;DRS 11 Presidente Prudente;  44,00;752260; 5,85;52;49;  6,12
384;2020-06-04;DRS 12 Registro;  23,43;278754; 8,41;19;27;-29,63
385;2020-06-04;DRS 13 Ribeirão Preto; 150,43;1477530;10,18;283;218; 29,82
386;2020-06-04;DRS 14 São João da Boa Vista;  85,57;809836;10,57;97;83; 16,87
387;2020-06-04;DRS 15 São José do Rio Preto; 213,00;1570421;13,56;266;241; 10,37
388;2020-06-04;DRS 16 Sorocaba; 167,43;2461760; 6,80;258;273; -5,49
389;2020-06-04;DRS 17 Taubaté; 265,29;2489629;10,66;335;360; -6,94
390;2020-06-04;Estado de São Paulo;7337,00;44639899;16,44;12257;11584;  5,81
391;2020-06-05;Município de São Paulo;3384,86;11869660;28,52;5713;5486;  4,14
392;2020-06-05;Grande SP Leste; 398,43;2977781;13,38;688;649;  6,01
393;2020-06-05;Grande SP Norte;  70,86;603465;11,74;105;165;-36,36
394;2020-06-05;Grande SP Oeste; 224,00;1858252;12,05;512;585;-12,48
395;2020-06-05;Grande SP Sudeste; 677,86;2690590;25,19;1252;1151;  8,77
396;2020-06-05;Grande SP Sudoeste; 115,71;1138499;10,16;275;294; -6,46
397;2020-06-05;DRS 02 Araçatuba;  68,00;764041; 8,90;90;52; 73,08
398;2020-06-05;DRS 03 Araraquara;  65,86;991435; 6,64;135;143; -5,59
399;2020-06-05;DRS 04 Baixada Santista; 371,71;1831884;20,29;607;558;  8,78
400;2020-06-05;DRS 05 Barretos;  55,71;425090;13,11;68;46; 47,83
401;2020-06-05;DRS 06 Bauru; 122,86;1741281; 7,06;237;236;  0,42
402;2020-06-05;DRS 07 Campinas; 607,29;4562125;13,31;974;758; 28,50
403;2020-06-05;DRS 08 Franca;  32,14;696336; 4,62;42;38; 10,53
404;2020-06-05;DRS 09 Marília; 101,57;1109670; 9,15;129;80; 61,25
405;2020-06-05;DRS 10 Piracicaba; 132,71;1539600; 8,62;176;155; 13,55
406;2020-06-05;DRS 11 Presidente Prudente;  44,00;752260; 5,85;58;50; 16,00
407;2020-06-05;DRS 12 Registro;  24,14;278754; 8,66;18;26;-30,77
408;2020-06-05;DRS 13 Ribeirão Preto; 152,14;1477530;10,30;299;221; 35,29
409;2020-06-05;DRS 14 São João da Boa Vista;  86,14;809836;10,64;96;84; 14,29
410;2020-06-05;DRS 15 São José do Rio Preto; 220,43;1570421;14,04;276;246; 12,20
411;2020-06-05;DRS 16 Sorocaba; 166,43;2461760; 6,76;242;267; -9,36
412;2020-06-05;DRS 17 Taubaté; 268,43;2489629;10,78;357;351;  1,71
413;2020-06-05;Estado de São Paulo;7391,29;44639899;16,56;12349;11641;  6,08
414;2020-06-06;Município de São Paulo;3400,86;11869660;28,65;5667;5636;  0,55
415;2020-06-06;Grande SP Leste; 403,86;2977781;13,56;720;635; 13,39
416;2020-06-06;Grande SP Norte;  72,86;603465;12,07;108;155;-30,32
417;2020-06-06;Grande SP Oeste; 229,57;1858252;12,35;517;589;-12,22
418;2020-06-06;Grande SP Sudeste; 697,00;2690590;25,91;1301;1189;  9,42
419;2020-06-06;Grande SP Sudoeste; 114,00;1138499;10,01;276;298; -7,38
420;2020-06-06;DRS 02 Araçatuba;  68,00;764041; 8,90;91;51; 78,43
421;2020-06-06;DRS 03 Araraquara;  66,57;991435; 6,71;141;129;  9,30
422;2020-06-06;DRS 04 Baixada Santista; 379,43;1831884;20,71;595;569;  4,57
423;2020-06-06;DRS 05 Barretos;  55,57;425090;13,07;75;48; 56,25
424;2020-06-06;DRS 06 Bauru; 120,86;1741281; 6,94;249;221; 12,67
425;2020-06-06;DRS 07 Campinas; 608,14;4562125;13,33;992;779; 27,34
426;2020-06-06;DRS 08 Franca;  31,57;696336; 4,53;47;38; 23,68
427;2020-06-06;DRS 09 Marília; 102,00;1109670; 9,19;131;92; 42,39
428;2020-06-06;DRS 10 Piracicaba; 133,86;1539600; 8,69;194;153; 26,80
429;2020-06-06;DRS 11 Presidente Prudente;  44,00;752260; 5,85;63;38; 65,79
430;2020-06-06;DRS 12 Registro;  24,86;278754; 8,92;20;25;-20,00
431;2020-06-06;DRS 13 Ribeirão Preto; 152,29;1477530;10,31;321;219; 46,58
432;2020-06-06;DRS 14 São João da Boa Vista;  86,57;809836;10,69;95;84; 13,10
433;2020-06-06;DRS 15 São José do Rio Preto; 227,57;1570421;14,49;300;236; 27,12
434;2020-06-06;DRS 16 Sorocaba; 167,43;2461760; 6,80;238;282;-15,60
435;2020-06-06;DRS 17 Taubaté; 273,57;2489629;10,99;382;323; 18,27
436;2020-06-06;Estado de São Paulo;7460,43;44639899;16,71;12523;11789;  6,23
437;2020-06-07;Município de São Paulo;3423,71;11869660;28,84;5716;5633;  1,47
438;2020-06-07;Grande SP Leste; 408,43;2977781;13,72;751;634; 18,45
439;2020-06-07;Grande SP Norte;  75,14;603465;12,45;112;132;-15,15
440;2020-06-07;Grande SP Oeste; 236,43;1858252;12,72;516;566; -8,83
441;2020-06-07;Grande SP Sudeste; 717,29;2690590;26,66;1294;1198;  8,01
442;2020-06-07;Grande SP Sudoeste; 112,57;1138499; 9,89;280;276;  1,45
443;2020-06-07;DRS 02 Araçatuba;  67,86;764041; 8,88;88;50; 76,00
444;2020-06-07;DRS 03 Araraquara;  68,14;991435; 6,87;150;113; 32,74
445;2020-06-07;DRS 04 Baixada Santista; 386,71;1831884;21,11;563;582; -3,26
446;2020-06-07;DRS 05 Barretos;  55,43;425090;13,04;80;50; 60,00
447;2020-06-07;DRS 06 Bauru; 120,14;1741281; 6,90;260;205; 26,83
448;2020-06-07;DRS 07 Campinas; 609,86;4562125;13,37;1028;770; 33,51
449;2020-06-07;DRS 08 Franca;  32,14;696336; 4,62;51;40; 27,50
450;2020-06-07;DRS 09 Marília; 102,71;1109670; 9,26;131;98; 33,67
451;2020-06-07;DRS 10 Piracicaba; 133,29;1539600; 8,66;194;152; 27,63
452;2020-06-07;DRS 11 Presidente Prudente;  43,86;752260; 5,83;66;45; 46,67
453;2020-06-07;DRS 12 Registro;  25,57;278754; 9,17;18;26;-30,77
454;2020-06-07;DRS 13 Ribeirão Preto; 152,86;1477530;10,35;340;232; 46,55
455;2020-06-07;DRS 14 São João da Boa Vista;  87,00;809836;10,74;96;86; 11,63
456;2020-06-07;DRS 15 São José do Rio Preto; 234,86;1570421;14,96;308;232; 32,76
457;2020-06-07;DRS 16 Sorocaba; 169,14;2461760; 6,87;249;282;-11,70
458;2020-06-07;DRS 17 Taubaté; 278,86;2489629;11,20;399;313; 27,48
459;2020-06-07;Estado de São Paulo;7542,00;44639899;16,90;12690;11715;  8,32
460;2020-06-08;Município de São Paulo;3426,57;11869660;28,87;5645;5679; -0,60
461;2020-06-08;Grande SP Leste; 414,00;2977781;13,90;747;643; 16,17
462;2020-06-08;Grande SP Norte;  79,00;603465;13,09;123;128; -3,91
463;2020-06-08;Grande SP Oeste; 247,86;1858252;13,34;539;555; -2,88
464;2020-06-08;Grande SP Sudeste; 739,43;2690590;27,48;1271;1207;  5,30
465;2020-06-08;Grande SP Sudoeste; 111,29;1138499; 9,78;292;258; 13,18
466;2020-06-08;DRS 02 Araçatuba;  67,86;764041; 8,88;82;62; 32,26
467;2020-06-08;DRS 03 Araraquara;  69,71;991435; 7,03;150;118; 27,12
468;2020-06-08;DRS 04 Baixada Santista; 393,86;1831884;21,50;577;591; -2,37
469;2020-06-08;DRS 05 Barretos;  55,29;425090;13,01;87;46; 89,13
470;2020-06-08;DRS 06 Bauru; 116,86;1741281; 6,71;266;203; 31,03
471;2020-06-08;DRS 07 Campinas; 615,00;4562125;13,48;1067;775; 37,68
472;2020-06-08;DRS 08 Franca;  32,71;696336; 4,70;45;45;  0,00
473;2020-06-08;DRS 09 Marília; 103,43;1109670; 9,32;129;100; 29,00
474;2020-06-08;DRS 10 Piracicaba; 133,86;1539600; 8,69;201;143; 40,56
475;2020-06-08;DRS 11 Presidente Prudente;  43,57;752260; 5,79;74;41; 80,49
476;2020-06-08;DRS 12 Registro;  26,29;278754; 9,43;20;26;-23,08
477;2020-06-08;DRS 13 Ribeirão Preto; 152,00;1477530;10,29;366;230; 59,13
478;2020-06-08;DRS 14 São João da Boa Vista;  81,43;809836;10,06;96;88;  9,09
479;2020-06-08;DRS 15 São José do Rio Preto; 242,14;1570421;15,42;293;243; 20,58
480;2020-06-08;DRS 16 Sorocaba; 170,43;2461760; 6,92;268;268;  0,00
481;2020-06-08;DRS 17 Taubaté; 282,43;2489629;11,34;414;294; 40,82
482;2020-06-08;Estado de São Paulo;7605,00;44639899;17,04;12752;11743;  8,59
483;2020-06-09;Município de São Paulo;3460,29;11869660;29,15;5631;5736; -1,83
484;2020-06-09;Grande SP Leste; 417,86;2977781;14,03;746;677; 10,19
485;2020-06-09;Grande SP Norte;  83,86;603465;13,90;129;130; -0,77
486;2020-06-09;Grande SP Oeste; 259,57;1858252;13,97;549;556; -1,26
487;2020-06-09;Grande SP Sudeste; 760,14;2690590;28,25;1276;1225;  4,16
488;2020-06-09;Grande SP Sudoeste; 107,57;1138499; 9,45;285;269;  5,95
489;2020-06-09;DRS 02 Araçatuba;  67,71;764041; 8,86;81;62; 30,65
490;2020-06-09;DRS 03 Araraquara;  71,29;991435; 7,19;153;126; 21,43
491;2020-06-09;DRS 04 Baixada Santista; 403,14;1831884;22,01;581;601; -3,33
492;2020-06-09;DRS 05 Barretos;  55,14;425090;12,97;93;45;106,67
493;2020-06-09;DRS 06 Bauru; 118,57;1741281; 6,81;270;199; 35,68
494;2020-06-09;DRS 07 Campinas; 618,43;4562125;13,56;1072;849; 26,27
495;2020-06-09;DRS 08 Franca;  33,43;696336; 4,80;44;41;  7,32
496;2020-06-09;DRS 09 Marília; 104,14;1109670; 9,38;131;102; 28,43
497;2020-06-09;DRS 10 Piracicaba; 134,57;1539600; 8,74;207;146; 41,78
498;2020-06-09;DRS 11 Presidente Prudente;  43,14;752260; 5,73;74;45; 64,44
499;2020-06-09;DRS 12 Registro;  27,00;278754; 9,69;19;22;-13,64
500;2020-06-09;DRS 13 Ribeirão Preto; 151,86;1477530;10,28;364;241; 51,04
501;2020-06-09;DRS 14 São João da Boa Vista;  82,00;809836;10,13;95;90;  5,56
502;2020-06-09;DRS 15 São José do Rio Preto; 250,43;1570421;15,95;298;249; 19,68
503;2020-06-09;DRS 16 Sorocaba; 171,86;2461760; 6,98;285;256; 11,33
504;2020-06-09;DRS 17 Taubaté; 287,57;2489629;11,55;416;300; 38,67
505;2020-06-09;Estado de São Paulo;7709,57;44639899;17,27;12799;11967;  6,95
506;2020-06-10;Município de São Paulo;3471,86;11869660;29,25;5708;5748; -0,70
507;2020-06-10;Grande SP Leste; 421,86;2977781;14,17;738;671;  9,99
508;2020-06-10;Grande SP Norte;  89,86;603465;14,89;133;115; 15,65
509;2020-06-10;Grande SP Oeste; 271,57;1858252;14,61;557;544;  2,39
510;2020-06-10;Grande SP Sudeste; 773,57;2690590;28,75;1280;1242;  3,06
511;2020-06-10;Grande SP Sudoeste; 107,57;1138499; 9,45;289;259; 11,58
512;2020-06-10;DRS 02 Araçatuba;  67,71;764041; 8,86;86;71; 21,13
513;2020-06-10;DRS 03 Araraquara;  72,29;991435; 7,29;148;136;  8,82
514;2020-06-10;DRS 04 Baixada Santista; 413,14;1831884;22,55;595;603; -1,33
515;2020-06-10;DRS 05 Barretos;  55,14;425090;12,97;92;48; 91,67
516;2020-06-10;DRS 06 Bauru; 120,14;1741281; 6,90;269;218; 23,39
517;2020-06-10;DRS 07 Campinas; 625,57;4562125;13,71;1063;912; 16,56
518;2020-06-10;DRS 08 Franca;  34,14;696336; 4,90;41;42; -2,38
519;2020-06-10;DRS 09 Marília; 106,14;1109670; 9,57;137;114; 20,18
520;2020-06-10;DRS 10 Piracicaba; 135,57;1539600; 8,81;212;145; 46,21
521;2020-06-10;DRS 11 Presidente Prudente;  42,71;752260; 5,68;72;53; 35,85
522;2020-06-10;DRS 12 Registro;  27,00;278754; 9,69;19;23;-17,39
523;2020-06-10;DRS 13 Ribeirão Preto; 152,57;1477530;10,33;382;266; 43,61
524;2020-06-10;DRS 14 São João da Boa Vista;  82,57;809836;10,20;117;93; 25,81
525;2020-06-10;DRS 15 São José do Rio Preto; 251,57;1570421;16,02;302;273; 10,62
526;2020-06-10;DRS 16 Sorocaba; 171,57;2461760; 6,97;306;249; 22,89
527;2020-06-10;DRS 17 Taubaté; 292,29;2489629;11,74;428;319; 34,17
528;2020-06-10;Estado de São Paulo;7786,43;44639899;17,44;12974;12144;  6,83
529;2020-06-11;Município de São Paulo;3521,14;11869660;29,67;5764;5707;  1,00
530;2020-06-11;Grande SP Leste; 427,86;2977781;14,37;752;699;  7,58
531;2020-06-11;Grande SP Norte;  95,57;603465;15,84;139;108; 28,70
532;2020-06-11;Grande SP Oeste; 281,14;1858252;15,13;599;527; 13,66
533;2020-06-11;Grande SP Sudeste; 786,43;2690590;29,23;1299;1240;  4,76
534;2020-06-11;Grande SP Sudoeste; 107,86;1138499; 9,47;287;271;  5,90
535;2020-06-11;DRS 02 Araçatuba;  65,00;764041; 8,51;84;79;  6,33
536;2020-06-11;DRS 03 Araraquara;  74,43;991435; 7,51;151;139;  8,63
537;2020-06-11;DRS 04 Baixada Santista; 421,71;1831884;23,02;577;623; -7,38
538;2020-06-11;DRS 05 Barretos;  54,86;425090;12,91;97;55; 76,36
539;2020-06-11;DRS 06 Bauru; 119,14;1741281; 6,84;282;226; 24,78
540;2020-06-11;DRS 07 Campinas; 640,00;4562125;14,03;1105;942; 17,30
541;2020-06-11;DRS 08 Franca;  34,71;696336; 4,98;44;42;  4,76
542;2020-06-11;DRS 09 Marília; 108,14;1109670; 9,75;127;126;  0,79
543;2020-06-11;DRS 10 Piracicaba; 135,43;1539600; 8,80;214;163; 31,29
544;2020-06-11;DRS 11 Presidente Prudente;  42,14;752260; 5,60;75;52; 44,23
545;2020-06-11;DRS 12 Registro;  27,00;278754; 9,69;18;19; -5,26
546;2020-06-11;DRS 13 Ribeirão Preto; 153,29;1477530;10,37;387;283; 36,75
547;2020-06-11;DRS 14 São João da Boa Vista;  82,57;809836;10,20;115;97; 18,56
548;2020-06-11;DRS 15 São José do Rio Preto; 252,86;1570421;16,10;337;266; 26,69
549;2020-06-11;DRS 16 Sorocaba; 173,14;2461760; 7,03;306;258; 18,60
550;2020-06-11;DRS 17 Taubaté; 295,14;2489629;11,85;434;335; 29,55
551;2020-06-11;Estado de São Paulo;7899,57;44639899;17,70;13193;12257;  7,64
552;2020-06-12;Município de São Paulo;3564,43;11869660;30,03;5777;5713;  1,12
553;2020-06-12;Grande SP Leste; 435,29;2977781;14,62;750;688;  9,01
554;2020-06-12;Grande SP Norte; 101,57;603465;16,83;135;105; 28,57
555;2020-06-12;Grande SP Oeste; 292,29;1858252;15,73;614;512; 19,92
556;2020-06-12;Grande SP Sudeste; 793,57;2690590;29,49;1304;1252;  4,15
557;2020-06-12;Grande SP Sudoeste; 106,86;1138499; 9,39;277;275;  0,73
558;2020-06-12;DRS 02 Araçatuba;  65,00;764041; 8,51;80;90;-11,11
559;2020-06-12;DRS 03 Araraquara;  76,57;991435; 7,72;147;135;  8,89
560;2020-06-12;DRS 04 Baixada Santista; 429,43;1831884;23,44;582;607; -4,12
561;2020-06-12;DRS 05 Barretos;  54,71;425090;12,87;92;68; 35,29
562;2020-06-12;DRS 06 Bauru; 121,14;1741281; 6,96;295;237; 24,47
563;2020-06-12;DRS 07 Campinas; 653,29;4562125;14,32;1098;974; 12,73
564;2020-06-12;DRS 08 Franca;  35,29;696336; 5,07;50;42; 19,05
565;2020-06-12;DRS 09 Marília; 109,57;1109670; 9,87;136;129;  5,43
566;2020-06-12;DRS 10 Piracicaba; 139,00;1539600; 9,03;239;176; 35,80
567;2020-06-12;DRS 11 Presidente Prudente;  42,29;752260; 5,62;77;58; 32,76
568;2020-06-12;DRS 12 Registro;  27,00;278754; 9,69;20;18; 11,11
569;2020-06-12;DRS 13 Ribeirão Preto; 154,29;1477530;10,44;405;299; 35,45
570;2020-06-12;DRS 14 São João da Boa Vista;  82,57;809836;10,20;120;96; 25,00
571;2020-06-12;DRS 15 São José do Rio Preto; 254,00;1570421;16,17;339;276; 22,83
572;2020-06-12;DRS 16 Sorocaba; 175,71;2461760; 7,14;328;242; 35,54
573;2020-06-12;DRS 17 Taubaté; 297,71;2489629;11,96;435;357; 21,85
574;2020-06-12;Estado de São Paulo;8011,57;44639899;17,95;13300;12349;  7,70
575;2020-06-13;Município de São Paulo;3616,00;11869660;30,46;5759;5667;  1,62
576;2020-06-13;Grande SP Leste; 441,57;2977781;14,83;726;720;  0,83
577;2020-06-13;Grande SP Norte; 106,57;603465;17,66;130;108; 20,37
578;2020-06-13;Grande SP Oeste; 301,29;1858252;16,21;643;517; 24,37
579;2020-06-13;Grande SP Sudeste; 797,29;2690590;29,63;1296;1301; -0,38
580;2020-06-13;Grande SP Sudoeste; 107,29;1138499; 9,42;267;276; -3,26
581;2020-06-13;DRS 02 Araçatuba;  65,14;764041; 8,53;85;91; -6,59
582;2020-06-13;DRS 03 Araraquara;  78,57;991435; 7,92;155;141;  9,93
583;2020-06-13;DRS 04 Baixada Santista; 432,14;1831884;23,59;587;595; -1,34
584;2020-06-13;DRS 05 Barretos;  54,57;425090;12,84;96;75; 28,00
585;2020-06-13;DRS 06 Bauru; 126,00;1741281; 7,24;280;249; 12,45
586;2020-06-13;DRS 07 Campinas; 667,29;4562125;14,63;1080;992;  8,87
587;2020-06-13;DRS 08 Franca;  36,00;696336; 5,17;47;47;  0,00
588;2020-06-13;DRS 09 Marília; 108,71;1109670; 9,80;129;131; -1,53
589;2020-06-13;DRS 10 Piracicaba; 140,86;1539600; 9,15;257;194; 32,47
590;2020-06-13;DRS 11 Presidente Prudente;  42,71;752260; 5,68;74;63; 17,46
591;2020-06-13;DRS 12 Registro;  27,00;278754; 9,69;19;20; -5,00
592;2020-06-13;DRS 13 Ribeirão Preto; 155,43;1477530;10,52;405;321; 26,17
593;2020-06-13;DRS 14 São João da Boa Vista;  81,57;809836;10,07;117;95; 23,16
594;2020-06-13;DRS 15 São José do Rio Preto; 255,43;1570421;16,27;327;300;  9,00
595;2020-06-13;DRS 16 Sorocaba; 177,71;2461760; 7,22;323;238; 35,71
596;2020-06-13;DRS 17 Taubaté; 299,86;2489629;12,04;421;382; 10,21
597;2020-06-13;Estado de São Paulo;8119,00;44639899;18,19;13223;12523;  5,59
598;2020-06-14;Município de São Paulo;3650,29;11869660;30,75;5704;5716; -0,21
599;2020-06-14;Grande SP Leste; 447,57;2977781;15,03;705;751; -6,13
600;2020-06-14;Grande SP Norte; 110,57;603465;18,32;126;112; 12,50
601;2020-06-14;Grande SP Oeste; 310,57;1858252;16,71;659;516; 27,71
602;2020-06-14;Grande SP Sudeste; 796,71;2690590;29,61;1289;1294; -0,39
603;2020-06-14;Grande SP Sudoeste; 107,57;1138499; 9,45;269;280; -3,93
604;2020-06-14;DRS 02 Araçatuba;  65,43;764041; 8,56;94;88;  6,82
605;2020-06-14;DRS 03 Araraquara;  79,43;991435; 8,01;149;150; -0,67
606;2020-06-14;DRS 04 Baixada Santista; 435,00;1831884;23,75;615;563;  9,24
607;2020-06-14;DRS 05 Barretos;  54,71;425090;12,87;107;80; 33,75
608;2020-06-14;DRS 06 Bauru; 128,71;1741281; 7,39;277;260;  6,54
609;2020-06-14;DRS 07 Campinas; 680,43;4562125;14,91;1066;1028;  3,70
610;2020-06-14;DRS 08 Franca;  36,00;696336; 5,17;44;51;-13,73
611;2020-06-14;DRS 09 Marília; 109,43;1109670; 9,86;132;131;  0,76
612;2020-06-14;DRS 10 Piracicaba; 142,86;1539600; 9,28;279;194; 43,81
613;2020-06-14;DRS 11 Presidente Prudente;  42,86;752260; 5,70;71;66;  7,58
614;2020-06-14;DRS 12 Registro;  27,00;278754; 9,69;19;18;  5,56
615;2020-06-14;DRS 13 Ribeirão Preto; 156,86;1477530;10,62;405;340; 19,12
616;2020-06-14;DRS 14 São João da Boa Vista;  81,57;809836;10,07;125;96; 30,21
617;2020-06-14;DRS 15 São José do Rio Preto; 256,86;1570421;16,36;324;308;  5,19
618;2020-06-14;DRS 16 Sorocaba; 179,43;2461760; 7,29;333;249; 33,73
619;2020-06-14;DRS 17 Taubaté; 301,00;2489629;12,09;418;399;  4,76
620;2020-06-14;Estado de São Paulo;8200,86;44639899;18,37;13210;12690;  4,10
621;2020-06-15;Município de São Paulo;3687,00;11869660;31,06;5778;5645;  2,36
622;2020-06-15;Grande SP Leste; 451,71;2977781;15,17;717;747; -4,02
623;2020-06-15;Grande SP Norte; 114,57;603465;18,99;115;123; -6,50
624;2020-06-15;Grande SP Oeste; 311,29;1858252;16,75;676;539; 25,42
625;2020-06-15;Grande SP Sudeste; 800,43;2690590;29,75;1307;1271;  2,83
626;2020-06-15;Grande SP Sudoeste; 108,71;1138499; 9,55;264;292; -9,59
627;2020-06-15;DRS 02 Araçatuba;  66,14;764041; 8,66;93;82; 13,41
628;2020-06-15;DRS 03 Araraquara;  80,29;991435; 8,10;153;150;  2,00
629;2020-06-15;DRS 04 Baixada Santista; 438,00;1831884;23,91;611;577;  5,89
630;2020-06-15;DRS 05 Barretos;  54,29;425090;12,77;113;87; 29,89
631;2020-06-15;DRS 06 Bauru; 138,00;1741281; 7,93;286;266;  7,52
632;2020-06-15;DRS 07 Campinas; 695,86;4562125;15,25;1083;1067;  1,50
633;2020-06-15;DRS 08 Franca;  36,00;696336; 5,17;45;45;  0,00
634;2020-06-15;DRS 09 Marília; 110,29;1109670; 9,94;136;129;  5,43
635;2020-06-15;DRS 10 Piracicaba; 144,29;1539600; 9,37;278;201; 38,31
636;2020-06-15;DRS 11 Presidente Prudente;  43,14;752260; 5,73;75;74;  1,35
637;2020-06-15;DRS 12 Registro;  27,00;278754; 9,69;22;20; 10,00
638;2020-06-15;DRS 13 Ribeirão Preto; 158,29;1477530;10,71;423;366; 15,57
639;2020-06-15;DRS 14 São João da Boa Vista;  81,86;809836;10,11;126;96; 31,25
640;2020-06-15;DRS 15 São José do Rio Preto; 258,29;1570421;16,45;346;293; 18,09
641;2020-06-15;DRS 16 Sorocaba; 181,14;2461760; 7,36;333;268; 24,25
642;2020-06-15;DRS 17 Taubaté; 300,43;2489629;12,07;431;414;  4,11
643;2020-06-15;Estado de São Paulo;8287,00;44639899;18,56;13411;12752;  5,17
644;2020-06-16;Município de São Paulo;3715,43;11869660;31,30;5810;5631;  3,18
645;2020-06-16;Grande SP Leste; 457,71;2977781;15,37;708;746; -5,09
646;2020-06-16;Grande SP Norte; 116,00;603465;19,22;112;129;-13,18
647;2020-06-16;Grande SP Oeste; 314,71;1858252;16,94;660;549; 20,22
648;2020-06-16;Grande SP Sudeste; 804,14;2690590;29,89;1323;1276;  3,68
649;2020-06-16;Grande SP Sudoeste; 108,29;1138499; 9,51;246;285;-13,68
650;2020-06-16;DRS 02 Araçatuba;  67,57;764041; 8,84;96;81; 18,52
651;2020-06-16;DRS 03 Araraquara;  81,14;991435; 8,18;147;153; -3,92
652;2020-06-16;DRS 04 Baixada Santista; 439,57;1831884;24,00;610;581;  4,99
653;2020-06-16;DRS 05 Barretos;  53,86;425090;12,67;117;93; 25,81
654;2020-06-16;DRS 06 Bauru; 138,43;1741281; 7,95;289;270;  7,04
655;2020-06-16;DRS 07 Campinas; 711,86;4562125;15,60;1027;1072; -4,20
656;2020-06-16;DRS 08 Franca;  35,29;696336; 5,07;51;44; 15,91
657;2020-06-16;DRS 09 Marília; 111,71;1109670;10,07;138;131;  5,34
658;2020-06-16;DRS 10 Piracicaba; 147,86;1539600; 9,60;279;207; 34,78
659;2020-06-16;DRS 11 Presidente Prudente;  43,14;752260; 5,73;74;74;  0,00
660;2020-06-16;DRS 12 Registro;  27,00;278754; 9,69;24;19; 26,32
661;2020-06-16;DRS 13 Ribeirão Preto; 161,43;1477530;10,93;438;364; 20,33
662;2020-06-16;DRS 14 São João da Boa Vista;  81,86;809836;10,11;130;95; 36,84
663;2020-06-16;DRS 15 São José do Rio Preto; 259,71;1570421;16,54;350;298; 17,45
664;2020-06-16;DRS 16 Sorocaba; 183,57;2461760; 7,46;329;285; 15,44
665;2020-06-16;DRS 17 Taubaté; 301,00;2489629;12,09;426;416;  2,40
666;2020-06-16;Estado de São Paulo;8361,29;44639899;18,73;13384;12799;  4,57
667;2020-06-17;Município de São Paulo;3765,71;11869660;31,73;5753;5708;  0,79
668;2020-06-17;Grande SP Leste; 463,00;2977781;15,55;701;738; -5,01
669;2020-06-17;Grande SP Norte; 115,71;603465;19,17;111;133;-16,54
670;2020-06-17;Grande SP Oeste; 318,43;1858252;17,14;647;557; 16,16
671;2020-06-17;Grande SP Sudeste; 807,86;2690590;30,03;1321;1280;  3,20
672;2020-06-17;Grande SP Sudoeste; 107,86;1138499; 9,47;232;289;-19,72
673;2020-06-17;DRS 02 Araçatuba;  69,86;764041; 9,14;87;86;  1,16
674;2020-06-17;DRS 03 Araraquara;  82,29;991435; 8,30;135;148; -8,78
675;2020-06-17;DRS 04 Baixada Santista; 441,14;1831884;24,08;587;595; -1,34
676;2020-06-17;DRS 05 Barretos;  53,57;425090;12,60;129;92; 40,22
677;2020-06-17;DRS 06 Bauru; 143,57;1741281; 8,25;279;269;  3,72
678;2020-06-17;DRS 07 Campinas; 721,86;4562125;15,82;1022;1063; -3,86
679;2020-06-17;DRS 08 Franca;  34,57;696336; 4,96;60;41; 46,34
680;2020-06-17;DRS 09 Marília; 112,43;1109670;10,13;151;137; 10,22
681;2020-06-17;DRS 10 Piracicaba; 151,71;1539600; 9,85;293;212; 38,21
682;2020-06-17;DRS 11 Presidente Prudente;  43,14;752260; 5,73;87;72; 20,83
683;2020-06-17;DRS 12 Registro;  27,00;278754; 9,69;26;19; 36,84
684;2020-06-17;DRS 13 Ribeirão Preto; 164,57;1477530;11,14;420;382;  9,95
685;2020-06-17;DRS 14 São João da Boa Vista;  81,57;809836;10,07;113;117; -3,42
686;2020-06-17;DRS 15 São José do Rio Preto; 259,71;1570421;16,54;347;302; 14,90
687;2020-06-17;DRS 16 Sorocaba; 187,00;2461760; 7,60;333;306;  8,82
688;2020-06-17;DRS 17 Taubaté; 301,29;2489629;12,10;416;428; -2,80
689;2020-06-17;Estado de São Paulo;8453,86;44639899;18,94;13250;12974;  2,13
690;2020-06-18;Município de São Paulo;3770,71;11869660;31,77;5681;5764; -1,44
691;2020-06-18;Grande SP Leste; 469,14;2977781;15,75;676;752;-10,11
692;2020-06-18;Grande SP Norte; 115,86;603465;19,20;102;139;-26,62
693;2020-06-18;Grande SP Oeste; 322,43;1858252;17,35;621;599;  3,67
694;2020-06-18;Grande SP Sudeste; 814,57;2690590;30,27;1308;1299;  0,69
695;2020-06-18;Grande SP Sudoeste; 107,86;1138499; 9,47;213;287;-25,78
696;2020-06-18;DRS 02 Araçatuba;  72,00;764041; 9,42;87;84;  3,57
697;2020-06-18;DRS 03 Araraquara;  82,29;991435; 8,30;134;151;-11,26
698;2020-06-18;DRS 04 Baixada Santista; 442,86;1831884;24,18;585;577;  1,39
699;2020-06-18;DRS 05 Barretos;  53,43;425090;12,57;127;97; 30,93
700;2020-06-18;DRS 06 Bauru; 147,29;1741281; 8,46;268;282; -4,96
701;2020-06-18;DRS 07 Campinas; 729,57;4562125;15,99;1000;1105; -9,50
702;2020-06-18;DRS 08 Franca;  33,86;696336; 4,86;64;44; 45,45
703;2020-06-18;DRS 09 Marília; 113,14;1109670;10,20;190;127; 49,61
704;2020-06-18;DRS 10 Piracicaba; 157,14;1539600;10,21;307;214; 43,46
705;2020-06-18;DRS 11 Presidente Prudente;  43,14;752260; 5,73;96;75; 28,00
706;2020-06-18;DRS 12 Registro;  27,00;278754; 9,69;30;18; 66,67
707;2020-06-18;DRS 13 Ribeirão Preto; 168,57;1477530;11,41;429;387; 10,85
708;2020-06-18;DRS 14 São João da Boa Vista;  82,29;809836;10,16;108;115; -6,09
709;2020-06-18;DRS 15 São José do Rio Preto; 259,71;1570421;16,54;344;337;  2,08
710;2020-06-18;DRS 16 Sorocaba; 189,29;2461760; 7,69;351;306; 14,71
711;2020-06-18;DRS 17 Taubaté; 304,00;2489629;12,21;403;434; -7,14
712;2020-06-18;Estado de São Paulo;8506,14;44639899;19,06;13124;13193; -0,52
713;2020-06-19;Município de São Paulo;3789,43;11869660;31,93;5646;5777; -2,27
714;2020-06-19;Grande SP Leste; 469,71;2977781;15,77;662;750;-11,73
715;2020-06-19;Grande SP Norte; 115,86;603465;19,20;114;135;-15,56
716;2020-06-19;Grande SP Oeste; 328,00;1858252;17,65;590;614; -3,91
717;2020-06-19;Grande SP Sudeste; 820,29;2690590;30,49;1307;1304;  0,23
718;2020-06-19;Grande SP Sudoeste; 107,43;1138499; 9,44;211;277;-23,83
719;2020-06-19;DRS 02 Araçatuba;  74,14;764041; 9,70;90;80; 12,50
720;2020-06-19;DRS 03 Araraquara;  82,29;991435; 8,30;140;147; -4,76
721;2020-06-19;DRS 04 Baixada Santista; 444,57;1831884;24,27;578;582; -0,69
722;2020-06-19;DRS 05 Barretos;  53,29;425090;12,54;134;92; 45,65
723;2020-06-19;DRS 06 Bauru; 148,57;1741281; 8,53;265;295;-10,17
724;2020-06-19;DRS 07 Campinas; 733,29;4562125;16,07;984;1098;-10,38
725;2020-06-19;DRS 08 Franca;  33,14;696336; 4,76;62;50; 24,00
726;2020-06-19;DRS 09 Marília; 114,00;1109670;10,27;199;136; 46,32
727;2020-06-19;DRS 10 Piracicaba; 159,86;1539600;10,38;286;239; 19,67
728;2020-06-19;DRS 11 Presidente Prudente;  44,57;752260; 5,92;96;77; 24,68
729;2020-06-19;DRS 12 Registro;  27,00;278754; 9,69;31;20; 55,00
730;2020-06-19;DRS 13 Ribeirão Preto; 172,29;1477530;11,66;428;405;  5,68
731;2020-06-19;DRS 14 São João da Boa Vista;  83,00;809836;10,25;105;120;-12,50
732;2020-06-19;DRS 15 São José do Rio Preto; 259,57;1570421;16,53;356;339;  5,01
733;2020-06-19;DRS 16 Sorocaba; 191,00;2461760; 7,76;357;328;  8,84
734;2020-06-19;DRS 17 Taubaté; 308,14;2489629;12,38;408;435; -6,21
735;2020-06-19;Estado de São Paulo;8559,43;44639899;19,17;13049;13300; -1,89
736;2020-06-20;Município de São Paulo;3809,00;11869660;32,09;5641;5759; -2,05
737;2020-06-20;Grande SP Leste; 468,57;2977781;15,74;666;726; -8,26
738;2020-06-20;Grande SP Norte; 115,43;603465;19,13;115;130;-11,54
739;2020-06-20;Grande SP Oeste; 331,14;1858252;17,82;567;643;-11,82
740;2020-06-20;Grande SP Sudeste; 821,29;2690590;30,52;1280;1296; -1,23
741;2020-06-20;Grande SP Sudoeste; 107,86;1138499; 9,47;220;267;-17,60
742;2020-06-20;DRS 02 Araçatuba;  76,14;764041; 9,97;90;85;  5,88
743;2020-06-20;DRS 03 Araraquara;  81,14;991435; 8,18;130;155;-16,13
744;2020-06-20;DRS 04 Baixada Santista; 446,29;1831884;24,36;588;587;  0,17
745;2020-06-20;DRS 05 Barretos;  53,14;425090;12,50;117;96; 21,88
746;2020-06-20;DRS 06 Bauru; 151,43;1741281; 8,70;277;280; -1,07
747;2020-06-20;DRS 07 Campinas; 738,14;4562125;16,18;989;1080; -8,43
748;2020-06-20;DRS 08 Franca;  32,43;696336; 4,66;66;47; 40,43
749;2020-06-20;DRS 09 Marília; 116,43;1109670;10,49;221;129; 71,32
750;2020-06-20;DRS 10 Piracicaba; 163,29;1539600;10,61;278;257;  8,17
751;2020-06-20;DRS 11 Presidente Prudente;  46,14;752260; 6,13;124;74; 67,57
752;2020-06-20;DRS 12 Registro;  27,00;278754; 9,69;30;19; 57,89
753;2020-06-20;DRS 13 Ribeirão Preto; 177,71;1477530;12,03;442;405;  9,14
754;2020-06-20;DRS 14 São João da Boa Vista;  84,71;809836;10,46;107;117; -8,55
755;2020-06-20;DRS 15 São José do Rio Preto; 259,43;1570421;16,52;376;327; 14,98
756;2020-06-20;DRS 16 Sorocaba; 192,14;2461760; 7,80;366;323; 13,31
757;2020-06-20;DRS 17 Taubaté; 312,57;2489629;12,55;427;421;  1,43
758;2020-06-20;Estado de São Paulo;8611,43;44639899;19,29;13117;13223; -0,80
759;2020-06-21;Município de São Paulo;3814,43;11869660;32,14;5538;5704; -2,91
760;2020-06-21;Grande SP Leste; 469,57;2977781;15,77;659;705; -6,52
761;2020-06-21;Grande SP Norte; 115,57;603465;19,15;116;126; -7,94
762;2020-06-21;Grande SP Oeste; 334,00;1858252;17,97;566;659;-14,11
763;2020-06-21;Grande SP Sudeste; 828,57;2690590;30,80;1304;1289;  1,16
764;2020-06-21;Grande SP Sudoeste; 107,57;1138499; 9,45;214;269;-20,45
765;2020-06-21;DRS 02 Araçatuba;  78,00;764041;10,21;82;94;-12,77
766;2020-06-21;DRS 03 Araraquara;  81,29;991435; 8,20;139;149; -6,71
767;2020-06-21;DRS 04 Baixada Santista; 448,00;1831884;24,46;599;615; -2,60
768;2020-06-21;DRS 05 Barretos;  52,71;425090;12,40;111;107;  3,74
769;2020-06-21;DRS 06 Bauru; 156,00;1741281; 8,96;286;277;  3,25
770;2020-06-21;DRS 07 Campinas; 745,14;4562125;16,33;997;1066; -6,47
771;2020-06-21;DRS 08 Franca;  31,14;696336; 4,47;67;44; 52,27
772;2020-06-21;DRS 09 Marília; 117,29;1109670;10,57;222;132; 68,18
773;2020-06-21;DRS 10 Piracicaba; 167,43;1539600;10,87;275;279; -1,43
774;2020-06-21;DRS 11 Presidente Prudente;  48,29;752260; 6,42;127;71; 78,87
775;2020-06-21;DRS 12 Registro;  27,00;278754; 9,69;32;19; 68,42
776;2020-06-21;DRS 13 Ribeirão Preto; 181,71;1477530;12,30;445;405;  9,88
777;2020-06-21;DRS 14 São João da Boa Vista;  84,71;809836;10,46;103;125;-17,60
778;2020-06-21;DRS 15 São José do Rio Preto; 259,29;1570421;16,51;397;324; 22,53
779;2020-06-21;DRS 16 Sorocaba; 193,57;2461760; 7,86;350;333;  5,11
780;2020-06-21;DRS 17 Taubaté; 319,57;2489629;12,84;425;418;  1,67
781;2020-06-21;Estado de São Paulo;8660,86;44639899;19,40;13054;13210; -1,18
782;2020-06-22;Município de São Paulo;3812,14;11869660;32,12;5448;5778; -5,71
783;2020-06-22;Grande SP Leste; 471,43;2977781;15,83;662;717; -7,67
784;2020-06-22;Grande SP Norte; 114,29;603465;18,94;120;115;  4,35
785;2020-06-22;Grande SP Oeste; 339,71;1858252;18,28;537;676;-20,56
786;2020-06-22;Grande SP Sudeste; 837,57;2690590;31,13;1299;1307; -0,61
787;2020-06-22;Grande SP Sudoeste; 106,29;1138499; 9,34;211;264;-20,08
788;2020-06-22;DRS 02 Araçatuba;  79,43;764041;10,40;92;93; -1,08
789;2020-06-22;DRS 03 Araraquara;  81,29;991435; 8,20;145;153; -5,23
790;2020-06-22;DRS 04 Baixada Santista; 451,14;1831884;24,63;586;611; -4,09
791;2020-06-22;DRS 05 Barretos;  52,86;425090;12,44;111;113; -1,77
792;2020-06-22;DRS 06 Bauru; 152,29;1741281; 8,75;274;286; -4,20
793;2020-06-22;DRS 07 Campinas; 748,43;4562125;16,41;971;1083;-10,34
794;2020-06-22;DRS 08 Franca;  30,57;696336; 4,39;68;45; 51,11
795;2020-06-22;DRS 09 Marília; 119,43;1109670;10,76;225;136; 65,44
796;2020-06-22;DRS 10 Piracicaba; 171,86;1539600;11,16;298;278;  7,19
797;2020-06-22;DRS 11 Presidente Prudente;  50,14;752260; 6,67;127;75; 69,33
798;2020-06-22;DRS 12 Registro;  31,29;278754;11,22;31;22; 40,91
799;2020-06-22;DRS 13 Ribeirão Preto; 187,43;1477530;12,69;437;423;  3,31
800;2020-06-22;DRS 14 São João da Boa Vista;  84,43;809836;10,43;106;126;-15,87
801;2020-06-22;DRS 15 São José do Rio Preto; 259,00;1570421;16,49;386;346; 11,56
802;2020-06-22;DRS 16 Sorocaba; 195,43;2461760; 7,94;359;333;  7,81
803;2020-06-22;DRS 17 Taubaté; 327,57;2489629;13,16;450;431;  4,41
804;2020-06-22;Estado de São Paulo;8704,00;44639899;19,50;12943;13411; -3,49
805;2020-06-23;Município de São Paulo;3829,57;11869660;32,26;5335;5810; -8,18
806;2020-06-23;Grande SP Leste; 472,14;2977781;15,86;646;708; -8,76
807;2020-06-23;Grande SP Norte; 114,43;603465;18,96;116;112;  3,57
808;2020-06-23;Grande SP Oeste; 343,00;1858252;18,46;530;660;-19,70
809;2020-06-23;Grande SP Sudeste; 842,14;2690590;31,30;1311;1323; -0,91
810;2020-06-23;Grande SP Sudoeste; 105,00;1138499; 9,22;218;246;-11,38
811;2020-06-23;DRS 02 Araçatuba;  80,14;764041;10,49;102;96;  6,25
812;2020-06-23;DRS 03 Araraquara;  81,57;991435; 8,23;153;147;  4,08
813;2020-06-23;DRS 04 Baixada Santista; 455,71;1831884;24,88;580;610; -4,92
814;2020-06-23;DRS 05 Barretos;  52,86;425090;12,44;106;117; -9,40
815;2020-06-23;DRS 06 Bauru; 157,29;1741281; 9,03;267;289; -7,61
816;2020-06-23;DRS 07 Campinas; 755,86;4562125;16,57;985;1027; -4,09
817;2020-06-23;DRS 08 Franca;  30,71;696336; 4,41;66;51; 29,41
818;2020-06-23;DRS 09 Marília; 119,71;1109670;10,79;217;138; 57,25
819;2020-06-23;DRS 10 Piracicaba; 175,14;1539600;11,38;315;279; 12,90
820;2020-06-23;DRS 11 Presidente Prudente;  52,43;752260; 6,97;136;74; 83,78
821;2020-06-23;DRS 12 Registro;  31,29;278754;11,22;37;24; 54,17
822;2020-06-23;DRS 13 Ribeirão Preto; 193,29;1477530;13,08;438;438;  0,00
823;2020-06-23;DRS 14 São João da Boa Vista;  85,14;809836;10,51;105;130;-19,23
824;2020-06-23;DRS 15 São José do Rio Preto; 258,71;1570421;16,47;379;350;  8,29
825;2020-06-23;DRS 16 Sorocaba; 196,71;2461760; 7,99;362;329; 10,03
826;2020-06-23;DRS 17 Taubaté; 335,86;2489629;13,49;500;426; 17,37
827;2020-06-23;Estado de São Paulo;8768,71;44639899;19,64;12904;13384; -3,59
828;2020-06-24;Município de São Paulo;3812,29;11869660;32,12;5349;5753; -7,02
829;2020-06-24;Grande SP Leste; 471,29;2977781;15,83;661;701; -5,71
830;2020-06-24;Grande SP Norte; 115,00;603465;19,06;118;111;  6,31
831;2020-06-24;Grande SP Oeste; 345,71;1858252;18,60;519;647;-19,78
832;2020-06-24;Grande SP Sudeste; 847,29;2690590;31,49;1315;1321; -0,45
833;2020-06-24;Grande SP Sudoeste; 103,71;1138499; 9,11;235;232;  1,29
834;2020-06-24;DRS 02 Araçatuba;  80,29;764041;10,51;107;87; 22,99
835;2020-06-24;DRS 03 Araraquara;  81,14;991435; 8,18;159;135; 17,78
836;2020-06-24;DRS 04 Baixada Santista; 459,14;1831884;25,06;581;587; -1,02
837;2020-06-24;DRS 05 Barretos;  52,71;425090;12,40;99;129;-23,26
838;2020-06-24;DRS 06 Bauru; 159,00;1741281; 9,13;279;279;  0,00
839;2020-06-24;DRS 07 Campinas; 759,86;4562125;16,66;982;1022; -3,91
840;2020-06-24;DRS 08 Franca;  30,86;696336; 4,43;69;60; 15,00
841;2020-06-24;DRS 09 Marília; 120,57;1109670;10,87;208;151; 37,75
842;2020-06-24;DRS 10 Piracicaba; 178,43;1539600;11,59;320;293;  9,22
843;2020-06-24;DRS 11 Presidente Prudente;  54,00;752260; 7,18;129;87; 48,28
844;2020-06-24;DRS 12 Registro;  31,29;278754;11,22;36;26; 38,46
845;2020-06-24;DRS 13 Ribeirão Preto; 198,57;1477530;13,44;446;420;  6,19
846;2020-06-24;DRS 14 São João da Boa Vista;  84,86;809836;10,48;104;113; -7,96
847;2020-06-24;DRS 15 São José do Rio Preto; 258,71;1570421;16,47;373;347;  7,49
848;2020-06-24;DRS 16 Sorocaba; 197,86;2461760; 8,04;357;333;  7,21
849;2020-06-24;DRS 17 Taubaté; 344,86;2489629;13,85;542;416; 30,29
850;2020-06-24;Estado de São Paulo;8787,43;44639899;19,69;12988;13250; -1,98
851;2020-06-25;Município de São Paulo;3794,71;11869660;31,97;5335;5681; -6,09
852;2020-06-25;Grande SP Leste; 469,14;2977781;15,75;666;676; -1,48
853;2020-06-25;Grande SP Norte; 115,00;603465;19,06;113;102; 10,78
854;2020-06-25;Grande SP Oeste; 348,86;1858252;18,77;505;621;-18,68
855;2020-06-25;Grande SP Sudeste; 850,43;2690590;31,61;1337;1308;  2,22
856;2020-06-25;Grande SP Sudoeste; 102,71;1138499; 9,02;241;213; 13,15
857;2020-06-25;DRS 02 Araçatuba;  80,29;764041;10,51;112;87; 28,74
858;2020-06-25;DRS 03 Araraquara;  83,14;991435; 8,39;163;134; 21,64
859;2020-06-25;DRS 04 Baixada Santista; 462,86;1831884;25,27;567;585; -3,08
860;2020-06-25;DRS 05 Barretos;  52,57;425090;12,37;100;127;-21,26
861;2020-06-25;DRS 06 Bauru; 161,29;1741281; 9,26;285;268;  6,34
862;2020-06-25;DRS 07 Campinas; 762,29;4562125;16,71;967;1000; -3,30
863;2020-06-25;DRS 08 Franca;  31,29;696336; 4,49;75;64; 17,19
864;2020-06-25;DRS 09 Marília; 123,86;1109670;11,16;181;190; -4,74
865;2020-06-25;DRS 10 Piracicaba; 181,43;1539600;11,78;315;307;  2,61
866;2020-06-25;DRS 11 Presidente Prudente;  55,43;752260; 7,37;117;96; 21,88
867;2020-06-25;DRS 12 Registro;  31,29;278754;11,22;34;30; 13,33
868;2020-06-25;DRS 13 Ribeirão Preto; 203,29;1477530;13,76;470;429;  9,56
869;2020-06-25;DRS 14 São João da Boa Vista;  86,43;809836;10,67;106;108; -1,85
870;2020-06-25;DRS 15 São José do Rio Preto; 259,00;1570421;16,49;369;344;  7,27
871;2020-06-25;DRS 16 Sorocaba; 200,00;2461760; 8,12;359;351;  2,28
872;2020-06-25;DRS 17 Taubaté; 350,29;2489629;14,07;563;403; 39,70
873;2020-06-25;Estado de São Paulo;8805,57;44639899;19,73;12980;13124; -1,10
874;2020-06-26;Município de São Paulo;3778,43;11869660;31,83;5217;5646; -7,60
875;2020-06-26;Grande SP Leste; 467,86;2977781;15,71;701;662;  5,89
876;2020-06-26;Grande SP Norte; 114,29;603465;18,94;100;114;-12,28
877;2020-06-26;Grande SP Oeste; 350,00;1858252;18,83;498;590;-15,59
878;2020-06-26;Grande SP Sudeste; 853,86;2690590;31,74;1344;1307;  2,83
879;2020-06-26;Grande SP Sudoeste; 101,29;1138499; 8,90;263;211; 24,64
880;2020-06-26;DRS 02 Araçatuba;  80,29;764041;10,51;117;90; 30,00
881;2020-06-26;DRS 03 Araraquara;  85,14;991435; 8,59;167;140; 19,29
882;2020-06-26;DRS 04 Baixada Santista; 466,71;1831884;25,48;570;578; -1,38
883;2020-06-26;DRS 05 Barretos;  52,43;425090;12,33;101;134;-24,63
884;2020-06-26;DRS 06 Bauru; 164,57;1741281; 9,45;277;265;  4,53
885;2020-06-26;DRS 07 Campinas; 769,43;4562125;16,87;1017;984;  3,35
886;2020-06-26;DRS 08 Franca;  31,57;696336; 4,53;79;62; 27,42
887;2020-06-26;DRS 09 Marília; 124,00;1109670;11,17;175;199;-12,06
888;2020-06-26;DRS 10 Piracicaba; 183,71;1539600;11,93;325;286; 13,64
889;2020-06-26;DRS 11 Presidente Prudente;  55,14;752260; 7,33;123;96; 28,13
890;2020-06-26;DRS 12 Registro;  31,29;278754;11,22;37;31; 19,35
891;2020-06-26;DRS 13 Ribeirão Preto; 207,71;1477530;14,06;486;428; 13,55
892;2020-06-26;DRS 14 São João da Boa Vista;  87,29;809836;10,78;107;105;  1,90
893;2020-06-26;DRS 15 São José do Rio Preto; 260,29;1570421;16,57;369;356;  3,65
894;2020-06-26;DRS 16 Sorocaba; 202,29;2461760; 8,22;355;357; -0,56
895;2020-06-26;DRS 17 Taubaté; 355,43;2489629;14,28;570;408; 39,71
896;2020-06-26;Estado de São Paulo;8823,00;44639899;19,76;12998;13049; -0,39
897;2020-06-27;Município de São Paulo;3755,00;11869660;31,64;5099;5641; -9,61
898;2020-06-27;Grande SP Leste; 470,71;2977781;15,81;700;666;  5,11
899;2020-06-27;Grande SP Norte; 116,29;603465;19,27;102;115;-11,30
900;2020-06-27;Grande SP Oeste; 351,29;1858252;18,90;480;567;-15,34
901;2020-06-27;Grande SP Sudeste; 858,43;2690590;31,90;1346;1280;  5,16
902;2020-06-27;Grande SP Sudoeste;  99,00;1138499; 8,70;262;220; 19,09
903;2020-06-27;DRS 02 Araçatuba;  82,00;764041;10,73;117;90; 30,00
904;2020-06-27;DRS 03 Araraquara;  88,29;991435; 8,91;173;130; 33,08
905;2020-06-27;DRS 04 Baixada Santista; 469,14;1831884;25,61;546;588; -7,14
906;2020-06-27;DRS 05 Barretos;  52,57;425090;12,37;105;117;-10,26
907;2020-06-27;DRS 06 Bauru; 165,29;1741281; 9,49;284;277;  2,53
908;2020-06-27;DRS 07 Campinas; 777,71;4562125;17,05;1045;989;  5,66
909;2020-06-27;DRS 08 Franca;  32,86;696336; 4,72;88;66; 33,33
910;2020-06-27;DRS 09 Marília; 124,00;1109670;11,17;167;221;-24,43
911;2020-06-27;DRS 10 Piracicaba; 185,29;1539600;12,03;317;278; 14,03
912;2020-06-27;DRS 11 Presidente Prudente;  54,71;752260; 7,27;106;124;-14,52
913;2020-06-27;DRS 12 Registro;  31,29;278754;11,22;40;30; 33,33
914;2020-06-27;DRS 13 Ribeirão Preto; 211,71;1477530;14,33;502;442; 13,57
915;2020-06-27;DRS 14 São João da Boa Vista;  89,43;809836;11,04;115;107;  7,48
916;2020-06-27;DRS 15 São José do Rio Preto; 261,57;1570421;16,66;362;376; -3,72
917;2020-06-27;DRS 16 Sorocaba; 215,57;2461760; 8,76;361;366; -1,37
918;2020-06-27;DRS 17 Taubaté; 358,43;2489629;14,40;562;427; 31,62
919;2020-06-27;Estado de São Paulo;8850,57;44639899;19,83;12879;13117; -1,81
920;2020-06-28;Município de São Paulo;3763,43;11869660;31,71;5024;5538; -9,28
921;2020-06-28;Grande SP Leste; 468,86;2977781;15,75;711;659;  7,89
922;2020-06-28;Grande SP Norte; 115,71;603465;19,17;102;116;-12,07
923;2020-06-28;Grande SP Oeste; 352,71;1858252;18,98;461;566;-18,55
924;2020-06-28;Grande SP Sudeste; 861,43;2690590;32,02;1298;1304; -0,46
925;2020-06-28;Grande SP Sudoeste;  98,86;1138499; 8,68;257;214; 20,09
926;2020-06-28;DRS 02 Araçatuba;  83,71;764041;10,96;124;82; 51,22
927;2020-06-28;DRS 03 Araraquara;  90,14;991435; 9,09;182;139; 30,94
928;2020-06-28;DRS 04 Baixada Santista; 473,29;1831884;25,84;524;599;-12,52
929;2020-06-28;DRS 05 Barretos;  52,29;425090;12,30;92;111;-17,12
930;2020-06-28;DRS 06 Bauru; 164,71;1741281; 9,46;282;286; -1,40
931;2020-06-28;DRS 07 Campinas; 795,29;4562125;17,43;1036;997;  3,91
932;2020-06-28;DRS 08 Franca;  35,43;696336; 5,09;100;67; 49,25
933;2020-06-28;DRS 09 Marília; 126,14;1109670;11,37;185;222;-16,67
934;2020-06-28;DRS 10 Piracicaba; 185,71;1539600;12,06;318;275; 15,64
935;2020-06-28;DRS 11 Presidente Prudente;  54,57;752260; 7,25;111;127;-12,60
936;2020-06-28;DRS 12 Registro;  31,29;278754;11,22;38;32; 18,75
937;2020-06-28;DRS 13 Ribeirão Preto; 217,00;1477530;14,69;534;445; 20,00
938;2020-06-28;DRS 14 São João da Boa Vista;  92,14;809836;11,38;115;103; 11,65
939;2020-06-28;DRS 15 São José do Rio Preto; 262,86;1570421;16,74;351;397;-11,59
940;2020-06-28;DRS 16 Sorocaba; 219,57;2461760; 8,92;370;350;  5,71
941;2020-06-28;DRS 17 Taubaté; 359,43;2489629;14,44;576;425; 35,53
942;2020-06-28;Estado de São Paulo;8904,57;44639899;19,95;12791;13054; -2,01
943;2020-06-29;Município de São Paulo;3776,29;11869660;31,81;4909;5448; -9,89
944;2020-06-29;Grande SP Leste; 471,00;2977781;15,82;688;662;  3,93
945;2020-06-29;Grande SP Norte; 115,00;603465;19,06;109;120; -9,17
946;2020-06-29;Grande SP Oeste; 353,86;1858252;19,04;441;537;-17,88
947;2020-06-29;Grande SP Sudeste; 860,29;2690590;31,97;1261;1299; -2,93
948;2020-06-29;Grande SP Sudoeste;  97,00;1138499; 8,52;266;211; 26,07
949;2020-06-29;DRS 02 Araçatuba;  85,57;764041;11,20;114;92; 23,91
950;2020-06-29;DRS 03 Araraquara;  92,29;991435; 9,31;174;145; 20,00
951;2020-06-29;DRS 04 Baixada Santista; 476,00;1831884;25,98;509;586;-13,14
952;2020-06-29;DRS 05 Barretos;  52,00;425090;12,23;92;111;-17,12
953;2020-06-29;DRS 06 Bauru; 166,29;1741281; 9,55;289;274;  5,47
954;2020-06-29;DRS 07 Campinas; 803,00;4562125;17,60;1045;971;  7,62
955;2020-06-29;DRS 08 Franca;  37,43;696336; 5,38;108;68; 58,82
956;2020-06-29;DRS 09 Marília; 124,43;1109670;11,21;186;225;-17,33
957;2020-06-29;DRS 10 Piracicaba; 186,86;1539600;12,14;329;298; 10,40
958;2020-06-29;DRS 11 Presidente Prudente;  54,57;752260; 7,25;110;127;-13,39
959;2020-06-29;DRS 12 Registro;  27,00;278754; 9,69;38;31; 22,58
960;2020-06-29;DRS 13 Ribeirão Preto; 220,43;1477530;14,92;546;437; 24,94
961;2020-06-29;DRS 14 São João da Boa Vista;  93,71;809836;11,57;116;106;  9,43
962;2020-06-29;DRS 15 São José do Rio Preto; 264,29;1570421;16,83;371;386; -3,89
963;2020-06-29;DRS 16 Sorocaba; 223,57;2461760; 9,08;369;359;  2,79
964;2020-06-29;DRS 17 Taubaté; 359,71;2489629;14,45;554;450; 23,11
965;2020-06-29;Estado de São Paulo;8940,57;44639899;20,03;12624;12943; -2,46
966;2020-06-30;Município de São Paulo;3766,43;11869660;31,73;4854;5335; -9,02
967;2020-06-30;Grande SP Leste; 474,71;2977781;15,94;701;646;  8,51
968;2020-06-30;Grande SP Norte; 114,86;603465;19,03;119;116;  2,59
969;2020-06-30;Grande SP Oeste; 354,29;1858252;19,07;450;530;-15,09
970;2020-06-30;Grande SP Sudeste; 861,71;2690590;32,03;1212;1311; -7,55
971;2020-06-30;Grande SP Sudoeste;  97,43;1138499; 8,56;270;218; 23,85
972;2020-06-30;DRS 02 Araçatuba;  87,29;764041;11,42;115;102; 12,75
973;2020-06-30;DRS 03 Araraquara;  94,00;991435; 9,48;173;153; 13,07
974;2020-06-30;DRS 04 Baixada Santista; 478,14;1831884;26,10;495;580;-14,66
975;2020-06-30;DRS 05 Barretos;  52,14;425090;12,27;95;106;-10,38
976;2020-06-30;DRS 06 Bauru; 166,71;1741281; 9,57;285;267;  6,74
977;2020-06-30;DRS 07 Campinas; 809,14;4562125;17,74;1063;985;  7,92
978;2020-06-30;DRS 08 Franca;  39,43;696336; 5,66;113;66; 71,21
979;2020-06-30;DRS 09 Marília; 124,29;1109670;11,20;204;217; -5,99
980;2020-06-30;DRS 10 Piracicaba; 187,14;1539600;12,16;325;315;  3,17
981;2020-06-30;DRS 11 Presidente Prudente;  54,43;752260; 7,24;119;136;-12,50
982;2020-06-30;DRS 12 Registro;  27,29;278754; 9,79;32;37;-13,51
983;2020-06-30;DRS 13 Ribeirão Preto; 222,57;1477530;15,06;553;438; 26,26
984;2020-06-30;DRS 14 São João da Boa Vista;  95,86;809836;11,84;122;105; 16,19
985;2020-06-30;DRS 15 São José do Rio Preto; 266,14;1570421;16,95;381;379;  0,53
986;2020-06-30;DRS 16 Sorocaba; 227,43;2461760; 9,24;391;362;  8,01
987;2020-06-30;DRS 17 Taubaté; 359,71;2489629;14,45;539;500;  7,80
988;2020-06-30;Estado de São Paulo;8961,14;44639899;20,07;12611;12904; -2,27
989;2020-07-01;Município de São Paulo;3774,14;11869660;31,80;4785;5349;-10,54
990;2020-07-01;Grande SP Leste; 476,14;2977781;15,99;686;661;  3,78
991;2020-07-01;Grande SP Norte; 114,43;603465;18,96;119;118;  0,85
992;2020-07-01;Grande SP Oeste; 354,86;1858252;19,10;459;519;-11,56
993;2020-07-01;Grande SP Sudeste; 861,86;2690590;32,03;1209;1315; -8,06
994;2020-07-01;Grande SP Sudoeste;  97,71;1138499; 8,58;266;235; 13,19
995;2020-07-01;DRS 02 Araçatuba;  88,71;764041;11,61;112;107;  4,67
996;2020-07-01;DRS 03 Araraquara;  95,43;991435; 9,63;172;159;  8,18
997;2020-07-01;DRS 04 Baixada Santista; 478,29;1831884;26,11;484;581;-16,70
998;2020-07-01;DRS 05 Barretos;  52,29;425090;12,30;105;99;  6,06
999;2020-07-01;DRS 06 Bauru; 166,00;1741281; 9,53;281;279;  0,72
1000;2020-07-01;DRS 07 Campinas; 817,43;4562125;17,92;1102;982; 12,22
1001;2020-07-01;DRS 08 Franca;  41,43;696336; 5,95;120;69; 73,91
1002;2020-07-01;DRS 09 Marília; 124,29;1109670;11,20;207;208; -0,48
1003;2020-07-01;DRS 10 Piracicaba; 188,14;1539600;12,22;325;320;  1,56
1004;2020-07-01;DRS 11 Presidente Prudente;  55,86;752260; 7,43;135;129;  4,65
1005;2020-07-01;DRS 12 Registro;  27,57;278754; 9,89;35;36; -2,78
1006;2020-07-01;DRS 13 Ribeirão Preto; 224,29;1477530;15,18;561;446; 25,78
1007;2020-07-01;DRS 14 São João da Boa Vista;  98,71;809836;12,19;126;104; 21,15
1008;2020-07-01;DRS 15 São José do Rio Preto; 267,71;1570421;17,05;407;373;  9,12
1009;2020-07-01;DRS 16 Sorocaba; 235,29;2461760; 9,56;394;357; 10,36
1010;2020-07-01;DRS 17 Taubaté; 358,86;2489629;14,41;517;542; -4,61
1011;2020-07-01;Estado de São Paulo;8999,43;44639899;20,16;12607;12988; -2,93
1012;2020-07-02;Município de São Paulo;3779,14;11869660;31,84;4723;5335;-11,47
1013;2020-07-02;Grande SP Leste; 486,57;2977781;16,34;700;666;  5,11
1014;2020-07-02;Grande SP Norte; 114,43;603465;18,96;122;113;  7,96
1015;2020-07-02;Grande SP Oeste; 354,43;1858252;19,07;444;505;-12,08
1016;2020-07-02;Grande SP Sudeste; 862,57;2690590;32,06;1161;1337;-13,16
1017;2020-07-02;Grande SP Sudoeste;  97,57;1138499; 8,57;264;241;  9,54
1018;2020-07-02;DRS 02 Araçatuba;  90,57;764041;11,85;109;112; -2,68
1019;2020-07-02;DRS 03 Araraquara;  95,71;991435; 9,65;171;163;  4,91
1020;2020-07-02;DRS 04 Baixada Santista; 477,43;1831884;26,06;464;567;-18,17
1021;2020-07-02;DRS 05 Barretos;  53,14;425090;12,50;112;100; 12,00
1022;2020-07-02;DRS 06 Bauru; 167,29;1741281; 9,61;284;285; -0,35
1023;2020-07-02;DRS 07 Campinas; 823,71;4562125;18,06;1142;967; 18,10
1024;2020-07-02;DRS 08 Franca;  43,14;696336; 6,20;123;75; 64,00
1025;2020-07-02;DRS 09 Marília; 122,14;1109670;11,01;198;181;  9,39
1026;2020-07-02;DRS 10 Piracicaba; 190,14;1539600;12,35;340;315;  7,94
1027;2020-07-02;DRS 11 Presidente Prudente;  56,57;752260; 7,52;150;117; 28,21
1028;2020-07-02;DRS 12 Registro;  27,86;278754; 9,99;41;34; 20,59
1029;2020-07-02;DRS 13 Ribeirão Preto; 225,14;1477530;15,24;564;470; 20,00
1030;2020-07-02;DRS 14 São João da Boa Vista;  98,14;809836;12,12;132;106; 24,53
1031;2020-07-02;DRS 15 São José do Rio Preto; 269,00;1570421;17,13;425;369; 15,18
1032;2020-07-02;DRS 16 Sorocaba; 239,29;2461760; 9,72;387;359;  7,80
1033;2020-07-02;DRS 17 Taubaté; 360,43;2489629;14,48;520;563; -7,64
1034;2020-07-02;Estado de São Paulo;9034,43;44639899;20,24;12576;12980; -3,11
1035;2020-07-03;Município de São Paulo;3774,57;11869660;31,80;4700;5217; -9,91
1036;2020-07-03;Grande SP Leste; 489,00;2977781;16,42;676;701; -3,57
1037;2020-07-03;Grande SP Norte; 114,86;603465;19,03;122;100; 22,00
1038;2020-07-03;Grande SP Oeste; 354,14;1858252;19,06;451;498; -9,44
1039;2020-07-03;Grande SP Sudeste; 864,00;2690590;32,11;1139;1344;-15,25
1040;2020-07-03;Grande SP Sudoeste;  97,86;1138499; 8,60;244;263; -7,22
1041;2020-07-03;DRS 02 Araçatuba;  92,57;764041;12,12;105;117;-10,26
1042;2020-07-03;DRS 03 Araraquara;  96,00;991435; 9,68;185;167; 10,78
1043;2020-07-03;DRS 04 Baixada Santista; 477,14;1831884;26,05;468;570;-17,89
1044;2020-07-03;DRS 05 Barretos;  54,00;425090;12,70;111;101;  9,90
1045;2020-07-03;DRS 06 Bauru; 167,86;1741281; 9,64;300;277;  8,30
1046;2020-07-03;DRS 07 Campinas; 827,86;4562125;18,15;1103;1017;  8,46
1047;2020-07-03;DRS 08 Franca;  45,00;696336; 6,46;127;79; 60,76
1048;2020-07-03;DRS 09 Marília; 122,29;1109670;11,02;192;175;  9,71
1049;2020-07-03;DRS 10 Piracicaba; 192,86;1539600;12,53;348;325;  7,08
1050;2020-07-03;DRS 11 Presidente Prudente;  57,29;752260; 7,62;150;123; 21,95
1051;2020-07-03;DRS 12 Registro;  28,14;278754;10,09;38;37;  2,70
1052;2020-07-03;DRS 13 Ribeirão Preto; 226,57;1477530;15,33;546;486; 12,35
1053;2020-07-03;DRS 14 São João da Boa Vista;  98,57;809836;12,17;131;107; 22,43
1054;2020-07-03;DRS 15 São José do Rio Preto; 269,43;1570421;17,16;438;369; 18,70
1055;2020-07-03;DRS 16 Sorocaba; 242,57;2461760; 9,85;390;355;  9,86
1056;2020-07-03;DRS 17 Taubaté; 360,43;2489629;14,48;533;570; -6,49
1057;2020-07-03;Estado de São Paulo;9053,00;44639899;20,28;12497;12998; -3,85
1058;2020-07-04;Município de São Paulo;3769,43;11869660;31,76;4723;5099; -7,37
1059;2020-07-04;Grande SP Leste; 485,86;2977781;16,32;686;700; -2,00
1060;2020-07-04;Grande SP Norte; 112,43;603465;18,63;123;102; 20,59
1061;2020-07-04;Grande SP Oeste; 354,43;1858252;19,07;430;480;-10,42
1062;2020-07-04;Grande SP Sudeste; 863,57;2690590;32,10;1105;1346;-17,90
1063;2020-07-04;Grande SP Sudoeste;  98,57;1138499; 8,66;237;262; -9,54
1064;2020-07-04;DRS 02 Araçatuba;  93,00;764041;12,17;105;117;-10,26
1065;2020-07-04;DRS 03 Araraquara;  95,14;991435; 9,60;186;173;  7,51
1066;2020-07-04;DRS 04 Baixada Santista; 477,57;1831884;26,07;471;546;-13,74
1067;2020-07-04;DRS 05 Barretos;  55,00;425090;12,94;115;105;  9,52
1068;2020-07-04;DRS 06 Bauru; 168,86;1741281; 9,70;291;284;  2,46
1069;2020-07-04;DRS 07 Campinas; 827,57;4562125;18,14;1094;1045;  4,69
1070;2020-07-04;DRS 08 Franca;  46,14;696336; 6,63;126;88; 43,18
1071;2020-07-04;DRS 09 Marília; 122,43;1109670;11,03;191;167; 14,37
1072;2020-07-04;DRS 10 Piracicaba; 195,43;1539600;12,69;364;317; 14,83
1073;2020-07-04;DRS 11 Presidente Prudente;  57,86;752260; 7,69;162;106; 52,83
1074;2020-07-04;DRS 12 Registro;  28,43;278754;10,20;38;40; -5,00
1075;2020-07-04;DRS 13 Ribeirão Preto; 227,43;1477530;15,39;535;502;  6,57
1076;2020-07-04;DRS 14 São João da Boa Vista;  97,71;809836;12,07;135;115; 17,39
1077;2020-07-04;DRS 15 São José do Rio Preto; 269,71;1570421;17,17;434;362; 19,89
1078;2020-07-04;DRS 16 Sorocaba; 235,00;2461760; 9,55;393;361;  8,86
1079;2020-07-04;DRS 17 Taubaté; 362,00;2489629;14,54;546;562; -2,85
1080;2020-07-04;Estado de São Paulo;9043,57;44639899;20,26;12490;12879; -3,02
1081;2020-07-05;Município de São Paulo;3759,29;11869660;31,67;4724;5024; -5,97
1082;2020-07-05;Grande SP Leste; 487,00;2977781;16,35;686;711; -3,52
1083;2020-07-05;Grande SP Norte; 112,57;603465;18,65;137;102; 34,31
1084;2020-07-05;Grande SP Oeste; 354,86;1858252;19,10;398;461;-13,67
1085;2020-07-05;Grande SP Sudeste; 860,86;2690590;32,00;1127;1298;-13,17
1086;2020-07-05;Grande SP Sudoeste;  97,57;1138499; 8,57;238;257; -7,39
1087;2020-07-05;DRS 02 Araçatuba;  93,57;764041;12,25;118;124; -4,84
1088;2020-07-05;DRS 03 Araraquara;  95,43;991435; 9,63;194;182;  6,59
1089;2020-07-05;DRS 04 Baixada Santista; 477,14;1831884;26,05;450;524;-14,12
1090;2020-07-05;DRS 05 Barretos;  56,00;425090;13,17;134;92; 45,65
1091;2020-07-05;DRS 06 Bauru; 170,86;1741281; 9,81;296;282;  4,96
1092;2020-07-05;DRS 07 Campinas; 817,29;4562125;17,91;1105;1036;  6,66
1093;2020-07-05;DRS 08 Franca;  46,71;696336; 6,71;122;100; 22,00
1094;2020-07-05;DRS 09 Marília; 120,43;1109670;10,85;179;185; -3,24
1095;2020-07-05;DRS 10 Piracicaba; 198,57;1539600;12,90;365;318; 14,78
1096;2020-07-05;DRS 11 Presidente Prudente;  57,86;752260; 7,69;171;111; 54,05
1097;2020-07-05;DRS 12 Registro;  28,71;278754;10,30;40;38;  5,26
1098;2020-07-05;DRS 13 Ribeirão Preto; 227,86;1477530;15,42;513;534; -3,93
1099;2020-07-05;DRS 14 São João da Boa Vista;  96,86;809836;11,96;145;115; 26,09
1100;2020-07-05;DRS 15 São José do Rio Preto; 270,00;1570421;17,19;455;351; 29,63
1101;2020-07-05;DRS 16 Sorocaba; 235,71;2461760; 9,57;401;370;  8,38
1102;2020-07-05;DRS 17 Taubaté; 364,14;2489629;14,63;557;576; -3,30
1103;2020-07-05;Estado de São Paulo;9029,29;44639899;20,23;12555;12791; -1,85
1104;2020-07-06;Município de São Paulo;3745,57;11869660;31,56;4715;4909; -3,95
1105;2020-07-06;Grande SP Leste; 484,00;2977781;16,25;698;688;  1,45
1106;2020-07-06;Grande SP Norte; 112,86;603465;18,70;133;109; 22,02
1107;2020-07-06;Grande SP Oeste; 355,86;1858252;19,15;383;441;-13,15
1108;2020-07-06;Grande SP Sudeste; 858,00;2690590;31,89;1130;1261;-10,39
1109;2020-07-06;Grande SP Sudoeste; 100,57;1138499; 8,83;228;266;-14,29
1110;2020-07-06;DRS 02 Araçatuba;  93,86;764041;12,28;131;114; 14,91
1111;2020-07-06;DRS 03 Araraquara;  95,57;991435; 9,64;198;174; 13,79
1112;2020-07-06;DRS 04 Baixada Santista; 476,86;1831884;26,03;450;509;-11,59
1113;2020-07-06;DRS 05 Barretos;  56,86;425090;13,38;137;92; 48,91
1114;2020-07-06;DRS 06 Bauru; 172,86;1741281; 9,93;294;289;  1,73
1115;2020-07-06;DRS 07 Campinas; 820,00;4562125;17,97;1099;1045;  5,17
1116;2020-07-06;DRS 08 Franca;  47,14;696336; 6,77;129;108; 19,44
1117;2020-07-06;DRS 09 Marília; 120,86;1109670;10,89;179;186; -3,76
1118;2020-07-06;DRS 10 Piracicaba; 201,57;1539600;13,09;365;329; 10,94
1119;2020-07-06;DRS 11 Presidente Prudente;  57,71;752260; 7,67;185;110; 68,18
1120;2020-07-06;DRS 12 Registro;  29,00;278754;10,40;38;38;  0,00
1121;2020-07-06;DRS 13 Ribeirão Preto; 229,29;1477530;15,52;499;546; -8,61
1122;2020-07-06;DRS 14 São João da Boa Vista;  97,29;809836;12,01;144;116; 24,14
1123;2020-07-06;DRS 15 São José do Rio Preto; 270,43;1570421;17,22;467;371; 25,88
1124;2020-07-06;DRS 16 Sorocaba; 236,14;2461760; 9,59;400;369;  8,40
1125;2020-07-06;DRS 17 Taubaté; 365,43;2489629;14,68;577;554;  4,15
1126;2020-07-06;Estado de São Paulo;9027,71;44639899;20,22;12579;12624; -0,36
1127;2020-07-07;Município de São Paulo;3725,29;11869660;31,38;4743;4854; -2,29
1128;2020-07-07;Grande SP Leste; 479,00;2977781;16,09;677;701; -3,42
1129;2020-07-07;Grande SP Norte; 112,43;603465;18,63;139;119; 16,81
1130;2020-07-07;Grande SP Oeste; 355,86;1858252;19,15;365;450;-18,89
1131;2020-07-07;Grande SP Sudeste; 855,43;2690590;31,79;1126;1212; -7,10
1132;2020-07-07;Grande SP Sudoeste; 102,86;1138499; 9,03;226;270;-16,30
1133;2020-07-07;DRS 02 Araçatuba;  94,43;764041;12,36;147;115; 27,83
1134;2020-07-07;DRS 03 Araraquara;  96,29;991435; 9,71;204;173; 17,92
1135;2020-07-07;DRS 04 Baixada Santista; 476,86;1831884;26,03;468;495; -5,45
1136;2020-07-07;DRS 05 Barretos;  57,86;425090;13,61;138;95; 45,26
1137;2020-07-07;DRS 06 Bauru; 174,86;1741281;10,04;313;285;  9,82
1138;2020-07-07;DRS 07 Campinas; 821,29;4562125;18,00;1126;1063;  5,93
1139;2020-07-07;DRS 08 Franca;  47,57;696336; 6,83;126;113; 11,50
1140;2020-07-07;DRS 09 Marília; 121,00;1109670;10,90;171;204;-16,18
1141;2020-07-07;DRS 10 Piracicaba; 203,43;1539600;13,21;365;325; 12,31
1142;2020-07-07;DRS 11 Presidente Prudente;  57,71;752260; 7,67;187;119; 57,14
1143;2020-07-07;DRS 12 Registro;  29,00;278754;10,40;42;32; 31,25
1144;2020-07-07;DRS 13 Ribeirão Preto; 230,14;1477530;15,58;501;553; -9,40
1145;2020-07-07;DRS 14 São João da Boa Vista;  96,86;809836;11,96;145;122; 18,85
1146;2020-07-07;DRS 15 São José do Rio Preto; 270,29;1570421;17,21;472;381; 23,88
1147;2020-07-07;DRS 16 Sorocaba; 237,57;2461760; 9,65;390;391; -0,26
1148;2020-07-07;DRS 17 Taubaté; 366,86;2489629;14,74;571;539;  5,94
1149;2020-07-07;Estado de São Paulo;9012,86;44639899;20,19;12642;12611;  0,25
1150;2020-07-08;Município de São Paulo;3716,43;11869660;31,31;4705;4785; -1,67
1151;2020-07-08;Grande SP Leste; 477,14;2977781;16,02;672;686; -2,04
1152;2020-07-08;Grande SP Norte; 113,57;603465;18,82;141;119; 18,49
1153;2020-07-08;Grande SP Oeste; 355,71;1858252;19,14;352;459;-23,31
1154;2020-07-08;Grande SP Sudeste; 854,57;2690590;31,76;1125;1209; -6,95
1155;2020-07-08;Grande SP Sudoeste; 105,57;1138499; 9,27;214;266;-19,55
1156;2020-07-08;DRS 02 Araçatuba;  95,43;764041;12,49;164;112; 46,43
1157;2020-07-08;DRS 03 Araraquara;  96,43;991435; 9,73;230;172; 33,72
1158;2020-07-08;DRS 04 Baixada Santista; 478,00;1831884;26,09;464;484; -4,13
1159;2020-07-08;DRS 05 Barretos;  58,86;425090;13,85;129;105; 22,86
1160;2020-07-08;DRS 06 Bauru; 176,86;1741281;10,16;317;281; 12,81
1161;2020-07-08;DRS 07 Campinas; 821,57;4562125;18,01;1124;1102;  2,00
1162;2020-07-08;DRS 08 Franca;  48,57;696336; 6,98;127;120;  5,83
1163;2020-07-08;DRS 09 Marília; 121,14;1109670;10,92;178;207;-14,01
1164;2020-07-08;DRS 10 Piracicaba; 205,00;1539600;13,32;377;325; 16,00
1165;2020-07-08;DRS 11 Presidente Prudente;  56,86;752260; 7,56;179;135; 32,59
1166;2020-07-08;DRS 12 Registro;  29,00;278754;10,40;41;35; 17,14
1167;2020-07-08;DRS 13 Ribeirão Preto; 231,00;1477530;15,63;517;561; -7,84
1168;2020-07-08;DRS 14 São João da Boa Vista;  98,29;809836;12,14;148;126; 17,46
1169;2020-07-08;DRS 15 São José do Rio Preto; 270,71;1570421;17,24;458;407; 12,53
1170;2020-07-08;DRS 16 Sorocaba; 235,71;2461760; 9,57;389;394; -1,27
1171;2020-07-08;DRS 17 Taubaté; 369,57;2489629;14,84;594;517; 14,89
1172;2020-07-08;Estado de São Paulo;9016,00;44639899;20,20;12645;12607;  0,30
1173;2020-07-09;Município de São Paulo;3717,00;11869660;31,32;4597;4723; -2,67
1174;2020-07-09;Grande SP Leste; 464,57;2977781;15,60;693;700; -1,00
1175;2020-07-09;Grande SP Norte; 114,29;603465;18,94;149;122; 22,13
1176;2020-07-09;Grande SP Oeste; 356,00;1858252;19,16;377;444;-15,09
1177;2020-07-09;Grande SP Sudeste; 851,57;2690590;31,65;1147;1161; -1,21
1178;2020-07-09;Grande SP Sudoeste; 108,43;1138499; 9,52;222;264;-15,91
1179;2020-07-09;DRS 02 Araçatuba;  96,29;764041;12,60;176;109; 61,47
1180;2020-07-09;DRS 03 Araraquara;  96,57;991435; 9,74;248;171; 45,03
1181;2020-07-09;DRS 04 Baixada Santista; 479,43;1831884;26,17;457;464; -1,51
1182;2020-07-09;DRS 05 Barretos;  61,14;425090;14,38;127;112; 13,39
1183;2020-07-09;DRS 06 Bauru; 178,14;1741281;10,23;324;284; 14,08
1184;2020-07-09;DRS 07 Campinas; 820,86;4562125;17,99;1124;1142; -1,58
1185;2020-07-09;DRS 08 Franca;  49,57;696336; 7,12;123;123;  0,00
1186;2020-07-09;DRS 09 Marília; 120,86;1109670;10,89;183;198; -7,58
1187;2020-07-09;DRS 10 Piracicaba; 205,71;1539600;13,36;389;340; 14,41
1188;2020-07-09;DRS 11 Presidente Prudente;  56,86;752260; 7,56;188;150; 25,33
1189;2020-07-09;DRS 12 Registro;  29,00;278754;10,40;34;41;-17,07
1190;2020-07-09;DRS 13 Ribeirão Preto; 232,29;1477530;15,72;528;564; -6,38
1191;2020-07-09;DRS 14 São João da Boa Vista; 100,57;809836;12,42;148;132; 12,12
1192;2020-07-09;DRS 15 São José do Rio Preto; 271,00;1570421;17,26;452;425;  6,35
1193;2020-07-09;DRS 16 Sorocaba; 236,86;2461760; 9,62;404;387;  4,39
1194;2020-07-09;DRS 17 Taubaté; 370,57;2489629;14,88;608;520; 16,92
1195;2020-07-09;Estado de São Paulo;9018,43;44639899;20,20;12699;12576;  0,98
1196;2020-07-10;Município de São Paulo;3707,57;11869660;31,24;4665;4700; -0,74
1197;2020-07-10;Grande SP Leste; 460,86;2977781;15,48;674;676; -0,30
1198;2020-07-10;Grande SP Norte; 115,43;603465;19,13;157;122; 28,69
1199;2020-07-10;Grande SP Oeste; 357,00;1858252;19,21;388;451;-13,97
1200;2020-07-10;Grande SP Sudeste; 848,86;2690590;31,55;1170;1139;  2,72
1201;2020-07-10;Grande SP Sudoeste; 110,71;1138499; 9,72;236;244; -3,28
1202;2020-07-10;DRS 02 Araçatuba;  97,14;764041;12,71;183;105; 74,29
1203;2020-07-10;DRS 03 Araraquara;  96,57;991435; 9,74;239;185; 29,19
1204;2020-07-10;DRS 04 Baixada Santista; 480,43;1831884;26,23;422;468; -9,83
1205;2020-07-10;DRS 05 Barretos;  63,43;425090;14,92;124;111; 11,71
1206;2020-07-10;DRS 06 Bauru; 180,29;1741281;10,35;329;300;  9,67
1207;2020-07-10;DRS 07 Campinas; 825,14;4562125;18,09;1183;1103;  7,25
1208;2020-07-10;DRS 08 Franca;  50,86;696336; 7,30;125;127; -1,57
1209;2020-07-10;DRS 09 Marília; 120,71;1109670;10,88;195;192;  1,56
1210;2020-07-10;DRS 10 Piracicaba; 206,29;1539600;13,40;400;348; 14,94
1211;2020-07-10;DRS 11 Presidente Prudente;  58,43;752260; 7,77;183;150; 22,00
1212;2020-07-10;DRS 12 Registro;  29,00;278754;10,40;32;38;-15,79
1213;2020-07-10;DRS 13 Ribeirão Preto; 233,86;1477530;15,83;546;546;  0,00
1214;2020-07-10;DRS 14 São João da Boa Vista; 102,57;809836;12,67;162;131; 23,66
1215;2020-07-10;DRS 15 São José do Rio Preto; 271,14;1570421;17,27;447;438;  2,05
1216;2020-07-10;DRS 16 Sorocaba; 237,71;2461760; 9,66;415;390;  6,41
1217;2020-07-10;DRS 17 Taubaté; 373,43;2489629;15,00;622;533; 16,70
1218;2020-07-10;Estado de São Paulo;9029,14;44639899;20,23;12899;12497;  3,22
1219;2020-07-11;Município de São Paulo;3703,57;11869660;31,20;4632;4723; -1,93
1220;2020-07-11;Grande SP Leste; 461,14;2977781;15,49;664;686; -3,21
1221;2020-07-11;Grande SP Norte; 116,57;603465;19,32;165;123; 34,15
1222;2020-07-11;Grande SP Oeste; 357,00;1858252;19,21;417;430; -3,02
1223;2020-07-11;Grande SP Sudeste; 845,71;2690590;31,43;1212;1105;  9,68
1224;2020-07-11;Grande SP Sudoeste; 113,14;1138499; 9,94;250;237;  5,49
1225;2020-07-11;DRS 02 Araçatuba;  98,57;764041;12,90;183;105; 74,29
1226;2020-07-11;DRS 03 Araraquara;  96,57;991435; 9,74;249;186; 33,87
1227;2020-07-11;DRS 04 Baixada Santista; 481,43;1831884;26,28;411;471;-12,74
1228;2020-07-11;DRS 05 Barretos;  65,29;425090;15,36;126;115;  9,57
1229;2020-07-11;DRS 06 Bauru; 182,57;1741281;10,48;355;291; 21,99
1230;2020-07-11;DRS 07 Campinas; 833,29;4562125;18,27;1183;1094;  8,14
1231;2020-07-11;DRS 08 Franca;  51,71;696336; 7,43;127;126;  0,79
1232;2020-07-11;DRS 09 Marília; 120,57;1109670;10,87;195;191;  2,09
1233;2020-07-11;DRS 10 Piracicaba; 208,43;1539600;13,54;404;364; 10,99
1234;2020-07-11;DRS 11 Presidente Prudente;  60,14;752260; 7,99;191;162; 17,90
1235;2020-07-11;DRS 12 Registro;  29,00;278754;10,40;38;38;  0,00
1236;2020-07-11;DRS 13 Ribeirão Preto; 234,43;1477530;15,87;541;535;  1,12
1237;2020-07-11;DRS 14 São João da Boa Vista; 104,57;809836;12,91;158;135; 17,04
1238;2020-07-11;DRS 15 São José do Rio Preto; 271,57;1570421;17,29;470;434;  8,29
1239;2020-07-11;DRS 16 Sorocaba; 239,29;2461760; 9,72;421;393;  7,12
1240;2020-07-11;DRS 17 Taubaté; 374,29;2489629;15,03;633;546; 15,93
1241;2020-07-11;Estado de São Paulo;9050,86;44639899;20,28;13028;12490;  4,31
1242;2020-07-12;Município de São Paulo;3698,86;11869660;31,16;4641;4724; -1,76
1243;2020-07-12;Grande SP Leste; 460,14;2977781;15,45;652;686; -4,96
1244;2020-07-12;Grande SP Norte; 117,43;603465;19,46;156;137; 13,87
1245;2020-07-12;Grande SP Oeste; 355,86;1858252;19,15;435;398;  9,30
1246;2020-07-12;Grande SP Sudeste; 842,43;2690590;31,31;1178;1127;  4,53
1247;2020-07-12;Grande SP Sudoeste; 115,57;1138499;10,15;258;238;  8,40
1248;2020-07-12;DRS 02 Araçatuba;  99,29;764041;13,00;175;118; 48,31
1249;2020-07-12;DRS 03 Araraquara;  96,57;991435; 9,74;236;194; 21,65
1250;2020-07-12;DRS 04 Baixada Santista; 481,14;1831884;26,26;418;450; -7,11
1251;2020-07-12;DRS 05 Barretos;  67,57;425090;15,90;114;134;-14,93
1252;2020-07-12;DRS 06 Bauru; 183,43;1741281;10,53;349;296; 17,91
1253;2020-07-12;DRS 07 Campinas; 843,14;4562125;18,48;1203;1105;  8,87
1254;2020-07-12;DRS 08 Franca;  52,43;696336; 7,53;130;122;  6,56
1255;2020-07-12;DRS 09 Marília; 121,14;1109670;10,92;209;179; 16,76
1256;2020-07-12;DRS 10 Piracicaba; 210,43;1539600;13,67;405;365; 10,96
1257;2020-07-12;DRS 11 Presidente Prudente;  61,86;752260; 8,22;195;171; 14,04
1258;2020-07-12;DRS 12 Registro;  29,00;278754;10,40;36;40;-10,00
1259;2020-07-12;DRS 13 Ribeirão Preto; 235,71;1477530;15,95;546;513;  6,43
1260;2020-07-12;DRS 14 São João da Boa Vista; 106,71;809836;13,18;155;145;  6,90
1261;2020-07-12;DRS 15 São José do Rio Preto; 271,86;1570421;17,31;477;455;  4,84
1262;2020-07-12;DRS 16 Sorocaba; 240,71;2461760; 9,78;406;401;  1,25
1263;2020-07-12;DRS 17 Taubaté; 374,43;2489629;15,04;655;557; 17,59
1264;2020-07-12;Estado de São Paulo;9068,57;44639899;20,31;13032;12555;  3,80
1265;2020-07-13;Município de São Paulo;3690,00;11869660;31,09;4654;4715; -1,29
1266;2020-07-13;Grande SP Leste; 459,86;2977781;15,44;642;698; -8,02
1267;2020-07-13;Grande SP Norte; 118,57;603465;19,65;150;133; 12,78
1268;2020-07-13;Grande SP Oeste; 354,71;1858252;19,09;448;383; 16,97
1269;2020-07-13;Grande SP Sudeste; 838,29;2690590;31,16;1201;1130;  6,28
1270;2020-07-13;Grande SP Sudoeste; 116,57;1138499;10,24;249;228;  9,21
1271;2020-07-13;DRS 02 Araçatuba;  99,86;764041;13,07;168;131; 28,24
1272;2020-07-13;DRS 03 Araraquara;  96,57;991435; 9,74;244;198; 23,23
1273;2020-07-13;DRS 04 Baixada Santista; 481,57;1831884;26,29;430;450; -4,44
1274;2020-07-13;DRS 05 Barretos;  70,00;425090;16,47;110;137;-19,71
1275;2020-07-13;DRS 06 Bauru; 184,43;1741281;10,59;356;294; 21,09
1276;2020-07-13;DRS 07 Campinas; 849,00;4562125;18,61;1233;1099; 12,19
1277;2020-07-13;DRS 08 Franca;  53,14;696336; 7,63;125;129; -3,10
1278;2020-07-13;DRS 09 Marília; 121,71;1109670;10,97;211;179; 17,88
1279;2020-07-13;DRS 10 Piracicaba; 210,57;1539600;13,68;386;365;  5,75
1280;2020-07-13;DRS 11 Presidente Prudente;  63,57;752260; 8,45;182;185; -1,62
1281;2020-07-13;DRS 12 Registro;  29,00;278754;10,40;37;38; -2,63
1282;2020-07-13;DRS 13 Ribeirão Preto; 237,00;1477530;16,04;567;499; 13,63
1283;2020-07-13;DRS 14 São João da Boa Vista; 108,43;809836;13,39;168;144; 16,67
1284;2020-07-13;DRS 15 São José do Rio Preto; 272,29;1570421;17,34;481;467;  3,00
1285;2020-07-13;DRS 16 Sorocaba; 242,14;2461760; 9,84;414;400;  3,50
1286;2020-07-13;DRS 17 Taubaté; 375,43;2489629;15,08;669;577; 15,94
1287;2020-07-13;Estado de São Paulo;9076,43;44639899;20,33;13128;12579;  4,36
